<NEMLAR><FILE name="ArabicLiterature" number="18">
		<sentence id="03181">
			<text>?اَلشِّعْرُ </text>
			<annotation>
				<ArabicLexical word="اَلشِّعْرُ" lemma="شِعْر" pos="مصرفة منتظمة" prefix="ال" root="شعر" pattern="فِعْل" suffix="" />
			</annotation>
		</sentence>
		<sentence id="03182">
			<text>أَوَّلُ اَلشِّعْرِ اِجْتِمَاعُ أَسْبَابِهِ. وَإِنَّمَا يُرْجَعُ فِي ذلِكَ إِلَى طَبْعٍ صَقَلَتْهُ اَلْحِكْمَةُ وَفِكْرٍ جَلَا صَفْحَتَهُ اَلْبَيَانُ. فَمَا اَلشِّعْرُ إِلَّا لِسَانُ اَلْقَلْبِ إِذَا خَاطَبَ اَلْقَلْبَ، وَسَفِيرُ اَلنَّفْسِ إِذَا نَاجَتْ اَلنَّفْسَ، وَلَا خَيْرَ فِي لِسَانٍ غَيْرِ مُبِينٍ وَلَا فِي سَفِيرٍ غَيْرِ حَكِيمٍ.</text>
			<annotation>
				<ArabicLexical word="أَوَّلُ" lemma="أَوَّل" pos="استثناء صرفي" prefix="" root="أول" pattern="أَوَّل" suffix="" />
				<ArabicLexical word="اَلشِّعْرِ" lemma="شِعْر" pos="مصرفة منتظمة" prefix="ال" root="شعر" pattern="فِعْل" suffix="" />
				<ArabicLexical word="اِجْتِمَاعُ" lemma="اجْتِمَاع" pos="مصرفة منتظمة" prefix="" root="جمع" pattern="اِفْتِعَال" suffix="" />
				<ArabicLexical word="أَسْبَابِهِ" lemma="سَبَب" pos="مصرفة منتظمة" prefix="" root="سبب" pattern="أَفْعَال" suffix="ه" />
				<ArabicLexical word="وَإِنَّمَا" lemma="إِنَّ" pos="جامدة" prefix="وَ" root="إِنَّ" pattern="إِنَّمَا" suffix="" />
				<ArabicLexical word="يُرْجَعُ" lemma="رَجَعَ" pos="مصرفة منتظمة" prefix="يُ" root="رجع" pattern="فْعَل" suffix="" />
				<ArabicLexical word="فِي" lemma="فِي" pos="جامدة" prefix="" root="فِي" pattern="فِي" suffix="" />
				<ArabicLexical word="ذلِكَ" lemma="ذَا" pos="جامدة" prefix="" root="ذَا" pattern="ذلِ" suffix="كَ" />
				<ArabicLexical word="إِلَى" lemma="إِلَى" pos="جامدة" prefix="" root="إِلَى" pattern="إِلَى" suffix="" />
				<ArabicLexical word="طَبْعٍ" lemma="طَبْع" pos="مصرفة منتظمة" prefix="" root="طبع" pattern="فَعْل" suffix="" />
				<ArabicLexical word="صَقَلَتْهُ" lemma="صَقَلَ" pos="مصرفة منتظمة" prefix="" root="صقل" pattern="فَعَلَ" suffix="تْهُ" />
				<ArabicLexical word="اَلْحِكْمَةُ" lemma="حِكْمَة" pos="مصرفة منتظمة" prefix="ال" root="حكم" pattern="فِعْل" suffix="ة" />
				<ArabicLexical word="وَفِكْرٍ" lemma="فِكْر" pos="مصرفة منتظمة" prefix="وَ" root="فكر" pattern="فِعْل" suffix="" />
				<ArabicLexical word="جَلَا" lemma="جَلَا" pos="مصرفة منتظمة" prefix="" root="جلو" pattern="فَعَل" suffix="" />
				<ArabicLexical word="صَفْحَتَهُ" lemma="صَفْحَة" pos="مصرفة منتظمة" prefix="" root="صفح" pattern="فَعْل" suffix="ته" />
				<ArabicLexical word="اَلْبَيَانُ" lemma="بَيَان" pos="مصرفة منتظمة" prefix="ال" root="بين" pattern="فَعَال" suffix="" />
				<ArabicLexical word="فَمَا" lemma="مَا" pos="جامدة" prefix="فَ" root="مَا" pattern="مَا" suffix="" />
				<ArabicLexical word="اَلشِّعْرُ" lemma="شِعْر" pos="مصرفة منتظمة" prefix="ال" root="شعر" pattern="فِعْل" suffix="" />
				<ArabicLexical word="إِلَّا" lemma="إِنْ" pos="جامدة" prefix="" root="إِلَّا" pattern="إِلَّا" suffix="" />
				<ArabicLexical word="لِسَانُ" lemma="لِسَان" pos="مصرفة منتظمة" prefix="" root="لسن" pattern="فِعَال" suffix="" />
				<ArabicLexical word="اَلْقَلْبِ" lemma="قَلْب" pos="مصرفة منتظمة" prefix="ال" root="قلب" pattern="فَعْل" suffix="" />
				<ArabicLexical word="إِذَا" lemma="إِذَا" pos="جامدة" prefix="" root="إِذَا" pattern="إِذَا" suffix="" />
				<ArabicLexical word="خَاطَبَ" lemma="خَاطَبَ" pos="مصرفة منتظمة" prefix="" root="خطب" pattern="فَاعَلَ" suffix="" />
				<ArabicLexical word="اَلْقَلْبَ" lemma="قَلْب" pos="مصرفة منتظمة" prefix="ال" root="قلب" pattern="فَعْل" suffix="" />
				<ArabicLexical word="وَسَفِيرُ" lemma="سَفِير" pos="مصرفة منتظمة" prefix="وَ" root="سفر" pattern="فَعِيل" suffix="" />
				<ArabicLexical word="اَلنَّفْسِ" lemma="نَفْس" pos="مصرفة منتظمة" prefix="ال" root="نفس" pattern="فَعْل" suffix="" />
				<ArabicLexical word="إِذَا" lemma="إِذَا" pos="جامدة" prefix="" root="إِذَا" pattern="إِذَا" suffix="" />
				<ArabicLexical word="نَاجَتْ" lemma="نَاجَى" pos="مصرفة منتظمة" prefix="" root="نجو" pattern="فَاعَل" suffix="تْ" />
				<ArabicLexical word="اَلنَّفْسَ" lemma="نَفْس" pos="مصرفة منتظمة" prefix="ال" root="نفس" pattern="فَعْل" suffix="" />
				<ArabicLexical word="وَلَا" lemma="لَا" pos="جامدة" prefix="وَ" root="لَا" pattern="لَا" suffix="" />
				<ArabicLexical word="خَيْرَ" lemma="خَيْر" pos="مصرفة منتظمة" prefix="" root="خير" pattern="فَعْل" suffix="" />
				<ArabicLexical word="فِي" lemma="فِي" pos="جامدة" prefix="" root="فِي" pattern="فِي" suffix="" />
				<ArabicLexical word="لِسَانٍ" lemma="لِسَان" pos="مصرفة منتظمة" prefix="" root="لسن" pattern="فِعَال" suffix="" />
				<ArabicLexical word="غَيْرِ" lemma="غَيْر" pos="مصرفة منتظمة" prefix="" root="غير" pattern="فَعْل" suffix="" />
				<ArabicLexical word="مُبِينٍ" lemma="مُبِين" pos="مصرفة منتظمة" prefix="" root="بين" pattern="مُفِعل" suffix="" />
				<ArabicLexical word="وَلَا" lemma="لَا" pos="جامدة" prefix="وَ" root="لَا" pattern="لَا" suffix="" />
				<ArabicLexical word="فِي" lemma="فِي" pos="جامدة" prefix="" root="فِي" pattern="فِي" suffix="" />
				<ArabicLexical word="سَفِيرٍ" lemma="سَفِير" pos="مصرفة منتظمة" prefix="" root="سفر" pattern="فَعِيل" suffix="" />
				<ArabicLexical word="غَيْرِ" lemma="غَيْر" pos="مصرفة منتظمة" prefix="" root="غير" pattern="فَعْل" suffix="" />
				<ArabicLexical word="حَكِيمٍ" lemma="حَكِيم" pos="مصرفة منتظمة" prefix="" root="حكم" pattern="فَعِيل" suffix="" />
			</annotation>
		</sentence>
		<sentence id="03183">
			<text>وَلَوْ كَانَ طَيْرًا يَتَغَرَّدُ لَكَانَ اَلطَّبْعُ لِسَانَهُ، وَالرَّأْسُ عُشَّهُ وَالْقَلْبُ رَوْضَتَهُ، وَلَكَانَ غِنَاؤُهُ مَا تَسْمَعُهُ مِنْ أَفْوَاهِ اَلْمُجِيدِينَ مِنْ اَلشُّعَرَاءِ. وَحَسْبُكَ بِكَلَامٍ تَنْصَرِفُ إِلَيْهِ كُلُّ جَارِحَةٍ. وَتَضُمُّ عَلَيْهِ كُلُّ جَانِحَةٍ وَيَجْنِي مِنْ كُلِّ شَيْءٍ حَتَّى لَتَحْسَبُ اَلشُّعَرَاءَ مِنْ اَلنَّحْلِ تَأْكُلُ مِنْ كُلِّ اَلثَّمَرَاتِ فَيَخْرُجُ مِنْ بُطُونِهَا شَرَابٌ مُخْتَلِفٌ أَلْوَانُهُ فِيهِ شِفَاءٌ لِلنَّاسِ.</text>
			<annotation>
				<ArabicLexical word="وَلَوْ" lemma="لَوْ" pos="جامدة" prefix="وَ" root="لَوْ" pattern="لَوْ" suffix="" />
				<ArabicLexical word="كَانَ" lemma="كَانَ" pos="مصرفة منتظمة" prefix="" root="كون" pattern="فَعلَ" suffix="" />
				<ArabicLexical word="طَيْرًا" lemma="طَائِر" pos="مصرفة منتظمة" prefix="" root="طير" pattern="فَعْل" suffix="" />
				<ArabicLexical word="يَتَغَرَّدُ" lemma="تَغَرَّدَ" pos="مصرفة منتظمة" prefix="ي" root="غرد" pattern="تَفَعَّلَ" suffix="" />
				<ArabicLexical word="لَكَانَ" lemma="كَانَ" pos="مصرفة منتظمة" prefix="" root="لكن" pattern="فَعَال" suffix="" />
				<ArabicLexical word="اَلطَّبْعُ" lemma="طَبْع" pos="مصرفة منتظمة" prefix="ال" root="طبع" pattern="فَعْل" suffix="" />
				<ArabicLexical word="لِسَانَهُ" lemma="لِسَان" pos="مصرفة منتظمة" prefix="" root="لسن" pattern="فِعَال" suffix="ه" />
				<ArabicLexical word="وَالرَّأْسُ" lemma="رَأْس" pos="مصرفة منتظمة" prefix="وَال" root="رأس" pattern="فَعْل" suffix="" />
				<ArabicLexical word="عُشَّهُ" lemma="عَشَّ" pos="مصرفة منتظمة" prefix="" root="عشش" pattern="فُلّ" suffix="ه" />
				<ArabicLexical word="وَالْقَلْبُ" lemma="قَلْب" pos="مصرفة منتظمة" prefix="وَال" root="قلب" pattern="فَعْل" suffix="" />
				<ArabicLexical word="رَوْضَتَهُ" lemma="رَوْضَة" pos="مصرفة منتظمة" prefix="" root="روض" pattern="فَعْل" suffix="ته" />
				<ArabicLexical word="وَلَكَانَ" lemma="كَانَ" pos="مصرفة منتظمة" prefix="وَلَ" root="كون" pattern="فَعلَ" suffix="" />
				<ArabicLexical word="غِنَاؤُهُ" lemma="غِنَاء" pos="مصرفة منتظمة" prefix="" root="غني" pattern="فِعَال" suffix="ه" />
				<ArabicLexical word="مَا" lemma="مَا" pos="جامدة" prefix="" root="اَلَّذِي" pattern="مَا" suffix="" />
				<ArabicLexical word="تَسْمَعُهُ" lemma="سَمِعَ" pos="مصرفة منتظمة" prefix="ت" root="سمع" pattern="فْعَل" suffix="ه" />
				<ArabicLexical word="مِنْ" lemma="مِنْ" pos="جامدة" prefix="" root="مِنْ" pattern="مِنْ" suffix="" />
				<ArabicLexical word="أَفْوَاهِ" lemma="فُوه" pos="مصرفة منتظمة" prefix="" root="فوه" pattern="أَفْعَال" suffix="" />
				<ArabicLexical word="اَلْمُجِيدِينَ" lemma="مُجِيد" pos="مصرفة منتظمة" prefix="ال" root="جود" pattern="مُفِعل" suffix="ينَ" />
				<ArabicLexical word="مِنْ" lemma="مِنْ" pos="جامدة" prefix="" root="مِنْ" pattern="مِنْ" suffix="" />
				<ArabicLexical word="اَلشُّعَرَاءِ" lemma="شَاعِر" pos="مصرفة منتظمة" prefix="ال" root="شعر" pattern="فُعَلَاء" suffix="" />
				<ArabicLexical word="وَحَسْبُكَ" lemma="حَسْب" pos="مصرفة منتظمة" prefix="وَ" root="حسب" pattern="فَعْل" suffix="كَ" />
				<ArabicLexical word="بِكَلَامٍ" lemma="كَلَام" pos="مصرفة منتظمة" prefix="بِ" root="كلم" pattern="فَعَال" suffix="" />
				<ArabicLexical word="تَنْصَرِفُ" lemma="انْصَرَفَ" pos="مصرفة منتظمة" prefix="ت" root="صرف" pattern="اِنْفَعَلَ" suffix="" />
				<ArabicLexical word="إِلَيْهِ" lemma="إِلَى" pos="جامدة" prefix="" root="إِلَى" pattern="إِلَيْ" suffix="ه" />
				<ArabicLexical word="كُلُّ" lemma="كُلّ" pos="جامدة" prefix="" root="كُلّ" pattern="كُلّ" suffix="" />
				<ArabicLexical word="جَارِحَةٍ" lemma="جَارِح" pos="مصرفة منتظمة" prefix="" root="جرح" pattern="فَاعِل" suffix="ة" />
				<ArabicLexical word="وَتَضُمُّ" lemma="ضَمَّ" pos="مصرفة منتظمة" prefix="وَت" root="ضمم" pattern="فُلّ" suffix="" />
				<ArabicLexical word="عَلَيْهِ" lemma="عَلَى" pos="جامدة" prefix="" root="عَلَى" pattern="عَلَيْ" suffix="ه" />
				<ArabicLexical word="كُلُّ" lemma="كُلّ" pos="جامدة" prefix="" root="كُلّ" pattern="كُلّ" suffix="" />
				<ArabicLexical word="جَانِحَةٍ" lemma="جَانِحَة" pos="مصرفة منتظمة" prefix="" root="جنح" pattern="فَاعِل" suffix="ة" />
				<ArabicLexical word="وَيَجْنِي" lemma="جَنَى" pos="مصرفة منتظمة" prefix="وَي" root="جني" pattern="فْعِل" suffix="" />
				<ArabicLexical word="مِنْ" lemma="مِنْ" pos="جامدة" prefix="" root="مِنْ" pattern="مِنْ" suffix="" />
				<ArabicLexical word="كُلِّ" lemma="كُلّ" pos="جامدة" prefix="" root="كُلّ" pattern="كُلّ" suffix="" />
				<ArabicLexical word="شَيْءٍ" lemma="شَيْء" pos="مصرفة منتظمة" prefix="" root="شيأ" pattern="فَعْل" suffix="" />
				<ArabicLexical word="حَتَّى" lemma="حَتَّى" pos="جامدة" prefix="" root="حَتَّى" pattern="حَتَّى" suffix="" />
				<ArabicLexical word="لَتَحْسَبُ" lemma="حَسِبَ" pos="مصرفة منتظمة" prefix="لَت" root="حسب" pattern="فْعَل" suffix="" />
				<ArabicLexical word="اَلشُّعَرَاءَ" lemma="شَاعِر" pos="مصرفة منتظمة" prefix="ال" root="شعر" pattern="فُعَلَاء" suffix="" />
				<ArabicLexical word="مِنْ" lemma="مِنْ" pos="جامدة" prefix="" root="مِنْ" pattern="مِنْ" suffix="" />
				<ArabicLexical word="اَلنَّحْلِ" lemma="نَحْل" pos="مصرفة منتظمة" prefix="ال" root="نحل" pattern="فَعْل" suffix="" />
				<ArabicLexical word="تَأْكُلُ" lemma="أَكَلَ" pos="مصرفة منتظمة" prefix="ت" root="أكل" pattern="فْعُل" suffix="" />
				<ArabicLexical word="مِنْ" lemma="مِنْ" pos="جامدة" prefix="" root="مِنْ" pattern="مِنْ" suffix="" />
				<ArabicLexical word="كُلِّ" lemma="كُلّ" pos="جامدة" prefix="" root="كُلّ" pattern="كُلّ" suffix="" />
				<ArabicLexical word="اَلثَّمَرَاتِ" lemma="ثَمَرَات" pos="مصرفة منتظمة" prefix="ال" root="ثمر" pattern="فَعَل" suffix="ات" />
				<ArabicLexical word="فَيَخْرُجُ" lemma="خَرَجَ" pos="مصرفة منتظمة" prefix="فَي" root="خرج" pattern="فْعُل" suffix="" />
				<ArabicLexical word="مِنْ" lemma="مِنْ" pos="جامدة" prefix="" root="مِنْ" pattern="مِنْ" suffix="" />
				<ArabicLexical word="بُطُونِهَا" lemma="بَطْن" pos="مصرفة منتظمة" prefix="" root="بطن" pattern="فُعُول" suffix="هَا" />
				<ArabicLexical word="شَرَابٌ" lemma="شَرَاب" pos="مصرفة منتظمة" prefix="" root="شرب" pattern="فَعَال" suffix="" />
				<ArabicLexical word="مُخْتَلِفٌ" lemma="مُخْتَلِف" pos="مصرفة منتظمة" prefix="" root="خلف" pattern="مُفْتَعِل" suffix="" />
				<ArabicLexical word="أَلْوَانُهُ" lemma="لَوْن" pos="مصرفة منتظمة" prefix="" root="ألو" pattern="فَعْلَان" suffix="ه" />
				<ArabicLexical word="فِيهِ" lemma="فِي" pos="جامدة" prefix="" root="فِي" pattern="فِي" suffix="ه" />
				<ArabicLexical word="شِفَاءٌ" lemma="شِفَاء" pos="مصرفة منتظمة" prefix="" root="شفي" pattern="فِعَال" suffix="" />
				<ArabicLexical word="لِلنَّاسِ" lemma="نَاس" pos="مصرفة منتظمة" prefix="لِل" root="نوس" pattern="فَعل" suffix="" />
			</annotation>
		</sentence>
		<sentence id="03184">
			<text>وَكَأَنَّمَا هُوَ بَقِيَّةٌ مِنْ مَنْطِقِ اَلْإِنْسَانِ اِخْتَبَأَتْ فِي زَاوِيَةٍ مِنْ اَلنَّفْسِ فَمَا زَالَتْ بِهَا اَلْحَوَاسُّ حَتَّى وَزَنَتْهَا عَلَى ضَرَبَاتِ اَلْقَلْبِ وَأَخْرَجَتْهَا بَعْدَ ذلِكَ أَلْحَانًا بِغَيْرِ إِيقَاعٍ. أَلَا تَرَاهَا سَاعَةَ اَلنَّظْمِ كَيْفَ تَتَفَرَّغُ كُلُّهَا ثُمَّ تَتَعَاوَنُ كَأَنَّمَا تَبْحَثُ بِنُورِ اَلْعَقْلِ عَنْ شَيْءٍ غَابَ عَنْهَا فِي سُوَيْدَاءِ اَلْفُؤَادِ وَظُلُمَاتِهِ لِذلِكَ كَانَ أَحْسَنُ اَلشِّعْرِ مَا تَتَغَنَّى بِهِ قَبْلَ عَمَلِهِ وَهِيَ طَرِيقَةٌ تَفَنَّنَ فِيهَا اَلشُّعَرَاءُ حَتَّى لَكَانَ اَلْحُطَيْئَةُ يَعْوِي فِي أَثَرِ اَلْقَوَافِي عُوَاءَ اَلْفَصِيلِ فِي أَثَرِ أُمِّهِ.</text>
			<annotation>
				<ArabicLexical word="وَكَأَنَّمَا" lemma="أَنَّ" pos="جامدة" prefix="وَكَ" root="أَنَّ" pattern="أَنَّمَا" suffix="" />
				<ArabicLexical word="هُوَ" lemma="هُوَ" pos="جامدة" prefix="" root="هُوَ" pattern="هُوَ" suffix="" />
				<ArabicLexical word="بَقِيَّةٌ" lemma="بَقِيَّة" pos="مصرفة منتظمة" prefix="" root="بقي" pattern="فَعِلّ" suffix="ة" />
				<ArabicLexical word="مِنْ" lemma="مِنْ" pos="جامدة" prefix="" root="مِنْ" pattern="مِنْ" suffix="" />
				<ArabicLexical word="مَنْطِقِ" lemma="مَنْطِق" pos="مصرفة منتظمة" prefix="" root="نطق" pattern="مَفْعِل" suffix="" />
				<ArabicLexical word="اَلْإِنْسَانِ" lemma="إِنْسَان" pos="مصرفة منتظمة" prefix="ال" root="أنس" pattern="فِعْلَان" suffix="" />
				<ArabicLexical word="اِخْتَبَأَتْ" lemma="اخْتَبَأَ" pos="مصرفة منتظمة" prefix="" root="خبأ" pattern="اِفْتَعَلَ" suffix="تْ" />
				<ArabicLexical word="فِي" lemma="فِي" pos="جامدة" prefix="" root="فِي" pattern="فِي" suffix="" />
				<ArabicLexical word="زَاوِيَةٍ" lemma="زَاوِيَة" pos="مصرفة منتظمة" prefix="" root="زوي" pattern="فَاعِل" suffix="ة" />
				<ArabicLexical word="مِنْ" lemma="مِنْ" pos="جامدة" prefix="" root="مِنْ" pattern="مِنْ" suffix="" />
				<ArabicLexical word="اَلنَّفْسِ" lemma="نَفْس" pos="مصرفة منتظمة" prefix="ال" root="نفس" pattern="فَعْل" suffix="" />
				<ArabicLexical word="فَمَا" lemma="مَا" pos="جامدة" prefix="فَ" root="مَا" pattern="مَا" suffix="" />
				<ArabicLexical word="زَالَتْ" lemma="زَالَ" pos="مصرفة منتظمة" prefix="" root="زول" pattern="فَعلَ" suffix="تْ" />
				<ArabicLexical word="بِهَا" lemma="بِي" pos="جامدة" prefix="" root="بِي" pattern="بِهَا" suffix="" />
				<ArabicLexical word="اَلْحَوَاسُّ" lemma="حَاسَّة" pos="مصرفة منتظمة" prefix="ال" root="حسس" pattern="فَوَالّ" suffix="" />
				<ArabicLexical word="حَتَّى" lemma="حَتَّى" pos="جامدة" prefix="" root="حَتَّى" pattern="حَتَّى" suffix="" />
				<ArabicLexical word="وَزَنَتْهَا" lemma="وَزَنَ" pos="مصرفة منتظمة" prefix="" root="وزن" pattern="فَعَلَ" suffix="تْهَا" />
				<ArabicLexical word="عَلَى" lemma="عَلَى" pos="جامدة" prefix="" root="عَلَى" pattern="عَلَى" suffix="" />
				<ArabicLexical word="ضَرَبَاتِ" lemma="ضَرْبَة" pos="مصرفة منتظمة" prefix="" root="ضرب" pattern="فَعَل" suffix="ات" />
				<ArabicLexical word="اَلْقَلْبِ" lemma="قَلْب" pos="مصرفة منتظمة" prefix="ال" root="قلب" pattern="فَعْل" suffix="" />
				<ArabicLexical word="وَأَخْرَجَتْهَا" lemma="أَخْرَجَ" pos="مصرفة منتظمة" prefix="وَ" root="خرج" pattern="أَفْعَلَ" suffix="تْهَا" />
				<ArabicLexical word="بَعْدَ" lemma="بَعْدَ" pos="مصرفة منتظمة" prefix="" root="بعد" pattern="فَعْل" suffix="" />
				<ArabicLexical word="ذلِكَ" lemma="ذَا" pos="جامدة" prefix="" root="ذَا" pattern="ذلِ" suffix="كَ" />
				<ArabicLexical word="أَلْحَانًا" lemma="لَحْن" pos="مصرفة منتظمة" prefix="" root="لحن" pattern="أَفْعَال" suffix="" />
				<ArabicLexical word="بِغَيْرِ" lemma="غَيْر" pos="مصرفة منتظمة" prefix="بِ" root="غير" pattern="فَعْل" suffix="" />
				<ArabicLexical word="إِيقَاعٍ" lemma="إِيقَاع" pos="مصرفة منتظمة" prefix="" root="وقع" pattern="إِفعَال" suffix="" />
				<ArabicLexical word="أَلَا" lemma="لَا" pos="جامدة" prefix="" root="أَلَا" pattern="أَلَا" suffix="" />
				<ArabicLexical word="تَرَاهَا" lemma="رَأَى" pos="استثناء صرفي" prefix="ت" root="رأي" pattern="رَا" suffix="هَا" />
				<ArabicLexical word="سَاعَةَ" lemma="سَاعَة" pos="مصرفة منتظمة" prefix="" root="سوع" pattern="فَعل" suffix="ة" />
				<ArabicLexical word="اَلنَّظْمِ" lemma="نَظْم" pos="مصرفة منتظمة" prefix="ال" root="نظم" pattern="فَعْل" suffix="" />
				<ArabicLexical word="كَيْفَ" lemma="كَيْفَ" pos="مصرفة منتظمة" prefix="" root="كيف" pattern="فَعْل" suffix="" />
				<ArabicLexical word="تَتَفَرَّغُ" lemma="تَفَرَّغَ" pos="مصرفة منتظمة" prefix="ت" root="فرغ" pattern="تَفَعَّلَ" suffix="" />
				<ArabicLexical word="كُلُّهَا" lemma="كُلّ" pos="جامدة" prefix="" root="كلل" pattern="فُلّ" suffix="هَا" />
				<ArabicLexical word="ثُمَّ" lemma="ثُمَّ" pos="جامدة" prefix="" root="ثُمَّ" pattern="ثُمَّ" suffix="" />
				<ArabicLexical word="تَتَعَاوَنُ" lemma="تَعَاوَنَ" pos="مصرفة منتظمة" prefix="ت" root="عون" pattern="تَفَاعَلَ" suffix="" />
				<ArabicLexical word="كَأَنَّمَا" lemma="أَنَّ" pos="جامدة" prefix="كَ" root="أَنَّ" pattern="أَنَّمَا" suffix="" />
				<ArabicLexical word="تَبْحَثُ" lemma="بَحَثَ" pos="مصرفة منتظمة" prefix="ت" root="بحث" pattern="فْعَل" suffix="" />
				<ArabicLexical word="بِنُورِ" lemma="نُور" pos="مصرفة منتظمة" prefix="بِ" root="نور" pattern="فُعل" suffix="" />
				<ArabicLexical word="اَلْعَقْلِ" lemma="عَقْل" pos="مصرفة منتظمة" prefix="ال" root="عقل" pattern="فَعْل" suffix="" />
				<ArabicLexical word="عَنْ" lemma="عَنْ" pos="جامدة" prefix="" root="عَنْ" pattern="عَنْ" suffix="" />
				<ArabicLexical word="شَيْءٍ" lemma="شَيْء" pos="مصرفة منتظمة" prefix="" root="شيأ" pattern="فَعْل" suffix="" />
				<ArabicLexical word="غَابَ" lemma="غَابَ" pos="مصرفة منتظمة" prefix="" root="غيب" pattern="فَعلَ" suffix="" />
				<ArabicLexical word="عَنْهَا" lemma="عَنْ" pos="جامدة" prefix="" root="عَنْ" pattern="عَنْ" suffix="هَا" />
				<ArabicLexical word="فِي" lemma="فِي" pos="جامدة" prefix="" root="فِي" pattern="فِي" suffix="" />
				<ArabicLexical word="سُوَيْدَاءِ" lemma="" pos="غير عربية" prefix="" root="" pattern="" suffix="" />
				<ArabicLexical word="اَلْفُؤَادِ" lemma="فُؤَاد" pos="مصرفة منتظمة" prefix="ال" root="فأد" pattern="فُعَال" suffix="" />
				<ArabicLexical word="وَظُلُمَاتِهِ" lemma="ظُلْمَة" pos="مصرفة منتظمة" prefix="وَ" root="ظلم" pattern="فُعُل" suffix="اته" />
				<ArabicLexical word="لِذلِكَ" lemma="ذَا" pos="جامدة" prefix="لِ" root="ذَا" pattern="ذلِ" suffix="كَ" />
				<ArabicLexical word="كَانَ" lemma="كَانَ" pos="مصرفة منتظمة" prefix="" root="كون" pattern="فَعلَ" suffix="" />
				<ArabicLexical word="أَحْسَنُ" lemma="أَحْسَن" pos="مصرفة منتظمة" prefix="" root="حسن" pattern="أَفْعَل" suffix="" />
				<ArabicLexical word="اَلشِّعْرِ" lemma="شِعْر" pos="مصرفة منتظمة" prefix="ال" root="شعر" pattern="فِعْل" suffix="" />
				<ArabicLexical word="مَا" lemma="مَا" pos="جامدة" prefix="" root="اَلَّذِي" pattern="مَا" suffix="" />
				<ArabicLexical word="تَتَغَنَّى" lemma="تَغَنَّى" pos="مصرفة منتظمة" prefix="ت" root="غني" pattern="تَفَعَّل" suffix="" />
				<ArabicLexical word="بِهِ" lemma="بِي" pos="جامدة" prefix="" root="بِي" pattern="بِهِ" suffix="" />
				<ArabicLexical word="قَبْلَ" lemma="قَبْلَ" pos="مصرفة منتظمة" prefix="" root="قبل" pattern="فَعْل" suffix="" />
				<ArabicLexical word="عَمَلِهِ" lemma="عَمَل" pos="مصرفة منتظمة" prefix="" root="عمل" pattern="فَعَل" suffix="ه" />
				<ArabicLexical word="وَهِيَ" lemma="هُوَ" pos="جامدة" prefix="وَ" root="هُوَ" pattern="هِيَ" suffix="" />
				<ArabicLexical word="طَرِيقَةٌ" lemma="طَرِيقَة" pos="مصرفة منتظمة" prefix="" root="طرق" pattern="فَعِيل" suffix="ة" />
				<ArabicLexical word="تَفَنَّنَ" lemma="تَفَنَّنَ" pos="مصرفة منتظمة" prefix="" root="فنن" pattern="تَفَعَّلَ" suffix="" />
				<ArabicLexical word="فِيهَا" lemma="فِي" pos="جامدة" prefix="" root="فِي" pattern="فِي" suffix="هَا" />
				<ArabicLexical word="اَلشُّعَرَاءُ" lemma="شَاعِر" pos="مصرفة منتظمة" prefix="ال" root="شعر" pattern="فُعَلَاء" suffix="" />
				<ArabicLexical word="حَتَّى" lemma="حَتَّى" pos="جامدة" prefix="" root="حَتَّى" pattern="حَتَّى" suffix="" />
				<ArabicLexical word="لَكَانَ" lemma="كَانَ" pos="مصرفة منتظمة" prefix="" root="لكن" pattern="فَعَال" suffix="" />
				<ArabicLexical word="اَلْحُطَيْئَةُ" lemma="حُطَيْئَة" pos="مصرفة منتظمة" prefix="ال" root="حطأ" pattern="فُعَيْل" suffix="ة" />
				<ArabicLexical word="يَعْوِي" lemma="عَوَى" pos="مصرفة منتظمة" prefix="ي" root="عوي" pattern="فْعِل" suffix="" />
				<ArabicLexical word="فِي" lemma="فِي" pos="جامدة" prefix="" root="فِي" pattern="فِي" suffix="" />
				<ArabicLexical word="أَثَرِ" lemma="أَثَر" pos="مصرفة منتظمة" prefix="" root="أثر" pattern="فَعَل" suffix="" />
				<ArabicLexical word="اَلْقَوَافِي" lemma="قَافِيَة" pos="مصرفة منتظمة" prefix="ال" root="قفو" pattern="فَوَاعِل" suffix="" />
				<ArabicLexical word="عُوَاءَ" lemma="عُوَاء" pos="مصرفة منتظمة" prefix="" root="عوي" pattern="فُعَال" suffix="" />
				<ArabicLexical word="اَلْفَصِيلِ" lemma="فَصِيل" pos="مصرفة منتظمة" prefix="ال" root="فصل" pattern="فَعِيل" suffix="" />
				<ArabicLexical word="فِي" lemma="فِي" pos="جامدة" prefix="" root="فِي" pattern="فِي" suffix="" />
				<ArabicLexical word="أَثَرِ" lemma="أَثَر" pos="مصرفة منتظمة" prefix="" root="أثر" pattern="فَعَل" suffix="" />
				<ArabicLexical word="أُمِّهِ" lemma="أُمّ" pos="مصرفة منتظمة" prefix="" root="أمم" pattern="فُلّ" suffix="ه" />
			</annotation>
		</sentence>
		<sentence id="03185">
			<text>وَتَرَى اَلْمُجِيدَ مِنْ أَهْلِ اَلْغِنَاءِ إِذَا رَفَعَ عَقِيرَتَهُ يَتَغَنَّى، ذَهَبَ فِي اَلتَّحَرُّكِ مَذَاهِبَ حَتَّى كَأَنَّمَا يَنْتَزِعُ كُلَّ نَغْمَةٍ مِنْ مَوْضِعِ نَفْسِهِ فَيَتَأَلَّفُ مِنْ ذلِكَ صَوْتٌ وَقَعَتْ كُلُّ قِطْعَةٍ مِنْهُ فِي مِثْلِ مَوْضِعِهَا مِنْ كُلِّ نَفْسِهِ. كَأَنَّمَا أَخَذَ حِسَّهُ، لَا فَرْقَ فِي ذلِكَ بَيْنَ أَعْجَمِيٍّ وَعَرَبِيٍّ. وَمِنْ أَجْلِ هذَا تَرَى أَحْسَنَ اَلْأَصْوَاتِ يَغْلِبُ عَلَى كُلِّ طَبْعٍ، وَإِنَّمَا اَلشَّاعِرُ وَالْمُغَنِّي فِي جَذْبِ اَلْقُلُوبِ سَوَاءٌ، وَفِي سِحْرِ اَلنُّفُوسِ أَكْفَاءٌ، إِلَّا أَنَّ هذَا يُوحِي إِلَى اَلْقَلْبِ وَذَاكَ يَنْطِقُ عَنْهُ، أَحَدُهُمَا يَفِيضُ عَلَيْهِ وَالثَّانِي يَأْخُذُ مِنْهُ، وَالْوَيْلُ لَكِلَيْهِمَا إِذَا لَمْ يُطْرِبْ هذَا وَلَمْ يُعْجِبْ ذَاكَ.</text>
			<annotation>
				<ArabicLexical word="وَتَرَى" lemma="رَأَى" pos="استثناء صرفي" prefix="وَت" root="رأي" pattern="رَى" suffix="" />
				<ArabicLexical word="اَلْمُجِيدَ" lemma="مُجِيد" pos="مصرفة منتظمة" prefix="ال" root="جود" pattern="مُفِعل" suffix="" />
				<ArabicLexical word="مِنْ" lemma="مِنْ" pos="جامدة" prefix="" root="مِنْ" pattern="مِنْ" suffix="" />
				<ArabicLexical word="أَهْلِ" lemma="أَهْل" pos="مصرفة منتظمة" prefix="" root="أهل" pattern="فَعْل" suffix="" />
				<ArabicLexical word="اَلْغِنَاءِ" lemma="غِنَاء" pos="مصرفة منتظمة" prefix="ال" root="غني" pattern="فِعَال" suffix="" />
				<ArabicLexical word="إِذَا" lemma="إِذَا" pos="جامدة" prefix="" root="إِذَا" pattern="إِذَا" suffix="" />
				<ArabicLexical word="رَفَعَ" lemma="رَفَعَ" pos="مصرفة منتظمة" prefix="" root="رفع" pattern="فَعَلَ" suffix="" />
				<ArabicLexical word="عَقِيرَتَهُ" lemma="عَقِير" pos="مصرفة منتظمة" prefix="" root="عقر" pattern="فَعِيل" suffix="ته" />
				<ArabicLexical word="يَتَغَنَّى" lemma="تَغَنَّى" pos="مصرفة منتظمة" prefix="ي" root="غني" pattern="تَفَعَّل" suffix="" />
				<ArabicLexical word="ذَهَبَ" lemma="ذَهَب" pos="مصرفة منتظمة" prefix="" root="ذهب" pattern="فَعَل" suffix="" />
				<ArabicLexical word="فِي" lemma="فِي" pos="جامدة" prefix="" root="فِي" pattern="فِي" suffix="" />
				<ArabicLexical word="اَلتَّحَرُّكِ" lemma="تَحَرُّك" pos="مصرفة منتظمة" prefix="ال" root="حرك" pattern="تَفَعُّل" suffix="" />
				<ArabicLexical word="مَذَاهِبَ" lemma="مَذْهَب" pos="مصرفة منتظمة" prefix="" root="ذهب" pattern="مَفَاعِل" suffix="" />
				<ArabicLexical word="حَتَّى" lemma="حَتَّى" pos="جامدة" prefix="" root="حَتَّى" pattern="حَتَّى" suffix="" />
				<ArabicLexical word="كَأَنَّمَا" lemma="أَنَّ" pos="جامدة" prefix="كَ" root="أَنَّ" pattern="أَنَّمَا" suffix="" />
				<ArabicLexical word="يَنْتَزِعُ" lemma="انْتَزَعَ" pos="مصرفة منتظمة" prefix="ي" root="نزع" pattern="اِفْتَعَلَ" suffix="" />
				<ArabicLexical word="كُلَّ" lemma="كَلَّ" pos="جامدة" prefix="" root="كُلّ" pattern="كُلّ" suffix="" />
				<ArabicLexical word="نَغْمَةٍ" lemma="نَغْمَة" pos="مصرفة منتظمة" prefix="" root="نغم" pattern="فَعْل" suffix="ة" />
				<ArabicLexical word="مِنْ" lemma="مِنْ" pos="جامدة" prefix="" root="مِنْ" pattern="مِنْ" suffix="" />
				<ArabicLexical word="مَوْضِعِ" lemma="مَوْضِع" pos="مصرفة منتظمة" prefix="" root="وضع" pattern="مَفْعِل" suffix="" />
				<ArabicLexical word="نَفْسِهِ" lemma="نَفْس" pos="مصرفة منتظمة" prefix="" root="نفس" pattern="فَعْل" suffix="ه" />
				<ArabicLexical word="فَيَتَأَلَّفُ" lemma="تَأَلَّفَ" pos="مصرفة منتظمة" prefix="فَي" root="ألف" pattern="تَفَعَّلَ" suffix="" />
				<ArabicLexical word="مِنْ" lemma="مِنْ" pos="جامدة" prefix="" root="مِنْ" pattern="مِنْ" suffix="" />
				<ArabicLexical word="ذلِكَ" lemma="ذَا" pos="جامدة" prefix="" root="ذَا" pattern="ذلِ" suffix="كَ" />
				<ArabicLexical word="صَوْتٌ" lemma="صَوْت" pos="مصرفة منتظمة" prefix="" root="صوت" pattern="فَعْل" suffix="" />
				<ArabicLexical word="وَقَعَتْ" lemma="وَقَعَ" pos="مصرفة منتظمة" prefix="" root="وقع" pattern="فَعَلَ" suffix="تْ" />
				<ArabicLexical word="كُلُّ" lemma="كُلّ" pos="جامدة" prefix="" root="كُلّ" pattern="كُلّ" suffix="" />
				<ArabicLexical word="قِطْعَةٍ" lemma="قِطْعَة" pos="مصرفة منتظمة" prefix="" root="قطع" pattern="فِعْل" suffix="ة" />
				<ArabicLexical word="مِنْهُ" lemma="مِنْ" pos="جامدة" prefix="" root="مِنْ" pattern="مِنْ" suffix="ه" />
				<ArabicLexical word="فِي" lemma="فِي" pos="جامدة" prefix="" root="فِي" pattern="فِي" suffix="" />
				<ArabicLexical word="مِثْلِ" lemma="مِثْل" pos="مصرفة منتظمة" prefix="" root="مثل" pattern="فِعْل" suffix="" />
				<ArabicLexical word="مَوْضِعِهَا" lemma="مَوْضِع" pos="مصرفة منتظمة" prefix="" root="وضع" pattern="مَفْعِل" suffix="هَا" />
				<ArabicLexical word="مِنْ" lemma="مِنْ" pos="جامدة" prefix="" root="مِنْ" pattern="مِنْ" suffix="" />
				<ArabicLexical word="كُلِّ" lemma="كُلّ" pos="جامدة" prefix="" root="كُلّ" pattern="كُلّ" suffix="" />
				<ArabicLexical word="نَفْسِهِ" lemma="نَفْس" pos="مصرفة منتظمة" prefix="" root="نفس" pattern="فَعْل" suffix="ه" />
				<ArabicLexical word="كَأَنَّمَا" lemma="أَنَّ" pos="جامدة" prefix="كَ" root="أَنَّ" pattern="أَنَّمَا" suffix="" />
				<ArabicLexical word="أَخَذَ" lemma="أَخَذَ" pos="مصرفة منتظمة" prefix="" root="أخذ" pattern="فَعَلَ" suffix="" />
				<ArabicLexical word="حِسَّهُ" lemma="حَسَّ" pos="مصرفة منتظمة" prefix="" root="حسس" pattern="فِلّ" suffix="ه" />
				<ArabicLexical word="لَا" lemma="لَا" pos="جامدة" prefix="" root="لَا" pattern="لَا" suffix="" />
				<ArabicLexical word="فَرْقَ" lemma="فَرْق" pos="مصرفة منتظمة" prefix="" root="فرق" pattern="فَعْل" suffix="" />
				<ArabicLexical word="فِي" lemma="فِي" pos="جامدة" prefix="" root="فِي" pattern="فِي" suffix="" />
				<ArabicLexical word="ذلِكَ" lemma="ذَا" pos="جامدة" prefix="" root="ذَا" pattern="ذلِ" suffix="كَ" />
				<ArabicLexical word="بَيْنَ" lemma="بَيْنَ" pos="مصرفة منتظمة" prefix="" root="بين" pattern="فَعْل" suffix="" />
				<ArabicLexical word="أَعْجَمِيٍّ" lemma="أَعْجَم" pos="مصرفة منتظمة" prefix="" root="عجم" pattern="أَفْعَل" suffix="يّ" />
				<ArabicLexical word="وَعَرَبِيٍّ" lemma="عَرَبِيّ" pos="مصرفة منتظمة" prefix="وَ" root="عرب" pattern="فَعَل" suffix="يّ" />
				<ArabicLexical word="وَمِنْ" lemma="مِنْ" pos="جامدة" prefix="وَ" root="مِنْ" pattern="مِنْ" suffix="" />
				<ArabicLexical word="أَجْلِ" lemma="أَجْل" pos="مصرفة منتظمة" prefix="" root="أجل" pattern="فَعْل" suffix="" />
				<ArabicLexical word="هذَا" lemma="ذَا" pos="جامدة" prefix="" root="ذَا" pattern="هذَا" suffix="" />
				<ArabicLexical word="تَرَى" lemma="رَأَى" pos="استثناء صرفي" prefix="ت" root="رأي" pattern="رَى" suffix="" />
				<ArabicLexical word="أَحْسَنَ" lemma="أَحْسَن" pos="مصرفة منتظمة" prefix="" root="حسن" pattern="أَفْعَل" suffix="" />
				<ArabicLexical word="اَلْأَصْوَاتِ" lemma="صَوْت" pos="مصرفة منتظمة" prefix="ال" root="صوت" pattern="أَفْعَال" suffix="" />
				<ArabicLexical word="يَغْلِبُ" lemma="غَلَبَ" pos="مصرفة منتظمة" prefix="ي" root="غلب" pattern="فْعِل" suffix="" />
				<ArabicLexical word="عَلَى" lemma="عَلَى" pos="جامدة" prefix="" root="عَلَى" pattern="عَلَى" suffix="" />
				<ArabicLexical word="كُلِّ" lemma="أَكَلَ" pos="جامدة" prefix="" root="كُلّ" pattern="كُلّ" suffix="" />
				<ArabicLexical word="طَبْعٍ" lemma="طَبْع" pos="مصرفة منتظمة" prefix="" root="طبع" pattern="فَعْل" suffix="" />
				<ArabicLexical word="وَإِنَّمَا" lemma="إِنَّ" pos="جامدة" prefix="وَ" root="إِنَّ" pattern="إِنَّمَا" suffix="" />
				<ArabicLexical word="اَلشَّاعِرُ" lemma="شَاعِر" pos="مصرفة منتظمة" prefix="ال" root="شعر" pattern="فَاعِل" suffix="" />
				<ArabicLexical word="وَالْمُغَنِّي" lemma="مُغَنّ" pos="مصرفة منتظمة" prefix="وَال" root="غني" pattern="مُفَعِّل" suffix="" />
				<ArabicLexical word="فِي" lemma="فِي" pos="جامدة" prefix="" root="فِي" pattern="فِي" suffix="" />
				<ArabicLexical word="جَذْبِ" lemma="جَذْب" pos="مصرفة منتظمة" prefix="" root="جذب" pattern="فَعْل" suffix="" />
				<ArabicLexical word="اَلْقُلُوبِ" lemma="قَلْب" pos="مصرفة منتظمة" prefix="ال" root="قلب" pattern="فُعُول" suffix="" />
				<ArabicLexical word="سَوَاءٌ" lemma="سَوَاء" pos="مصرفة منتظمة" prefix="" root="سوي" pattern="فَعَال" suffix="" />
				<ArabicLexical word="وَفِي" lemma="فِي" pos="جامدة" prefix="وَ" root="فِي" pattern="فِي" suffix="" />
				<ArabicLexical word="سِحْرِ" lemma="سِحْر" pos="مصرفة منتظمة" prefix="" root="سحر" pattern="فِعْل" suffix="" />
				<ArabicLexical word="اَلنُّفُوسِ" lemma="نَفْس" pos="مصرفة منتظمة" prefix="ال" root="نفس" pattern="فُعُول" suffix="" />
				<ArabicLexical word="أَكْفَاءٌ" lemma="كُفْء" pos="مصرفة منتظمة" prefix="" root="كفأ" pattern="أَفْعَال" suffix="" />
				<ArabicLexical word="إِلَّا" lemma="إِلَّا" pos="جامدة" prefix="" root="إِلَّا" pattern="إِلَّا" suffix="" />
				<ArabicLexical word="أَنَّ" lemma="أَنَّ" pos="جامدة" prefix="" root="أَنَّ" pattern="أَنَّ" suffix="" />
				<ArabicLexical word="هذَا" lemma="ذَا" pos="جامدة" prefix="" root="ذَا" pattern="هذَا" suffix="" />
				<ArabicLexical word="يُوحِي" lemma="أَوْحَى" pos="مصرفة منتظمة" prefix="ي" root="وحي" pattern="أَفعِل" suffix="" />
				<ArabicLexical word="إِلَى" lemma="إِلَى" pos="جامدة" prefix="" root="إِلَى" pattern="إِلَى" suffix="" />
				<ArabicLexical word="اَلْقَلْبِ" lemma="قَلْب" pos="مصرفة منتظمة" prefix="ال" root="قلب" pattern="فَعْل" suffix="" />
				<ArabicLexical word="وَذَاكَ" lemma="ذَا" pos="جامدة" prefix="وَ" root="ذَا" pattern="ذَا" suffix="كَ" />
				<ArabicLexical word="يَنْطِقُ" lemma="نَطَقَ" pos="مصرفة منتظمة" prefix="ي" root="نطق" pattern="فْعِل" suffix="" />
				<ArabicLexical word="عَنْهُ" lemma="عَنْ" pos="جامدة" prefix="" root="عَنْ" pattern="عَنْ" suffix="ه" />
				<ArabicLexical word="أَحَدُهُمَا" lemma="أَحَد" pos="مصرفة منتظمة" prefix="" root="أحد" pattern="فَعَل" suffix="همَا" />
				<ArabicLexical word="يَفِيضُ" lemma="فَاضَ" pos="مصرفة منتظمة" prefix="ي" root="فيض" pattern="فِعل" suffix="" />
				<ArabicLexical word="عَلَيْهِ" lemma="عَلَى" pos="جامدة" prefix="" root="عَلَى" pattern="عَلَيْ" suffix="ه" />
				<ArabicLexical word="وَالثَّانِي" lemma="ثَانِي" pos="مصرفة منتظمة" prefix="وَال" root="ثني" pattern="فَاعِل" suffix="" />
				<ArabicLexical word="يَأْخُذُ" lemma="أَخَذَ" pos="مصرفة منتظمة" prefix="ي" root="أخذ" pattern="فْعُل" suffix="" />
				<ArabicLexical word="مِنْهُ" lemma="مِنْ" pos="جامدة" prefix="" root="مِنْ" pattern="مِنْ" suffix="ه" />
				<ArabicLexical word="وَالْوَيْلُ" lemma="وَيْل" pos="جامدة" prefix="وَال" root="وَيْل" pattern="وَيْل" suffix="" />
				<ArabicLexical word="لَكِلَيْهِمَا" lemma="كُلّ" pos="جامدة" prefix="لَ" root="كُلّ" pattern="كِلَيْ" suffix="همَا" />
				<ArabicLexical word="إِذَا" lemma="إِذَا" pos="جامدة" prefix="" root="إِذَا" pattern="إِذَا" suffix="" />
				<ArabicLexical word="لَمْ" lemma="لَمْ" pos="جامدة" prefix="" root="لَمْ" pattern="لَمْ" suffix="" />
				<ArabicLexical word="يُطْرِبْ" lemma="أَطْرَبَ" pos="مصرفة منتظمة" prefix="ي" root="طرب" pattern="أَفْعَلَ" suffix="" />
				<ArabicLexical word="هذَا" lemma="ذَا" pos="جامدة" prefix="" root="ذَا" pattern="هذَا" suffix="" />
				<ArabicLexical word="وَلَمْ" lemma="لَمْ" pos="جامدة" prefix="وَ" root="لَمْ" pattern="لَمْ" suffix="" />
				<ArabicLexical word="يُعْجِبْ" lemma="أَعْجَبَ" pos="مصرفة منتظمة" prefix="ي" root="عجب" pattern="أَفْعَلَ" suffix="" />
				<ArabicLexical word="ذَاكَ" lemma="ذَا" pos="جامدة" prefix="" root="ذَا" pattern="ذَا" suffix="كَ" />
			</annotation>
		</sentence>
		<sentence id="03186">
			<text>وَالشِّعْرُ مَوْجُودٌ فِي كُلِّ نَفْسٍ مِنْ ذَكَرٍ وَأُنْثَى، فَإِنَّكَ لَتَسْمَعُ اَلْفَتَاةَ فِي خِدْرِهَا، وَالْمَرْأَةَ فِي بَيْتِهَا، وَالرَّجُلَ وَقَدْ جَلَسَ فِي قَوْمِهِ وَالصَّبِيَّ بَيْنَ إِخْوَانِهِ. يَقُصُّونَ عَلَيْكَ أَضْغَاثَ أَحْلَامٍ فَتَجِدُ فِي أَثْنَاءِ كَلَامِهِمْ مِنْ عَبَقِ اَلشِّعْرِ    ، فَتَرَاهُ طَائِرًا بَيْنَ أَمْثَالِهِمْ وَفِي فَلَتَاتِ أَلْسِنَتِهِمْ وَهُوَ كَأَنَّمَا قَدْ ضَلَّ أَعْشَاشَهُ، وَلَقَدْ نَبَغَ فِيهِ مِنْ نِسَاءِ هذِهِ اَلْأُمَّةِ شُمُوسٌ سَطَعْنَ فِي سَمَاءِ اَلْبَيَانِ، وَطَلَعْنَ فِي أُفُقِ اَلْبَلَاغَةِ وَلَا يَزَالُ اَلنَّاسُ إِلَى اَلْيَوْمِ يَرْوُونَ لِلْخَنْسَاءِ  وَوَلَّادَةَ وَغَيْرِهِنَّ، وَبِحَسْبِكَ قَوْلُ اَلنُّوَاسِيِّ: مَا قُلْتُ اَلشِّعْرَ حَتَّى رَوَيْتُ لِسِتِّينَ مِنْ اَلنِّسَاءِ مِنْهُنَّ اَلْخَنْسَاءُ وَلَيْلَى.</text>
			<annotation>
				<ArabicLexical word="وَالشِّعْرُ" lemma="شِعْر" pos="مصرفة منتظمة" prefix="وَال" root="شعر" pattern="فِعْل" suffix="" />
				<ArabicLexical word="مَوْجُودٌ" lemma="مَوْجُود" pos="مصرفة منتظمة" prefix="" root="وجد" pattern="مَفْعُول" suffix="" />
				<ArabicLexical word="فِي" lemma="فِي" pos="جامدة" prefix="" root="فِي" pattern="فِي" suffix="" />
				<ArabicLexical word="كُلِّ" lemma="كُلّ" pos="جامدة" prefix="" root="كُلّ" pattern="كُلّ" suffix="" />
				<ArabicLexical word="نَفْسٍ" lemma="نَفْس" pos="مصرفة منتظمة" prefix="" root="نفس" pattern="فَعْل" suffix="" />
				<ArabicLexical word="مِنْ" lemma="مِنْ" pos="جامدة" prefix="" root="مِنْ" pattern="مِنْ" suffix="" />
				<ArabicLexical word="ذَكَرٍ" lemma="ذَكَر" pos="مصرفة منتظمة" prefix="" root="ذكر" pattern="فَعَل" suffix="" />
				<ArabicLexical word="وَأُنْثَى" lemma="أُنْثَى" pos="مصرفة منتظمة" prefix="وَ" root="أنث" pattern="فُعْلَى" suffix="" />
				<ArabicLexical word="فَإِنَّكَ" lemma="أَنَّ" pos="جامدة" prefix="فَ" root="إِنَّ" pattern="إِنَّ" suffix="كَ" />
				<ArabicLexical word="لَتَسْمَعُ" lemma="سَمِعَ" pos="مصرفة منتظمة" prefix="لَت" root="سمع" pattern="فْعَل" suffix="" />
				<ArabicLexical word="اَلْفَتَاةَ" lemma="فَتَاة" pos="مصرفة منتظمة" prefix="ال" root="فتي" pattern="فَعَل" suffix="ة" />
				<ArabicLexical word="فِي" lemma="فِي" pos="جامدة" prefix="" root="فِي" pattern="فِي" suffix="" />
				<ArabicLexical word="خِدْرِهَا" lemma="خِدْر" pos="مصرفة منتظمة" prefix="" root="خدر" pattern="فِعْل" suffix="هَا" />
				<ArabicLexical word="وَالْمَرْأَةَ" lemma="مَرْأَة" pos="مصرفة منتظمة" prefix="وَال" root="مرأ" pattern="فَعْل" suffix="ة" />
				<ArabicLexical word="فِي" lemma="فِي" pos="جامدة" prefix="" root="فِي" pattern="فِي" suffix="" />
				<ArabicLexical word="بَيْتِهَا" lemma="بَيْت" pos="مصرفة منتظمة" prefix="" root="بيت" pattern="فَعْل" suffix="هَا" />
				<ArabicLexical word="وَالرَّجُلَ" lemma="رَجُل" pos="استثناء صرفي" prefix="وَال" root="رجل" pattern="رَجُل" suffix="" />
				<ArabicLexical word="وَقَدْ" lemma="قَدْ" pos="جامدة" prefix="وَ" root="قَدْ" pattern="قَدْ" suffix="" />
				<ArabicLexical word="جَلَسَ" lemma="جَلَسَ" pos="مصرفة منتظمة" prefix="" root="جلس" pattern="فَعَلَ" suffix="" />
				<ArabicLexical word="فِي" lemma="فِي" pos="جامدة" prefix="" root="فِي" pattern="فِي" suffix="" />
				<ArabicLexical word="قَوْمِهِ" lemma="قَوْم" pos="مصرفة منتظمة" prefix="" root="قوم" pattern="فَعْل" suffix="ه" />
				<ArabicLexical word="وَالصَّبِيَّ" lemma="صَبِيّ" pos="مصرفة منتظمة" prefix="وَال" root="صبو" pattern="فَعِلّ" suffix="" />
				<ArabicLexical word="بَيْنَ" lemma="بَيْنَ" pos="مصرفة منتظمة" prefix="" root="بين" pattern="فَعْل" suffix="" />
				<ArabicLexical word="إِخْوَانِهِ" lemma="أَخ" pos="مصرفة منتظمة" prefix="" root="أخو" pattern="فِعْلَان" suffix="ه" />
				<ArabicLexical word="يَقُصُّونَ" lemma="قَصَّ" pos="مصرفة منتظمة" prefix="ي" root="قصص" pattern="فُلّ" suffix="ونَ" />
				<ArabicLexical word="عَلَيْكَ" lemma="عَلَى" pos="جامدة" prefix="" root="عَلَى" pattern="عَلَيْ" suffix="كَ" />
				<ArabicLexical word="أَضْغَاثَ" lemma="ضِغْث" pos="مصرفة منتظمة" prefix="" root="ضغث" pattern="أَفْعَال" suffix="" />
				<ArabicLexical word="أَحْلَامٍ" lemma="حُلْم" pos="مصرفة منتظمة" prefix="" root="حلم" pattern="أَفْعَال" suffix="" />
				<ArabicLexical word="فَتَجِدُ" lemma="وَجَدَ" pos="مصرفة منتظمة" prefix="فَت" root="وجد" pattern="فعِلْ" suffix="" />
				<ArabicLexical word="فِي" lemma="فِي" pos="جامدة" prefix="" root="فِي" pattern="فِي" suffix="" />
				<ArabicLexical word="أَثْنَاءِ" lemma="-" pos="مصرفة منتظمة" prefix="" root="ثني" pattern="أَفْعَال" suffix="" />
				<ArabicLexical word="كَلَامِهِمْ" lemma="كَلَام" pos="مصرفة منتظمة" prefix="" root="كلم" pattern="فَعَال" suffix="همْ" />
				<ArabicLexical word="مِنْ" lemma="مِنْ" pos="جامدة" prefix="" root="مِنْ" pattern="مِنْ" suffix="" />
				<ArabicLexical word="عَبَقِ" lemma="عَبَق" pos="مصرفة منتظمة" prefix="" root="عبق" pattern="فَعَل" suffix="" />
				<ArabicLexical word="اَلشِّعْرِ" lemma="شِعْر" pos="مصرفة منتظمة" prefix="ال" root="شعر" pattern="فِعْل" suffix="" />
				<ArabicLexical word="فَتَرَاهُ" lemma="فَتَرَ" pos="استثناء صرفي" prefix="فَت" root="رأي" pattern="رَا" suffix="ه" />
				<ArabicLexical word="طَائِرًا" lemma="طَائِر" pos="مصرفة منتظمة" prefix="" root="طير" pattern="فَاعِل" suffix="" />
				<ArabicLexical word="بَيْنَ" lemma="بَيْنَ" pos="مصرفة منتظمة" prefix="" root="بين" pattern="فَعْل" suffix="" />
				<ArabicLexical word="أَمْثَالِهِمْ" lemma="مَثَل" pos="مصرفة منتظمة" prefix="" root="مثل" pattern="أَفْعَال" suffix="همْ" />
				<ArabicLexical word="وَفِي" lemma="فِي" pos="جامدة" prefix="وَ" root="فِي" pattern="فِي" suffix="" />
				<ArabicLexical word="فَلَتَاتِ" lemma="فَلْتَة" pos="مصرفة منتظمة" prefix="فَ" root="لتت" pattern="فَعَال" suffix="" />
				<ArabicLexical word="أَلْسِنَتِهِمْ" lemma="لِسَان" pos="مصرفة منتظمة" prefix="" root="لسن" pattern="أَفْعِلَ" suffix="تهمْ" />
				<ArabicLexical word="وَهُوَ" lemma="هُوَ" pos="جامدة" prefix="وَ" root="هُوَ" pattern="هُوَ" suffix="" />
				<ArabicLexical word="كَأَنَّمَا" lemma="أَنَّ" pos="جامدة" prefix="كَ" root="أَنَّ" pattern="أَنَّمَا" suffix="" />
				<ArabicLexical word="قَدْ" lemma="قَدْ" pos="جامدة" prefix="" root="قَدْ" pattern="قَدْ" suffix="" />
				<ArabicLexical word="ضَلَّ" lemma="ضَلَّ" pos="مصرفة منتظمة" prefix="" root="ضلل" pattern="فَلَّ" suffix="" />
				<ArabicLexical word="أَعْشَاشَهُ" lemma="عُشّ" pos="مصرفة منتظمة" prefix="" root="عشش" pattern="أَفْعَال" suffix="ه" />
				<ArabicLexical word="وَلَقَدْ" lemma="قَدْ" pos="جامدة" prefix="وَلَ" root="قَدْ" pattern="قَدْ" suffix="" />
				<ArabicLexical word="نَبَغَ" lemma="نَبَغَ" pos="مصرفة منتظمة" prefix="" root="نبغ" pattern="فَعَل" suffix="" />
				<ArabicLexical word="فِيهِ" lemma="فِي" pos="جامدة" prefix="" root="فِي" pattern="فِي" suffix="ه" />
				<ArabicLexical word="مِنْ" lemma="مِنْ" pos="جامدة" prefix="" root="مِنْ" pattern="مِنْ" suffix="" />
				<ArabicLexical word="نِسَاءِ" lemma="نِسَاء" pos="مصرفة منتظمة" prefix="" root="نسو" pattern="فِعَال" suffix="" />
				<ArabicLexical word="هذِهِ" lemma="ذَا" pos="جامدة" prefix="" root="ذَا" pattern="هذِهِ" suffix="" />
				<ArabicLexical word="اَلْأُمَّةِ" lemma="أُمَّة" pos="مصرفة منتظمة" prefix="ال" root="أمم" pattern="فُلّ" suffix="ة" />
				<ArabicLexical word="شُمُوسٌ" lemma="شُمُوس" pos="مصرفة منتظمة" prefix="" root="شمس" pattern="فُعُول" suffix="" />
				<ArabicLexical word="سَطَعْنَ" lemma="سَطَعَ" pos="مصرفة منتظمة" prefix="" root="سطع" pattern="فَعَلَ" suffix="نَ" />
				<ArabicLexical word="فِي" lemma="فِي" pos="جامدة" prefix="" root="فِي" pattern="فِي" suffix="" />
				<ArabicLexical word="سَمَاءِ" lemma="سَمَاء" pos="مصرفة منتظمة" prefix="" root="سمو" pattern="فَعَال" suffix="" />
				<ArabicLexical word="اَلْبَيَانِ" lemma="بَيَان" pos="مصرفة منتظمة" prefix="ال" root="بين" pattern="فَعَال" suffix="" />
				<ArabicLexical word="وَطَلَعْنَ" lemma="طَلَعَ" pos="مصرفة منتظمة" prefix="وَ" root="طلع" pattern="فَعَلَ" suffix="نَ" />
				<ArabicLexical word="فِي" lemma="فِي" pos="جامدة" prefix="" root="فِي" pattern="فِي" suffix="" />
				<ArabicLexical word="أُفُقِ" lemma="أُفُق" pos="مصرفة منتظمة" prefix="" root="أفق" pattern="فُعُل" suffix="" />
				<ArabicLexical word="اَلْبَلَاغَةِ" lemma="بَلَاغ" pos="مصرفة منتظمة" prefix="ال" root="بلغ" pattern="فَعَال" suffix="ة" />
				<ArabicLexical word="وَلَا" lemma="لَا" pos="جامدة" prefix="وَ" root="لَا" pattern="لَا" suffix="" />
				<ArabicLexical word="يَزَالُ" lemma="زَالَ" pos="غير عربية" prefix="" root="" pattern="" suffix="" />
				<ArabicLexical word="اَلنَّاسُ" lemma="نَاس" pos="مصرفة منتظمة" prefix="ال" root="نوس" pattern="فَعل" suffix="" />
				<ArabicLexical word="إِلَى" lemma="إِلَى" pos="جامدة" prefix="" root="إِلَى" pattern="إِلَى" suffix="" />
				<ArabicLexical word="اَلْيَوْمِ" lemma="يَوْم" pos="مصرفة منتظمة" prefix="ال" root="يوم" pattern="فَعْل" suffix="" />
				<ArabicLexical word="يَرْوُونَ" lemma="رَوَى" pos="مصرفة منتظمة" prefix="ي" root="روي" pattern="فْعِل" suffix="ونَ" />
				<ArabicLexical word="لِلْخَنْسَاءِ" lemma="خَنْسَاء" pos="مصرفة منتظمة" prefix="لِل" root="خنس" pattern="فَعْلَاء" suffix="" />
				<ArabicLexical word="وَوَلَّادَةَ" lemma="وَلَّاد" pos="مصرفة منتظمة" prefix="وَ" root="ولد" pattern="فَعَّال" suffix="ة" />
				<ArabicLexical word="وَغَيْرِهِنَّ" lemma="غَيْر" pos="مصرفة منتظمة" prefix="وَ" root="غير" pattern="فَعْل" suffix="هنَّ" />
				<ArabicLexical word="وَبِحَسْبِكَ" lemma="حَسْب" pos="مصرفة منتظمة" prefix="وَبِ" root="حسب" pattern="فَعْل" suffix="كَ" />
				<ArabicLexical word="قَوْلُ" lemma="قَوْل" pos="مصرفة منتظمة" prefix="" root="قول" pattern="فَعْل" suffix="" />
				<ArabicLexical word="اَلنُّوَاسِيِّ" lemma="نُوَاسِيّ" pos="مصرفة منتظمة" prefix="ال" root="نوس" pattern="فُعَال" suffix="يّ" />
				<ArabicLexical word="مَا" lemma="مَا" pos="جامدة" prefix="" root="اَلَّذِي" pattern="مَا" suffix="" />
				<ArabicLexical word="قُلْتُ" lemma="قَالَ" pos="مصرفة منتظمة" prefix="" root="قول" pattern="فُعلْ" suffix="تُ" />
				<ArabicLexical word="اَلشِّعْرَ" lemma="شِعْر" pos="مصرفة منتظمة" prefix="ال" root="شعر" pattern="فِعْل" suffix="" />
				<ArabicLexical word="حَتَّى" lemma="حَتَّى" pos="جامدة" prefix="" root="حَتَّى" pattern="حَتَّى" suffix="" />
				<ArabicLexical word="رَوَيْتُ" lemma="رَوَى" pos="مصرفة منتظمة" prefix="" root="روي" pattern="فَعَل" suffix="تُ" />
				<ArabicLexical word="لِسِتِّينَ" lemma="سِتّ" pos="استثناء صرفي" prefix="لِ" root="ستت" pattern="سِتّ" suffix="ينَ" />
				<ArabicLexical word="مِنْ" lemma="مِنْ" pos="جامدة" prefix="" root="مِنْ" pattern="مِنْ" suffix="" />
				<ArabicLexical word="اَلنِّسَاءِ" lemma="امْرَأَة" pos="مصرفة منتظمة" prefix="ال" root="نسو" pattern="فِعَال" suffix="" />
				<ArabicLexical word="مِنْهُنَّ" lemma="مِنْ" pos="جامدة" prefix="" root="مِنْ" pattern="مِنْ" suffix="هنَّ" />
				<ArabicLexical word="اَلْخَنْسَاءُ" lemma="خَنْسَاء" pos="مصرفة منتظمة" prefix="ال" root="خنس" pattern="فَعْلَاء" suffix="" />
				<ArabicLexical word="وَلَيْلَى" lemma="لَيْلَى" pos="مصرفة منتظمة" prefix="وَ" root="ليل" pattern="فَعْلَى" suffix="" />
			</annotation>
		</sentence>
		<sentence id="03187">
			<text>وَلَوْ كَانَ اَلشِّعْرُ هُوَ هذِهِ اَلْأَلْفَاظُ اَلْمَوْزُونَةُ اَلْمُقَفَّاةُ لَعَدَدْنَاهُ ضَرْبًا مِنْ قَوَاعِدِ اَلْإِعْرَابِ لَا يَعْرِفُهَا إِلَّا مَنْ تَعَلَّمَهَا وَلكِنَّهُ يَتَنَزَّلُ مِنْ اَلنَّفْسِ مَنْزِلَةَ اَلْكَلَامِ فَكُلُّ لِسَانٍ يَنْطِقُ بِهِ وَلَا يُقِيمُهُ كُلُّ إِنْسَانٍ، وَأَمَّا مَا يَعْرِضُ لَهُ بَعْدَ ذلِكَ مِنْ اَلْوَزْنِ وَالتَّقْفِيَةِ فَكَمَا يَعْرِضُ لِلْكَلَامِ مِنْ اِسْتِقَامَةِ اَلتَّرْكِيبِ وَالْإِعْرَابِ. وَإِنَّكَ إِنَّمَا تَمْدَحُ اَلْكَلَامَ بِإِعْرَابِهِ وَلَا تَمْدَحُ اَلْإِعْرَابَ بِالْكَلَامِ.</text>
			<annotation>
				<ArabicLexical word="وَلَوْ" lemma="لَوْ" pos="جامدة" prefix="وَ" root="لَوْ" pattern="لَوْ" suffix="" />
				<ArabicLexical word="كَانَ" lemma="كَانَ" pos="مصرفة منتظمة" prefix="" root="كون" pattern="فَعلَ" suffix="" />
				<ArabicLexical word="اَلشِّعْرُ" lemma="شِعْر" pos="مصرفة منتظمة" prefix="ال" root="شعر" pattern="فِعْل" suffix="" />
				<ArabicLexical word="هُوَ" lemma="هُوَ" pos="جامدة" prefix="" root="هُوَ" pattern="هُوَ" suffix="" />
				<ArabicLexical word="هذِهِ" lemma="ذَا" pos="جامدة" prefix="" root="ذَا" pattern="هذِهِ" suffix="" />
				<ArabicLexical word="اَلْأَلْفَاظُ" lemma="لَفْظ" pos="مصرفة منتظمة" prefix="ال" root="لفظ" pattern="أَفْعَال" suffix="" />
				<ArabicLexical word="اَلْمَوْزُونَةُ" lemma="مَوْزُون" pos="مصرفة منتظمة" prefix="ال" root="وزن" pattern="مَفْعُول" suffix="ة" />
				<ArabicLexical word="اَلْمُقَفَّاةُ" lemma="مُقَفَّاة" pos="مصرفة منتظمة" prefix="ال" root="قفو" pattern="مُفَعَّل" suffix="ة" />
				<ArabicLexical word="لَعَدَدْنَاهُ" lemma="عَدَّ" pos="مصرفة منتظمة" prefix="لَ" root="عدد" pattern="فَلَلَ" suffix="نَاهُ" />
				<ArabicLexical word="ضَرْبًا" lemma="ضَرْب" pos="مصرفة منتظمة" prefix="" root="ضرب" pattern="فَعْل" suffix="" />
				<ArabicLexical word="مِنْ" lemma="مِنْ" pos="جامدة" prefix="" root="مِنْ" pattern="مِنْ" suffix="" />
				<ArabicLexical word="قَوَاعِدِ" lemma="قَاعِدَة" pos="مصرفة منتظمة" prefix="" root="قعد" pattern="فَوَاعِل" suffix="" />
				<ArabicLexical word="اَلْإِعْرَابِ" lemma="إِعْرَاب" pos="مصرفة منتظمة" prefix="ال" root="عرب" pattern="إِفْعَال" suffix="" />
				<ArabicLexical word="لَا" lemma="لَا" pos="جامدة" prefix="" root="لَا" pattern="لَا" suffix="" />
				<ArabicLexical word="يَعْرِفُهَا" lemma="عَرَفَ" pos="مصرفة منتظمة" prefix="ي" root="عرف" pattern="فْعِل" suffix="هَا" />
				<ArabicLexical word="إِلَّا" lemma="إِلَّا" pos="جامدة" prefix="" root="إِلَّا" pattern="إِلَّا" suffix="" />
				<ArabicLexical word="مَنْ" lemma="مَنْ" pos="جامدة" prefix="" root="اَلَّذِي" pattern="مَنْ" suffix="" />
				<ArabicLexical word="تَعَلَّمَهَا" lemma="تَعَلَّمَ" pos="مصرفة منتظمة" prefix="" root="علم" pattern="تَفَعَّلَ" suffix="هَا" />
				<ArabicLexical word="وَلكِنَّهُ" lemma="لَكِنَّ" pos="جامدة" prefix="وَ" root="لكِنَّ" pattern="لكِنَّ" suffix="ه" />
				<ArabicLexical word="يَتَنَزَّلُ" lemma="تَنَزَّلَ" pos="مصرفة منتظمة" prefix="ي" root="نزل" pattern="تَفَعَّلَ" suffix="" />
				<ArabicLexical word="مِنْ" lemma="مِنْ" pos="جامدة" prefix="" root="مِنْ" pattern="مِنْ" suffix="" />
				<ArabicLexical word="اَلنَّفْسِ" lemma="نَفْس" pos="مصرفة منتظمة" prefix="ال" root="نفس" pattern="فَعْل" suffix="" />
				<ArabicLexical word="مَنْزِلَةَ" lemma="مَنْزِل" pos="مصرفة منتظمة" prefix="" root="نزل" pattern="مَفْعِل" suffix="ة" />
				<ArabicLexical word="اَلْكَلَامِ" lemma="كَلَام" pos="مصرفة منتظمة" prefix="ال" root="كلم" pattern="فَعَال" suffix="" />
				<ArabicLexical word="فَكُلُّ" lemma="كُلّ" pos="جامدة" prefix="فَ" root="كُلّ" pattern="كُلّ" suffix="" />
				<ArabicLexical word="لِسَانٍ" lemma="لِسَان" pos="مصرفة منتظمة" prefix="" root="لسن" pattern="فِعَال" suffix="" />
				<ArabicLexical word="يَنْطِقُ" lemma="نَطَقَ" pos="مصرفة منتظمة" prefix="ي" root="نطق" pattern="فْعِل" suffix="" />
				<ArabicLexical word="بِهِ" lemma="بِي" pos="جامدة" prefix="" root="بِي" pattern="بِهِ" suffix="" />
				<ArabicLexical word="وَلَا" lemma="لَا" pos="جامدة" prefix="وَ" root="لَا" pattern="لَا" suffix="" />
				<ArabicLexical word="يُقِيمُهُ" lemma="أَقَامَ" pos="مصرفة منتظمة" prefix="ي" root="قوم" pattern="أَفِعلَ" suffix="ه" />
				<ArabicLexical word="كُلُّ" lemma="كُلّ" pos="جامدة" prefix="" root="كُلّ" pattern="كُلّ" suffix="" />
				<ArabicLexical word="إِنْسَانٍ" lemma="إِنْسَان" pos="مصرفة منتظمة" prefix="" root="أنس" pattern="فِعْلَان" suffix="" />
				<ArabicLexical word="وَأَمَّا" lemma="أَمَّا" pos="جامدة" prefix="وَ" root="أَمَّا" pattern="أَمَّا" suffix="" />
				<ArabicLexical word="مَا" lemma="مَا" pos="جامدة" prefix="" root="اَلَّذِي" pattern="مَا" suffix="" />
				<ArabicLexical word="يَعْرِضُ" lemma="عَرَضَ" pos="مصرفة منتظمة" prefix="ي" root="عرض" pattern="فْعِل" suffix="" />
				<ArabicLexical word="لَهُ" lemma="لِي" pos="جامدة" prefix="" root="لِي" pattern="لَهُ" suffix="" />
				<ArabicLexical word="بَعْدَ" lemma="بَعْدَ" pos="مصرفة منتظمة" prefix="" root="بعد" pattern="فَعْل" suffix="" />
				<ArabicLexical word="ذلِكَ" lemma="ذَا" pos="جامدة" prefix="" root="ذَا" pattern="ذلِ" suffix="كَ" />
				<ArabicLexical word="مِنْ" lemma="مِنْ" pos="جامدة" prefix="" root="مِنْ" pattern="مِنْ" suffix="" />
				<ArabicLexical word="اَلْوَزْنِ" lemma="وَزْن" pos="مصرفة منتظمة" prefix="ال" root="وزن" pattern="فَعْل" suffix="" />
				<ArabicLexical word="وَالتَّقْفِيَةِ" lemma="تَقْفِيَة" pos="مصرفة منتظمة" prefix="وَال" root="قفو" pattern="تَفْعِلَ" suffix="ة" />
				<ArabicLexical word="فَكَمَا" lemma="مَا" pos="جامدة" prefix="فَكَ" root="اَلَّذِي" pattern="مَا" suffix="" />
				<ArabicLexical word="يَعْرِضُ" lemma="عَرَضَ" pos="مصرفة منتظمة" prefix="ي" root="عرض" pattern="فْعِل" suffix="" />
				<ArabicLexical word="لِلْكَلَامِ" lemma="كَلَام" pos="مصرفة منتظمة" prefix="لِل" root="كلم" pattern="فَعَال" suffix="" />
				<ArabicLexical word="مِنْ" lemma="مِنْ" pos="جامدة" prefix="" root="مِنْ" pattern="مِنْ" suffix="" />
				<ArabicLexical word="اِسْتِقَامَةِ" lemma="اسْتِقَامَة" pos="مصرفة منتظمة" prefix="" root="قوم" pattern="اِسْتِفَعالَ" suffix="ة" />
				<ArabicLexical word="اَلتَّرْكِيبِ" lemma="تَرْكِيب" pos="مصرفة منتظمة" prefix="ال" root="ركب" pattern="تَفْعِيل" suffix="" />
				<ArabicLexical word="وَالْإِعْرَابِ" lemma="إِعْرَاب" pos="مصرفة منتظمة" prefix="وَال" root="عرب" pattern="إِفْعَال" suffix="" />
				<ArabicLexical word="وَإِنَّكَ" lemma="إِنَّ" pos="جامدة" prefix="وَ" root="إِنَّ" pattern="إِنَّ" suffix="كَ" />
				<ArabicLexical word="إِنَّمَا" lemma="إِنَّ" pos="جامدة" prefix="" root="إِنَّ" pattern="إِنَّمَا" suffix="" />
				<ArabicLexical word="تَمْدَحُ" lemma="مَدَحَ" pos="مصرفة منتظمة" prefix="ت" root="مدح" pattern="فْعَل" suffix="" />
				<ArabicLexical word="اَلْكَلَامَ" lemma="كَلَام" pos="مصرفة منتظمة" prefix="ال" root="كلم" pattern="فَعَال" suffix="" />
				<ArabicLexical word="بِإِعْرَابِهِ" lemma="إِعْرَاب" pos="مصرفة منتظمة" prefix="بِ" root="عرب" pattern="إِفْعَال" suffix="ه" />
				<ArabicLexical word="وَلَا" lemma="لَا" pos="جامدة" prefix="وَ" root="لَا" pattern="لَا" suffix="" />
				<ArabicLexical word="تَمْدَحُ" lemma="مَدَحَ" pos="مصرفة منتظمة" prefix="ت" root="مدح" pattern="فْعَل" suffix="" />
				<ArabicLexical word="اَلْإِعْرَابَ" lemma="إِعْرَاب" pos="مصرفة منتظمة" prefix="ال" root="عرب" pattern="إِفْعَال" suffix="" />
				<ArabicLexical word="بِالْكَلَامِ" lemma="كَلَام" pos="مصرفة منتظمة" prefix="بِال" root="كلم" pattern="فَعَال" suffix="" />
			</annotation>
		</sentence>
		<sentence id="03188">
			<text>وَلَمْ أَقْرَأْ أَجْمَعَ  مِنْ قَوْلِ حَكِيمِ اَلْعَصْرِ، وَإِمَامِ اَلْإِفْتَاءِ فِي مِصْرَ فِيهِ لَوْ سَأَلُوا اَلْحَقِيقَةَ أَنْ تَخْتَارَ لَهَا مَكَانًا تُشْرِفُ مِنْهُ عَلَى اَلْكَوْنِ لَمَا اِخْتَارَتْ غَيْرَ بَيْتٍ مِنْ اَلشِّعْرِ وَلَا فِيمَا قَالُوهُ فِي اَلشُّعَرَاءِ أَجْمَعَ مِنْ قَوْلِ كَعْبِ  اَلْأَحْبَارِ  : اَلشُّعَرَاءُ أَنَاجِيلُهُمْ فِي صُدُورِهِمْ وَتَنْطِقُ أَلْسِنَتُهُمْ بِالْحِكْمَةِ</text>
			<annotation>
				<ArabicLexical word="وَلَمْ" lemma="لَمْ" pos="جامدة" prefix="وَ" root="لَمْ" pattern="لَمْ" suffix="" />
				<ArabicLexical word="أَقْرَأْ" lemma="قَرَأَ" pos="مصرفة منتظمة" prefix="أ" root="قرأ" pattern="فْعَل" suffix="" />
				<ArabicLexical word="أَجْمَعَ" lemma="أَجْمَع" pos="مصرفة منتظمة" prefix="" root="جمع" pattern="أَفْعَل" suffix="" />
				<ArabicLexical word="مِنْ" lemma="مِنْ" pos="جامدة" prefix="" root="مِنْ" pattern="مِنْ" suffix="" />
				<ArabicLexical word="قَوْلِ" lemma="قَوْل" pos="مصرفة منتظمة" prefix="" root="قول" pattern="فَعْل" suffix="" />
				<ArabicLexical word="حَكِيمِ" lemma="حَكِيم" pos="مصرفة منتظمة" prefix="" root="حكم" pattern="فَعِيل" suffix="" />
				<ArabicLexical word="اَلْعَصْرِ" lemma="عَصْر" pos="مصرفة منتظمة" prefix="ال" root="عصر" pattern="فَعْل" suffix="" />
				<ArabicLexical word="وَإِمَامِ" lemma="إِمَام" pos="مصرفة منتظمة" prefix="وَ" root="أمم" pattern="فِعَال" suffix="" />
				<ArabicLexical word="اَلْإِفْتَاءِ" lemma="إِفْتَاء" pos="مصرفة منتظمة" prefix="ال" root="فتي" pattern="إِفْعَال" suffix="" />
				<ArabicLexical word="فِي" lemma="فِي" pos="جامدة" prefix="" root="فِي" pattern="فِي" suffix="" />
				<ArabicLexical word="مِصْرَ" lemma="مِصْر" pos="مصرفة منتظمة" prefix="" root="مصر" pattern="فِعْل" suffix="" />
				<ArabicLexical word="فِيهِ" lemma="فِي" pos="جامدة" prefix="" root="فِي" pattern="فِي" suffix="ه" />
				<ArabicLexical word="لَوْ" lemma="لَوْ" pos="جامدة" prefix="" root="لَوْ" pattern="لَوْ" suffix="" />
				<ArabicLexical word="سَأَلُوا" lemma="سَأَلَ" pos="مصرفة منتظمة" prefix="" root="سأل" pattern="فَعَلَ" suffix="وا" />
				<ArabicLexical word="اَلْحَقِيقَةَ" lemma="حَقِيقَة" pos="مصرفة منتظمة" prefix="ال" root="حقق" pattern="فَعِيل" suffix="ة" />
				<ArabicLexical word="أَنْ" lemma="أَنْ" pos="جامدة" prefix="" root="أَنْ" pattern="أَنْ" suffix="" />
				<ArabicLexical word="تَخْتَارَ" lemma="اخْتَارَ" pos="مصرفة منتظمة" prefix="ت" root="خير" pattern="اِفْتَعلَ" suffix="" />
				<ArabicLexical word="لَهَا" lemma="لِي" pos="جامدة" prefix="" root="لِي" pattern="لَهَا" suffix="" />
				<ArabicLexical word="مَكَانًا" lemma="مَكَان" pos="مصرفة منتظمة" prefix="" root="كون" pattern="مَفَعل" suffix="" />
				<ArabicLexical word="تُشْرِفُ" lemma="أَشْرَفَ" pos="مصرفة منتظمة" prefix="ت" root="شرف" pattern="أَفْعَلَ" suffix="" />
				<ArabicLexical word="مِنْهُ" lemma="مِنْ" pos="جامدة" prefix="" root="مِنْ" pattern="مِنْ" suffix="ه" />
				<ArabicLexical word="عَلَى" lemma="عَلَى" pos="جامدة" prefix="" root="عَلَى" pattern="عَلَى" suffix="" />
				<ArabicLexical word="اَلْكَوْنِ" lemma="كَوْن" pos="مصرفة منتظمة" prefix="ال" root="كون" pattern="فَعْل" suffix="" />
				<ArabicLexical word="لَمَا" lemma="مَا" pos="جامدة" prefix="لَ" root="مَا" pattern="مَا" suffix="" />
				<ArabicLexical word="اِخْتَارَتْ" lemma="اخْتَارَ" pos="مصرفة منتظمة" prefix="" root="خير" pattern="اِفْتَعلَ" suffix="تْ" />
				<ArabicLexical word="غَيْرَ" lemma="غَيْر" pos="مصرفة منتظمة" prefix="" root="غير" pattern="فَعْل" suffix="" />
				<ArabicLexical word="بَيْتٍ" lemma="بَيْت" pos="مصرفة منتظمة" prefix="" root="بيت" pattern="فَعْل" suffix="" />
				<ArabicLexical word="مِنْ" lemma="مِنْ" pos="جامدة" prefix="" root="مِنْ" pattern="مِنْ" suffix="" />
				<ArabicLexical word="اَلشِّعْرِ" lemma="شِعْر" pos="مصرفة منتظمة" prefix="ال" root="شعر" pattern="فِعْل" suffix="" />
				<ArabicLexical word="وَلَا" lemma="لَا" pos="جامدة" prefix="وَ" root="لَا" pattern="لَا" suffix="" />
				<ArabicLexical word="فِيمَا" lemma="فِي" pos="جامدة" prefix="" root="فِي" pattern="فِيمَا" suffix="" />
				<ArabicLexical word="قَالُوهُ" lemma="قَالَ" pos="مصرفة منتظمة" prefix="" root="قول" pattern="فَعلَ" suffix="وهُ" />
				<ArabicLexical word="فِي" lemma="فِي" pos="جامدة" prefix="" root="فِي" pattern="فِي" suffix="" />
				<ArabicLexical word="اَلشُّعَرَاءِ" lemma="شَاعِر" pos="مصرفة منتظمة" prefix="ال" root="شعر" pattern="فُعَلَاء" suffix="" />
				<ArabicLexical word="أَجْمَعَ" lemma="أَجْمَع" pos="مصرفة منتظمة" prefix="" root="جمع" pattern="أَفْعَل" suffix="" />
				<ArabicLexical word="مِنْ" lemma="مِنْ" pos="جامدة" prefix="" root="مِنْ" pattern="مِنْ" suffix="" />
				<ArabicLexical word="قَوْلِ" lemma="قَوْل" pos="مصرفة منتظمة" prefix="" root="قول" pattern="فَعْل" suffix="" />
				<ArabicLexical word="كَعْبِ" lemma="كَعْب" pos="مصرفة منتظمة" prefix="" root="كعب" pattern="فَعْل" suffix="" />
				<ArabicLexical word="اَلْأَحْبَارِ" lemma="حِبْر" pos="مصرفة منتظمة" prefix="ال" root="حبر" pattern="أَفْعَال" suffix="" />
				<ArabicLexical word="اَلشُّعَرَاءُ" lemma="شَاعِر" pos="مصرفة منتظمة" prefix="ال" root="شعر" pattern="فُعَلَاء" suffix="" />
				<ArabicLexical word="أَنَاجِيلُهُمْ" lemma="إِنْجِيل" pos="مصرفة منتظمة" prefix="" root="نجل" pattern="أَفَاعِيل" suffix="همْ" />
				<ArabicLexical word="فِي" lemma="فِي" pos="جامدة" prefix="" root="فِي" pattern="فِي" suffix="" />
				<ArabicLexical word="صُدُورِهِمْ" lemma="صَدْر" pos="مصرفة منتظمة" prefix="" root="صدر" pattern="فُعُول" suffix="همْ" />
				<ArabicLexical word="وَتَنْطِقُ" lemma="نَطَقَ" pos="مصرفة منتظمة" prefix="وَت" root="نطق" pattern="فْعِل" suffix="" />
				<ArabicLexical word="أَلْسِنَتُهُمْ" lemma="لِسَان" pos="مصرفة منتظمة" prefix="" root="لسن" pattern="أَفْعِلَ" suffix="تهمْ" />
				<ArabicLexical word="بِالْحِكْمَةِ" lemma="حِكْمَة" pos="مصرفة منتظمة" prefix="بِال" root="حكم" pattern="فِعْل" suffix="ة" />
			</annotation>
		</sentence>
	</FILE>
	</NEMLAR>