<NEMLAR><FILE name="GeneralNews" number="118">
		<sentence id="08181">
			<text>?اَلْأَزْهَرُ يُدَشِّنُ أَكْبَرَ مَكْتَبَةِ مَخْطُوطَاتٍ إِلِكْتُرُونِيَّةٍ </text>
			<annotation>
				<ArabicLexical word="اَلْأَزْهَرُ" lemma="أَزْهَر" pos="مصرفة منتظمة" prefix="ال" root="زهر" pattern="أَفْعَل" suffix="" />
				<ArabicLexical word="يُدَشِّنُ" lemma="دَشَّنَ" pos="غير عربية" prefix="" root="" pattern="" suffix="" />
				<ArabicLexical word="أَكْبَرَ" lemma="أَكْبَر" pos="مصرفة منتظمة" prefix="" root="كبر" pattern="أَفْعَل" suffix="" />
				<ArabicLexical word="مَكْتَبَةِ" lemma="مَكْتَبَة" pos="مصرفة منتظمة" prefix="" root="كتب" pattern="مَفْعَل" suffix="ة" />
				<ArabicLexical word="مَخْطُوطَاتٍ" lemma="مَخْطُوط" pos="مصرفة منتظمة" prefix="" root="خطط" pattern="مَفْعُول" suffix="ات" />
				<ArabicLexical word="إِلِكْتُرُونِيَّةٍ" lemma="إِلِكْتُرُون" pos="معربة" prefix="" root="إِلِكْتُرُون" pattern="إِلِكْتُرُون" suffix="يَّة" />
			</annotation>
		</sentence>
		<sentence id="08182">
			<text> </text>
			<annotation>
			</annotation>
		</sentence>
		<sentence id="08183">
			<text>اَلْقَاهِرَةُ- صُبْحِيُّ مُجَاهِدٍ- إِسْلَامْ أُونْ لَايْنْ.نِتْ/ 22-5-2005  </text>
			<annotation>
				<ArabicLexical word="اَلْقَاهِرَةُ" lemma="قَاهِرَة" pos="مصرفة منتظمة" prefix="ال" root="قهر" pattern="فَاعِل" suffix="ة" />
				<ArabicLexical word="صُبْحِيُّ" lemma="صُبْح" pos="مصرفة منتظمة" prefix="" root="صبح" pattern="فُعْل" suffix="يّ" />
				<ArabicLexical word="مُجَاهِدٍ" lemma="مُجَاهِد" pos="مصرفة منتظمة" prefix="" root="جهد" pattern="مُفَاعِل" suffix="" />
				<ArabicLexical word="إِسْلَامْ" lemma="إِسْلَام" pos="غير عربية" prefix="" root="" pattern="" suffix="" />
				<ArabicLexical word="أُونْ" lemma="أُونْ" pos="غير عربية" prefix="" root="" pattern="" suffix="" />
				<ArabicLexical word="لَايْنْ" lemma="+" pos="غير عربية" prefix="" root="" pattern="" suffix="" />
				<ArabicLexical word="نِتْ" lemma="نِت" pos="غير عربية" prefix="" root="" pattern="" suffix="" />
			</annotation>
		</sentence>
		<sentence id="08184">
			<text> </text>
			<annotation>
			</annotation>
		</sentence>
		<sentence id="08185">
			<text> </text>
			<annotation>
			</annotation>
		</sentence>
		<sentence id="08186">
			<text>شَيْخُ اَلْأَزْهَرِ مُحَمَّدُ سَيِّدِ طَنْطَاوِيٍّ</text>
			<annotation>
				<ArabicLexical word="شَيْخُ" lemma="شَيْخ" pos="مصرفة منتظمة" prefix="" root="شيخ" pattern="فَعْل" suffix="" />
				<ArabicLexical word="اَلْأَزْهَرِ" lemma="أَزْهَر" pos="مصرفة منتظمة" prefix="ال" root="زهر" pattern="أَفْعَل" suffix="" />
				<ArabicLexical word="مُحَمَّدُ" lemma="مُحَمَّد" pos="مصرفة منتظمة" prefix="" root="حمد" pattern="مُفَعَّل" suffix="" />
				<ArabicLexical word="سَيِّدِ" lemma="سَيِّد" pos="مصرفة منتظمة" prefix="" root="سود" pattern="فَعِّل" suffix="" />
				<ArabicLexical word="طَنْطَاوِيٍّ" lemma="طَنْطَاوِيّ" pos="غير عربية" prefix="" root="" pattern="" suffix="" />
			</annotation>
		</sentence>
		<sentence id="08187">
			<text> </text>
			<annotation>
			</annotation>
		</sentence>
		<sentence id="08188">
			<text>أَطْلَقَتْ مُؤَسَّسَةُ اَلْأَزْهَرِ اَلشَّرِيفِ مَوْقِعًا إِلِكْتُرُونِيًّا سَيُخَصَّصُ لِحِفْظِ 42 أَلْفَ مَخْطُوطَةٍ إِسْلَامِيَّةٍ و 128 أَلْفَ كِتَابٍ عَلَى اَلْإِنْتَرْنِتْ، هِيَ مُجْمَلُ مُحْتَوَيَاتِ مَكْتَبَةِ اَلْأَزْهَرِ اَلْوَرَقِيَّةِ.</text>
			<annotation>
				<ArabicLexical word="أَطْلَقَتْ" lemma="أَطْلَقَ" pos="مصرفة منتظمة" prefix="" root="طلق" pattern="أَفْعَلَ" suffix="تْ" />
				<ArabicLexical word="مُؤَسَّسَةُ" lemma="مُؤَسَّسَة" pos="مصرفة منتظمة" prefix="" root="أسس" pattern="مُفَعَّل" suffix="ة" />
				<ArabicLexical word="اَلْأَزْهَرِ" lemma="أَزْهَر" pos="مصرفة منتظمة" prefix="ال" root="زهر" pattern="أَفْعَل" suffix="" />
				<ArabicLexical word="اَلشَّرِيفِ" lemma="شَرِيف" pos="مصرفة منتظمة" prefix="ال" root="شرف" pattern="فَعِيل" suffix="" />
				<ArabicLexical word="مَوْقِعًا" lemma="مَوْقِع" pos="مصرفة منتظمة" prefix="" root="وقع" pattern="مَفْعِل" suffix="" />
				<ArabicLexical word="إِلِكْتُرُونِيًّا" lemma="إِلِكْتُرُون" pos="معربة" prefix="" root="إِلِكْتُرُون" pattern="إِلِكْتُرُون" suffix="يّ" />
				<ArabicLexical word="سَيُخَصَّصُ" lemma="خَصَّصَ" pos="مصرفة منتظمة" prefix="سَيُ" root="خصص" pattern="فَعَّلَ" suffix="" />
				<ArabicLexical word="لِحِفْظِ" lemma="حِفْظ" pos="مصرفة منتظمة" prefix="لِ" root="حفظ" pattern="فِعْل" suffix="" />
				<ArabicLexical word="أَلْفَ" lemma="أَلْف" pos="مصرفة منتظمة" prefix="" root="ألف" pattern="فَعْل" suffix="" />
				<ArabicLexical word="مَخْطُوطَةٍ" lemma="مَخْطُوط" pos="مصرفة منتظمة" prefix="" root="خطط" pattern="مَفْعُول" suffix="ة" />
				<ArabicLexical word="إِسْلَامِيَّةٍ" lemma="إِسْلَامِيّ" pos="مصرفة منتظمة" prefix="" root="سلم" pattern="إِفْعَال" suffix="يَّة" />
				<ArabicLexical word="و" lemma="+" pos="غير عربية" prefix="" root="" pattern="" suffix="" />
				<ArabicLexical word="أَلْفَ" lemma="أَلْف" pos="مصرفة منتظمة" prefix="" root="ألف" pattern="فَعْل" suffix="" />
				<ArabicLexical word="كِتَابٍ" lemma="كِتَاب" pos="مصرفة منتظمة" prefix="" root="كتب" pattern="فِعَال" suffix="" />
				<ArabicLexical word="عَلَى" lemma="عَلَى" pos="جامدة" prefix="" root="عَلَى" pattern="عَلَى" suffix="" />
				<ArabicLexical word="اَلْإِنْتَرْنِتْ" lemma="إِنْتَرْنِت" pos="غير عربية" prefix="" root="" pattern="" suffix="" />
				<ArabicLexical word="هِيَ" lemma="هُوَ" pos="جامدة" prefix="" root="هُوَ" pattern="هِيَ" suffix="" />
				<ArabicLexical word="مُجْمَلُ" lemma="مُجْمَل" pos="مصرفة منتظمة" prefix="" root="جمل" pattern="مُفْعَل" suffix="" />
				<ArabicLexical word="مُحْتَوَيَاتِ" lemma="مُحْتَوَاة" pos="مصرفة منتظمة" prefix="" root="حوي" pattern="مُفْتَعَل" suffix="ات" />
				<ArabicLexical word="مَكْتَبَةِ" lemma="مَكْتَبَة" pos="مصرفة منتظمة" prefix="" root="كتب" pattern="مَفْعَل" suffix="ة" />
				<ArabicLexical word="اَلْأَزْهَرِ" lemma="أَزْهَر" pos="مصرفة منتظمة" prefix="ال" root="زهر" pattern="أَفْعَل" suffix="" />
				<ArabicLexical word="اَلْوَرَقِيَّةِ" lemma="وَرَقِيّ" pos="مصرفة منتظمة" prefix="ال" root="ورق" pattern="فَعَل" suffix="يَّة" />
			</annotation>
		</sentence>
		<sentence id="08189">
			<text>وَيَهْدِفُ اَلْمَوْقِعُ -وَعُنْوَانُهُ www.alazharonline.org، وَالَّذِي جَاءَ بِمُبَادَرَةٍ مِنْ اَلشَّيْخِ مُحَمَّدِ بِنْ رَاشِدٍ آلِ مَكْتُومٍ وَلِيِّ عَهْدِ دُبَيّْ وَوَزِيرِ اَلدِّفَاعِ اَلْإِمَارَاتِيِّ فِي أَبْرِيلَ عَامَ 2000- إِلَى تَوْفِيرِ نُسَخٍ إِلِكْتُرُونِيَّةٍ لِجَمِيعِ مُحْتَوَيَاتِ مَكْتَبَةِ اَلْأَزْهَرِ، وَالَّتِي يَرْجِعُ تَارِيخُ بَعْضِهَا إِلَى 1400 سَنَةٍ، مِنْ أَجْلِ إِطْلَاقِهَا عَلَى اَلْإِنْتَرْنِتْ مُتَرْجَمَةً إِلَى عِدَّةِ لُغَاتٍ عَالَمِيَّةٍ بِالتَّعَاوُنِ مَعَ كُلِّيَّةِ اَللُّغَاتِ وَالتَّرْجَمَةِ بِجَامِعَةِ اَلْأَزْهَرِ.</text>
			<annotation>
				<ArabicLexical word="وَيَهْدِفُ" lemma="هَدَفَ" pos="مصرفة منتظمة" prefix="وَي" root="هدف" pattern="فْعِل" suffix="" />
				<ArabicLexical word="اَلْمَوْقِعُ" lemma="مَوْقِع" pos="مصرفة منتظمة" prefix="ال" root="وقع" pattern="مَفْعِل" suffix="" />
				<ArabicLexical word="وَعُنْوَانُهُ" lemma="عُنْوَان" pos="مصرفة منتظمة" prefix="وَ" root="عنون" pattern="فُعْلَال" suffix="ه" />
				<ArabicLexical word="وَالَّذِي" lemma="اَلَّذِي" pos="جامدة" prefix="وَال" root="اَلَّذِي" pattern="لَذِي" suffix="" />
				<ArabicLexical word="جَاءَ" lemma="جَاءَ" pos="مصرفة منتظمة" prefix="" root="جيأ" pattern="فَعلَ" suffix="" />
				<ArabicLexical word="بِمُبَادَرَةٍ" lemma="مُبَادَرَة" pos="مصرفة منتظمة" prefix="بِ" root="بدر" pattern="مُفَاعَل" suffix="ة" />
				<ArabicLexical word="مِنْ" lemma="مِنْ" pos="جامدة" prefix="" root="مِنْ" pattern="مِنْ" suffix="" />
				<ArabicLexical word="اَلشَّيْخِ" lemma="شَيْخ" pos="مصرفة منتظمة" prefix="ال" root="شيخ" pattern="فَعْل" suffix="" />
				<ArabicLexical word="مُحَمَّدِ" lemma="مُحَمَّد" pos="مصرفة منتظمة" prefix="" root="حمد" pattern="مُفَعَّل" suffix="" />
				<ArabicLexical word="بِنْ" lemma="اِبْن" pos="استثناء صرفي" prefix="" root="بنو" pattern="بِنْ" suffix="" />
				<ArabicLexical word="رَاشِدٍ" lemma="رَاشِد" pos="مصرفة منتظمة" prefix="" root="رشد" pattern="فَاعِل" suffix="" />
				<ArabicLexical word="آلِ" lemma="آل" pos="مصرفة منتظمة" prefix="" root="أول" pattern="فَعل" suffix="" />
				<ArabicLexical word="مَكْتُومٍ" lemma="مَكْتُوم" pos="مصرفة منتظمة" prefix="" root="كتم" pattern="مَفْعُول" suffix="" />
				<ArabicLexical word="وَلِيِّ" lemma="وَلِيّ" pos="مصرفة منتظمة" prefix="" root="ولي" pattern="فَعِلّ" suffix="" />
				<ArabicLexical word="عَهْدِ" lemma="عَهْد" pos="مصرفة منتظمة" prefix="" root="عهد" pattern="فَعْل" suffix="" />
				<ArabicLexical word="دُبَيّْ" lemma="دُبَيّ" pos="غير عربية" prefix="" root="" pattern="" suffix="" />
				<ArabicLexical word="وَوَزِيرِ" lemma="وَزِير" pos="مصرفة منتظمة" prefix="وَ" root="وزر" pattern="فَعِيل" suffix="" />
				<ArabicLexical word="اَلدِّفَاعِ" lemma="دِفَاع" pos="مصرفة منتظمة" prefix="ال" root="دفع" pattern="فِعَال" suffix="" />
				<ArabicLexical word="اَلْإِمَارَاتِيِّ" lemma="إِمَارَاتِيّ" pos="غير عربية" prefix="" root="" pattern="" suffix="" />
				<ArabicLexical word="فِي" lemma="فِي" pos="جامدة" prefix="" root="فِي" pattern="فِي" suffix="" />
				<ArabicLexical word="أَبْرِيلَ" lemma="أَبْرِيل" pos="معربة" prefix="" root="أَبْرِيل" pattern="أَبْرِيل" suffix="" />
				<ArabicLexical word="عَامَ" lemma="عَام" pos="مصرفة منتظمة" prefix="" root="عوم" pattern="فَعل" suffix="" />
				<ArabicLexical word="إِلَى" lemma="إِلَى" pos="جامدة" prefix="" root="إِلَى" pattern="إِلَى" suffix="" />
				<ArabicLexical word="تَوْفِيرِ" lemma="تَوْفِير" pos="مصرفة منتظمة" prefix="" root="وفر" pattern="تَفْعِيل" suffix="" />
				<ArabicLexical word="نُسَخٍ" lemma="نُسْخَة" pos="مصرفة منتظمة" prefix="" root="نسخ" pattern="فُعَل" suffix="" />
				<ArabicLexical word="إِلِكْتُرُونِيَّةٍ" lemma="إِلِكْتُرُون" pos="معربة" prefix="" root="إِلِكْتُرُون" pattern="إِلِكْتُرُون" suffix="يَّة" />
				<ArabicLexical word="لِجَمِيعِ" lemma="جَمِيع" pos="مصرفة منتظمة" prefix="لِ" root="جمع" pattern="فَعِيل" suffix="" />
				<ArabicLexical word="مُحْتَوَيَاتِ" lemma="مُحْتَوَاة" pos="مصرفة منتظمة" prefix="" root="حوي" pattern="مُفْتَعَل" suffix="ات" />
				<ArabicLexical word="مَكْتَبَةِ" lemma="مَكْتَبَة" pos="مصرفة منتظمة" prefix="" root="كتب" pattern="مَفْعَل" suffix="ة" />
				<ArabicLexical word="اَلْأَزْهَرِ" lemma="أَزْهَر" pos="مصرفة منتظمة" prefix="ال" root="زهر" pattern="أَفْعَل" suffix="" />
				<ArabicLexical word="وَالَّتِي" lemma="اَلَّذِي" pos="جامدة" prefix="وَال" root="اَلَّذِي" pattern="لَتِي" suffix="" />
				<ArabicLexical word="يَرْجِعُ" lemma="رَجَعَ" pos="مصرفة منتظمة" prefix="ي" root="رجع" pattern="فْعِل" suffix="" />
				<ArabicLexical word="تَارِيخُ" lemma="تَارِيخ" pos="استثناء صرفي" prefix="" root="أرخ" pattern="تَارِيخ" suffix="" />
				<ArabicLexical word="بَعْضِهَا" lemma="بَعْض" pos="مصرفة منتظمة" prefix="" root="بعض" pattern="فَعْل" suffix="هَا" />
				<ArabicLexical word="إِلَى" lemma="إِلَى" pos="جامدة" prefix="" root="إِلَى" pattern="إِلَى" suffix="" />
				<ArabicLexical word="سَنَةٍ" lemma="سَنَة" pos="استثناء صرفي" prefix="" root="سنه" pattern="سَنَ" suffix="ة" />
				<ArabicLexical word="مِنْ" lemma="مِنْ" pos="جامدة" prefix="" root="مِنْ" pattern="مِنْ" suffix="" />
				<ArabicLexical word="أَجْلِ" lemma="أَجْل" pos="مصرفة منتظمة" prefix="" root="أجل" pattern="فَعْل" suffix="" />
				<ArabicLexical word="إِطْلَاقِهَا" lemma="إِطْلَاق" pos="مصرفة منتظمة" prefix="" root="طلق" pattern="إِفْعَال" suffix="هَا" />
				<ArabicLexical word="عَلَى" lemma="عَلَى" pos="جامدة" prefix="" root="عَلَى" pattern="عَلَى" suffix="" />
				<ArabicLexical word="اَلْإِنْتَرْنِتْ" lemma="إِنْتَرْنِت" pos="غير عربية" prefix="" root="" pattern="" suffix="" />
				<ArabicLexical word="مُتَرْجَمَةً" lemma="مُتَرْجَم" pos="مصرفة منتظمة" prefix="" root="ترجم" pattern="مُفَعْلَل" suffix="ة" />
				<ArabicLexical word="إِلَى" lemma="إِلَى" pos="جامدة" prefix="" root="إِلَى" pattern="إِلَى" suffix="" />
				<ArabicLexical word="عِدَّةِ" lemma="عِدَّة" pos="مصرفة منتظمة" prefix="" root="عدد" pattern="فِلّ" suffix="ة" />
				<ArabicLexical word="لُغَاتٍ" lemma="لُغَة" pos="استثناء صرفي" prefix="" root="لغو" pattern="لُغَ" suffix="ات" />
				<ArabicLexical word="عَالَمِيَّةٍ" lemma="عَالَمِيّ" pos="استثناء صرفي" prefix="" root="علم" pattern="عَالَم" suffix="يَّة" />
				<ArabicLexical word="بِالتَّعَاوُنِ" lemma="تَعَاوُن" pos="مصرفة منتظمة" prefix="بِال" root="عون" pattern="تَفَاعُل" suffix="" />
				<ArabicLexical word="مَعَ" lemma="مَعَ" pos="جامدة" prefix="" root="مَعَ" pattern="مَعَ" suffix="" />
				<ArabicLexical word="كُلِّيَّةِ" lemma="كُلِّيَّة" pos="جامدة" prefix="" root="كُلّ" pattern="كُلّ" suffix="يَّة" />
				<ArabicLexical word="اَللُّغَاتِ" lemma="لُغَة" pos="استثناء صرفي" prefix="ال" root="لغو" pattern="لُغَ" suffix="ات" />
				<ArabicLexical word="وَالتَّرْجَمَةِ" lemma="تَرْجَمَة" pos="مصرفة منتظمة" prefix="وَال" root="ترجم" pattern="فَعْلَل" suffix="ة" />
				<ArabicLexical word="بِجَامِعَةِ" lemma="جَامِع" pos="مصرفة منتظمة" prefix="بِ" root="جمع" pattern="فَاعِل" suffix="ة" />
				<ArabicLexical word="اَلْأَزْهَرِ" lemma="أَزْهَر" pos="مصرفة منتظمة" prefix="ال" root="زهر" pattern="أَفْعَل" suffix="" />
			</annotation>
		</sentence>
		<sentence id="08190">
			<text>وَفِي كَلِمَةٍ لَهُ خِلَالَ اِحْتِفَالٍ أُقِيمَ بِمُنَاسَبَةِ اِفْتِتَاحِ اَلْمَوْقِعِ اَلسَّبْتَ 21-5-2005 قَالَ شَيْخُ اَلْأَزْهَرِ اَلدُّكْتُورُ مُحَمَّدُ سَيِّدِ طَنْطَاوِيٍّ بِأَنَّ مَشْرُوعَ اَلْحِفْظِ اَلْإِلِكْتُرُونِيِّ لِمَخْطُوطَاتِ اَلْأَزْهَرِ يُعْتَبَرُ اَلْأَكْبَرَ مِنْ نَوْعِهِ عَلَى مُسْتَوَى اَلْعَالَمِ أَجْمَعَ مِنْ حَيْثُ حِفْظُ اَلْمَخْطُوطَاتِ اَلْأَثَرِيَّةِ إِلِكْتُرُونِيًّا.</text>
			<annotation>
				<ArabicLexical word="وَفِي" lemma="فِي" pos="جامدة" prefix="وَ" root="فِي" pattern="فِي" suffix="" />
				<ArabicLexical word="كَلِمَةٍ" lemma="كَلِمَة" pos="مصرفة منتظمة" prefix="" root="كلم" pattern="فَعِل" suffix="ة" />
				<ArabicLexical word="لَهُ" lemma="لِي" pos="جامدة" prefix="" root="لِي" pattern="لَهُ" suffix="" />
				<ArabicLexical word="خِلَالَ" lemma="خِلَال" pos="مصرفة منتظمة" prefix="" root="خلل" pattern="فِعَال" suffix="" />
				<ArabicLexical word="اِحْتِفَالٍ" lemma="احْتِفَال" pos="مصرفة منتظمة" prefix="" root="حفل" pattern="اِفْتِعَال" suffix="" />
				<ArabicLexical word="أُقِيمَ" lemma="أَقَامَ" pos="مصرفة منتظمة" prefix="" root="قوم" pattern="أُفِعلَ" suffix="" />
				<ArabicLexical word="بِمُنَاسَبَةِ" lemma="مُنَاسَبَة" pos="مصرفة منتظمة" prefix="بِ" root="نسب" pattern="مُفَاعَل" suffix="ة" />
				<ArabicLexical word="اِفْتِتَاحِ" lemma="افْتِتَاح" pos="مصرفة منتظمة" prefix="" root="فتح" pattern="اِفْتِعَال" suffix="" />
				<ArabicLexical word="اَلْمَوْقِعِ" lemma="مَوْقِع" pos="مصرفة منتظمة" prefix="ال" root="وقع" pattern="مَفْعِل" suffix="" />
				<ArabicLexical word="اَلسَّبْتَ" lemma="سَبْت" pos="مصرفة منتظمة" prefix="ال" root="سبت" pattern="فَعْل" suffix="" />
				<ArabicLexical word="قَالَ" lemma="قَالَ" pos="مصرفة منتظمة" prefix="" root="قول" pattern="فَعلَ" suffix="" />
				<ArabicLexical word="شَيْخُ" lemma="شَيْخ" pos="مصرفة منتظمة" prefix="" root="شيخ" pattern="فَعْل" suffix="" />
				<ArabicLexical word="اَلْأَزْهَرِ" lemma="أَزْهَر" pos="مصرفة منتظمة" prefix="ال" root="زهر" pattern="أَفْعَل" suffix="" />
				<ArabicLexical word="اَلدُّكْتُورُ" lemma="دُكْتُور" pos="معربة" prefix="ال" root="دُكْتُور" pattern="دُكْتُور" suffix="" />
				<ArabicLexical word="مُحَمَّدُ" lemma="مُحَمَّد" pos="مصرفة منتظمة" prefix="" root="حمد" pattern="مُفَعَّل" suffix="" />
				<ArabicLexical word="سَيِّدِ" lemma="سَيِّد" pos="مصرفة منتظمة" prefix="" root="سود" pattern="فَعِّل" suffix="" />
				<ArabicLexical word="طَنْطَاوِيٍّ" lemma="طَنْطَاوِيّ" pos="غير عربية" prefix="" root="" pattern="" suffix="" />
				<ArabicLexical word="بِأَنَّ" lemma="أَنَّ" pos="جامدة" prefix="بِ" root="أَنَّ" pattern="أَنَّ" suffix="" />
				<ArabicLexical word="مَشْرُوعَ" lemma="مَشْرُوع" pos="مصرفة منتظمة" prefix="" root="شرع" pattern="مَفْعُول" suffix="" />
				<ArabicLexical word="اَلْحِفْظِ" lemma="حِفْظ" pos="مصرفة منتظمة" prefix="ال" root="حفظ" pattern="فِعْل" suffix="" />
				<ArabicLexical word="اَلْإِلِكْتُرُونِيِّ" lemma="إِلِكْتُرُون" pos="معربة" prefix="ال" root="إِلِكْتُرُون" pattern="إِلِكْتُرُون" suffix="يّ" />
				<ArabicLexical word="لِمَخْطُوطَاتِ" lemma="مَخْطُوط" pos="مصرفة منتظمة" prefix="لِ" root="خطط" pattern="مَفْعُول" suffix="ات" />
				<ArabicLexical word="اَلْأَزْهَرِ" lemma="أَزْهَر" pos="مصرفة منتظمة" prefix="ال" root="زهر" pattern="أَفْعَل" suffix="" />
				<ArabicLexical word="يُعْتَبَرُ" lemma="اعْتَبَرَ" pos="مصرفة منتظمة" prefix="يُ" root="عبر" pattern="اِفْتَعَلَ" suffix="" />
				<ArabicLexical word="اَلْأَكْبَرَ" lemma="أَكْبَر" pos="مصرفة منتظمة" prefix="ال" root="كبر" pattern="أَفْعَل" suffix="" />
				<ArabicLexical word="مِنْ" lemma="مِنْ" pos="جامدة" prefix="" root="مِنْ" pattern="مِنْ" suffix="" />
				<ArabicLexical word="نَوْعِهِ" lemma="نَوْع" pos="مصرفة منتظمة" prefix="" root="نوع" pattern="فَعْل" suffix="ه" />
				<ArabicLexical word="عَلَى" lemma="عَلَى" pos="جامدة" prefix="" root="عَلَى" pattern="عَلَى" suffix="" />
				<ArabicLexical word="مُسْتَوَى" lemma="مُسْتَوًى" pos="مصرفة منتظمة" prefix="" root="سوي" pattern="مُفْتَعَل" suffix="" />
				<ArabicLexical word="اَلْعَالَمِ" lemma="عَالَم" pos="استثناء صرفي" prefix="ال" root="علم" pattern="عَالَم" suffix="" />
				<ArabicLexical word="أَجْمَعَ" lemma="أَجْمَع" pos="مصرفة منتظمة" prefix="" root="جمع" pattern="أَفْعَل" suffix="" />
				<ArabicLexical word="مِنْ" lemma="مِنْ" pos="جامدة" prefix="" root="مِنْ" pattern="مِنْ" suffix="" />
				<ArabicLexical word="حَيْثُ" lemma="حَيْثُ" pos="جامدة" prefix="" root="حَيْثُ" pattern="حَيْثُ" suffix="" />
				<ArabicLexical word="حِفْظُ" lemma="حِفْظ" pos="مصرفة منتظمة" prefix="" root="حفظ" pattern="فِعْل" suffix="" />
				<ArabicLexical word="اَلْمَخْطُوطَاتِ" lemma="مَخْطُوط" pos="مصرفة منتظمة" prefix="ال" root="خطط" pattern="مَفْعُول" suffix="ات" />
				<ArabicLexical word="اَلْأَثَرِيَّةِ" lemma="أَثَرِيّ" pos="مصرفة منتظمة" prefix="ال" root="أثر" pattern="فَعَل" suffix="يَّة" />
				<ArabicLexical word="إِلِكْتُرُونِيًّا" lemma="إِلِكْتُرُون" pos="معربة" prefix="" root="إِلِكْتُرُون" pattern="إِلِكْتُرُون" suffix="يّ" />
			</annotation>
		</sentence>
		<sentence id="08191">
			<text>وَأَضَافَ أَنَّ اَلْمَشْرُوعَ سَيُتِيحُ اَلِاطِّلَاعَ مِنْ أَيِّ مَكَانٍ فِي اَلْعَالَمِ عَلَى مُحْتَوَيَاتِ مَكْتَبَةِ اَلْأَزْهَرِ اَلَّتِي تُعَدُّ ثَانِيَةَ كُبْرَى اَلْمَكْتَبَاتِ فِي مِصْرَ (بَعْدَ مَكْتَبَةِ اَلْإِسْكَنْدَرِيَّةِ) مِنْ حَيْثُ عَدَدُ اَلْمُحْتَوَيَاتِ اَلَّتِي تَبْلُغُ 42 أَلْفَ مَخْطُوطَةٍ وَنَحْوَ 128 أَلْفَ كِتَابٍ.</text>
			<annotation>
				<ArabicLexical word="وَأَضَافَ" lemma="أَضَافَ" pos="مصرفة منتظمة" prefix="وَ" root="ضيف" pattern="أَفَعلَ" suffix="" />
				<ArabicLexical word="أَنَّ" lemma="أَنَّ" pos="جامدة" prefix="" root="أَنَّ" pattern="أَنَّ" suffix="" />
				<ArabicLexical word="اَلْمَشْرُوعَ" lemma="مَشْرُوع" pos="مصرفة منتظمة" prefix="ال" root="شرع" pattern="مَفْعُول" suffix="" />
				<ArabicLexical word="سَيُتِيحُ" lemma="أَتَاحَ" pos="مصرفة منتظمة" prefix="سَي" root="تيح" pattern="أَفِعلَ" suffix="" />
				<ArabicLexical word="اَلِاطِّلَاعَ" lemma="اطِّلَاع" pos="مصرفة منتظمة" prefix="ال" root="طلع" pattern="اِفِّعَال" suffix="" />
				<ArabicLexical word="مِنْ" lemma="مِنْ" pos="جامدة" prefix="" root="مِنْ" pattern="مِنْ" suffix="" />
				<ArabicLexical word="أَيِّ" lemma="أَيّ" pos="جامدة" prefix="" root="أَيّ" pattern="أَيّ" suffix="" />
				<ArabicLexical word="مَكَانٍ" lemma="مَكَان" pos="مصرفة منتظمة" prefix="" root="كون" pattern="مَفَعل" suffix="" />
				<ArabicLexical word="فِي" lemma="فِي" pos="جامدة" prefix="" root="فِي" pattern="فِي" suffix="" />
				<ArabicLexical word="اَلْعَالَمِ" lemma="عَالَم" pos="استثناء صرفي" prefix="ال" root="علم" pattern="عَالَم" suffix="" />
				<ArabicLexical word="عَلَى" lemma="عَلَى" pos="جامدة" prefix="" root="عَلَى" pattern="عَلَى" suffix="" />
				<ArabicLexical word="مُحْتَوَيَاتِ" lemma="مُحْتَوَاة" pos="مصرفة منتظمة" prefix="" root="حوي" pattern="مُفْتَعَل" suffix="ات" />
				<ArabicLexical word="مَكْتَبَةِ" lemma="مَكْتَبَة" pos="مصرفة منتظمة" prefix="" root="كتب" pattern="مَفْعَل" suffix="ة" />
				<ArabicLexical word="اَلْأَزْهَرِ" lemma="أَزْهَر" pos="مصرفة منتظمة" prefix="ال" root="زهر" pattern="أَفْعَل" suffix="" />
				<ArabicLexical word="اَلَّتِي" lemma="اَلَّذِي" pos="جامدة" prefix="ال" root="اَلَّذِي" pattern="لَتِي" suffix="" />
				<ArabicLexical word="تُعَدُّ" lemma="عَدَّ" pos="مصرفة منتظمة" prefix="تُ" root="عدد" pattern="فَلّ" suffix="" />
				<ArabicLexical word="ثَانِيَةَ" lemma="ثَانِي" pos="مصرفة منتظمة" prefix="" root="ثني" pattern="فَاعِل" suffix="ة" />
				<ArabicLexical word="كُبْرَى" lemma="كُبْرَى" pos="مصرفة منتظمة" prefix="" root="كبر" pattern="فُعْلَى" suffix="" />
				<ArabicLexical word="اَلْمَكْتَبَاتِ" lemma="مَكْتَبَة" pos="مصرفة منتظمة" prefix="ال" root="كتب" pattern="مَفْعَل" suffix="ات" />
				<ArabicLexical word="فِي" lemma="فِي" pos="جامدة" prefix="" root="فِي" pattern="فِي" suffix="" />
				<ArabicLexical word="مِصْرَ" lemma="مِصْر" pos="مصرفة منتظمة" prefix="" root="مصر" pattern="فِعْل" suffix="" />
				<ArabicLexical word="بَعْدَ" lemma="بَعْدَ" pos="مصرفة منتظمة" prefix="" root="بعد" pattern="فَعْل" suffix="" />
				<ArabicLexical word="مَكْتَبَةِ" lemma="مَكْتَبَة" pos="مصرفة منتظمة" prefix="" root="كتب" pattern="مَفْعَل" suffix="ة" />
				<ArabicLexical word="اَلْإِسْكَنْدَرِيَّةِ" lemma="إِسْكَنْدَرِيَّة" pos="غير عربية" prefix="" root="" pattern="" suffix="" />
				<ArabicLexical word="مِنْ" lemma="مِنْ" pos="جامدة" prefix="" root="مِنْ" pattern="مِنْ" suffix="" />
				<ArabicLexical word="حَيْثُ" lemma="حَيْثُ" pos="جامدة" prefix="" root="حَيْثُ" pattern="حَيْثُ" suffix="" />
				<ArabicLexical word="عَدَدُ" lemma="عَدَد" pos="مصرفة منتظمة" prefix="" root="عدد" pattern="فَعَل" suffix="" />
				<ArabicLexical word="اَلْمُحْتَوَيَاتِ" lemma="مُحْتَوَاة" pos="مصرفة منتظمة" prefix="ال" root="حوي" pattern="مُفْتَعَل" suffix="ات" />
				<ArabicLexical word="اَلَّتِي" lemma="اَلَّذِي" pos="جامدة" prefix="ال" root="اَلَّذِي" pattern="لَتِي" suffix="" />
				<ArabicLexical word="تَبْلُغُ" lemma="بَلَغَ" pos="مصرفة منتظمة" prefix="ت" root="بلغ" pattern="فْعُل" suffix="" />
				<ArabicLexical word="أَلْفَ" lemma="أَلْف" pos="مصرفة منتظمة" prefix="" root="ألف" pattern="فَعْل" suffix="" />
				<ArabicLexical word="مَخْطُوطَةٍ" lemma="مَخْطُوط" pos="مصرفة منتظمة" prefix="" root="خطط" pattern="مَفْعُول" suffix="ة" />
				<ArabicLexical word="وَنَحْوَ" lemma="نَحْو" pos="مصرفة منتظمة" prefix="وَ" root="نحو" pattern="فَعْل" suffix="" />
				<ArabicLexical word="أَلْفَ" lemma="أَلْف" pos="مصرفة منتظمة" prefix="" root="ألف" pattern="فَعْل" suffix="" />
				<ArabicLexical word="كِتَابٍ" lemma="كِتَاب" pos="مصرفة منتظمة" prefix="" root="كتب" pattern="فِعَال" suffix="" />
			</annotation>
		</sentence>
		<sentence id="08192">
			<text>اَلتَّعْرِيفُ بِالْفِكْرِ اَلْإِسْلَامِيِّ</text>
			<annotation>
				<ArabicLexical word="اَلتَّعْرِيفُ" lemma="تَعْرِيف" pos="مصرفة منتظمة" prefix="ال" root="عرف" pattern="تَفْعِيل" suffix="" />
				<ArabicLexical word="بِالْفِكْرِ" lemma="فِكْر" pos="مصرفة منتظمة" prefix="بِال" root="فكر" pattern="فِعْل" suffix="" />
				<ArabicLexical word="اَلْإِسْلَامِيِّ" lemma="إِسْلَامِيّ" pos="مصرفة منتظمة" prefix="ال" root="سلم" pattern="إِفْعَال" suffix="يّ" />
			</annotation>
		</sentence>
		<sentence id="08193">
			<text>وَأَكَّدَ شَيْخُ اَلْأَزْهَرِ عَلَى أَهَمِّيَّةِ إِنْشَاءِ مِثْلِ هذَا اَلْمَوْقِعِ لِيَتَعَرَّفَ اَلنَّاسُ عَلَى اَلْفِكْرِ اَلْإِسْلَامِيِّ اَلصَّحِيحِ. وَعَكْسُ اَلرُّوحِ اَلْمُسْتَنِيرَةِ اَلَّتِي يَتَحَلَّى بِهَا اَلْمُسْلِمُونَ هُوَ مَطْلَبٌ مُهِمٌّ فِي اَلْوَقْتِ اَلْحَاضِرِ، عَلَى حَدِّ قَوْلِهِ.</text>
			<annotation>
				<ArabicLexical word="وَأَكَّدَ" lemma="أَكَّدَ" pos="مصرفة منتظمة" prefix="وَ" root="أكد" pattern="فَعَّلَ" suffix="" />
				<ArabicLexical word="شَيْخُ" lemma="شَيْخ" pos="مصرفة منتظمة" prefix="" root="شيخ" pattern="فَعْل" suffix="" />
				<ArabicLexical word="اَلْأَزْهَرِ" lemma="أَزْهَر" pos="مصرفة منتظمة" prefix="ال" root="زهر" pattern="أَفْعَل" suffix="" />
				<ArabicLexical word="عَلَى" lemma="عَلَى" pos="جامدة" prefix="" root="عَلَى" pattern="عَلَى" suffix="" />
				<ArabicLexical word="أَهَمِّيَّةِ" lemma="أَهَمِّيَّة" pos="مصرفة منتظمة" prefix="" root="همم" pattern="أَفَلّ" suffix="يَّة" />
				<ArabicLexical word="إِنْشَاءِ" lemma="إِنْشَاء" pos="مصرفة منتظمة" prefix="" root="نشأ" pattern="إِفْعَال" suffix="" />
				<ArabicLexical word="مِثْلِ" lemma="مِثْل" pos="مصرفة منتظمة" prefix="" root="مثل" pattern="فِعْل" suffix="" />
				<ArabicLexical word="هذَا" lemma="ذَا" pos="جامدة" prefix="" root="ذَا" pattern="هذَا" suffix="" />
				<ArabicLexical word="اَلْمَوْقِعِ" lemma="مَوْقِع" pos="مصرفة منتظمة" prefix="ال" root="وقع" pattern="مَفْعِل" suffix="" />
				<ArabicLexical word="لِيَتَعَرَّفَ" lemma="تَعَرَّفَ" pos="مصرفة منتظمة" prefix="لِي" root="عرف" pattern="تَفَعَّلَ" suffix="" />
				<ArabicLexical word="اَلنَّاسُ" lemma="نَاس" pos="مصرفة منتظمة" prefix="ال" root="نوس" pattern="فَعل" suffix="" />
				<ArabicLexical word="عَلَى" lemma="عَلَى" pos="جامدة" prefix="" root="عَلَى" pattern="عَلَى" suffix="" />
				<ArabicLexical word="اَلْفِكْرِ" lemma="فِكْر" pos="مصرفة منتظمة" prefix="ال" root="فكر" pattern="فِعْل" suffix="" />
				<ArabicLexical word="اَلْإِسْلَامِيِّ" lemma="إِسْلَامِيّ" pos="مصرفة منتظمة" prefix="ال" root="سلم" pattern="إِفْعَال" suffix="يّ" />
				<ArabicLexical word="اَلصَّحِيحِ" lemma="صَحِيح" pos="مصرفة منتظمة" prefix="ال" root="صحح" pattern="فَعِيل" suffix="" />
				<ArabicLexical word="وَعَكْسُ" lemma="عَكْس" pos="مصرفة منتظمة" prefix="وَ" root="عكس" pattern="فَعْل" suffix="" />
				<ArabicLexical word="اَلرُّوحِ" lemma="رُوح" pos="مصرفة منتظمة" prefix="ال" root="روح" pattern="فُعل" suffix="" />
				<ArabicLexical word="اَلْمُسْتَنِيرَةِ" lemma="مُسْتَنِير" pos="مصرفة منتظمة" prefix="ال" root="نور" pattern="مُسْتَفِعل" suffix="ة" />
				<ArabicLexical word="اَلَّتِي" lemma="اَلَّذِي" pos="جامدة" prefix="ال" root="اَلَّذِي" pattern="لَتِي" suffix="" />
				<ArabicLexical word="يَتَحَلَّى" lemma="تَحَلَّى" pos="مصرفة منتظمة" prefix="ي" root="حلي" pattern="تَفَعَّل" suffix="" />
				<ArabicLexical word="بِهَا" lemma="بِي" pos="جامدة" prefix="" root="بِي" pattern="بِهَا" suffix="" />
				<ArabicLexical word="اَلْمُسْلِمُونَ" lemma="مُسْلِم" pos="مصرفة منتظمة" prefix="ال" root="سلم" pattern="مُفْعِل" suffix="ونَ" />
				<ArabicLexical word="هُوَ" lemma="هُوَ" pos="جامدة" prefix="" root="هُوَ" pattern="هُوَ" suffix="" />
				<ArabicLexical word="مَطْلَبٌ" lemma="مَطْلَب" pos="مصرفة منتظمة" prefix="" root="طلب" pattern="مَفْعَل" suffix="" />
				<ArabicLexical word="مُهِمٌّ" lemma="مُهِمّ" pos="مصرفة منتظمة" prefix="" root="همم" pattern="مُفِلّ" suffix="" />
				<ArabicLexical word="فِي" lemma="فِي" pos="جامدة" prefix="" root="فِي" pattern="فِي" suffix="" />
				<ArabicLexical word="اَلْوَقْتِ" lemma="وَقْت" pos="مصرفة منتظمة" prefix="ال" root="وقت" pattern="فَعْل" suffix="" />
				<ArabicLexical word="اَلْحَاضِرِ" lemma="حَاضِر" pos="مصرفة منتظمة" prefix="ال" root="حضر" pattern="فَاعِل" suffix="" />
				<ArabicLexical word="عَلَى" lemma="عَلَى" pos="جامدة" prefix="" root="عَلَى" pattern="عَلَى" suffix="" />
				<ArabicLexical word="حَدِّ" lemma="حَدّ" pos="مصرفة منتظمة" prefix="" root="حدد" pattern="فَلّ" suffix="" />
				<ArabicLexical word="قَوْلِهِ" lemma="قَوْل" pos="مصرفة منتظمة" prefix="" root="قول" pattern="فَعْل" suffix="ه" />
			</annotation>
		</sentence>
		<sentence id="08194">
			<text>وَأَضَافَ: يَنْبَغِي عَلَيْنَا أَنْ نُحَافِظَ عَلَى اَلتُّرَاثِ اَلْإِسْلَامِيِّ اَلْأَصِيلِ وَنُقَدِّمَهُ لَهُمْ فِي صُورَةٍ يَسْتَطِيعُونَ مِنْ خِلَالِهَا اَلِانْتِفَاعَ بِهذَا اَلتُّرَاثِ، مُوَضِّحًا أَنَّ هذَا اَلْمَوْقِعَ سَيَكُونُ اَلْبَوَّابَةَ اَلَّتِي يَدْخُلُ إِلَيْهَا كُلُّ مَنْ يَرْغَبُ فِي مَعْرِفَةِ اَلْمَزِيدِ عَنْ اَلتُّرَاثِ اَلْإِسْلَامِيِّ وَحَضَارَتِهِ، كَمَا أَنَّهُ سَيُوَفِّرُ نِظَامًا إِلِكْتُرُونِيًّا لِلِاسْتِفْسَارِ وَالرَّدِّ عَلَى اَلْفَتَاوَى عَنْ طَرِيقِ اَلْبَرِيدِ اَلْإِلِكْتُرُونِيِّ.</text>
			<annotation>
				<ArabicLexical word="وَأَضَافَ" lemma="أَضَافَ" pos="مصرفة منتظمة" prefix="وَ" root="ضيف" pattern="أَفَعلَ" suffix="" />
				<ArabicLexical word="يَنْبَغِي" lemma="انْبَغَى" pos="مصرفة منتظمة" prefix="ي" root="بغي" pattern="اِنْفَعِل" suffix="" />
				<ArabicLexical word="عَلَيْنَا" lemma="عَلَى" pos="جامدة" prefix="" root="عَلَى" pattern="عَلَيْ" suffix="نَا" />
				<ArabicLexical word="أَنْ" lemma="أَنْ" pos="جامدة" prefix="" root="أَنْ" pattern="أَنْ" suffix="" />
				<ArabicLexical word="نُحَافِظَ" lemma="حَافَظَ" pos="مصرفة منتظمة" prefix="ن" root="حفظ" pattern="فَاعَلَ" suffix="" />
				<ArabicLexical word="عَلَى" lemma="عَلَى" pos="جامدة" prefix="" root="عَلَى" pattern="عَلَى" suffix="" />
				<ArabicLexical word="اَلتُّرَاثِ" lemma="تُرَاث" pos="استثناء صرفي" prefix="ال" root="ورث" pattern="تُرَاث" suffix="" />
				<ArabicLexical word="اَلْإِسْلَامِيِّ" lemma="إِسْلَامِيّ" pos="مصرفة منتظمة" prefix="ال" root="سلم" pattern="إِفْعَال" suffix="يّ" />
				<ArabicLexical word="اَلْأَصِيلِ" lemma="أَصِيل" pos="مصرفة منتظمة" prefix="ال" root="أصل" pattern="فَعِيل" suffix="" />
				<ArabicLexical word="وَنُقَدِّمَهُ" lemma="قَدَّمَ" pos="مصرفة منتظمة" prefix="وَن" root="قدم" pattern="فَعَّلَ" suffix="ه" />
				<ArabicLexical word="لَهُمْ" lemma="لِي" pos="جامدة" prefix="" root="لِي" pattern="لَهُمْ" suffix="" />
				<ArabicLexical word="فِي" lemma="فِي" pos="جامدة" prefix="" root="فِي" pattern="فِي" suffix="" />
				<ArabicLexical word="صُورَةٍ" lemma="صُورَة" pos="مصرفة منتظمة" prefix="" root="صور" pattern="فُعل" suffix="ة" />
				<ArabicLexical word="يَسْتَطِيعُونَ" lemma="اسْتَطَاعَ" pos="مصرفة منتظمة" prefix="ي" root="طوع" pattern="اِسْتَفِعلَ" suffix="ونَ" />
				<ArabicLexical word="مِنْ" lemma="مِنْ" pos="جامدة" prefix="" root="مِنْ" pattern="مِنْ" suffix="" />
				<ArabicLexical word="خِلَالِهَا" lemma="خِلَال" pos="مصرفة منتظمة" prefix="" root="خلل" pattern="فِعَال" suffix="هَا" />
				<ArabicLexical word="اَلِانْتِفَاعَ" lemma="انْتِفَاع" pos="مصرفة منتظمة" prefix="ال" root="نفع" pattern="اِفْتِعَال" suffix="" />
				<ArabicLexical word="بِهذَا" lemma="ذَا" pos="جامدة" prefix="بِ" root="ذَا" pattern="هذَا" suffix="" />
				<ArabicLexical word="اَلتُّرَاثِ" lemma="تُرَاث" pos="استثناء صرفي" prefix="ال" root="ورث" pattern="تُرَاث" suffix="" />
				<ArabicLexical word="مُوَضِّحًا" lemma="مُوَضِّح" pos="مصرفة منتظمة" prefix="" root="وضح" pattern="مُفَعِّل" suffix="" />
				<ArabicLexical word="أَنَّ" lemma="أَنَّ" pos="جامدة" prefix="" root="أَنَّ" pattern="أَنَّ" suffix="" />
				<ArabicLexical word="هذَا" lemma="ذَا" pos="جامدة" prefix="" root="ذَا" pattern="هذَا" suffix="" />
				<ArabicLexical word="اَلْمَوْقِعَ" lemma="مَوْقِع" pos="مصرفة منتظمة" prefix="ال" root="وقع" pattern="مَفْعِل" suffix="" />
				<ArabicLexical word="سَيَكُونُ" lemma="كَانَ" pos="مصرفة منتظمة" prefix="سَي" root="كون" pattern="فُعل" suffix="" />
				<ArabicLexical word="اَلْبَوَّابَةَ" lemma="بَوَّاب" pos="مصرفة منتظمة" prefix="ال" root="بوب" pattern="فَعَّال" suffix="ة" />
				<ArabicLexical word="اَلَّتِي" lemma="اَلَّذِي" pos="جامدة" prefix="ال" root="اَلَّذِي" pattern="لَتِي" suffix="" />
				<ArabicLexical word="يَدْخُلُ" lemma="دَخَلَ" pos="مصرفة منتظمة" prefix="ي" root="دخل" pattern="فْعُل" suffix="" />
				<ArabicLexical word="إِلَيْهَا" lemma="إِلَى" pos="جامدة" prefix="" root="إِلَى" pattern="إِلَيْ" suffix="هَا" />
				<ArabicLexical word="كُلُّ" lemma="كُلّ" pos="جامدة" prefix="" root="كُلّ" pattern="كُلّ" suffix="" />
				<ArabicLexical word="مَنْ" lemma="مَنْ" pos="جامدة" prefix="" root="اَلَّذِي" pattern="مَنْ" suffix="" />
				<ArabicLexical word="يَرْغَبُ" lemma="رَغِبَ" pos="مصرفة منتظمة" prefix="ي" root="رغب" pattern="فْعَل" suffix="" />
				<ArabicLexical word="فِي" lemma="فِي" pos="جامدة" prefix="" root="فِي" pattern="فِي" suffix="" />
				<ArabicLexical word="مَعْرِفَةِ" lemma="مَعْرِفَة" pos="مصرفة منتظمة" prefix="" root="عرف" pattern="مَفْعِل" suffix="ة" />
				<ArabicLexical word="اَلْمَزِيدِ" lemma="مَزِيد" pos="مصرفة منتظمة" prefix="ال" root="زيد" pattern="مَفِعيل" suffix="" />
				<ArabicLexical word="عَنْ" lemma="عَنْ" pos="جامدة" prefix="" root="عَنْ" pattern="عَنْ" suffix="" />
				<ArabicLexical word="اَلتُّرَاثِ" lemma="تُرَاث" pos="استثناء صرفي" prefix="ال" root="ورث" pattern="تُرَاث" suffix="" />
				<ArabicLexical word="اَلْإِسْلَامِيِّ" lemma="إِسْلَامِيّ" pos="مصرفة منتظمة" prefix="ال" root="سلم" pattern="إِفْعَال" suffix="يّ" />
				<ArabicLexical word="وَحَضَارَتِهِ" lemma="حَضَارَة" pos="مصرفة منتظمة" prefix="وَ" root="حضر" pattern="فَعَال" suffix="ته" />
				<ArabicLexical word="كَمَا" lemma="مَا" pos="جامدة" prefix="كَ" root="اَلَّذِي" pattern="مَا" suffix="" />
				<ArabicLexical word="أَنَّهُ" lemma="أَنَّ" pos="جامدة" prefix="" root="أَنَّ" pattern="أَنَّ" suffix="ه" />
				<ArabicLexical word="سَيُوَفِّرُ" lemma="وَفَّرَ" pos="مصرفة منتظمة" prefix="سَي" root="وفر" pattern="فَعَّلَ" suffix="" />
				<ArabicLexical word="نِظَامًا" lemma="نِظَام" pos="مصرفة منتظمة" prefix="" root="نظم" pattern="فِعَال" suffix="" />
				<ArabicLexical word="إِلِكْتُرُونِيًّا" lemma="إِلِكْتُرُون" pos="معربة" prefix="" root="إِلِكْتُرُون" pattern="إِلِكْتُرُون" suffix="يّ" />
				<ArabicLexical word="لِلِاسْتِفْسَارِ" lemma="اسْتِفْسَار" pos="مصرفة منتظمة" prefix="لِل" root="فسر" pattern="اِسْتِفْعَال" suffix="" />
				<ArabicLexical word="وَالرَّدِّ" lemma="رَدّ" pos="مصرفة منتظمة" prefix="وَال" root="ردد" pattern="فَلّ" suffix="" />
				<ArabicLexical word="عَلَى" lemma="عَلَى" pos="جامدة" prefix="" root="عَلَى" pattern="عَلَى" suffix="" />
				<ArabicLexical word="اَلْفَتَاوَى" lemma="فَتْوَى" pos="مصرفة منتظمة" prefix="ال" root="فتو" pattern="فَعَالَى" suffix="" />
				<ArabicLexical word="عَنْ" lemma="عَنْ" pos="جامدة" prefix="" root="عَنْ" pattern="عَنْ" suffix="" />
				<ArabicLexical word="طَرِيقِ" lemma="طَرِيق" pos="مصرفة منتظمة" prefix="" root="طرق" pattern="فَعِيل" suffix="" />
				<ArabicLexical word="اَلْبَرِيدِ" lemma="بَرِيد" pos="مصرفة منتظمة" prefix="ال" root="برد" pattern="فَعِيل" suffix="" />
				<ArabicLexical word="اَلْإِلِكْتُرُونِيِّ" lemma="إِلِكْتُرُون" pos="معربة" prefix="ال" root="إِلِكْتُرُون" pattern="إِلِكْتُرُون" suffix="يّ" />
			</annotation>
		</sentence>
		<sentence id="08195">
			<text>وَعَنْ تَشْغِيلِ اَلْمَوْقِعِ أَشَارَ اَلدُّكْتُورُ عَبْدُ اَللّهِ اَلْكَرْمُ -مُدِيرُ مَشْرُوعِ اَلشَّيْخِ مُحَمَّدِ بِنْ رَاشِدٍ آلِ مَكْتُومٍ لِتَعْلِيمِ تِكْنُولُوجْيَا اَلْمَعْلُومَاتِ- إِلَى أَنَّ هذَا اَلْمَوْقِعَ تَطَلَّبَ إِجْرَاءَ اَلْعَدِيدِ مِنْ اَلتَّجَارِبِ لِتَشْغِيلِهِ، وَتَدْرِيبَ مُهَنْدِسِي اَلْأَزْهَرِ عَلَى اَلِاضْطِلَاعِ بِمُهِمَّةِ إِدَارَتِهِ بِأَنْفُسِهِمْ قَبْلَ تَسَلُّمِهِمْ إِيَّاهُ مِنْ اَلشَّرِكَةِ اَلْمُنَفِّذَةِ لَهُ. كَمَا تَمَّ عَمَلُ مَسْحٍ ضَوْئِيٍّ لِمَا يَقْرُبُ مِنْ 14 أَلْفَ مَخْطُوطَةٍ بِمُعَدَّلِ 900 أَلْفِ صَفْحَةٍ حَتَّى اَلْآنَ</text>
			<annotation>
				<ArabicLexical word="وَعَنْ" lemma="عَنْ" pos="جامدة" prefix="وَ" root="عَنْ" pattern="عَنْ" suffix="" />
				<ArabicLexical word="تَشْغِيلِ" lemma="تَشْغِيل" pos="مصرفة منتظمة" prefix="" root="شغل" pattern="تَفْعِيل" suffix="" />
				<ArabicLexical word="اَلْمَوْقِعِ" lemma="مَوْقِع" pos="مصرفة منتظمة" prefix="ال" root="وقع" pattern="مَفْعِل" suffix="" />
				<ArabicLexical word="أَشَارَ" lemma="أَشَارَ" pos="مصرفة منتظمة" prefix="" root="شور" pattern="أَفَعلَ" suffix="" />
				<ArabicLexical word="اَلدُّكْتُورُ" lemma="دُكْتُور" pos="معربة" prefix="ال" root="دُكْتُور" pattern="دُكْتُور" suffix="" />
				<ArabicLexical word="عَبْدُ" lemma="عَبْد" pos="مصرفة منتظمة" prefix="" root="عبد" pattern="فَعْل" suffix="" />
				<ArabicLexical word="اَللّهِ" lemma="الله" pos="استثناء صرفي" prefix="ال" root="أله" pattern="له" suffix="" />
				<ArabicLexical word="اَلْكَرْمُ" lemma="كَرْم" pos="مصرفة منتظمة" prefix="ال" root="كرم" pattern="فَعْل" suffix="" />
				<ArabicLexical word="مُدِيرُ" lemma="مُدِير" pos="مصرفة منتظمة" prefix="" root="دور" pattern="مُفِعل" suffix="" />
				<ArabicLexical word="مَشْرُوعِ" lemma="مَشْرُوع" pos="مصرفة منتظمة" prefix="" root="شرع" pattern="مَفْعُول" suffix="" />
				<ArabicLexical word="اَلشَّيْخِ" lemma="شَيْخ" pos="مصرفة منتظمة" prefix="ال" root="شيخ" pattern="فَعْل" suffix="" />
				<ArabicLexical word="مُحَمَّدِ" lemma="مُحَمَّد" pos="مصرفة منتظمة" prefix="" root="حمد" pattern="مُفَعَّل" suffix="" />
				<ArabicLexical word="بِنْ" lemma="اِبْن" pos="استثناء صرفي" prefix="" root="بنو" pattern="بِنْ" suffix="" />
				<ArabicLexical word="رَاشِدٍ" lemma="رَاشِد" pos="مصرفة منتظمة" prefix="" root="رشد" pattern="فَاعِل" suffix="" />
				<ArabicLexical word="آلِ" lemma="آل" pos="مصرفة منتظمة" prefix="" root="أول" pattern="فَعل" suffix="" />
				<ArabicLexical word="مَكْتُومٍ" lemma="مَكْتُوم" pos="مصرفة منتظمة" prefix="" root="كتم" pattern="مَفْعُول" suffix="" />
				<ArabicLexical word="لِتَعْلِيمِ" lemma="تَعْلِيم" pos="مصرفة منتظمة" prefix="لِ" root="علم" pattern="تَفْعِيل" suffix="" />
				<ArabicLexical word="تِكْنُولُوجْيَا" lemma="تِكْنُولُوجْيَا" pos="غير عربية" prefix="" root="" pattern="" suffix="" />
				<ArabicLexical word="اَلْمَعْلُومَاتِ" lemma="مَعْلُومَة" pos="مصرفة منتظمة" prefix="ال" root="علم" pattern="مَفْعُول" suffix="ات" />
				<ArabicLexical word="إِلَى" lemma="إِلَى" pos="جامدة" prefix="" root="إِلَى" pattern="إِلَى" suffix="" />
				<ArabicLexical word="أَنَّ" lemma="أَنَّ" pos="جامدة" prefix="" root="أَنَّ" pattern="أَنَّ" suffix="" />
				<ArabicLexical word="هذَا" lemma="ذَا" pos="جامدة" prefix="" root="ذَا" pattern="هذَا" suffix="" />
				<ArabicLexical word="اَلْمَوْقِعَ" lemma="مَوْقِع" pos="مصرفة منتظمة" prefix="ال" root="وقع" pattern="مَفْعِل" suffix="" />
				<ArabicLexical word="تَطَلَّبَ" lemma="تَطَلَّبَ" pos="مصرفة منتظمة" prefix="" root="طلب" pattern="تَفَعَّلَ" suffix="" />
				<ArabicLexical word="إِجْرَاءَ" lemma="إِجْرَاء" pos="مصرفة منتظمة" prefix="" root="جري" pattern="إِفْعَال" suffix="" />
				<ArabicLexical word="اَلْعَدِيدِ" lemma="عَدِيد" pos="مصرفة منتظمة" prefix="ال" root="عدد" pattern="فَعِيل" suffix="" />
				<ArabicLexical word="مِنْ" lemma="مِنْ" pos="جامدة" prefix="" root="مِنْ" pattern="مِنْ" suffix="" />
				<ArabicLexical word="اَلتَّجَارِبِ" lemma="تَجْرِبَة" pos="استثناء صرفي" prefix="ال" root="جرب" pattern="تَجَارِب" suffix="" />
				<ArabicLexical word="لِتَشْغِيلِهِ" lemma="تَشْغِيل" pos="مصرفة منتظمة" prefix="لِ" root="شغل" pattern="تَفْعِيل" suffix="ه" />
				<ArabicLexical word="وَتَدْرِيبَ" lemma="تَدْرِيب" pos="مصرفة منتظمة" prefix="وَ" root="درب" pattern="تَفْعِيل" suffix="" />
				<ArabicLexical word="مُهَنْدِسِي" lemma="مُهَنْدِس" pos="مصرفة منتظمة" prefix="" root="هندس" pattern="مُفَعْلِل" suffix="ي" />
				<ArabicLexical word="اَلْأَزْهَرِ" lemma="أَزْهَر" pos="مصرفة منتظمة" prefix="ال" root="زهر" pattern="أَفْعَل" suffix="" />
				<ArabicLexical word="عَلَى" lemma="عَلَى" pos="جامدة" prefix="" root="عَلَى" pattern="عَلَى" suffix="" />
				<ArabicLexical word="اَلِاضْطِلَاعِ" lemma="اضْطِلَاع" pos="مصرفة منتظمة" prefix="ال" root="ضلع" pattern="اِفْطِعَال" suffix="" />
				<ArabicLexical word="بِمُهِمَّةِ" lemma="مُهِمّ" pos="مصرفة منتظمة" prefix="بِ" root="همم" pattern="مُفِلّ" suffix="ة" />
				<ArabicLexical word="إِدَارَتِهِ" lemma="إِدَارَة" pos="مصرفة منتظمة" prefix="" root="دور" pattern="إِفَعالَ" suffix="ته" />
				<ArabicLexical word="بِأَنْفُسِهِمْ" lemma="نَفْس" pos="مصرفة منتظمة" prefix="بِ" root="نفس" pattern="أَفْعُل" suffix="همْ" />
				<ArabicLexical word="قَبْلَ" lemma="قَبْلَ" pos="مصرفة منتظمة" prefix="" root="قبل" pattern="فَعْل" suffix="" />
				<ArabicLexical word="تَسَلُّمِهِمْ" lemma="تَسَلُّم" pos="مصرفة منتظمة" prefix="" root="سلم" pattern="تَفَعُّل" suffix="همْ" />
				<ArabicLexical word="إِيَّاهُ" lemma="إِيَّا" pos="جامدة" prefix="" root="إِيَّا" pattern="إِيَّا" suffix="ه" />
				<ArabicLexical word="مِنْ" lemma="مِنْ" pos="جامدة" prefix="" root="مِنْ" pattern="مِنْ" suffix="" />
				<ArabicLexical word="اَلشَّرِكَةِ" lemma="شَرِكَة" pos="مصرفة منتظمة" prefix="ال" root="شرك" pattern="فَعِل" suffix="ة" />
				<ArabicLexical word="اَلْمُنَفِّذَةِ" lemma="مُنَفِّذ" pos="مصرفة منتظمة" prefix="ال" root="نفذ" pattern="مُفَعِّل" suffix="ة" />
				<ArabicLexical word="لَهُ" lemma="لِي" pos="جامدة" prefix="" root="لِي" pattern="لَهُ" suffix="" />
				<ArabicLexical word="كَمَا" lemma="مَا" pos="جامدة" prefix="كَ" root="اَلَّذِي" pattern="مَا" suffix="" />
				<ArabicLexical word="تَمَّ" lemma="تَمَّ" pos="مصرفة منتظمة" prefix="" root="تمم" pattern="فَلَّ" suffix="" />
				<ArabicLexical word="عَمَلُ" lemma="عَمَل" pos="مصرفة منتظمة" prefix="" root="عمل" pattern="فَعَل" suffix="" />
				<ArabicLexical word="مَسْحٍ" lemma="مَسْح" pos="مصرفة منتظمة" prefix="" root="مسح" pattern="فَعْل" suffix="" />
				<ArabicLexical word="ضَوْئِيٍّ" lemma="ضَوْء" pos="مصرفة منتظمة" prefix="" root="ضوأ" pattern="فَعْل" suffix="يّ" />
				<ArabicLexical word="لِمَا" lemma="مَا" pos="جامدة" prefix="لِ" root="اَلَّذِي" pattern="مَا" suffix="" />
				<ArabicLexical word="يَقْرُبُ" lemma="قَرُبَ" pos="مصرفة منتظمة" prefix="ي" root="قرب" pattern="فْعُل" suffix="" />
				<ArabicLexical word="مِنْ" lemma="مِنْ" pos="جامدة" prefix="" root="مِنْ" pattern="مِنْ" suffix="" />
				<ArabicLexical word="أَلْفَ" lemma="أَلْف" pos="مصرفة منتظمة" prefix="" root="ألف" pattern="فَعْل" suffix="" />
				<ArabicLexical word="مَخْطُوطَةٍ" lemma="مَخْطُوط" pos="مصرفة منتظمة" prefix="" root="خطط" pattern="مَفْعُول" suffix="ة" />
				<ArabicLexical word="بِمُعَدَّلِ" lemma="مُعَدَّل" pos="مصرفة منتظمة" prefix="بِ" root="عدل" pattern="مُفَعَّل" suffix="" />
				<ArabicLexical word="أَلْفِ" lemma="أَلْف" pos="مصرفة منتظمة" prefix="" root="ألف" pattern="فَعْل" suffix="" />
				<ArabicLexical word="صَفْحَةٍ" lemma="صَفْحَة" pos="مصرفة منتظمة" prefix="" root="صفح" pattern="فَعْل" suffix="ة" />
				<ArabicLexical word="حَتَّى" lemma="حَتَّى" pos="جامدة" prefix="" root="حَتَّى" pattern="حَتَّى" suffix="" />
				<ArabicLexical word="اَلْآنَ" lemma="آن" pos="مصرفة منتظمة" prefix="ال" root="أون" pattern="فَعل" suffix="" />
			</annotation>
		</sentence>
	</FILE>
	</NEMLAR>