<NEMLAR><FILE name="GeneralNews" number="138">
		<sentence id="08754">
			<text>?سُورِيَّا تَنْفِي اِعْتِقَالَ دُرَيْدُ لَحَّامٍ بِتُهْمَةِ اَلْفَسَادِ</text>
			<annotation>
				<ArabicLexical word="سُورِيَّا" lemma="سُورْيَا" pos="معربة" prefix="" root="سُورْيَا" pattern="سُورِ" suffix="يَّا" />
				<ArabicLexical word="تَنْفِي" lemma="نَفَى" pos="مصرفة منتظمة" prefix="ت" root="نفي" pattern="فْعِل" suffix="" />
				<ArabicLexical word="اِعْتِقَالَ" lemma="اعْتِقَال" pos="مصرفة منتظمة" prefix="" root="عقل" pattern="اِفْتِعَال" suffix="" />
				<ArabicLexical word="دُرَيْدُ" lemma="دُرَيْد" pos="مصرفة منتظمة" prefix="" root="درد" pattern="فُعَيْل" suffix="" />
				<ArabicLexical word="لَحَّامٍ" lemma="لَحَّام" pos="مصرفة منتظمة" prefix="" root="لحم" pattern="فَعَّال" suffix="" />
				<ArabicLexical word="بِتُهْمَةِ" lemma="تُهْمَة" pos="استثناء صرفي" prefix="بِ" root="وهم" pattern="تُهْمَ" suffix="ة" />
				<ArabicLexical word="اَلْفَسَادِ" lemma="فَسَاد" pos="مصرفة منتظمة" prefix="ال" root="فسد" pattern="فَعَال" suffix="" />
			</annotation>
		</sentence>
		<sentence id="08755">
			<text>دِمَشْقُ- وَحِيدُ تَاجَا</text>
			<annotation>
				<ArabicLexical word="دِمَشْقُ" lemma="دِمَشْق" pos="استثناء صرفي" prefix="" root="دمشق" pattern="دِمَشْق" suffix="" />
				<ArabicLexical word="وَحِيدُ" lemma="وَحِيد" pos="مصرفة منتظمة" prefix="" root="وحد" pattern="فَعِيل" suffix="" />
				<ArabicLexical word="تَاجَا" lemma="" pos="غير عربية" prefix="" root="" pattern="" suffix="" />
			</annotation>
		</sentence>
		<sentence id="08756">
			<text>نَفَى مَصْدَرٌ سُورِيٌّ رَسْمِيٌّ أَمْسِ اَلِاثْنَيْنِ 31/7/2000 مَا رَدَّدَتْهُ صَحِيفَةُ اَلسِّيَاسَةِ اَلْكُوَيْتِيَّةُ تَحْتَ عُنْوَانِ: شَائِعَاتٌ، حَيْثُ تَنَاوَلَتْ اَلصَّحِيفَةُ اَلْفَنَّانَ اَلسُّورِيَّ اَلْمَعْرُوفَ دُرَيْدُ لَحَّامٍ وَزَعَمَتْ أَنَّهُ قَيْدُ اَلتَّوْقِيفِ وَالتَّحْقِيقِ بِتُهْمَةِ اَلْفَسَادِ، وَقَالَ اَلْمَصْدَرُ: إِنَّ تَنَاوُلَ كَرَامَةِ وَحَيَاةِ اَلنَّاسِ بِهذَا اَلْأُسْلُوبِ يُشَكِّلُ خَرْقًا لِلْأَخْلَاقِ اَلْمِهْنِيَّةِ، وَخَاصَّةً عِنْدَمَا يَتَنَاوَلُ فَنَّانًا قَدِيرًا سَعَى إِلَى إِدْخَالِ اَلْفَرَحِ وَالسَّعَادَةِ إِلَى قُلُوبِ مُحِبَّيْهِ فِي كَافَّةِ أَرْجَاءِ اَلْوَطَنِ اَلْعَرَبِيِّ، كَمَا يُشَكِّلُ اِنْتِهَاكًا صَارِخًا لِأَبْسَطِ قَوَاعِدِ وَأَخْلَاقِيَّاتِ اَلْعَمَلِ اَلصَّحَفِيِّ. </text>
			<annotation>
				<ArabicLexical word="نَفَى" lemma="نَفَى" pos="مصرفة منتظمة" prefix="" root="نفي" pattern="فَعَل" suffix="" />
				<ArabicLexical word="مَصْدَرٌ" lemma="مَصْدَر" pos="مصرفة منتظمة" prefix="" root="صدر" pattern="مَفْعَل" suffix="" />
				<ArabicLexical word="سُورِيٌّ" lemma="سُورِيّ" pos="معربة" prefix="" root="سُورْيَا" pattern="سُورِ" suffix="يّ" />
				<ArabicLexical word="رَسْمِيٌّ" lemma="رَسْمِيّ" pos="مصرفة منتظمة" prefix="" root="رسم" pattern="فَعْل" suffix="يّ" />
				<ArabicLexical word="أَمْسِ" lemma="أَمْس" pos="استثناء صرفي" prefix="" root="مسو" pattern="أَمْس" suffix="" />
				<ArabicLexical word="اَلِاثْنَيْنِ" lemma="اثْنَيْن" pos="استثناء صرفي" prefix="ال" root="ثني" pattern="اِثْن" suffix="يْنِ" />
				<ArabicLexical word="مَا" lemma="مَا" pos="جامدة" prefix="" root="اَلَّذِي" pattern="مَا" suffix="" />
				<ArabicLexical word="رَدَّدَتْهُ" lemma="رَدَّدَ" pos="مصرفة منتظمة" prefix="" root="ردد" pattern="فَعَّلَ" suffix="تْهُ" />
				<ArabicLexical word="صَحِيفَةُ" lemma="صَحِيفَة" pos="مصرفة منتظمة" prefix="" root="صحف" pattern="فَعِيل" suffix="ة" />
				<ArabicLexical word="اَلسِّيَاسَةِ" lemma="سِيَاسَة" pos="مصرفة منتظمة" prefix="ال" root="سوس" pattern="فِعَال" suffix="ة" />
				<ArabicLexical word="اَلْكُوَيْتِيَّةُ" lemma="كُوَيْتِيّ" pos="غير عربية" prefix="" root="" pattern="" suffix="" />
				<ArabicLexical word="تَحْتَ" lemma="تَحْتَ" pos="جامدة" prefix="" root="تَحْتَ" pattern="تَحْتَ" suffix="" />
				<ArabicLexical word="عُنْوَانِ" lemma="عُنْوَان" pos="مصرفة منتظمة" prefix="" root="عنون" pattern="فُعْلَال" suffix="" />
				<ArabicLexical word="شَائِعَاتٌ" lemma="شَائِع" pos="مصرفة منتظمة" prefix="" root="شيع" pattern="فَاعِل" suffix="ات" />
				<ArabicLexical word="حَيْثُ" lemma="حَيْثُ" pos="جامدة" prefix="" root="حَيْثُ" pattern="حَيْثُ" suffix="" />
				<ArabicLexical word="تَنَاوَلَتْ" lemma="تَنَاوَلَ" pos="مصرفة منتظمة" prefix="" root="نول" pattern="تَفَاعَلَ" suffix="تْ" />
				<ArabicLexical word="اَلصَّحِيفَةُ" lemma="صَحِيفَة" pos="مصرفة منتظمة" prefix="ال" root="صحف" pattern="فَعِيل" suffix="ة" />
				<ArabicLexical word="اَلْفَنَّانَ" lemma="فَنَّان" pos="مصرفة منتظمة" prefix="ال" root="فنن" pattern="فَعَّال" suffix="" />
				<ArabicLexical word="اَلسُّورِيَّ" lemma="سُورِيّ" pos="معربة" prefix="ال" root="سُورْيَا" pattern="سُورِ" suffix="يّ" />
				<ArabicLexical word="اَلْمَعْرُوفَ" lemma="مَعْرُوف" pos="مصرفة منتظمة" prefix="ال" root="عرف" pattern="مَفْعُول" suffix="" />
				<ArabicLexical word="دُرَيْدُ" lemma="دُرَيْد" pos="مصرفة منتظمة" prefix="" root="درد" pattern="فُعَيْل" suffix="" />
				<ArabicLexical word="لَحَّامٍ" lemma="لَحَّام" pos="مصرفة منتظمة" prefix="" root="لحم" pattern="فَعَّال" suffix="" />
				<ArabicLexical word="وَزَعَمَتْ" lemma="زَعَمَ" pos="مصرفة منتظمة" prefix="وَ" root="زعم" pattern="فَعَلَ" suffix="تْ" />
				<ArabicLexical word="أَنَّهُ" lemma="أَنَّ" pos="جامدة" prefix="" root="أَنَّ" pattern="أَنَّ" suffix="ه" />
				<ArabicLexical word="قَيْدُ" lemma="قَيْد" pos="مصرفة منتظمة" prefix="" root="قيد" pattern="فَعْل" suffix="" />
				<ArabicLexical word="اَلتَّوْقِيفِ" lemma="تَوْقِيف" pos="مصرفة منتظمة" prefix="ال" root="وقف" pattern="تَفْعِيل" suffix="" />
				<ArabicLexical word="وَالتَّحْقِيقِ" lemma="تَحْقِيق" pos="مصرفة منتظمة" prefix="وَال" root="حقق" pattern="تَفْعِيل" suffix="" />
				<ArabicLexical word="بِتُهْمَةِ" lemma="تُهْمَة" pos="استثناء صرفي" prefix="بِ" root="وهم" pattern="تُهْمَ" suffix="ة" />
				<ArabicLexical word="اَلْفَسَادِ" lemma="فَسَاد" pos="مصرفة منتظمة" prefix="ال" root="فسد" pattern="فَعَال" suffix="" />
				<ArabicLexical word="وَقَالَ" lemma="قَالَ" pos="مصرفة منتظمة" prefix="وَ" root="قول" pattern="فَعلَ" suffix="" />
				<ArabicLexical word="اَلْمَصْدَرُ" lemma="مَصْدَر" pos="مصرفة منتظمة" prefix="ال" root="صدر" pattern="مَفْعَل" suffix="" />
				<ArabicLexical word="إِنَّ" lemma="أَنَّ" pos="جامدة" prefix="" root="إِنَّ" pattern="إِنَّ" suffix="" />
				<ArabicLexical word="تَنَاوُلَ" lemma="تَنَاوُل" pos="مصرفة منتظمة" prefix="" root="نول" pattern="تَفَاعُل" suffix="" />
				<ArabicLexical word="كَرَامَةِ" lemma="كَرَامَة" pos="مصرفة منتظمة" prefix="" root="كرم" pattern="فَعَال" suffix="ة" />
				<ArabicLexical word="وَحَيَاةِ" lemma="حَيَاة" pos="مصرفة منتظمة" prefix="وَ" root="حيي" pattern="فَعَل" suffix="ة" />
				<ArabicLexical word="اَلنَّاسِ" lemma="نَاس" pos="مصرفة منتظمة" prefix="ال" root="نوس" pattern="فَعل" suffix="" />
				<ArabicLexical word="بِهذَا" lemma="ذَا" pos="جامدة" prefix="بِ" root="ذَا" pattern="هذَا" suffix="" />
				<ArabicLexical word="اَلْأُسْلُوبِ" lemma="أُسْلُوب" pos="مصرفة منتظمة" prefix="ال" root="سلب" pattern="أُفْعُول" suffix="" />
				<ArabicLexical word="يُشَكِّلُ" lemma="شَكَّلَ" pos="مصرفة منتظمة" prefix="ي" root="شكل" pattern="فَعَّلَ" suffix="" />
				<ArabicLexical word="خَرْقًا" lemma="خَرْق" pos="مصرفة منتظمة" prefix="" root="خرق" pattern="فَعْل" suffix="" />
				<ArabicLexical word="لِلْأَخْلَاقِ" lemma="خُلُق" pos="مصرفة منتظمة" prefix="لِل" root="خلق" pattern="أَفْعَال" suffix="" />
				<ArabicLexical word="اَلْمِهْنِيَّةِ" lemma="مِهْنِيّ" pos="مصرفة منتظمة" prefix="ال" root="مهن" pattern="فِعْل" suffix="يَّة" />
				<ArabicLexical word="وَخَاصَّةً" lemma="خَاصَّة" pos="مصرفة منتظمة" prefix="وَ" root="خصص" pattern="فَالّ" suffix="ة" />
				<ArabicLexical word="عِنْدَمَا" lemma="عِنْدَ" pos="جامدة" prefix="" root="عِنْدَ" pattern="عِنْدَمَا" suffix="" />
				<ArabicLexical word="يَتَنَاوَلُ" lemma="تَنَاوَلَ" pos="مصرفة منتظمة" prefix="ي" root="نول" pattern="تَفَاعَلَ" suffix="" />
				<ArabicLexical word="فَنَّانًا" lemma="فَنَّان" pos="مصرفة منتظمة" prefix="" root="فنن" pattern="فَعَّال" suffix="" />
				<ArabicLexical word="قَدِيرًا" lemma="قَدِير" pos="مصرفة منتظمة" prefix="" root="قدر" pattern="فَعِيل" suffix="" />
				<ArabicLexical word="سَعَى" lemma="سَعَى" pos="مصرفة منتظمة" prefix="" root="سعي" pattern="فَعَل" suffix="" />
				<ArabicLexical word="إِلَى" lemma="إِلَى" pos="جامدة" prefix="" root="إِلَى" pattern="إِلَى" suffix="" />
				<ArabicLexical word="إِدْخَالِ" lemma="إِدْخَال" pos="مصرفة منتظمة" prefix="" root="دخل" pattern="إِفْعَال" suffix="" />
				<ArabicLexical word="اَلْفَرَحِ" lemma="فَرَح" pos="مصرفة منتظمة" prefix="ال" root="فرح" pattern="فَعَل" suffix="" />
				<ArabicLexical word="وَالسَّعَادَةِ" lemma="سَعَادَة" pos="مصرفة منتظمة" prefix="وَال" root="سعد" pattern="فَعَال" suffix="ة" />
				<ArabicLexical word="إِلَى" lemma="إِلَى" pos="جامدة" prefix="" root="إِلَى" pattern="إِلَى" suffix="" />
				<ArabicLexical word="قُلُوبِ" lemma="قَلْب" pos="مصرفة منتظمة" prefix="" root="قلب" pattern="فُعُول" suffix="" />
				<ArabicLexical word="مُحِبَّيْهِ" lemma="مُحِبّ" pos="مصرفة منتظمة" prefix="" root="حبب" pattern="مُفِلّ" suffix="يْهِ" />
				<ArabicLexical word="فِي" lemma="فِي" pos="جامدة" prefix="" root="فِي" pattern="فِي" suffix="" />
				<ArabicLexical word="كَافَّةِ" lemma="كَافَّة" pos="مصرفة منتظمة" prefix="" root="كفف" pattern="فَالّ" suffix="ة" />
				<ArabicLexical word="أَرْجَاءِ" lemma="رَجَا" pos="مصرفة منتظمة" prefix="" root="رجو" pattern="أَفْعَال" suffix="" />
				<ArabicLexical word="اَلْوَطَنِ" lemma="وَطَن" pos="مصرفة منتظمة" prefix="ال" root="وطن" pattern="فَعَل" suffix="" />
				<ArabicLexical word="اَلْعَرَبِيِّ" lemma="عَرَبِيّ" pos="مصرفة منتظمة" prefix="ال" root="عرب" pattern="فَعَل" suffix="يّ" />
				<ArabicLexical word="كَمَا" lemma="مَا" pos="جامدة" prefix="كَ" root="اَلَّذِي" pattern="مَا" suffix="" />
				<ArabicLexical word="يُشَكِّلُ" lemma="شَكَّلَ" pos="مصرفة منتظمة" prefix="ي" root="شكل" pattern="فَعَّلَ" suffix="" />
				<ArabicLexical word="اِنْتِهَاكًا" lemma="انْتِهَاك" pos="مصرفة منتظمة" prefix="" root="نهك" pattern="اِفْتِعَال" suffix="" />
				<ArabicLexical word="صَارِخًا" lemma="صَارِخ" pos="مصرفة منتظمة" prefix="" root="صرخ" pattern="فَاعِل" suffix="" />
				<ArabicLexical word="لِأَبْسَطِ" lemma="أَبْسَط" pos="مصرفة منتظمة" prefix="لِ" root="بسط" pattern="أَفْعَل" suffix="" />
				<ArabicLexical word="قَوَاعِدِ" lemma="قَاعِدَة" pos="مصرفة منتظمة" prefix="" root="قعد" pattern="فَوَاعِل" suffix="" />
				<ArabicLexical word="وَأَخْلَاقِيَّاتِ" lemma="أَخْلَاقِيّ" pos="مصرفة منتظمة" prefix="وَ" root="خلق" pattern="أَفْعَال" suffix="يَّات" />
				<ArabicLexical word="اَلْعَمَلِ" lemma="عَمَل" pos="مصرفة منتظمة" prefix="ال" root="عمل" pattern="فَعَل" suffix="" />
				<ArabicLexical word="اَلصَّحَفِيِّ" lemma="صَحَفِيّ" pos="مصرفة منتظمة" prefix="ال" root="صحف" pattern="فَعَل" suffix="يّ" />
			</annotation>
		</sentence>
		<sentence id="08757">
			<text>وَأَعْرَبَ اَلْمَصْدَرُ عَنْ اِسْتِنْكَارِهِ لِهذِهِ اَلشَّائِعَاتِ اَلْمُغْرِضَةِ اَلَّتِي لَا تُعَبِّرُ إِلَّا عَنْ أَوْهَامِ اَلصَّحَفِيِّ اَلَّذِي اِخْتَلَقَهَا، وَقَالَ اَلْمَصْدَرُ: إِنَّ نِقَابَةَ اَلْفَنَّانِينَ اَلسُّورِيِّينَ تَحْتَفِظُ بِحَقِّهَا بِالدِّفَاعِ عَنْ اَلْفَنَّانِ دُرَيْدِ لَحَّامٍ وَمُحَاكَمَةِ اَلصَّحِيفَةِ وَالصَّحَفِيِّ. </text>
			<annotation>
				<ArabicLexical word="وَأَعْرَبَ" lemma="أَعْرَبَ" pos="مصرفة منتظمة" prefix="وَ" root="عرب" pattern="أَفْعَلَ" suffix="" />
				<ArabicLexical word="اَلْمَصْدَرُ" lemma="مَصْدَر" pos="مصرفة منتظمة" prefix="ال" root="صدر" pattern="مَفْعَل" suffix="" />
				<ArabicLexical word="عَنْ" lemma="عَنْ" pos="جامدة" prefix="" root="عَنْ" pattern="عَنْ" suffix="" />
				<ArabicLexical word="اِسْتِنْكَارِهِ" lemma="اسْتِنْكَار" pos="مصرفة منتظمة" prefix="" root="نكر" pattern="اِسْتِفْعَال" suffix="ه" />
				<ArabicLexical word="لِهذِهِ" lemma="ذَا" pos="جامدة" prefix="لِ" root="ذَا" pattern="هذِهِ" suffix="" />
				<ArabicLexical word="اَلشَّائِعَاتِ" lemma="شَائِع" pos="مصرفة منتظمة" prefix="ال" root="شيع" pattern="فَاعِل" suffix="ات" />
				<ArabicLexical word="اَلْمُغْرِضَةِ" lemma="مُغْرِض" pos="مصرفة منتظمة" prefix="ال" root="غرض" pattern="مُفْعِل" suffix="ة" />
				<ArabicLexical word="اَلَّتِي" lemma="اَلَّذِي" pos="جامدة" prefix="ال" root="اَلَّذِي" pattern="لَتِي" suffix="" />
				<ArabicLexical word="لَا" lemma="لَا" pos="جامدة" prefix="" root="لَا" pattern="لَا" suffix="" />
				<ArabicLexical word="تُعَبِّرُ" lemma="عَبَّرَ" pos="مصرفة منتظمة" prefix="ت" root="عبر" pattern="فَعَّلَ" suffix="" />
				<ArabicLexical word="إِلَّا" lemma="إِلَّا" pos="جامدة" prefix="" root="إِلَّا" pattern="إِلَّا" suffix="" />
				<ArabicLexical word="عَنْ" lemma="عَنْ" pos="جامدة" prefix="" root="عَنْ" pattern="عَنْ" suffix="" />
				<ArabicLexical word="أَوْهَامِ" lemma="وَهْم" pos="مصرفة منتظمة" prefix="" root="وهم" pattern="أَفْعَال" suffix="" />
				<ArabicLexical word="اَلصَّحَفِيِّ" lemma="صَحَفِيّ" pos="مصرفة منتظمة" prefix="ال" root="صحف" pattern="فَعَل" suffix="يّ" />
				<ArabicLexical word="اَلَّذِي" lemma="اَلَّذِي" pos="جامدة" prefix="ال" root="اَلَّذِي" pattern="لَذِي" suffix="" />
				<ArabicLexical word="اِخْتَلَقَهَا" lemma="اخْتَلَقَ" pos="مصرفة منتظمة" prefix="" root="خلق" pattern="اِفْتَعَلَ" suffix="هَا" />
				<ArabicLexical word="وَقَالَ" lemma="قَالَ" pos="مصرفة منتظمة" prefix="وَ" root="قول" pattern="فَعلَ" suffix="" />
				<ArabicLexical word="اَلْمَصْدَرُ" lemma="مَصْدَر" pos="مصرفة منتظمة" prefix="ال" root="صدر" pattern="مَفْعَل" suffix="" />
				<ArabicLexical word="إِنَّ" lemma="أَنَّ" pos="جامدة" prefix="" root="إِنَّ" pattern="إِنَّ" suffix="" />
				<ArabicLexical word="نِقَابَةَ" lemma="نِقَابَة" pos="مصرفة منتظمة" prefix="" root="نقب" pattern="فِعَال" suffix="ة" />
				<ArabicLexical word="اَلْفَنَّانِينَ" lemma="فَنَّان" pos="مصرفة منتظمة" prefix="ال" root="فنن" pattern="فَعَّال" suffix="ينَ" />
				<ArabicLexical word="اَلسُّورِيِّينَ" lemma="سُورِيّ" pos="معربة" prefix="ال" root="سُورْيَا" pattern="سُورِ" suffix="يِّينَ" />
				<ArabicLexical word="تَحْتَفِظُ" lemma="احْتَفَظَ" pos="مصرفة منتظمة" prefix="ت" root="حفظ" pattern="اِفْتَعَلَ" suffix="" />
				<ArabicLexical word="بِحَقِّهَا" lemma="حَقّ" pos="مصرفة منتظمة" prefix="بِ" root="حقق" pattern="فَلّ" suffix="هَا" />
				<ArabicLexical word="بِالدِّفَاعِ" lemma="دِفَاع" pos="مصرفة منتظمة" prefix="بِال" root="دفع" pattern="فِعَال" suffix="" />
				<ArabicLexical word="عَنْ" lemma="عَنْ" pos="جامدة" prefix="" root="عَنْ" pattern="عَنْ" suffix="" />
				<ArabicLexical word="اَلْفَنَّانِ" lemma="فَنَّان" pos="مصرفة منتظمة" prefix="ال" root="فنن" pattern="فَعَّال" suffix="" />
				<ArabicLexical word="دُرَيْدِ" lemma="دُرَيْد" pos="مصرفة منتظمة" prefix="" root="درد" pattern="فُعَيْل" suffix="" />
				<ArabicLexical word="لَحَّامٍ" lemma="لَحَّام" pos="مصرفة منتظمة" prefix="" root="لحم" pattern="فَعَّال" suffix="" />
				<ArabicLexical word="وَمُحَاكَمَةِ" lemma="مُحَاكَمَة" pos="مصرفة منتظمة" prefix="وَ" root="حكم" pattern="مُفَاعَل" suffix="ة" />
				<ArabicLexical word="اَلصَّحِيفَةِ" lemma="صَحِيفَة" pos="مصرفة منتظمة" prefix="ال" root="صحف" pattern="فَعِيل" suffix="ة" />
				<ArabicLexical word="وَالصَّحَفِيِّ" lemma="صَحَفِيّ" pos="مصرفة منتظمة" prefix="وَال" root="صحف" pattern="فَعَل" suffix="يّ" />
			</annotation>
		</sentence>
		<sentence id="08758">
			<text>وَكَانَتْ جَرِيدَةُ اَلسِّيَاسَةِ اَلْكُوَيْتِيَّةُ قَدْ نَشَرَتْ، فِي عَدَدِهَا اَلصَّادِرِ يَوْمَ أَوَّلِ أَمْسِ (اَلْأَحَدَ 30-7-2000) أَنَّ مُقَرَّبِينَ مِنْ اَلْوَسَطِ اَلْفَنِّيِّ فِي دِمَشْقَ يَقُولُونَ: إِنَّ اَلْفَنَّانَ اَلشَّهِيرَ دُرَيْدَ لَحَّامٍ مَوْقُوفٌ عَلَى ذِمَّةِ اَلتَّحْقِيقِ فِي تُهَمٍ تَتَعَلَّقُ بِالْفَسَادِ. وَالتُّهَمُ اَلْأَسَاسِيَّةُ اَلْمُوَجَّهَةُ إِلَيْهِ تَتَعَلَّقُ بِقِيَامِهِ بِتَهْرِيبِ أَمْوَالٍ تَخُصُّ وَزِيرَ اَلنَّقْلِ اَلسَّابِقِ: مُفِيدَ عَبْدِ اَلْكَرِيمِ -اَلَّذِي يَمْثُلُ أَمَامَ اَلْقَضَاءِ بِتُهَمِ تَعَاطِي اَلرِّشْوَةِ، وَالْغِشِّ فِي صَفْقَةِ طَائِرَاتِ إِيرْبَاصْ اَلشَّهِيرَةِ، اَلَّتِي اِسْتَوْرَدَتْهَا سُورِيَّا مِنْ فَرَنْسَا-. </text>
			<annotation>
				<ArabicLexical word="وَكَانَتْ" lemma="كَانَ" pos="مصرفة منتظمة" prefix="وَ" root="كون" pattern="فَعلَ" suffix="تْ" />
				<ArabicLexical word="جَرِيدَةُ" lemma="جَرِيدَة" pos="مصرفة منتظمة" prefix="" root="جرد" pattern="فَعِيل" suffix="ة" />
				<ArabicLexical word="اَلسِّيَاسَةِ" lemma="سِيَاسَة" pos="مصرفة منتظمة" prefix="ال" root="سوس" pattern="فِعَال" suffix="ة" />
				<ArabicLexical word="اَلْكُوَيْتِيَّةُ" lemma="كُوَيْتِيّ" pos="غير عربية" prefix="" root="" pattern="" suffix="" />
				<ArabicLexical word="قَدْ" lemma="قَدْ" pos="جامدة" prefix="" root="قَدْ" pattern="قَدْ" suffix="" />
				<ArabicLexical word="نَشَرَتْ" lemma="نَشَرَ" pos="مصرفة منتظمة" prefix="" root="نشر" pattern="فَعَلَ" suffix="تْ" />
				<ArabicLexical word="فِي" lemma="فِي" pos="جامدة" prefix="" root="فِي" pattern="فِي" suffix="" />
				<ArabicLexical word="عَدَدِهَا" lemma="عَدَد" pos="مصرفة منتظمة" prefix="" root="عدد" pattern="فَعَل" suffix="هَا" />
				<ArabicLexical word="اَلصَّادِرِ" lemma="صَادِر" pos="مصرفة منتظمة" prefix="ال" root="صدر" pattern="فَاعِل" suffix="" />
				<ArabicLexical word="يَوْمَ" lemma="يَوْم" pos="مصرفة منتظمة" prefix="" root="يوم" pattern="فَعْل" suffix="" />
				<ArabicLexical word="أَوَّلِ" lemma="أَوَّل" pos="استثناء صرفي" prefix="" root="أول" pattern="أَوَّل" suffix="" />
				<ArabicLexical word="أَمْسِ" lemma="أَمْس" pos="استثناء صرفي" prefix="" root="مسو" pattern="أَمْس" suffix="" />
				<ArabicLexical word="اَلْأَحَدَ" lemma="أَحَد" pos="مصرفة منتظمة" prefix="ال" root="أحد" pattern="فَعَل" suffix="" />
				<ArabicLexical word="أَنَّ" lemma="أَنَّ" pos="جامدة" prefix="" root="أَنَّ" pattern="أَنَّ" suffix="" />
				<ArabicLexical word="مُقَرَّبِينَ" lemma="مُقَرَّب" pos="مصرفة منتظمة" prefix="" root="قرب" pattern="مُفَعَّل" suffix="ينَ" />
				<ArabicLexical word="مِنْ" lemma="مِنْ" pos="جامدة" prefix="" root="مِنْ" pattern="مِنْ" suffix="" />
				<ArabicLexical word="اَلْوَسَطِ" lemma="وَسَط" pos="مصرفة منتظمة" prefix="ال" root="وسط" pattern="فَعَل" suffix="" />
				<ArabicLexical word="اَلْفَنِّيِّ" lemma="فَنِّيّ" pos="مصرفة منتظمة" prefix="ال" root="فنن" pattern="فَلّ" suffix="يّ" />
				<ArabicLexical word="فِي" lemma="فِي" pos="جامدة" prefix="" root="فِي" pattern="فِي" suffix="" />
				<ArabicLexical word="دِمَشْقَ" lemma="دِمَشْق" pos="استثناء صرفي" prefix="" root="دمشق" pattern="دِمَشْق" suffix="" />
				<ArabicLexical word="يَقُولُونَ" lemma="قَالَ" pos="مصرفة منتظمة" prefix="ي" root="قول" pattern="فُعل" suffix="ونَ" />
				<ArabicLexical word="إِنَّ" lemma="أَنَّ" pos="جامدة" prefix="" root="إِنَّ" pattern="إِنَّ" suffix="" />
				<ArabicLexical word="اَلْفَنَّانَ" lemma="فَنَّان" pos="مصرفة منتظمة" prefix="ال" root="فنن" pattern="فَعَّال" suffix="" />
				<ArabicLexical word="اَلشَّهِيرَ" lemma="شَهِير" pos="مصرفة منتظمة" prefix="ال" root="شهر" pattern="فَعِيل" suffix="" />
				<ArabicLexical word="دُرَيْدَ" lemma="دُرَيْد" pos="مصرفة منتظمة" prefix="" root="درد" pattern="فُعَيْل" suffix="" />
				<ArabicLexical word="لَحَّامٍ" lemma="لَحَّام" pos="مصرفة منتظمة" prefix="" root="لحم" pattern="فَعَّال" suffix="" />
				<ArabicLexical word="مَوْقُوفٌ" lemma="مَوْقُوف" pos="مصرفة منتظمة" prefix="" root="وقف" pattern="مَفْعُول" suffix="" />
				<ArabicLexical word="عَلَى" lemma="عَلَى" pos="جامدة" prefix="" root="عَلَى" pattern="عَلَى" suffix="" />
				<ArabicLexical word="ذِمَّةِ" lemma="ذِمَّة" pos="مصرفة منتظمة" prefix="" root="ذمم" pattern="فِلّ" suffix="ة" />
				<ArabicLexical word="اَلتَّحْقِيقِ" lemma="تَحْقِيق" pos="مصرفة منتظمة" prefix="ال" root="حقق" pattern="تَفْعِيل" suffix="" />
				<ArabicLexical word="فِي" lemma="فِي" pos="جامدة" prefix="" root="فِي" pattern="فِي" suffix="" />
				<ArabicLexical word="تُهَمٍ" lemma="تُهْمَة" pos="استثناء صرفي" prefix="" root="وهم" pattern="تُهَم" suffix="" />
				<ArabicLexical word="تَتَعَلَّقُ" lemma="تَعَلَّقَ" pos="مصرفة منتظمة" prefix="ت" root="علق" pattern="تَفَعَّلَ" suffix="" />
				<ArabicLexical word="بِالْفَسَادِ" lemma="فَسَاد" pos="مصرفة منتظمة" prefix="بِال" root="فسد" pattern="فَعَال" suffix="" />
				<ArabicLexical word="وَالتُّهَمُ" lemma="تُهْمَة" pos="استثناء صرفي" prefix="وَال" root="وهم" pattern="تُهَم" suffix="" />
				<ArabicLexical word="اَلْأَسَاسِيَّةُ" lemma="أَسَاسِيّ" pos="مصرفة منتظمة" prefix="ال" root="أسس" pattern="فَعَال" suffix="يَّة" />
				<ArabicLexical word="اَلْمُوَجَّهَةُ" lemma="مُوَجَّه" pos="مصرفة منتظمة" prefix="ال" root="وجه" pattern="مُفَعَّل" suffix="ة" />
				<ArabicLexical word="إِلَيْهِ" lemma="إِلَى" pos="جامدة" prefix="" root="إِلَى" pattern="إِلَيْ" suffix="ه" />
				<ArabicLexical word="تَتَعَلَّقُ" lemma="تَعَلَّقَ" pos="مصرفة منتظمة" prefix="ت" root="علق" pattern="تَفَعَّلَ" suffix="" />
				<ArabicLexical word="بِقِيَامِهِ" lemma="قِيَام" pos="مصرفة منتظمة" prefix="بِ" root="قوم" pattern="فِعَال" suffix="ه" />
				<ArabicLexical word="بِتَهْرِيبِ" lemma="تَهْرِيب" pos="مصرفة منتظمة" prefix="بِ" root="هرب" pattern="تَفْعِيل" suffix="" />
				<ArabicLexical word="أَمْوَالٍ" lemma="مَال" pos="مصرفة منتظمة" prefix="" root="مول" pattern="أَفْعَال" suffix="" />
				<ArabicLexical word="تَخُصُّ" lemma="خَصَّ" pos="مصرفة منتظمة" prefix="ت" root="خصص" pattern="فُلّ" suffix="" />
				<ArabicLexical word="وَزِيرَ" lemma="وَزِير" pos="مصرفة منتظمة" prefix="" root="وزر" pattern="فَعِيل" suffix="" />
				<ArabicLexical word="اَلنَّقْلِ" lemma="نَقْل" pos="مصرفة منتظمة" prefix="ال" root="نقل" pattern="فَعْل" suffix="" />
				<ArabicLexical word="اَلسَّابِقِ" lemma="سَابِق" pos="مصرفة منتظمة" prefix="ال" root="سبق" pattern="فَاعِل" suffix="" />
				<ArabicLexical word="مُفِيدَ" lemma="مُفِيد" pos="مصرفة منتظمة" prefix="" root="فود" pattern="مُفِعل" suffix="" />
				<ArabicLexical word="عَبْدِ" lemma="عَبْد" pos="مصرفة منتظمة" prefix="" root="عبد" pattern="فَعْل" suffix="" />
				<ArabicLexical word="اَلْكَرِيمِ" lemma="كَرِيم" pos="مصرفة منتظمة" prefix="ال" root="كرم" pattern="فَعِيل" suffix="" />
				<ArabicLexical word="اَلَّذِي" lemma="اَلَّذِي" pos="جامدة" prefix="ال" root="اَلَّذِي" pattern="لَذِي" suffix="" />
				<ArabicLexical word="يَمْثُلُ" lemma="مَثَلَ" pos="مصرفة منتظمة" prefix="ي" root="مثل" pattern="فْعُل" suffix="" />
				<ArabicLexical word="أَمَامَ" lemma="أَمَامَ" pos="مصرفة منتظمة" prefix="" root="أمم" pattern="فَعَال" suffix="" />
				<ArabicLexical word="اَلْقَضَاءِ" lemma="قَضَاء" pos="مصرفة منتظمة" prefix="ال" root="قضي" pattern="فَعَال" suffix="" />
				<ArabicLexical word="بِتُهَمِ" lemma="تُهْمَة" pos="استثناء صرفي" prefix="بِ" root="وهم" pattern="تُهَم" suffix="" />
				<ArabicLexical word="تَعَاطِي" lemma="تَعَاط" pos="مصرفة منتظمة" prefix="" root="عطو" pattern="تَفَاعِل" suffix="" />
				<ArabicLexical word="اَلرِّشْوَةِ" lemma="رِشْوَة" pos="مصرفة منتظمة" prefix="ال" root="رشو" pattern="فِعْل" suffix="ة" />
				<ArabicLexical word="وَالْغِشِّ" lemma="غِشّ" pos="مصرفة منتظمة" prefix="وَال" root="غشش" pattern="فِلّ" suffix="" />
				<ArabicLexical word="فِي" lemma="فِي" pos="جامدة" prefix="" root="فِي" pattern="فِي" suffix="" />
				<ArabicLexical word="صَفْقَةِ" lemma="صَفْقَة" pos="مصرفة منتظمة" prefix="" root="صفق" pattern="فَعْل" suffix="ة" />
				<ArabicLexical word="طَائِرَاتِ" lemma="طَائِرَة" pos="مصرفة منتظمة" prefix="" root="طير" pattern="فَاعِل" suffix="ات" />
				<ArabicLexical word="إِيرْبَاصْ" lemma="+" pos="غير عربية" prefix="" root="" pattern="" suffix="" />
				<ArabicLexical word="اَلشَّهِيرَةِ" lemma="شَهِير" pos="مصرفة منتظمة" prefix="ال" root="شهر" pattern="فَعِيل" suffix="ة" />
				<ArabicLexical word="اَلَّتِي" lemma="اَلَّذِي" pos="جامدة" prefix="ال" root="اَلَّذِي" pattern="لَتِي" suffix="" />
				<ArabicLexical word="اِسْتَوْرَدَتْهَا" lemma="اسْتَوْرَدَ" pos="مصرفة منتظمة" prefix="" root="ورد" pattern="اِسْتَفْعَلَ" suffix="تْهَا" />
				<ArabicLexical word="سُورِيَّا" lemma="سُورْيَا" pos="معربة" prefix="" root="سُورْيَا" pattern="سُورِ" suffix="يَّا" />
				<ArabicLexical word="مِنْ" lemma="مِنْ" pos="جامدة" prefix="" root="مِنْ" pattern="مِنْ" suffix="" />
				<ArabicLexical word="فَرَنْسَا" lemma="فَرَنْسَا" pos="غير عربية" prefix="" root="" pattern="" suffix="" />
			</annotation>
		</sentence>
		<sentence id="08759">
			<text>وَبِدَوْرِهِ قَالَ اَلْفَنَّانُ دُرَيْدُ لَحَّامٍ -اَلَّذِي يَسْتَعِدُّ لِلسَّفَرِ إِلَى سَلْطَنَةِ عُمَانَ بِصِفَتِهِ سَفِيرًا لِلْيُونِيسِيفْ فِي اَلْعَالَمِ اَلْعَرَبِيِّ وَالْإِفْرِيقِيِّ-: إِنَّ كُلَّ مَا قِيلَ غَيْرُ صَحِيحٍ، وَاعْتَبَرَ أَنَّ اَلْهَدَفَ فِي نَشْرِ هذِهِ اَلْمَعْلُومَاتِ هُوَ اَلْإِسَاءَةُ إِلَى شَخْصِهِ. </text>
			<annotation>
				<ArabicLexical word="وَبِدَوْرِهِ" lemma="دَوْر" pos="مصرفة منتظمة" prefix="وَبِ" root="دور" pattern="فَعْل" suffix="ه" />
				<ArabicLexical word="قَالَ" lemma="قَالَ" pos="مصرفة منتظمة" prefix="" root="قول" pattern="فَعلَ" suffix="" />
				<ArabicLexical word="اَلْفَنَّانُ" lemma="فَنَّان" pos="مصرفة منتظمة" prefix="ال" root="فنن" pattern="فَعَّال" suffix="" />
				<ArabicLexical word="دُرَيْدُ" lemma="دُرَيْد" pos="مصرفة منتظمة" prefix="" root="درد" pattern="فُعَيْل" suffix="" />
				<ArabicLexical word="لَحَّامٍ" lemma="لَحَّام" pos="مصرفة منتظمة" prefix="" root="لحم" pattern="فَعَّال" suffix="" />
				<ArabicLexical word="اَلَّذِي" lemma="اَلَّذِي" pos="جامدة" prefix="ال" root="اَلَّذِي" pattern="لَذِي" suffix="" />
				<ArabicLexical word="يَسْتَعِدُّ" lemma="اسْتَعَدَّ" pos="مصرفة منتظمة" prefix="ي" root="عدد" pattern="اِسْتَفَلَّ" suffix="" />
				<ArabicLexical word="لِلسَّفَرِ" lemma="سَفَر" pos="مصرفة منتظمة" prefix="لِل" root="سفر" pattern="فَعَل" suffix="" />
				<ArabicLexical word="إِلَى" lemma="إِلَى" pos="جامدة" prefix="" root="إِلَى" pattern="إِلَى" suffix="" />
				<ArabicLexical word="سَلْطَنَةِ" lemma="سَلْطَنَة" pos="مصرفة منتظمة" prefix="" root="سلطن" pattern="فَعْلَل" suffix="ة" />
				<ArabicLexical word="عُمَانَ" lemma="عُمَان" pos="مصرفة منتظمة" prefix="" root="عمن" pattern="فُعَال" suffix="" />
				<ArabicLexical word="بِصِفَتِهِ" lemma="صِفَة" pos="مصرفة منتظمة" prefix="بِ" root="وصف" pattern="فعِلَ" suffix="ته" />
				<ArabicLexical word="سَفِيرًا" lemma="سَفِير" pos="مصرفة منتظمة" prefix="" root="سفر" pattern="فَعِيل" suffix="" />
				<ArabicLexical word="لِلْيُونِيسِيفْ" lemma="يُونِيسِيف" pos="غير عربية" prefix="" root="" pattern="" suffix="" />
				<ArabicLexical word="فِي" lemma="فِي" pos="جامدة" prefix="" root="فِي" pattern="فِي" suffix="" />
				<ArabicLexical word="اَلْعَالَمِ" lemma="عَالَم" pos="استثناء صرفي" prefix="ال" root="علم" pattern="عَالَم" suffix="" />
				<ArabicLexical word="اَلْعَرَبِيِّ" lemma="عَرَبِيّ" pos="مصرفة منتظمة" prefix="ال" root="عرب" pattern="فَعَل" suffix="يّ" />
				<ArabicLexical word="وَالْإِفْرِيقِيِّ" lemma="إِفْرِيقِيّ" pos="معربة" prefix="وَال" root="إِفْرِيقْيَا" pattern="إِفْرِيقْ" suffix="يّ" />
				<ArabicLexical word="إِنَّ" lemma="إِنَّ" pos="جامدة" prefix="" root="إِنَّ" pattern="إِنَّ" suffix="" />
				<ArabicLexical word="كُلَّ" lemma="كُلّ" pos="جامدة" prefix="" root="كُلّ" pattern="كُلّ" suffix="" />
				<ArabicLexical word="مَا" lemma="مَا" pos="جامدة" prefix="" root="اَلَّذِي" pattern="مَا" suffix="" />
				<ArabicLexical word="قِيلَ" lemma="قَالَ" pos="مصرفة منتظمة" prefix="" root="قول" pattern="فِعلَ" suffix="" />
				<ArabicLexical word="غَيْرُ" lemma="غَيْر" pos="مصرفة منتظمة" prefix="" root="غير" pattern="فَعْل" suffix="" />
				<ArabicLexical word="صَحِيحٍ" lemma="صَحِيح" pos="مصرفة منتظمة" prefix="" root="صحح" pattern="فَعِيل" suffix="" />
				<ArabicLexical word="وَاعْتَبَرَ" lemma="اعْتَبَرَ" pos="مصرفة منتظمة" prefix="وَ" root="عبر" pattern="اِفْتَعَلَ" suffix="" />
				<ArabicLexical word="أَنَّ" lemma="أَنَّ" pos="جامدة" prefix="" root="أَنَّ" pattern="أَنَّ" suffix="" />
				<ArabicLexical word="اَلْهَدَفَ" lemma="هَدَف" pos="مصرفة منتظمة" prefix="ال" root="هدف" pattern="فَعَل" suffix="" />
				<ArabicLexical word="فِي" lemma="فِي" pos="جامدة" prefix="" root="فِي" pattern="فِي" suffix="" />
				<ArabicLexical word="نَشْرِ" lemma="نَشْر" pos="مصرفة منتظمة" prefix="" root="نشر" pattern="فَعْل" suffix="" />
				<ArabicLexical word="هذِهِ" lemma="ذَا" pos="جامدة" prefix="" root="ذَا" pattern="هذِهِ" suffix="" />
				<ArabicLexical word="اَلْمَعْلُومَاتِ" lemma="مَعْلُومَة" pos="مصرفة منتظمة" prefix="ال" root="علم" pattern="مَفْعُول" suffix="ات" />
				<ArabicLexical word="هُوَ" lemma="هُوَ" pos="جامدة" prefix="" root="هُوَ" pattern="هُوَ" suffix="" />
				<ArabicLexical word="اَلْإِسَاءَةُ" lemma="إِسَاءَة" pos="مصرفة منتظمة" prefix="ال" root="سوأ" pattern="إِفَعالَ" suffix="ة" />
				<ArabicLexical word="إِلَى" lemma="إِلَى" pos="جامدة" prefix="" root="إِلَى" pattern="إِلَى" suffix="" />
				<ArabicLexical word="شَخْصِهِ" lemma="شَخْص" pos="مصرفة منتظمة" prefix="" root="شخص" pattern="فَعْل" suffix="ه" />
			</annotation>
		</sentence>
		<sentence id="08760">
			<text>وَنَفَى اَلْفَنَّانُ اَلسُّورِيُّ -اَلَّذِي اِشْتَهَرَ بِشَخْصِيَّةِ (غَوَّارُ اَلطُّوشَةْ) أَيَّ عَلَاقَةٍ لَهُ مَعَ وَزِيرِ اَلنَّقْلِ اَلسَّابِقِ مُفِيدِ عَبْدِ اَلْكَرِيمِ، وَقَالَ حَتَّى إِذَا رَأَيْتُهُ فَإِنِّي لَنْ أَعْرِفَهُ، وَلَا أَدْرِي مَاذَا وَرَاءَ ذِكْرِ اِسْمِي مَعَهُ، وَأَكَّدَ أَنَّ اَلْمَقْصُودَ هُوَ تَوْجِيهُ اَلْأَذِيَّةِ إِلَيْهِ. </text>
			<annotation>
				<ArabicLexical word="وَنَفَى" lemma="نَفَى" pos="مصرفة منتظمة" prefix="وَ" root="نفي" pattern="فَعَل" suffix="" />
				<ArabicLexical word="اَلْفَنَّانُ" lemma="فَنَّان" pos="مصرفة منتظمة" prefix="ال" root="فنن" pattern="فَعَّال" suffix="" />
				<ArabicLexical word="اَلسُّورِيُّ" lemma="سُورِيّ" pos="معربة" prefix="ال" root="سُورْيَا" pattern="سُورِ" suffix="يّ" />
				<ArabicLexical word="اَلَّذِي" lemma="اَلَّذِي" pos="جامدة" prefix="ال" root="اَلَّذِي" pattern="لَذِي" suffix="" />
				<ArabicLexical word="اِشْتَهَرَ" lemma="اشْتَهَرَ" pos="مصرفة منتظمة" prefix="" root="شهر" pattern="اِفْتَعَلَ" suffix="" />
				<ArabicLexical word="بِشَخْصِيَّةِ" lemma="شَخْصِيّ" pos="مصرفة منتظمة" prefix="بِ" root="شخص" pattern="فَعْل" suffix="يَّة" />
				<ArabicLexical word="غَوَّارُ" lemma="غَوَّار" pos="مصرفة منتظمة" prefix="" root="غور" pattern="فَعَّال" suffix="" />
				<ArabicLexical word="اَلطُّوشَةْ" lemma="طُوشَة" pos="غير عربية" prefix="" root="" pattern="" suffix="" />
				<ArabicLexical word="أَيَّ" lemma="أَيّ" pos="جامدة" prefix="" root="أَيّ" pattern="أَيّ" suffix="" />
				<ArabicLexical word="عَلَاقَةٍ" lemma="عَلَاقَة" pos="مصرفة منتظمة" prefix="" root="علق" pattern="فَعَال" suffix="ة" />
				<ArabicLexical word="لَهُ" lemma="لِي" pos="جامدة" prefix="" root="لِي" pattern="لَهُ" suffix="" />
				<ArabicLexical word="مَعَ" lemma="مَعَ" pos="جامدة" prefix="" root="مَعَ" pattern="مَعَ" suffix="" />
				<ArabicLexical word="وَزِيرِ" lemma="وَزِير" pos="مصرفة منتظمة" prefix="" root="وزر" pattern="فَعِيل" suffix="" />
				<ArabicLexical word="اَلنَّقْلِ" lemma="نَقْل" pos="مصرفة منتظمة" prefix="ال" root="نقل" pattern="فَعْل" suffix="" />
				<ArabicLexical word="اَلسَّابِقِ" lemma="سَابِق" pos="مصرفة منتظمة" prefix="ال" root="سبق" pattern="فَاعِل" suffix="" />
				<ArabicLexical word="مُفِيدِ" lemma="مُفِيد" pos="مصرفة منتظمة" prefix="" root="فود" pattern="مُفِعل" suffix="" />
				<ArabicLexical word="عَبْدِ" lemma="عَبْد" pos="مصرفة منتظمة" prefix="" root="عبد" pattern="فَعْل" suffix="" />
				<ArabicLexical word="اَلْكَرِيمِ" lemma="كَرِيم" pos="مصرفة منتظمة" prefix="ال" root="كرم" pattern="فَعِيل" suffix="" />
				<ArabicLexical word="وَقَالَ" lemma="قَالَ" pos="مصرفة منتظمة" prefix="وَ" root="قول" pattern="فَعلَ" suffix="" />
				<ArabicLexical word="حَتَّى" lemma="حَتَّى" pos="جامدة" prefix="" root="حَتَّى" pattern="حَتَّى" suffix="" />
				<ArabicLexical word="إِذَا" lemma="إِذَا" pos="جامدة" prefix="" root="إِذَا" pattern="إِذَا" suffix="" />
				<ArabicLexical word="رَأَيْتُهُ" lemma="رَأَى" pos="مصرفة منتظمة" prefix="" root="رأي" pattern="فَعَل" suffix="تُهُ" />
				<ArabicLexical word="فَإِنِّي" lemma="أَنَّ" pos="جامدة" prefix="فَ" root="إِنَّ" pattern="إِنَّ" suffix="ي" />
				<ArabicLexical word="لَنْ" lemma="لَنْ" pos="جامدة" prefix="" root="لَنْ" pattern="لَنْ" suffix="" />
				<ArabicLexical word="أَعْرِفَهُ" lemma="عَرَفَ" pos="مصرفة منتظمة" prefix="أ" root="عرف" pattern="فْعِل" suffix="ه" />
				<ArabicLexical word="وَلَا" lemma="لَا" pos="جامدة" prefix="وَ" root="لَا" pattern="لَا" suffix="" />
				<ArabicLexical word="أَدْرِي" lemma="دَرَى" pos="مصرفة منتظمة" prefix="أ" root="دري" pattern="فْعِل" suffix="" />
				<ArabicLexical word="مَاذَا" lemma="مَاذَا" pos="جامدة" prefix="" root="مَا" pattern="مَاذَا" suffix="" />
				<ArabicLexical word="وَرَاءَ" lemma="وَرَاء" pos="مصرفة منتظمة" prefix="" root="وري" pattern="فَعَال" suffix="" />
				<ArabicLexical word="ذِكْرِ" lemma="ذِكْر" pos="مصرفة منتظمة" prefix="" root="ذكر" pattern="فِعْل" suffix="" />
				<ArabicLexical word="اِسْمِي" lemma="اسْمِيّ" pos="استثناء صرفي" prefix="" root="سمو" pattern="اِسْم" suffix="ي" />
				<ArabicLexical word="مَعَهُ" lemma="مَعَ" pos="جامدة" prefix="" root="مَعَ" pattern="مَعَ" suffix="ه" />
				<ArabicLexical word="وَأَكَّدَ" lemma="أَكَّدَ" pos="مصرفة منتظمة" prefix="وَ" root="أكد" pattern="فَعَّلَ" suffix="" />
				<ArabicLexical word="أَنَّ" lemma="أَنَّ" pos="جامدة" prefix="" root="أَنَّ" pattern="أَنَّ" suffix="" />
				<ArabicLexical word="اَلْمَقْصُودَ" lemma="مَقْصُود" pos="مصرفة منتظمة" prefix="ال" root="قصد" pattern="مَفْعُول" suffix="" />
				<ArabicLexical word="هُوَ" lemma="هُوَ" pos="جامدة" prefix="" root="هُوَ" pattern="هُوَ" suffix="" />
				<ArabicLexical word="تَوْجِيهُ" lemma="تَوْجِيه" pos="مصرفة منتظمة" prefix="" root="وجه" pattern="تَفْعِيل" suffix="" />
				<ArabicLexical word="اَلْأَذِيَّةِ" lemma="أَذِيَّة" pos="مصرفة منتظمة" prefix="ال" root="أذي" pattern="فَعِلّ" suffix="ة" />
				<ArabicLexical word="إِلَيْهِ" lemma="إِلَى" pos="جامدة" prefix="" root="إِلَى" pattern="إِلَيْ" suffix="ه" />
			</annotation>
		</sentence>
		<sentence id="08761">
			<text>وَفِي تَعْلِيقِهِ عَلَى أَنَّ اَلْخَبَرَ صَادِرٌ مِنْ دِمَشْقَ.. قَالَ دُرَيْدُ لَحَّامٍ: هذِهِ اَلْأُمُورُ سَوْفَ أُتَابِعُهَا مَعَ وَزِيرِ اَلْإِعْلَامِ اَلسُّورِيِّ، وَسَوْفَ أُوَجِّهُ رَسَائِلَ إِلَى صَحِيفَةِ اَلسِّيَاسَةِ، وَإِلَى وِزَارَةِ اَلْإِعْلَامِ اَلْكُوَيْتِيَّةِ، وَإِلَى اَلسِّفَارَةِ اَلْكُوَيْتِيَّةِ بِدِمَشْقَ. </text>
			<annotation>
				<ArabicLexical word="وَفِي" lemma="فِي" pos="جامدة" prefix="وَ" root="فِي" pattern="فِي" suffix="" />
				<ArabicLexical word="تَعْلِيقِهِ" lemma="تَعْلِيق" pos="مصرفة منتظمة" prefix="" root="علق" pattern="تَفْعِيل" suffix="ه" />
				<ArabicLexical word="عَلَى" lemma="عَلَى" pos="جامدة" prefix="" root="عَلَى" pattern="عَلَى" suffix="" />
				<ArabicLexical word="أَنَّ" lemma="أَنَّ" pos="جامدة" prefix="" root="أَنَّ" pattern="أَنَّ" suffix="" />
				<ArabicLexical word="اَلْخَبَرَ" lemma="خَبَر" pos="مصرفة منتظمة" prefix="ال" root="خبر" pattern="فَعَل" suffix="" />
				<ArabicLexical word="صَادِرٌ" lemma="صَادِر" pos="مصرفة منتظمة" prefix="" root="صدر" pattern="فَاعِل" suffix="" />
				<ArabicLexical word="مِنْ" lemma="مِنْ" pos="جامدة" prefix="" root="مِنْ" pattern="مِنْ" suffix="" />
				<ArabicLexical word="دِمَشْقَ" lemma="دِمَشْق" pos="استثناء صرفي" prefix="" root="دمشق" pattern="دِمَشْق" suffix="" />
				<ArabicLexical word="قَالَ" lemma="قَالَ" pos="مصرفة منتظمة" prefix="" root="قول" pattern="فَعلَ" suffix="" />
				<ArabicLexical word="دُرَيْدُ" lemma="دُرَيْد" pos="مصرفة منتظمة" prefix="" root="درد" pattern="فُعَيْل" suffix="" />
				<ArabicLexical word="لَحَّامٍ" lemma="لَحَّام" pos="مصرفة منتظمة" prefix="" root="لحم" pattern="فَعَّال" suffix="" />
				<ArabicLexical word="هذِهِ" lemma="ذَا" pos="جامدة" prefix="" root="ذَا" pattern="هذِهِ" suffix="" />
				<ArabicLexical word="اَلْأُمُورُ" lemma="أَمْر" pos="مصرفة منتظمة" prefix="ال" root="أمر" pattern="فُعُول" suffix="" />
				<ArabicLexical word="سَوْفَ" lemma="سَوْفَ" pos="مصرفة منتظمة" prefix="" root="سوف" pattern="فَعْل" suffix="" />
				<ArabicLexical word="أُتَابِعُهَا" lemma="تَابَعَ" pos="مصرفة منتظمة" prefix="أ" root="تبع" pattern="فَاعَلَ" suffix="هَا" />
				<ArabicLexical word="مَعَ" lemma="مَعَ" pos="جامدة" prefix="" root="مَعَ" pattern="مَعَ" suffix="" />
				<ArabicLexical word="وَزِيرِ" lemma="وَزِير" pos="مصرفة منتظمة" prefix="" root="وزر" pattern="فَعِيل" suffix="" />
				<ArabicLexical word="اَلْإِعْلَامِ" lemma="إِعْلَام" pos="مصرفة منتظمة" prefix="ال" root="علم" pattern="إِفْعَال" suffix="" />
				<ArabicLexical word="اَلسُّورِيِّ" lemma="سُورِيّ" pos="معربة" prefix="ال" root="سُورْيَا" pattern="سُورِ" suffix="يّ" />
				<ArabicLexical word="وَسَوْفَ" lemma="سَوْفَ" pos="مصرفة منتظمة" prefix="وَ" root="سوف" pattern="فَعْل" suffix="" />
				<ArabicLexical word="أُوَجِّهُ" lemma="وَجَّهَ" pos="مصرفة منتظمة" prefix="أ" root="وجه" pattern="فَعَّلَ" suffix="" />
				<ArabicLexical word="رَسَائِلَ" lemma="رِسَالَة" pos="مصرفة منتظمة" prefix="" root="رسل" pattern="فَعَائِل" suffix="" />
				<ArabicLexical word="إِلَى" lemma="إِلَى" pos="جامدة" prefix="" root="إِلَى" pattern="إِلَى" suffix="" />
				<ArabicLexical word="صَحِيفَةِ" lemma="صَحِيفَة" pos="مصرفة منتظمة" prefix="" root="صحف" pattern="فَعِيل" suffix="ة" />
				<ArabicLexical word="اَلسِّيَاسَةِ" lemma="سِيَاسَة" pos="مصرفة منتظمة" prefix="ال" root="سوس" pattern="فِعَال" suffix="ة" />
				<ArabicLexical word="وَإِلَى" lemma="إِلَى" pos="جامدة" prefix="وَ" root="إِلَى" pattern="إِلَى" suffix="" />
				<ArabicLexical word="وِزَارَةِ" lemma="وِزَارَة" pos="مصرفة منتظمة" prefix="" root="وزر" pattern="فِعَال" suffix="ة" />
				<ArabicLexical word="اَلْإِعْلَامِ" lemma="إِعْلَام" pos="مصرفة منتظمة" prefix="ال" root="علم" pattern="إِفْعَال" suffix="" />
				<ArabicLexical word="اَلْكُوَيْتِيَّةِ" lemma="كُوَيْتِيّ" pos="غير عربية" prefix="" root="" pattern="" suffix="" />
				<ArabicLexical word="وَإِلَى" lemma="إِلَى" pos="جامدة" prefix="وَ" root="إِلَى" pattern="إِلَى" suffix="" />
				<ArabicLexical word="اَلسِّفَارَةِ" lemma="سِفَار" pos="مصرفة منتظمة" prefix="ال" root="سفر" pattern="فِعَال" suffix="ة" />
				<ArabicLexical word="اَلْكُوَيْتِيَّةِ" lemma="كُوَيْتِيّ" pos="غير عربية" prefix="" root="" pattern="" suffix="" />
				<ArabicLexical word="بِدِمَشْقَ" lemma="دِمَشْق" pos="استثناء صرفي" prefix="بِ" root="دمشق" pattern="دِمَشْق" suffix="" />
			</annotation>
		</sentence>
		<sentence id="08762">
			<text>كَمَا أَكَّدَ أَنَّهُ سَوْفَ يَلْجَأُ إِلَى اَلْقَضَاءِ، وَأَضَافَ: عَلَى كُلِّ حَالٍ أَنَا مَوْجُودٌ فِي مَنْزِلِي، وَلَسْتُ مُعْتَقَلًا كَمَا اِدَّعَتْ اَلصَّحِيفَةُ، وَأَتَحَدَّثُ اَلْآنَ إِلَيْكَ وَإِلَى اَلْآخَرِينَ؛ وَهذَا أَكْبَرُ دَلِيلٍ عَلَى عَدَمِ صِحَّةِ مَا نُشِرَ، كَمَا أَنَّنِي سَوْفَ أَقُومُ خِلَالَ اَلْأَيَّامِ اَلْقَادِمَةِ بِالسَّفَرِ إِلَى سَلْطَنَةِ عُمَانَ بِصِفَتِي سَفِيرًا لِلْيُونِيسِيفْ وَلِلطُّفُولَةِ فِي اَلْعَالَمِ اَلْعَرَبِيِّ، وَأَظُنُّ أَنَّ كُلَّ هذَا كَافٍ عَلَى عَدَمِ صِحَّةِ اِعْتِقَالِي وَتَوْقِيفِي؛ وَبِالتَّالِي عَلَى كَذِبِ مَا جَاءَ فِي تِلْكَ اَلصَّحِيفَةِ</text>
			<annotation>
				<ArabicLexical word="كَمَا" lemma="مَا" pos="جامدة" prefix="كَ" root="اَلَّذِي" pattern="مَا" suffix="" />
				<ArabicLexical word="أَكَّدَ" lemma="أَكَّدَ" pos="مصرفة منتظمة" prefix="" root="أكد" pattern="فَعَّلَ" suffix="" />
				<ArabicLexical word="أَنَّهُ" lemma="أَنَّ" pos="جامدة" prefix="" root="أَنَّ" pattern="أَنَّ" suffix="ه" />
				<ArabicLexical word="سَوْفَ" lemma="سَوْفَ" pos="مصرفة منتظمة" prefix="" root="سوف" pattern="فَعْل" suffix="" />
				<ArabicLexical word="يَلْجَأُ" lemma="لَجَأَ" pos="مصرفة منتظمة" prefix="ي" root="لجأ" pattern="فْعَل" suffix="" />
				<ArabicLexical word="إِلَى" lemma="إِلَى" pos="جامدة" prefix="" root="إِلَى" pattern="إِلَى" suffix="" />
				<ArabicLexical word="اَلْقَضَاءِ" lemma="قَضَاء" pos="مصرفة منتظمة" prefix="ال" root="قضي" pattern="فَعَال" suffix="" />
				<ArabicLexical word="وَأَضَافَ" lemma="أَضَافَ" pos="مصرفة منتظمة" prefix="وَ" root="ضيف" pattern="أَفَعلَ" suffix="" />
				<ArabicLexical word="عَلَى" lemma="عَلَى" pos="جامدة" prefix="" root="عَلَى" pattern="عَلَى" suffix="" />
				<ArabicLexical word="كُلِّ" lemma="كُلّ" pos="جامدة" prefix="" root="كُلّ" pattern="كُلّ" suffix="" />
				<ArabicLexical word="حَالٍ" lemma="حَال" pos="مصرفة منتظمة" prefix="" root="حول" pattern="فَعل" suffix="" />
				<ArabicLexical word="أَنَا" lemma="أَنَا" pos="جامدة" prefix="" root="أَنَا" pattern="أَنَا" suffix="" />
				<ArabicLexical word="مَوْجُودٌ" lemma="مَوْجُود" pos="مصرفة منتظمة" prefix="" root="وجد" pattern="مَفْعُول" suffix="" />
				<ArabicLexical word="فِي" lemma="فِي" pos="جامدة" prefix="" root="فِي" pattern="فِي" suffix="" />
				<ArabicLexical word="مَنْزِلِي" lemma="مَنْزِل" pos="مصرفة منتظمة" prefix="" root="نزل" pattern="مَفْعِل" suffix="ي" />
				<ArabicLexical word="وَلَسْتُ" lemma="لَيْسَ" pos="جامدة" prefix="وَ" root="لَيْسَ" pattern="لَسْ" suffix="تُ" />
				<ArabicLexical word="مُعْتَقَلًا" lemma="مُعْتَقَل" pos="مصرفة منتظمة" prefix="" root="عقل" pattern="مُفْتَعَل" suffix="" />
				<ArabicLexical word="كَمَا" lemma="مَا" pos="جامدة" prefix="كَ" root="اَلَّذِي" pattern="مَا" suffix="" />
				<ArabicLexical word="اِدَّعَتْ" lemma="ادَّعَى" pos="مصرفة منتظمة" prefix="" root="دعو" pattern="اِفَّعِل" suffix="تْ" />
				<ArabicLexical word="اَلصَّحِيفَةُ" lemma="صَحِيفَة" pos="مصرفة منتظمة" prefix="ال" root="صحف" pattern="فَعِيل" suffix="ة" />
				<ArabicLexical word="وَأَتَحَدَّثُ" lemma="تَحَدَّثَ" pos="مصرفة منتظمة" prefix="وَأ" root="حدث" pattern="تَفَعَّلَ" suffix="" />
				<ArabicLexical word="اَلْآنَ" lemma="آن" pos="مصرفة منتظمة" prefix="ال" root="أون" pattern="فَعل" suffix="" />
				<ArabicLexical word="إِلَيْكَ" lemma="إِلَى" pos="جامدة" prefix="" root="إِلَى" pattern="إِلَيْ" suffix="كَ" />
				<ArabicLexical word="وَإِلَى" lemma="إِلَى" pos="جامدة" prefix="وَ" root="إِلَى" pattern="إِلَى" suffix="" />
				<ArabicLexical word="اَلْآخَرِينَ" lemma="آخَر" pos="مصرفة منتظمة" prefix="ال" root="أخر" pattern="أَفعَل" suffix="ينَ" />
				<ArabicLexical word="وَهذَا" lemma="ذَا" pos="جامدة" prefix="وَ" root="ذَا" pattern="هذَا" suffix="" />
				<ArabicLexical word="أَكْبَرُ" lemma="أَكْبَر" pos="مصرفة منتظمة" prefix="" root="كبر" pattern="أَفْعَل" suffix="" />
				<ArabicLexical word="دَلِيلٍ" lemma="دَلِيل" pos="مصرفة منتظمة" prefix="" root="دلل" pattern="فَعِيل" suffix="" />
				<ArabicLexical word="عَلَى" lemma="عَلَى" pos="جامدة" prefix="" root="عَلَى" pattern="عَلَى" suffix="" />
				<ArabicLexical word="عَدَمِ" lemma="عَدَم" pos="مصرفة منتظمة" prefix="" root="عدم" pattern="فَعَل" suffix="" />
				<ArabicLexical word="صِحَّةِ" lemma="صِحَّة" pos="مصرفة منتظمة" prefix="" root="صحح" pattern="فِلّ" suffix="ة" />
				<ArabicLexical word="مَا" lemma="مَا" pos="جامدة" prefix="" root="اَلَّذِي" pattern="مَا" suffix="" />
				<ArabicLexical word="نُشِرَ" lemma="نَشَرَ" pos="مصرفة منتظمة" prefix="" root="نشر" pattern="فُعِلَ" suffix="" />
				<ArabicLexical word="كَمَا" lemma="مَا" pos="جامدة" prefix="كَ" root="اَلَّذِي" pattern="مَا" suffix="" />
				<ArabicLexical word="أَنَّنِي" lemma="أَنَّ" pos="جامدة" prefix="" root="أَنَّ" pattern="أَنَّ" suffix="نِي" />
				<ArabicLexical word="سَوْفَ" lemma="سَوْفَ" pos="مصرفة منتظمة" prefix="" root="سوف" pattern="فَعْل" suffix="" />
				<ArabicLexical word="أَقُومُ" lemma="قَامَ" pos="مصرفة منتظمة" prefix="أ" root="قوم" pattern="فُعل" suffix="" />
				<ArabicLexical word="خِلَالَ" lemma="خِلَال" pos="مصرفة منتظمة" prefix="" root="خلل" pattern="فِعَال" suffix="" />
				<ArabicLexical word="اَلْأَيَّامِ" lemma="يَوْم" pos="استثناء صرفي" prefix="ال" root="يوم" pattern="أَيَّام" suffix="" />
				<ArabicLexical word="اَلْقَادِمَةِ" lemma="قَادِم" pos="مصرفة منتظمة" prefix="ال" root="قدم" pattern="فَاعِل" suffix="ة" />
				<ArabicLexical word="بِالسَّفَرِ" lemma="سَفَر" pos="مصرفة منتظمة" prefix="بِال" root="سفر" pattern="فَعَل" suffix="" />
				<ArabicLexical word="إِلَى" lemma="إِلَى" pos="جامدة" prefix="" root="إِلَى" pattern="إِلَى" suffix="" />
				<ArabicLexical word="سَلْطَنَةِ" lemma="سَلْطَنَة" pos="مصرفة منتظمة" prefix="" root="سلطن" pattern="فَعْلَل" suffix="ة" />
				<ArabicLexical word="عُمَانَ" lemma="عُمَان" pos="مصرفة منتظمة" prefix="" root="عمن" pattern="فُعَال" suffix="" />
				<ArabicLexical word="بِصِفَتِي" lemma="صِفَة" pos="مصرفة منتظمة" prefix="بِ" root="وصف" pattern="فعِلَ" suffix="تِي" />
				<ArabicLexical word="سَفِيرًا" lemma="سَفِير" pos="مصرفة منتظمة" prefix="" root="سفر" pattern="فَعِيل" suffix="" />
				<ArabicLexical word="لِلْيُونِيسِيفْ" lemma="يُونِيسِيف" pos="غير عربية" prefix="" root="" pattern="" suffix="" />
				<ArabicLexical word="وَلِلطُّفُولَةِ" lemma="طُفُولَة" pos="مصرفة منتظمة" prefix="وَلِل" root="طفل" pattern="فُعُول" suffix="ة" />
				<ArabicLexical word="فِي" lemma="فِي" pos="جامدة" prefix="" root="فِي" pattern="فِي" suffix="" />
				<ArabicLexical word="اَلْعَالَمِ" lemma="عَالَم" pos="استثناء صرفي" prefix="ال" root="علم" pattern="عَالَم" suffix="" />
				<ArabicLexical word="اَلْعَرَبِيِّ" lemma="عَرَبِيّ" pos="مصرفة منتظمة" prefix="ال" root="عرب" pattern="فَعَل" suffix="يّ" />
				<ArabicLexical word="وَأَظُنُّ" lemma="ظَنَّ" pos="مصرفة منتظمة" prefix="وَأ" root="ظنن" pattern="فُلّ" suffix="" />
				<ArabicLexical word="أَنَّ" lemma="أَنَّ" pos="جامدة" prefix="" root="أَنَّ" pattern="أَنَّ" suffix="" />
				<ArabicLexical word="كُلَّ" lemma="كُلّ" pos="جامدة" prefix="" root="كُلّ" pattern="كُلّ" suffix="" />
				<ArabicLexical word="هذَا" lemma="ذَا" pos="جامدة" prefix="" root="ذَا" pattern="هذَا" suffix="" />
				<ArabicLexical word="كَافٍ" lemma="كَاف" pos="مصرفة منتظمة" prefix="" root="كفي" pattern="فَاعٍل" suffix="" />
				<ArabicLexical word="عَلَى" lemma="عَلَى" pos="جامدة" prefix="" root="عَلَى" pattern="عَلَى" suffix="" />
				<ArabicLexical word="عَدَمِ" lemma="عَدَم" pos="مصرفة منتظمة" prefix="" root="عدم" pattern="فَعَل" suffix="" />
				<ArabicLexical word="صِحَّةِ" lemma="صِحَّة" pos="مصرفة منتظمة" prefix="" root="صحح" pattern="فِلّ" suffix="ة" />
				<ArabicLexical word="اِعْتِقَالِي" lemma="اعْتِقَال" pos="مصرفة منتظمة" prefix="" root="عقل" pattern="اِفْتِعَال" suffix="ي" />
				<ArabicLexical word="وَتَوْقِيفِي" lemma="تَوْقِيف" pos="مصرفة منتظمة" prefix="وَ" root="وقف" pattern="تَفْعِيل" suffix="ي" />
				<ArabicLexical word="وَبِالتَّالِي" lemma="تَال" pos="مصرفة منتظمة" prefix="وَبِال" root="تلو" pattern="فَاعِل" suffix="" />
				<ArabicLexical word="عَلَى" lemma="عَلَى" pos="جامدة" prefix="" root="عَلَى" pattern="عَلَى" suffix="" />
				<ArabicLexical word="كَذِبِ" lemma="كَذِب" pos="مصرفة منتظمة" prefix="" root="كذب" pattern="فَعِل" suffix="" />
				<ArabicLexical word="مَا" lemma="مَا" pos="جامدة" prefix="" root="اَلَّذِي" pattern="مَا" suffix="" />
				<ArabicLexical word="جَاءَ" lemma="جَاءَ" pos="مصرفة منتظمة" prefix="" root="جيأ" pattern="فَعلَ" suffix="" />
				<ArabicLexical word="فِي" lemma="فِي" pos="جامدة" prefix="" root="فِي" pattern="فِي" suffix="" />
				<ArabicLexical word="تِلْكَ" lemma="ذَا" pos="جامدة" prefix="" root="ذَا" pattern="تِلْ" suffix="كَ" />
				<ArabicLexical word="اَلصَّحِيفَةِ" lemma="صَحِيفَة" pos="مصرفة منتظمة" prefix="ال" root="صحف" pattern="فَعِيل" suffix="ة" />
			</annotation>
		</sentence>
	</FILE>
	</NEMLAR>