<NEMLAR><FILE name="GeneralNews" number="031">
		<sentence id="06223">
			<text>?نَدْوَتَانِ فِي اَلْجَزَائِرِ وَتِشَادْ لِمُوَاجَهَةِ اَللُّغَةِ اَلْفَرَنْسِيَّةِ</text>
			<annotation>
				<ArabicLexical word="نَدْوَتَانِ" lemma="نَدْوَة" pos="مصرفة منتظمة" prefix="" root="ندو" pattern="فَعْل" suffix="تَانِ" />
				<ArabicLexical word="فِي" lemma="فِي" pos="جامدة" prefix="" root="فِي" pattern="فِي" suffix="" />
				<ArabicLexical word="اَلْجَزَائِرِ" lemma="جَزَائِر" pos="مصرفة منتظمة" prefix="ال" root="جزر" pattern="فَعَائِل" suffix="" />
				<ArabicLexical word="وَتِشَادْ" lemma="تِشَاد" pos="غير عربية" prefix="" root="" pattern="" suffix="" />
				<ArabicLexical word="لِمُوَاجَهَةِ" lemma="مُوَاجَهَة" pos="مصرفة منتظمة" prefix="لِ" root="وجه" pattern="مُفَاعَل" suffix="ة" />
				<ArabicLexical word="اَللُّغَةِ" lemma="لُغَة" pos="استثناء صرفي" prefix="ال" root="لغو" pattern="لُغَ" suffix="ة" />
				<ArabicLexical word="اَلْفَرَنْسِيَّةِ" lemma="فَرَنْسِيّ" pos="غير عربية" prefix="" root="" pattern="" suffix="" />
			</annotation>
		</sentence>
		<sentence id="06224">
			<text>اَلْقَاهِرَةُ - عَلِيٌّ عِلِيوَةْ - إِسْلَامُ أُونْ لَايْنْ </text>
			<annotation>
				<ArabicLexical word="اَلْقَاهِرَةُ" lemma="قَاهِرَة" pos="مصرفة منتظمة" prefix="ال" root="قهر" pattern="فَاعِل" suffix="ة" />
				<ArabicLexical word="عَلِيٌّ" lemma="عَلِيّ" pos="مصرفة منتظمة" prefix="" root="علو" pattern="فَعِلّ" suffix="" />
				<ArabicLexical word="عِلِيوَةْ" lemma="" pos="غير عربية" prefix="" root="" pattern="" suffix="" />
				<ArabicLexical word="إِسْلَامُ" lemma="إِسْلَام" pos="مصرفة منتظمة" prefix="" root="سلم" pattern="إِفْعَال" suffix="" />
				<ArabicLexical word="أُونْ" lemma="أُونْ" pos="غير عربية" prefix="" root="" pattern="" suffix="" />
				<ArabicLexical word="لَايْنْ" lemma="+" pos="غير عربية" prefix="" root="" pattern="" suffix="" />
			</annotation>
		</sentence>
		<sentence id="06225">
			<text>تُكَرِّسُ اَلْفَاعِلِيَّاتُ اَلْعَرَبِيَّةُ وَالْإِسْلَامِيَّةُ فِي اَلْجَزَائِرِ وَتِشَادْ جُهُودَهَا لِمُوَاجَهَةِ اَلسَّيْطَرَةِ اَلْفَرَنْسِيَّةِ عَلَى اَلثَّقَافَةِ وَاللِّسَانِ فِي هَاتَيْنِ اَلدَّوْلَتَيْنِ، وَتَسْعَى لِاسْتِبْدَالِ اَللُّغَةِ اَلْعَرَبِيَّةِ بِهَا. </text>
			<annotation>
				<ArabicLexical word="تُكَرِّسُ" lemma="كَرَّسَ" pos="مصرفة منتظمة" prefix="ت" root="كرس" pattern="فَعَّلَ" suffix="" />
				<ArabicLexical word="اَلْفَاعِلِيَّاتُ" lemma="فَاعِلِيّ" pos="مصرفة منتظمة" prefix="ال" root="فعل" pattern="فَاعِل" suffix="يَّات" />
				<ArabicLexical word="اَلْعَرَبِيَّةُ" lemma="عَرَبِيّ" pos="مصرفة منتظمة" prefix="ال" root="عرب" pattern="فَعَل" suffix="يَّة" />
				<ArabicLexical word="وَالْإِسْلَامِيَّةُ" lemma="إِسْلَامِيّ" pos="مصرفة منتظمة" prefix="وَال" root="سلم" pattern="إِفْعَال" suffix="يَّة" />
				<ArabicLexical word="فِي" lemma="فِي" pos="جامدة" prefix="" root="فِي" pattern="فِي" suffix="" />
				<ArabicLexical word="اَلْجَزَائِرِ" lemma="جَزَائِر" pos="مصرفة منتظمة" prefix="ال" root="جزر" pattern="فَعَائِل" suffix="" />
				<ArabicLexical word="وَتِشَادْ" lemma="تِشَاد" pos="غير عربية" prefix="" root="" pattern="" suffix="" />
				<ArabicLexical word="جُهُودَهَا" lemma="جُهْد" pos="مصرفة منتظمة" prefix="" root="جهد" pattern="فُعُول" suffix="هَا" />
				<ArabicLexical word="لِمُوَاجَهَةِ" lemma="مُوَاجَهَة" pos="مصرفة منتظمة" prefix="لِ" root="وجه" pattern="مُفَاعَل" suffix="ة" />
				<ArabicLexical word="اَلسَّيْطَرَةِ" lemma="سَيْطَرَة" pos="مصرفة منتظمة" prefix="ال" root="سيطر" pattern="فَعْلَل" suffix="ة" />
				<ArabicLexical word="اَلْفَرَنْسِيَّةِ" lemma="فَرَنْسِيّ" pos="غير عربية" prefix="" root="" pattern="" suffix="" />
				<ArabicLexical word="عَلَى" lemma="عَلَى" pos="جامدة" prefix="" root="عَلَى" pattern="عَلَى" suffix="" />
				<ArabicLexical word="اَلثَّقَافَةِ" lemma="ثَقَافَة" pos="مصرفة منتظمة" prefix="ال" root="ثقف" pattern="فَعَال" suffix="ة" />
				<ArabicLexical word="وَاللِّسَانِ" lemma="لِسَان" pos="مصرفة منتظمة" prefix="وَال" root="لسن" pattern="فِعَال" suffix="" />
				<ArabicLexical word="فِي" lemma="فِي" pos="جامدة" prefix="" root="فِي" pattern="فِي" suffix="" />
				<ArabicLexical word="هَاتَيْنِ" lemma="ذَا" pos="جامدة" prefix="" root="ذَا" pattern="هَاتَ" suffix="يْنِ" />
				<ArabicLexical word="اَلدَّوْلَتَيْنِ" lemma="دَوْلَة" pos="مصرفة منتظمة" prefix="ال" root="دول" pattern="فَعْل" suffix="تَيْنِ" />
				<ArabicLexical word="وَتَسْعَى" lemma="سَعَى" pos="مصرفة منتظمة" prefix="وَت" root="سعي" pattern="فْعَل" suffix="" />
				<ArabicLexical word="لِاسْتِبْدَالِ" lemma="اسْتِبْدَال" pos="مصرفة منتظمة" prefix="لِ" root="بدل" pattern="اِسْتِفْعَال" suffix="" />
				<ArabicLexical word="اَللُّغَةِ" lemma="لُغَة" pos="استثناء صرفي" prefix="ال" root="لغو" pattern="لُغَ" suffix="ة" />
				<ArabicLexical word="اَلْعَرَبِيَّةِ" lemma="عَرَبِيّ" pos="مصرفة منتظمة" prefix="ال" root="عرب" pattern="فَعَل" suffix="يَّة" />
				<ArabicLexical word="بِهَا" lemma="بِي" pos="جامدة" prefix="" root="بِي" pattern="بِهَا" suffix="" />
			</annotation>
		</sentence>
		<sentence id="06226">
			<text>وَفِي هذَا اَلْإِطَارِ يُنَظِّمُ اَلْمَجْلِسُ اَلْأَعْلَى لِلُّغَةِ اَلْعَرَبِيَّةِ بِالْجَزَائِرِ نَدْوَةً عَرَبِيَّةً حَوْلَ (عَالَمِيَّةِ اَللُّغَةِ اَلْعَرَبِيَّةِ) فِي اَلْفَتْرَةِ مِنْ 6-8 عَنْ نُوفَمْبِرَ اَلْحَالِيِّ، وَيُشَارِكُ فِي فَعَالِيَاتِهَا وُفُودٌ مِنْ اَلدُّوَلِ اَلْعَرَبِيَّةِ، وَتَتَنَاوَلُ اَلنَّدْوَةُ اَلْوَسَائِلَ اَلْكَفِيلَةَ بِجَعْلِ اَللُّغَةِ اَلْعَرَبِيَّةِ لُغَةَ اَلْعِلْمِ فِي اَلْوَطَنِ اَلْعَرَبِيِّ خَاصَّةً فِي اَلْعُلُومِ اَلتِّكْنُولُوجِيَّةِ وَالتَّطْبِيقِيَّةِ وَتَعْمِيمِ اِسْتِخْدَامِ اَلْفُصْحَى فِي مَنَاحِي اَلْحَيَاةِ اَلْمُخْتَلِفَةِ. </text>
			<annotation>
				<ArabicLexical word="وَفِي" lemma="فِي" pos="جامدة" prefix="وَ" root="فِي" pattern="فِي" suffix="" />
				<ArabicLexical word="هذَا" lemma="ذَا" pos="جامدة" prefix="" root="ذَا" pattern="هذَا" suffix="" />
				<ArabicLexical word="اَلْإِطَارِ" lemma="إِطَار" pos="مصرفة منتظمة" prefix="ال" root="أطر" pattern="فِعَال" suffix="" />
				<ArabicLexical word="يُنَظِّمُ" lemma="نَظَّمَ" pos="مصرفة منتظمة" prefix="ي" root="نظم" pattern="فَعَّلَ" suffix="" />
				<ArabicLexical word="اَلْمَجْلِسُ" lemma="مَجْلِس" pos="مصرفة منتظمة" prefix="ال" root="جلس" pattern="مَفْعِل" suffix="" />
				<ArabicLexical word="اَلْأَعْلَى" lemma="أَعْلَى" pos="مصرفة منتظمة" prefix="ال" root="علو" pattern="أَفْعَل" suffix="" />
				<ArabicLexical word="لِلُّغَةِ" lemma="-" pos="استثناء صرفي" prefix="لِل" root="لغو" pattern="لُغَ" suffix="ة" />
				<ArabicLexical word="اَلْعَرَبِيَّةِ" lemma="عَرَبِيّ" pos="مصرفة منتظمة" prefix="ال" root="عرب" pattern="فَعَل" suffix="يَّة" />
				<ArabicLexical word="بِالْجَزَائِرِ" lemma="جَزَائِر" pos="مصرفة منتظمة" prefix="بِال" root="جزر" pattern="فَعَائِل" suffix="" />
				<ArabicLexical word="نَدْوَةً" lemma="نَدْوَة" pos="مصرفة منتظمة" prefix="" root="ندو" pattern="فَعْل" suffix="ة" />
				<ArabicLexical word="عَرَبِيَّةً" lemma="عَرَبِيّ" pos="مصرفة منتظمة" prefix="" root="عرب" pattern="فَعَل" suffix="يَّة" />
				<ArabicLexical word="حَوْلَ" lemma="حَوْل" pos="مصرفة منتظمة" prefix="" root="حول" pattern="فَعْل" suffix="" />
				<ArabicLexical word="عَالَمِيَّةِ" lemma="عَالَمِيّ" pos="استثناء صرفي" prefix="" root="علم" pattern="عَالَم" suffix="يَّة" />
				<ArabicLexical word="اَللُّغَةِ" lemma="لُغَة" pos="استثناء صرفي" prefix="ال" root="لغو" pattern="لُغَ" suffix="ة" />
				<ArabicLexical word="اَلْعَرَبِيَّةِ" lemma="عَرَبِيّ" pos="مصرفة منتظمة" prefix="ال" root="عرب" pattern="فَعَل" suffix="يَّة" />
				<ArabicLexical word="فِي" lemma="فِي" pos="جامدة" prefix="" root="فِي" pattern="فِي" suffix="" />
				<ArabicLexical word="اَلْفَتْرَةِ" lemma="فَتْرَة" pos="مصرفة منتظمة" prefix="ال" root="فتر" pattern="فَعْل" suffix="ة" />
				<ArabicLexical word="مِنْ" lemma="مِنْ" pos="جامدة" prefix="" root="مِنْ" pattern="مِنْ" suffix="" />
				<ArabicLexical word="عَنْ" lemma="عَنْ" pos="جامدة" prefix="" root="عَنْ" pattern="عَنْ" suffix="" />
				<ArabicLexical word="نُوفَمْبِرَ" lemma="نُوفَمْبِر" pos="معربة" prefix="" root="نُوفَمْبِر" pattern="نُوفَمْبِر" suffix="" />
				<ArabicLexical word="اَلْحَالِيِّ" lemma="حَالِيّ" pos="مصرفة منتظمة" prefix="ال" root="حول" pattern="فَعل" suffix="يّ" />
				<ArabicLexical word="وَيُشَارِكُ" lemma="شَارَكَ" pos="مصرفة منتظمة" prefix="وَي" root="شرك" pattern="فَاعَلَ" suffix="" />
				<ArabicLexical word="فِي" lemma="فِي" pos="جامدة" prefix="" root="فِي" pattern="فِي" suffix="" />
				<ArabicLexical word="فَعَالِيَاتِهَا" lemma="عَالِيَة" pos="مصرفة منتظمة" prefix="" root="فعل" pattern="فَعَالِيَ" suffix="اتهَا" />
				<ArabicLexical word="وُفُودٌ" lemma="وَفْد" pos="مصرفة منتظمة" prefix="" root="وفد" pattern="فُعُول" suffix="" />
				<ArabicLexical word="مِنْ" lemma="مِنْ" pos="جامدة" prefix="" root="مِنْ" pattern="مِنْ" suffix="" />
				<ArabicLexical word="اَلدُّوَلِ" lemma="دَوْلَة" pos="مصرفة منتظمة" prefix="ال" root="دول" pattern="فُعَل" suffix="" />
				<ArabicLexical word="اَلْعَرَبِيَّةِ" lemma="عَرَبِيّ" pos="مصرفة منتظمة" prefix="ال" root="عرب" pattern="فَعَل" suffix="يَّة" />
				<ArabicLexical word="وَتَتَنَاوَلُ" lemma="تَنَاوَلَ" pos="مصرفة منتظمة" prefix="وَت" root="نول" pattern="تَفَاعَلَ" suffix="" />
				<ArabicLexical word="اَلنَّدْوَةُ" lemma="نَدْوَة" pos="مصرفة منتظمة" prefix="ال" root="ندو" pattern="فَعْل" suffix="ة" />
				<ArabicLexical word="اَلْوَسَائِلَ" lemma="وَسِيلَة" pos="مصرفة منتظمة" prefix="ال" root="وسل" pattern="فَعَائِل" suffix="" />
				<ArabicLexical word="اَلْكَفِيلَةَ" lemma="كَفِيل" pos="مصرفة منتظمة" prefix="ال" root="كفل" pattern="فَعِيل" suffix="ة" />
				<ArabicLexical word="بِجَعْلِ" lemma="جَعْل" pos="مصرفة منتظمة" prefix="بِ" root="جعل" pattern="فَعْل" suffix="" />
				<ArabicLexical word="اَللُّغَةِ" lemma="لُغَة" pos="استثناء صرفي" prefix="ال" root="لغو" pattern="لُغَ" suffix="ة" />
				<ArabicLexical word="اَلْعَرَبِيَّةِ" lemma="عَرَبِيّ" pos="مصرفة منتظمة" prefix="ال" root="عرب" pattern="فَعَل" suffix="يَّة" />
				<ArabicLexical word="لُغَةَ" lemma="لُغَة" pos="استثناء صرفي" prefix="" root="لغو" pattern="لُغَ" suffix="ة" />
				<ArabicLexical word="اَلْعِلْمِ" lemma="عِلْم" pos="مصرفة منتظمة" prefix="ال" root="علم" pattern="فِعْل" suffix="" />
				<ArabicLexical word="فِي" lemma="فِي" pos="جامدة" prefix="" root="فِي" pattern="فِي" suffix="" />
				<ArabicLexical word="اَلْوَطَنِ" lemma="وَطَن" pos="مصرفة منتظمة" prefix="ال" root="وطن" pattern="فَعَل" suffix="" />
				<ArabicLexical word="اَلْعَرَبِيِّ" lemma="عَرَبِيّ" pos="مصرفة منتظمة" prefix="ال" root="عرب" pattern="فَعَل" suffix="يّ" />
				<ArabicLexical word="خَاصَّةً" lemma="خَاصَّة" pos="مصرفة منتظمة" prefix="" root="خصص" pattern="فَالّ" suffix="ة" />
				<ArabicLexical word="فِي" lemma="فِي" pos="جامدة" prefix="" root="فِي" pattern="فِي" suffix="" />
				<ArabicLexical word="اَلْعُلُومِ" lemma="عِلْم" pos="مصرفة منتظمة" prefix="ال" root="علم" pattern="فُعُول" suffix="" />
				<ArabicLexical word="اَلتِّكْنُولُوجِيَّةِ" lemma="تِكْنُولُوجِيّ" pos="غير عربية" prefix="" root="" pattern="" suffix="" />
				<ArabicLexical word="وَالتَّطْبِيقِيَّةِ" lemma="تَطْبِيقِيّ" pos="مصرفة منتظمة" prefix="وَال" root="طبق" pattern="تَفْعِيل" suffix="يَّة" />
				<ArabicLexical word="وَتَعْمِيمِ" lemma="تَعْمِيم" pos="مصرفة منتظمة" prefix="وَ" root="عمم" pattern="تَفْعِيل" suffix="" />
				<ArabicLexical word="اِسْتِخْدَامِ" lemma="اسْتِخْدَام" pos="مصرفة منتظمة" prefix="" root="خدم" pattern="اِسْتِفْعَال" suffix="" />
				<ArabicLexical word="اَلْفُصْحَى" lemma="فُصْحَى" pos="مصرفة منتظمة" prefix="ال" root="فصح" pattern="فُعْلَى" suffix="" />
				<ArabicLexical word="فِي" lemma="فِي" pos="جامدة" prefix="" root="فِي" pattern="فِي" suffix="" />
				<ArabicLexical word="مَنَاحِي" lemma="مَنَاحِيّ" pos="مصرفة منتظمة" prefix="" root="نحو" pattern="مَفَاعِل" suffix="" />
				<ArabicLexical word="اَلْحَيَاةِ" lemma="حَيَاة" pos="مصرفة منتظمة" prefix="ال" root="حيي" pattern="فَعَل" suffix="ة" />
				<ArabicLexical word="اَلْمُخْتَلِفَةِ" lemma="مُخْتَلِف" pos="مصرفة منتظمة" prefix="ال" root="خلف" pattern="مُفْتَعِل" suffix="ة" />
			</annotation>
		</sentence>
		<sentence id="06227">
			<text>صَرَّحَ بِذلِكَ ل (إِسْلَامِ أُونْ لَايْنْ) مُحَمَّدٌ اَلْهَادِي بُو طَارِقٍ عُضْوُ اَلْمَجْلِسِ اَلْأَعْلَى وَأَضَافَ فِي مُقَابَلَةٍ تَمَّتْ فِي اَلْقَاهِرَةِ بِأَنَّ اَلْمَجْلِسَ يَتَبَنَّى اِسْتِرَاتِيجِيَّةً تَهْدِفُ إِلَى إِحْلَالِ اَللُّغَةِ اَلْعَرَبِيَّةِ فِي كَافَّةِ مَرَافِقِ اَلدُّوَلِ وَالْحَيَاةِ دَاخِلَ اَلْجَزَائِرِ مَحَلَّ اَللُّغَةِ اَلْفَرَنْسِيَّةِ اَلَّتِي كَانَ اَلْفَرَنْسِيُّونَ اَلْمُحْتَلُّونَ يَبْذُلُونَ قُصَارَى جُهْدِهِمْ لِفَرْنَسَةْ اَللِّسَانِ اَلْجَزَائِرِيِّ، وَتَمَّ حَتَّى اَلْآنَ تَعْرِيبُ كُلِّ اَلْمَنَاهِجِ اَلدِّرَاسِيَّةِ فِي كُلِّ مَرَاحِلِ اَلتَّعْلِيمِ اَلِابْتِدَائِيِّ وَالْإِعْدَادِيِّ وَالثَّانَوِيِّ خَاصَّةً فِي اَلرِّيَاضِيَّاتِ وَالْفِيزْيَاءْ وَالْعُلُومِ. </text>
			<annotation>
				<ArabicLexical word="صَرَّحَ" lemma="صَرَّحَ" pos="مصرفة منتظمة" prefix="" root="صرح" pattern="فَعَّلَ" suffix="" />
				<ArabicLexical word="بِذلِكَ" lemma="ذَا" pos="جامدة" prefix="بِ" root="ذَا" pattern="ذلِ" suffix="كَ" />
				<ArabicLexical word="ل" lemma="+" pos="غير عربية" prefix="" root="" pattern="" suffix="" />
				<ArabicLexical word="إِسْلَامِ" lemma="إِسْلَام" pos="مصرفة منتظمة" prefix="" root="سلم" pattern="إِفْعَال" suffix="" />
				<ArabicLexical word="أُونْ" lemma="أُونْ" pos="غير عربية" prefix="" root="" pattern="" suffix="" />
				<ArabicLexical word="لَايْنْ" lemma="+" pos="غير عربية" prefix="" root="" pattern="" suffix="" />
				<ArabicLexical word="مُحَمَّدٌ" lemma="مُحَمَّد" pos="مصرفة منتظمة" prefix="" root="حمد" pattern="مُفَعَّل" suffix="" />
				<ArabicLexical word="اَلْهَادِي" lemma="هَادِي" pos="مصرفة منتظمة" prefix="ال" root="هدي" pattern="فَاعِل" suffix="" />
				<ArabicLexical word="بُو" lemma="بُو" pos="غير عربية" prefix="" root="" pattern="" suffix="" />
				<ArabicLexical word="طَارِقٍ" lemma="طَارِق" pos="مصرفة منتظمة" prefix="" root="طرق" pattern="فَاعِل" suffix="" />
				<ArabicLexical word="عُضْوُ" lemma="عُضْو" pos="مصرفة منتظمة" prefix="" root="عضو" pattern="فُعْل" suffix="" />
				<ArabicLexical word="اَلْمَجْلِسِ" lemma="مَجْلِس" pos="مصرفة منتظمة" prefix="ال" root="جلس" pattern="مَفْعِل" suffix="" />
				<ArabicLexical word="اَلْأَعْلَى" lemma="أَعْلَى" pos="مصرفة منتظمة" prefix="ال" root="علو" pattern="أَفْعَل" suffix="" />
				<ArabicLexical word="وَأَضَافَ" lemma="أَضَافَ" pos="مصرفة منتظمة" prefix="وَ" root="ضيف" pattern="أَفَعلَ" suffix="" />
				<ArabicLexical word="فِي" lemma="فِي" pos="جامدة" prefix="" root="فِي" pattern="فِي" suffix="" />
				<ArabicLexical word="مُقَابَلَةٍ" lemma="مُقَابَلَة" pos="مصرفة منتظمة" prefix="" root="قبل" pattern="مُفَاعَل" suffix="ة" />
				<ArabicLexical word="تَمَّتْ" lemma="تَمَّ" pos="مصرفة منتظمة" prefix="" root="تمم" pattern="فَلَّ" suffix="تْ" />
				<ArabicLexical word="فِي" lemma="فِي" pos="جامدة" prefix="" root="فِي" pattern="فِي" suffix="" />
				<ArabicLexical word="اَلْقَاهِرَةِ" lemma="قَاهِرَة" pos="مصرفة منتظمة" prefix="ال" root="قهر" pattern="فَاعِل" suffix="ة" />
				<ArabicLexical word="بِأَنَّ" lemma="أَنَّ" pos="جامدة" prefix="بِ" root="أَنَّ" pattern="أَنَّ" suffix="" />
				<ArabicLexical word="اَلْمَجْلِسَ" lemma="مَجْلِس" pos="مصرفة منتظمة" prefix="ال" root="جلس" pattern="مَفْعِل" suffix="" />
				<ArabicLexical word="يَتَبَنَّى" lemma="تَبَنَّى" pos="مصرفة منتظمة" prefix="ي" root="بنو" pattern="تَفَعَّل" suffix="" />
				<ArabicLexical word="إِسْتِرَاتِيجِيَّةً" lemma="إِسْتِرَاتِيجِيّ" pos="غير عربية" prefix="" root="" pattern="" suffix="" />
				<ArabicLexical word="تَهْدِفُ" lemma="هَدَفَ" pos="مصرفة منتظمة" prefix="ت" root="هدف" pattern="فْعِل" suffix="" />
				<ArabicLexical word="إِلَى" lemma="إِلَى" pos="جامدة" prefix="" root="إِلَى" pattern="إِلَى" suffix="" />
				<ArabicLexical word="إِحْلَالِ" lemma="إِحْلَال" pos="مصرفة منتظمة" prefix="" root="حلل" pattern="إِفْعَال" suffix="" />
				<ArabicLexical word="اَللُّغَةِ" lemma="لُغَة" pos="استثناء صرفي" prefix="ال" root="لغو" pattern="لُغَ" suffix="ة" />
				<ArabicLexical word="اَلْعَرَبِيَّةِ" lemma="عَرَبِيّ" pos="مصرفة منتظمة" prefix="ال" root="عرب" pattern="فَعَل" suffix="يَّة" />
				<ArabicLexical word="فِي" lemma="فِي" pos="جامدة" prefix="" root="فِي" pattern="فِي" suffix="" />
				<ArabicLexical word="كَافَّةِ" lemma="كَافَّة" pos="مصرفة منتظمة" prefix="" root="كفف" pattern="فَالّ" suffix="ة" />
				<ArabicLexical word="مَرَافِقِ" lemma="مِرْفَق" pos="مصرفة منتظمة" prefix="" root="رفق" pattern="مَفَاعِل" suffix="" />
				<ArabicLexical word="اَلدُّوَلِ" lemma="دَوْلَة" pos="مصرفة منتظمة" prefix="ال" root="دول" pattern="فُعَل" suffix="" />
				<ArabicLexical word="وَالْحَيَاةِ" lemma="حَيَاة" pos="مصرفة منتظمة" prefix="وَال" root="حيي" pattern="فَعَل" suffix="ة" />
				<ArabicLexical word="دَاخِلَ" lemma="دَاخِل" pos="مصرفة منتظمة" prefix="" root="دخل" pattern="فَاعِل" suffix="" />
				<ArabicLexical word="اَلْجَزَائِرِ" lemma="جَزَائِر" pos="مصرفة منتظمة" prefix="ال" root="جزر" pattern="فَعَائِل" suffix="" />
				<ArabicLexical word="مَحَلَّ" lemma="مَحَلّ" pos="مصرفة منتظمة" prefix="" root="حلل" pattern="مَفَلّ" suffix="" />
				<ArabicLexical word="اَللُّغَةِ" lemma="لُغَة" pos="استثناء صرفي" prefix="ال" root="لغو" pattern="لُغَ" suffix="ة" />
				<ArabicLexical word="اَلْفَرَنْسِيَّةِ" lemma="فَرَنْسِيّ" pos="غير عربية" prefix="" root="" pattern="" suffix="" />
				<ArabicLexical word="اَلَّتِي" lemma="اَلَّذِي" pos="جامدة" prefix="ال" root="اَلَّذِي" pattern="لَتِي" suffix="" />
				<ArabicLexical word="كَانَ" lemma="كَانَ" pos="مصرفة منتظمة" prefix="" root="كون" pattern="فَعلَ" suffix="" />
				<ArabicLexical word="اَلْفَرَنْسِيُّونَ" lemma="فَرَنْسِيّ" pos="غير عربية" prefix="" root="" pattern="" suffix="" />
				<ArabicLexical word="اَلْمُحْتَلُّونَ" lemma="مُحْتَلّ" pos="مصرفة منتظمة" prefix="ال" root="حلل" pattern="مُفْتَلّ" suffix="ونَ" />
				<ArabicLexical word="يَبْذُلُونَ" lemma="بَذَلَ" pos="مصرفة منتظمة" prefix="ي" root="بذل" pattern="فْعُل" suffix="ونَ" />
				<ArabicLexical word="قُصَارَى" lemma="" pos="غير عربية" prefix="" root="" pattern="" suffix="" />
				<ArabicLexical word="جُهْدِهِمْ" lemma="جُهْد" pos="مصرفة منتظمة" prefix="" root="جهد" pattern="فُعْل" suffix="همْ" />
				<ArabicLexical word="لِفَرْنَسَةْ" lemma="" pos="غير عربية" prefix="" root="" pattern="" suffix="" />
				<ArabicLexical word="اَللِّسَانِ" lemma="لِسَان" pos="مصرفة منتظمة" prefix="ال" root="لسن" pattern="فِعَال" suffix="" />
				<ArabicLexical word="اَلْجَزَائِرِيِّ" lemma="جَزَائِرِيّ" pos="مصرفة منتظمة" prefix="ال" root="جزر" pattern="فَعَائِل" suffix="يّ" />
				<ArabicLexical word="وَتَمَّ" lemma="تَمَّ" pos="مصرفة منتظمة" prefix="وَ" root="تمم" pattern="فَلَّ" suffix="" />
				<ArabicLexical word="حَتَّى" lemma="حَتَّى" pos="جامدة" prefix="" root="حَتَّى" pattern="حَتَّى" suffix="" />
				<ArabicLexical word="اَلْآنَ" lemma="آن" pos="مصرفة منتظمة" prefix="ال" root="أون" pattern="فَعل" suffix="" />
				<ArabicLexical word="تَعْرِيبُ" lemma="تَعْرِيب" pos="مصرفة منتظمة" prefix="" root="عرب" pattern="تَفْعِيل" suffix="" />
				<ArabicLexical word="كُلِّ" lemma="أَكَلَ" pos="جامدة" prefix="" root="كُلّ" pattern="كُلّ" suffix="" />
				<ArabicLexical word="اَلْمَنَاهِجِ" lemma="مَنْهَج" pos="مصرفة منتظمة" prefix="ال" root="نهج" pattern="مَفَاعِل" suffix="" />
				<ArabicLexical word="اَلدِّرَاسِيَّةِ" lemma="دِرَاسِيّ" pos="مصرفة منتظمة" prefix="ال" root="درس" pattern="فِعَال" suffix="يَّة" />
				<ArabicLexical word="فِي" lemma="فِي" pos="جامدة" prefix="" root="فِي" pattern="فِي" suffix="" />
				<ArabicLexical word="كُلِّ" lemma="كُلّ" pos="جامدة" prefix="" root="كُلّ" pattern="كُلّ" suffix="" />
				<ArabicLexical word="مَرَاحِلِ" lemma="مَرْحَلَة" pos="مصرفة منتظمة" prefix="" root="رحل" pattern="مَفَاعِل" suffix="" />
				<ArabicLexical word="اَلتَّعْلِيمِ" lemma="تَعْلِيم" pos="مصرفة منتظمة" prefix="ال" root="علم" pattern="تَفْعِيل" suffix="" />
				<ArabicLexical word="اَلِابْتِدَائِيِّ" lemma="ابْتِدَائِيّ" pos="مصرفة منتظمة" prefix="ال" root="بدأ" pattern="اِفْتِعَال" suffix="يّ" />
				<ArabicLexical word="وَالْإِعْدَادِيِّ" lemma="إِعْدَادِيّ" pos="مصرفة منتظمة" prefix="وَال" root="عدد" pattern="إِفْعَال" suffix="يّ" />
				<ArabicLexical word="وَالثَّانَوِيِّ" lemma="ثَانَوِيّ" pos="مصرفة منتظمة" prefix="وَال" root="ثني" pattern="فَاعَلِ" suffix="يّ" />
				<ArabicLexical word="خَاصَّةً" lemma="خَاصَّة" pos="مصرفة منتظمة" prefix="" root="خصص" pattern="فَالّ" suffix="ة" />
				<ArabicLexical word="فِي" lemma="فِي" pos="جامدة" prefix="" root="فِي" pattern="فِي" suffix="" />
				<ArabicLexical word="اَلرِّيَاضِيَّاتِ" lemma="رِيَاضِيّ" pos="مصرفة منتظمة" prefix="ال" root="روض" pattern="فِعَال" suffix="يَّات" />
				<ArabicLexical word="وَالْفِيزْيَاءْ" lemma="فِيزْيَاء" pos="غير عربية" prefix="" root="" pattern="" suffix="" />
				<ArabicLexical word="وَالْعُلُومِ" lemma="عِلْم" pos="مصرفة منتظمة" prefix="وَال" root="علم" pattern="فُعُول" suffix="" />
			</annotation>
		</sentence>
		<sentence id="06228">
			<text>كَمَا تَمَّ تَعْرِيبُ اَلْعُلُومِ اَلِاجْتِمَاعِيَّةِ وَالْإِنْسَانِيَّةِ مَا عَدَا اَلْعُلُومَ اَلطِّبِّيَّةَ وَالصَّيْدَلِيَّةَ وَالْبَيْطَرِيَّةَ وَجَارٍ تَعْرِيبُهَا حَالِيًّا، وَبِالنِّسْبَةِ لِلْوَثَائِقِ اَلرَّسْمِيَّةِ وَالْمُرَاسِلَاتِ دَاخِلَ دَوَاوِينِ اَلْحُكُومَةِ فَقَدْ تَمَّ تَعْرِيبُهَا بِالْكَامِلِ بَعْدَ أَنْ كَانَتْ كُلُّهَا بِاللُّغَةِ اَلْفَرَنْسِيَّةِ اَلَّتِي كَانَتْ تُسْتَخْدَمُ أَيْضًا فِي اَلْحَيَاةِ اَلْعَامَّةِ فِي اَلشَّارِعِ اَلْجَزَائِرِيِّ. </text>
			<annotation>
				<ArabicLexical word="كَمَا" lemma="مَا" pos="جامدة" prefix="كَ" root="اَلَّذِي" pattern="مَا" suffix="" />
				<ArabicLexical word="تَمَّ" lemma="تَمَّ" pos="مصرفة منتظمة" prefix="" root="تمم" pattern="فَلَّ" suffix="" />
				<ArabicLexical word="تَعْرِيبُ" lemma="تَعْرِيب" pos="مصرفة منتظمة" prefix="" root="عرب" pattern="تَفْعِيل" suffix="" />
				<ArabicLexical word="اَلْعُلُومِ" lemma="عِلْم" pos="مصرفة منتظمة" prefix="ال" root="علم" pattern="فُعُول" suffix="" />
				<ArabicLexical word="اَلِاجْتِمَاعِيَّةِ" lemma="اجْتِمَاعِيّ" pos="مصرفة منتظمة" prefix="ال" root="جمع" pattern="اِفْتِعَال" suffix="يَّة" />
				<ArabicLexical word="وَالْإِنْسَانِيَّةِ" lemma="إِنْسَانِيّ" pos="مصرفة منتظمة" prefix="وَال" root="أنس" pattern="فِعْلَان" suffix="يَّة" />
				<ArabicLexical word="مَا" lemma="مَا" pos="غير عربية" prefix="" root="" pattern="" suffix="" />
				<ArabicLexical word="عَدَا" lemma="عَدَا" pos="مصرفة منتظمة" prefix="" root="عدو" pattern="فَعَل" suffix="" />
				<ArabicLexical word="اَلْعُلُومَ" lemma="عِلْم" pos="مصرفة منتظمة" prefix="ال" root="علم" pattern="فُعُول" suffix="" />
				<ArabicLexical word="اَلطِّبِّيَّةَ" lemma="طِبِّيّ" pos="مصرفة منتظمة" prefix="ال" root="طبب" pattern="فِلّ" suffix="يَّة" />
				<ArabicLexical word="وَالصَّيْدَلِيَّةَ" lemma="صَيْدَلِيَّة" pos="مصرفة منتظمة" prefix="وَال" root="صيدل" pattern="فَعْلَل" suffix="يَّة" />
				<ArabicLexical word="وَالْبَيْطَرِيَّةَ" lemma="بَيْطَرِيّ" pos="مصرفة منتظمة" prefix="وَال" root="بيطر" pattern="فَعْلَل" suffix="يَّة" />
				<ArabicLexical word="وَجَارٍ" lemma="جَار" pos="مصرفة منتظمة" prefix="وَ" root="جري" pattern="فَاعٍل" suffix="" />
				<ArabicLexical word="تَعْرِيبُهَا" lemma="تَعْرِيب" pos="مصرفة منتظمة" prefix="" root="عرب" pattern="تَفْعِيل" suffix="هَا" />
				<ArabicLexical word="حَالِيًّا" lemma="حَالِيّ" pos="مصرفة منتظمة" prefix="" root="حول" pattern="فَعل" suffix="يّ" />
				<ArabicLexical word="وَبِالنِّسْبَةِ" lemma="نِسْبَة" pos="مصرفة منتظمة" prefix="وَبِال" root="نسب" pattern="فِعْل" suffix="ة" />
				<ArabicLexical word="لِلْوَثَائِقِ" lemma="وَثِيقَة" pos="مصرفة منتظمة" prefix="لِل" root="وثق" pattern="فَعَائِل" suffix="" />
				<ArabicLexical word="اَلرَّسْمِيَّةِ" lemma="رَسْمِيّ" pos="مصرفة منتظمة" prefix="ال" root="رسم" pattern="فَعْل" suffix="يَّة" />
				<ArabicLexical word="وَالْمُرَاسِلَاتِ" lemma="مُرَاسِل" pos="مصرفة منتظمة" prefix="وَال" root="رسل" pattern="مُفَاعِل" suffix="ات" />
				<ArabicLexical word="دَاخِلَ" lemma="دَاخِل" pos="مصرفة منتظمة" prefix="" root="دخل" pattern="فَاعِل" suffix="" />
				<ArabicLexical word="دَوَاوِينِ" lemma="دِيوَان" pos="مصرفة منتظمة" prefix="" root="دون" pattern="فَوَاعِيل" suffix="" />
				<ArabicLexical word="اَلْحُكُومَةِ" lemma="حُكُومَة" pos="مصرفة منتظمة" prefix="ال" root="حكم" pattern="فُعُول" suffix="ة" />
				<ArabicLexical word="فَقَدْ" lemma="قَدْ" pos="جامدة" prefix="فَ" root="قَدْ" pattern="قَدْ" suffix="" />
				<ArabicLexical word="تَمَّ" lemma="تَمَّ" pos="مصرفة منتظمة" prefix="" root="تمم" pattern="فَلَّ" suffix="" />
				<ArabicLexical word="تَعْرِيبُهَا" lemma="تَعْرِيب" pos="مصرفة منتظمة" prefix="" root="عرب" pattern="تَفْعِيل" suffix="هَا" />
				<ArabicLexical word="بِالْكَامِلِ" lemma="كَامِل" pos="مصرفة منتظمة" prefix="بِال" root="كمل" pattern="فَاعِل" suffix="" />
				<ArabicLexical word="بَعْدَ" lemma="بَعْدَ" pos="مصرفة منتظمة" prefix="" root="بعد" pattern="فَعْل" suffix="" />
				<ArabicLexical word="أَنْ" lemma="أَنْ" pos="جامدة" prefix="" root="أَنْ" pattern="أَنْ" suffix="" />
				<ArabicLexical word="كَانَتْ" lemma="كَانَ" pos="مصرفة منتظمة" prefix="" root="كون" pattern="فَعلَ" suffix="تْ" />
				<ArabicLexical word="كُلُّهَا" lemma="كُلّ" pos="جامدة" prefix="" root="كُلّ" pattern="كُلّ" suffix="هَا" />
				<ArabicLexical word="بِاللُّغَةِ" lemma="لُغَة" pos="استثناء صرفي" prefix="بِال" root="لغو" pattern="لُغَ" suffix="ة" />
				<ArabicLexical word="اَلْفَرَنْسِيَّةِ" lemma="فَرَنْسِيّ" pos="غير عربية" prefix="" root="" pattern="" suffix="" />
				<ArabicLexical word="اَلَّتِي" lemma="اَلَّذِي" pos="جامدة" prefix="ال" root="اَلَّذِي" pattern="لَتِي" suffix="" />
				<ArabicLexical word="كَانَتْ" lemma="كَانَ" pos="مصرفة منتظمة" prefix="" root="كون" pattern="فَعلَ" suffix="تْ" />
				<ArabicLexical word="تُسْتَخْدَمُ" lemma="اسْتَخْدَمَ" pos="مصرفة منتظمة" prefix="تُ" root="خدم" pattern="اِسْتَفْعَلَ" suffix="" />
				<ArabicLexical word="أَيْضًا" lemma="أَيْض" pos="مصرفة منتظمة" prefix="" root="أيض" pattern="فَعْل" suffix="" />
				<ArabicLexical word="فِي" lemma="فِي" pos="جامدة" prefix="" root="فِي" pattern="فِي" suffix="" />
				<ArabicLexical word="اَلْحَيَاةِ" lemma="حَيَاة" pos="مصرفة منتظمة" prefix="ال" root="حيي" pattern="فَعَل" suffix="ة" />
				<ArabicLexical word="اَلْعَامَّةِ" lemma="عَامّ" pos="مصرفة منتظمة" prefix="ال" root="عمم" pattern="فَالّ" suffix="ة" />
				<ArabicLexical word="فِي" lemma="فِي" pos="جامدة" prefix="" root="فِي" pattern="فِي" suffix="" />
				<ArabicLexical word="اَلشَّارِعِ" lemma="شَارِع" pos="مصرفة منتظمة" prefix="ال" root="شرع" pattern="فَاعِل" suffix="" />
				<ArabicLexical word="اَلْجَزَائِرِيِّ" lemma="جَزَائِرِيّ" pos="مصرفة منتظمة" prefix="ال" root="جزر" pattern="فَعَائِل" suffix="يّ" />
			</annotation>
		</sentence>
		<sentence id="06229">
			<text>وَقَامَ اَلْمَجْلِسُ بِإِصْدَارِ قَامُوسِ اَلْمُصْطَلَحَاتِ اَلْإِدَارِيَّةِ بِاللُّغَتَيْنِ اَلْفَرَنْسِيَّةِ وَالْعَرَبِيَّةِ لِتَعْرِيبِ لُغَةِ اَلْإِدَارَةِ فِي اَلْقِطَاعَيْنِ اَلْعَامِّ وَالْخَاصِّ، وَيَجْرِي إِعْدَادُ قَوَامِيسَ مُمَاثِلَةٍ فِي اَلْمَجَالَاتِ اَلْأُخْرَى بِالْإِضَافَةِ إِلَى إِصْدَارِ مَجَلَّةٍ دَوْرِيَّةٍ تَصْدُرُ كُلَّ ثَلَاثَةِ أَشْهُرٍ تَتَنَاوَلُ اَلْقَضَايَا وَالْبُحُوثَ اَلْمُتَعَلِّقَةَ بِالتَّعْرِيبِ وَالنُّهُوضِ بِاللُّغَةِ اَلْعَرَبِيَّةِ وَتَنْظِيمِ مُلْتَقَيَاتٍ وَدَوْرَاتٍ تَدْرِيبِيَّةٍ لِمَنْسُوبِي اَلْإِدَارَاتِ اَلْحُكُومِيَّةِ تَدُورُ حَوْلَ تَطْوِيرِ اِسْتِخْدَامِ اَللُّغَةِ اَلْعَرَبِيَّةِ. </text>
			<annotation>
				<ArabicLexical word="وَقَامَ" lemma="قَامَ" pos="مصرفة منتظمة" prefix="وَ" root="قوم" pattern="فَعلَ" suffix="" />
				<ArabicLexical word="اَلْمَجْلِسُ" lemma="مَجْلِس" pos="مصرفة منتظمة" prefix="ال" root="جلس" pattern="مَفْعِل" suffix="" />
				<ArabicLexical word="بِإِصْدَارِ" lemma="إِصْدَار" pos="مصرفة منتظمة" prefix="بِ" root="صدر" pattern="إِفْعَال" suffix="" />
				<ArabicLexical word="قَامُوسِ" lemma="قَامُوس" pos="مصرفة منتظمة" prefix="" root="قمس" pattern="فَاعُول" suffix="" />
				<ArabicLexical word="اَلْمُصْطَلَحَاتِ" lemma="مُصْطَلَح" pos="مصرفة منتظمة" prefix="ال" root="صلح" pattern="مُفْطَعَل" suffix="ات" />
				<ArabicLexical word="اَلْإِدَارِيَّةِ" lemma="إِدَارِيّ" pos="مصرفة منتظمة" prefix="ال" root="دور" pattern="إِفَعالَ" suffix="يَّة" />
				<ArabicLexical word="بِاللُّغَتَيْنِ" lemma="لُغَة" pos="استثناء صرفي" prefix="بِال" root="لغو" pattern="لُغَ" suffix="تَيْنِ" />
				<ArabicLexical word="اَلْفَرَنْسِيَّةِ" lemma="فَرَنْسِيّ" pos="غير عربية" prefix="" root="" pattern="" suffix="" />
				<ArabicLexical word="وَالْعَرَبِيَّةِ" lemma="عَرَبِيّ" pos="مصرفة منتظمة" prefix="وَال" root="عرب" pattern="فَعَل" suffix="يَّة" />
				<ArabicLexical word="لِتَعْرِيبِ" lemma="تَعْرِيب" pos="مصرفة منتظمة" prefix="لِ" root="عرب" pattern="تَفْعِيل" suffix="" />
				<ArabicLexical word="لُغَةِ" lemma="لُغَة" pos="استثناء صرفي" prefix="" root="لغو" pattern="لُغَ" suffix="ة" />
				<ArabicLexical word="اَلْإِدَارَةِ" lemma="إِدَارَة" pos="مصرفة منتظمة" prefix="ال" root="دور" pattern="إِفَعالَ" suffix="ة" />
				<ArabicLexical word="فِي" lemma="فِي" pos="جامدة" prefix="" root="فِي" pattern="فِي" suffix="" />
				<ArabicLexical word="اَلْقِطَاعَيْنِ" lemma="قِطَاع" pos="مصرفة منتظمة" prefix="ال" root="قطع" pattern="فِعَال" suffix="يْنِ" />
				<ArabicLexical word="اَلْعَامِّ" lemma="عَامّ" pos="مصرفة منتظمة" prefix="ال" root="عمم" pattern="فَالّ" suffix="" />
				<ArabicLexical word="وَالْخَاصِّ" lemma="خَاصّ" pos="مصرفة منتظمة" prefix="وَال" root="خصص" pattern="فَالّ" suffix="" />
				<ArabicLexical word="وَيَجْرِي" lemma="جَرَى" pos="مصرفة منتظمة" prefix="وَي" root="جري" pattern="فْعِل" suffix="" />
				<ArabicLexical word="إِعْدَادُ" lemma="إِعْدَاد" pos="مصرفة منتظمة" prefix="" root="عدد" pattern="إِفْعَال" suffix="" />
				<ArabicLexical word="قَوَامِيسَ" lemma="قَامُوس" pos="مصرفة منتظمة" prefix="" root="قمس" pattern="فَوَاعِيل" suffix="" />
				<ArabicLexical word="مُمَاثِلَةٍ" lemma="مُمَاثِل" pos="مصرفة منتظمة" prefix="" root="مثل" pattern="مُفَاعِل" suffix="ة" />
				<ArabicLexical word="فِي" lemma="فِي" pos="جامدة" prefix="" root="فِي" pattern="فِي" suffix="" />
				<ArabicLexical word="اَلْمَجَالَاتِ" lemma="مَجَال" pos="مصرفة منتظمة" prefix="ال" root="جول" pattern="مَفَعل" suffix="ات" />
				<ArabicLexical word="اَلْأُخْرَى" lemma="أُخْرَى" pos="مصرفة منتظمة" prefix="ال" root="أخر" pattern="فُعْلَى" suffix="" />
				<ArabicLexical word="بِالْإِضَافَةِ" lemma="إِضَافَة" pos="مصرفة منتظمة" prefix="بِال" root="ضيف" pattern="إِفَعالَ" suffix="ة" />
				<ArabicLexical word="إِلَى" lemma="إِلَى" pos="جامدة" prefix="" root="إِلَى" pattern="إِلَى" suffix="" />
				<ArabicLexical word="إِصْدَارِ" lemma="إِصْدَار" pos="مصرفة منتظمة" prefix="" root="صدر" pattern="إِفْعَال" suffix="" />
				<ArabicLexical word="مَجَلَّةٍ" lemma="مَجَلَّة" pos="مصرفة منتظمة" prefix="" root="جلل" pattern="مَفَلّ" suffix="ة" />
				<ArabicLexical word="دَوْرِيَّةٍ" lemma="دَوْرِيّ" pos="مصرفة منتظمة" prefix="" root="دور" pattern="فَعْل" suffix="يَّة" />
				<ArabicLexical word="تَصْدُرُ" lemma="صَدَرَ" pos="مصرفة منتظمة" prefix="ت" root="صدر" pattern="فْعُل" suffix="" />
				<ArabicLexical word="كُلَّ" lemma="كُلّ" pos="جامدة" prefix="" root="كُلّ" pattern="كُلّ" suffix="" />
				<ArabicLexical word="ثَلَاثَةِ" lemma="ثَلَاث" pos="مصرفة منتظمة" prefix="" root="ثلث" pattern="فَعَال" suffix="ة" />
				<ArabicLexical word="أَشْهُرٍ" lemma="شَهْر" pos="مصرفة منتظمة" prefix="" root="شهر" pattern="أَفْعُل" suffix="" />
				<ArabicLexical word="تَتَنَاوَلُ" lemma="تَنَاوَلَ" pos="مصرفة منتظمة" prefix="ت" root="نول" pattern="تَفَاعَلَ" suffix="" />
				<ArabicLexical word="اَلْقَضَايَا" lemma="قَضِيَّة" pos="مصرفة منتظمة" prefix="ال" root="قضي" pattern="فَعَالَا" suffix="" />
				<ArabicLexical word="وَالْبُحُوثَ" lemma="بَحْث" pos="مصرفة منتظمة" prefix="وَال" root="بحث" pattern="فُعُول" suffix="" />
				<ArabicLexical word="اَلْمُتَعَلِّقَةَ" lemma="مُتَعَلِّق" pos="مصرفة منتظمة" prefix="ال" root="علق" pattern="مُتَفَعِّل" suffix="ة" />
				<ArabicLexical word="بِالتَّعْرِيبِ" lemma="تَعْرِيب" pos="مصرفة منتظمة" prefix="بِال" root="عرب" pattern="تَفْعِيل" suffix="" />
				<ArabicLexical word="وَالنُّهُوضِ" lemma="نُهُوض" pos="مصرفة منتظمة" prefix="وَال" root="نهض" pattern="فُعُول" suffix="" />
				<ArabicLexical word="بِاللُّغَةِ" lemma="لُغَة" pos="استثناء صرفي" prefix="بِال" root="لغو" pattern="لُغَ" suffix="ة" />
				<ArabicLexical word="اَلْعَرَبِيَّةِ" lemma="عَرَبِيّ" pos="مصرفة منتظمة" prefix="ال" root="عرب" pattern="فَعَل" suffix="يَّة" />
				<ArabicLexical word="وَتَنْظِيمِ" lemma="تَنْظِيم" pos="مصرفة منتظمة" prefix="وَ" root="نظم" pattern="تَفْعِيل" suffix="" />
				<ArabicLexical word="مُلْتَقَيَاتٍ" lemma="مُلْتَقَاة" pos="مصرفة منتظمة" prefix="" root="لقي" pattern="مُفْتَعَل" suffix="ات" />
				<ArabicLexical word="وَدَوْرَاتٍ" lemma="دَوْرَة" pos="مصرفة منتظمة" prefix="وَ" root="دور" pattern="فَعْل" suffix="ات" />
				<ArabicLexical word="تَدْرِيبِيَّةٍ" lemma="تَدْرِيبِيّ" pos="مصرفة منتظمة" prefix="" root="درب" pattern="تَفْعِيل" suffix="يَّة" />
				<ArabicLexical word="لِمَنْسُوبِي" lemma="مَنْسُوب" pos="مصرفة منتظمة" prefix="لِ" root="نسب" pattern="مَفْعُول" suffix="ي" />
				<ArabicLexical word="اَلْإِدَارَاتِ" lemma="إِدَارَة" pos="مصرفة منتظمة" prefix="ال" root="دور" pattern="إِفَعالَ" suffix="ات" />
				<ArabicLexical word="اَلْحُكُومِيَّةِ" lemma="حُكُومِيّ" pos="مصرفة منتظمة" prefix="ال" root="حكم" pattern="فُعُول" suffix="يَّة" />
				<ArabicLexical word="تَدُورُ" lemma="دَارَ" pos="مصرفة منتظمة" prefix="ت" root="دور" pattern="فُعل" suffix="" />
				<ArabicLexical word="حَوْلَ" lemma="حَوْل" pos="مصرفة منتظمة" prefix="" root="حول" pattern="فَعْل" suffix="" />
				<ArabicLexical word="تَطْوِيرِ" lemma="تَطْوِير" pos="مصرفة منتظمة" prefix="" root="طور" pattern="تَفْعِيل" suffix="" />
				<ArabicLexical word="اِسْتِخْدَامِ" lemma="اسْتِخْدَام" pos="مصرفة منتظمة" prefix="" root="خدم" pattern="اِسْتِفْعَال" suffix="" />
				<ArabicLexical word="اَللُّغَةِ" lemma="لُغَة" pos="استثناء صرفي" prefix="ال" root="لغو" pattern="لُغَ" suffix="ة" />
				<ArabicLexical word="اَلْعَرَبِيَّةِ" lemma="عَرَبِيّ" pos="مصرفة منتظمة" prefix="ال" root="عرب" pattern="فَعَل" suffix="يَّة" />
			</annotation>
		</sentence>
		<sentence id="06230">
			<text>وَحَوْلَ وُجُودِ مُحَاوَلَاتِ اِنْفِصَالٍ مِنْ جَانِبِ اَلْبَرْبَرِ اَلْجَزَائِرِيِّينَ تَحْتَ ذَرِيعَةِ اَلِاخْتِلَافِ اَلثَّقَافِيِّ عَنْ بَاقِي اَلْجَزَائِرِ، أَوْضَحَ أَنَّ اَلشَّعْبَ اَلْبَرْبَرِيَّ يَعْتَزُّ بِعُرُوبَتِهِ وَإِسْلَامِهِ . وَاللُّغَةُ اَلْإِمَازِدِنِيَّةُ اَلَّتِي يَتَحَدَّثُ بِهَا اَلْبَرْبَرُ هِيَ ذَاتُ أُصُولٍ عَرَبِيَّةٍ، وَأَنَّهُ بِوَصْفِهِ بَرْبَرِيًّا لَا يَقْبَلُ أَنْ يُوصَفَ اَلْبَرْبَرُ بِأَنَّهُمْ لَيْسُوا مِنْ اَلْعَرَبِ، وَإِنَّ اَلزَّعْمَ بِوُجُودِ حَرَكَةٍ اِنْفِصَالِيَّةٍ مِنْ جَانِبِ اَلْبَرْبَرِ هُوَ مَحْضُ هُرَاءٍ وَإِشَاعَاتٍ لَا أَسَاسَ لَهَا عَلَى أَرْضِ اَلْوَاقِعِ. </text>
			<annotation>
				<ArabicLexical word="وَحَوْلَ" lemma="حَوْل" pos="مصرفة منتظمة" prefix="وَ" root="حول" pattern="فَعْل" suffix="" />
				<ArabicLexical word="وُجُودِ" lemma="وُجُود" pos="مصرفة منتظمة" prefix="" root="وجد" pattern="فُعُول" suffix="" />
				<ArabicLexical word="مُحَاوَلَاتِ" lemma="مُحَاوَلَة" pos="مصرفة منتظمة" prefix="" root="حول" pattern="مُفَاعَل" suffix="ات" />
				<ArabicLexical word="اِنْفِصَالٍ" lemma="انْفِصَال" pos="مصرفة منتظمة" prefix="" root="فصل" pattern="اِنْفِعَال" suffix="" />
				<ArabicLexical word="مِنْ" lemma="مِنْ" pos="جامدة" prefix="" root="مِنْ" pattern="مِنْ" suffix="" />
				<ArabicLexical word="جَانِبِ" lemma="جَانِب" pos="مصرفة منتظمة" prefix="" root="جنب" pattern="فَاعِل" suffix="" />
				<ArabicLexical word="اَلْبَرْبَرِ" lemma="بَرْبَر" pos="مصرفة منتظمة" prefix="ال" root="بربر" pattern="فَعْلَل" suffix="" />
				<ArabicLexical word="اَلْجَزَائِرِيِّينَ" lemma="جَزَائِرِيّ" pos="مصرفة منتظمة" prefix="ال" root="جزر" pattern="فَعَائِل" suffix="يِّينَ" />
				<ArabicLexical word="تَحْتَ" lemma="تَحْتَ" pos="جامدة" prefix="" root="تَحْتَ" pattern="تَحْتَ" suffix="" />
				<ArabicLexical word="ذَرِيعَةِ" lemma="ذَرِيعَة" pos="مصرفة منتظمة" prefix="" root="ذرع" pattern="فَعِيل" suffix="ة" />
				<ArabicLexical word="اَلِاخْتِلَافِ" lemma="اخْتِلَاف" pos="مصرفة منتظمة" prefix="ال" root="خلف" pattern="اِفْتِعَال" suffix="" />
				<ArabicLexical word="اَلثَّقَافِيِّ" lemma="ثَقَافِيّ" pos="مصرفة منتظمة" prefix="ال" root="ثقف" pattern="فَعَال" suffix="يّ" />
				<ArabicLexical word="عَنْ" lemma="عَنْ" pos="جامدة" prefix="" root="عَنْ" pattern="عَنْ" suffix="" />
				<ArabicLexical word="بَاقِي" lemma="بَاقِي" pos="مصرفة منتظمة" prefix="" root="بقي" pattern="فَاعِل" suffix="" />
				<ArabicLexical word="اَلْجَزَائِرِ" lemma="جَزَائِر" pos="مصرفة منتظمة" prefix="ال" root="جزر" pattern="فَعَائِل" suffix="" />
				<ArabicLexical word="أَوْضَحَ" lemma="أَوْضَحَ" pos="مصرفة منتظمة" prefix="" root="وضح" pattern="أَفْعَلَ" suffix="" />
				<ArabicLexical word="أَنَّ" lemma="أَنَّ" pos="جامدة" prefix="" root="أَنَّ" pattern="أَنَّ" suffix="" />
				<ArabicLexical word="اَلشَّعْبَ" lemma="شَعْب" pos="مصرفة منتظمة" prefix="ال" root="شعب" pattern="فَعْل" suffix="" />
				<ArabicLexical word="اَلْبَرْبَرِيَّ" lemma="بَرْبَرِيّ" pos="مصرفة منتظمة" prefix="ال" root="بربر" pattern="فَعْلَل" suffix="يّ" />
				<ArabicLexical word="يَعْتَزُّ" lemma="اعْتَزَّ" pos="مصرفة منتظمة" prefix="ي" root="عزز" pattern="اِفْتَلَّ" suffix="" />
				<ArabicLexical word="بِعُرُوبَتِهِ" lemma="عُرُوبَة" pos="مصرفة منتظمة" prefix="بِ" root="عرب" pattern="فُعُول" suffix="ته" />
				<ArabicLexical word="وَإِسْلَامِهِ" lemma="إِسْلَام" pos="مصرفة منتظمة" prefix="وَ" root="سلم" pattern="إِفْعَال" suffix="ه" />
				<ArabicLexical word="وَاللُّغَةُ" lemma="لُغَة" pos="استثناء صرفي" prefix="وَال" root="لغو" pattern="لُغَ" suffix="ة" />
				<ArabicLexical word="اَلْإِمَازِدِنِيَّةُ" lemma="إِمَازِدِنِيّ" pos="غير عربية" prefix="" root="" pattern="" suffix="" />
				<ArabicLexical word="اَلَّتِي" lemma="اَلَّذِي" pos="جامدة" prefix="ال" root="اَلَّذِي" pattern="لَتِي" suffix="" />
				<ArabicLexical word="يَتَحَدَّثُ" lemma="تَحَدَّثَ" pos="مصرفة منتظمة" prefix="ي" root="حدث" pattern="تَفَعَّلَ" suffix="" />
				<ArabicLexical word="بِهَا" lemma="بِي" pos="جامدة" prefix="" root="بِي" pattern="بِهَا" suffix="" />
				<ArabicLexical word="اَلْبَرْبَرُ" lemma="بَرْبَر" pos="مصرفة منتظمة" prefix="ال" root="بربر" pattern="فَعْلَل" suffix="" />
				<ArabicLexical word="هِيَ" lemma="هُوَ" pos="جامدة" prefix="" root="هُوَ" pattern="هِيَ" suffix="" />
				<ArabicLexical word="ذَاتُ" lemma="ذُو" pos="جامدة" prefix="" root="ذُو" pattern="ذَات" suffix="" />
				<ArabicLexical word="أُصُولٍ" lemma="أَصْل" pos="مصرفة منتظمة" prefix="" root="أصل" pattern="فُعُول" suffix="" />
				<ArabicLexical word="عَرَبِيَّةٍ" lemma="عَرَبِيّ" pos="مصرفة منتظمة" prefix="" root="عرب" pattern="فَعَل" suffix="يَّة" />
				<ArabicLexical word="وَأَنَّهُ" lemma="أَنَّ" pos="جامدة" prefix="وَ" root="أَنَّ" pattern="أَنَّ" suffix="ه" />
				<ArabicLexical word="بِوَصْفِهِ" lemma="وَصْف" pos="مصرفة منتظمة" prefix="بِ" root="وصف" pattern="فَعْل" suffix="ه" />
				<ArabicLexical word="بَرْبَرِيًّا" lemma="بَرْبَرِيّ" pos="مصرفة منتظمة" prefix="" root="بربر" pattern="فَعْلَل" suffix="يّ" />
				<ArabicLexical word="لَا" lemma="لَا" pos="جامدة" prefix="" root="لَا" pattern="لَا" suffix="" />
				<ArabicLexical word="يَقْبَلُ" lemma="قَبِلَ" pos="مصرفة منتظمة" prefix="ي" root="قبل" pattern="فْعَل" suffix="" />
				<ArabicLexical word="أَنْ" lemma="أَنْ" pos="جامدة" prefix="" root="أَنْ" pattern="أَنْ" suffix="" />
				<ArabicLexical word="يُوصَفَ" lemma="وَصَفَ" pos="مصرفة منتظمة" prefix="يُ" root="وصف" pattern="فعَل" suffix="" />
				<ArabicLexical word="اَلْبَرْبَرُ" lemma="بَرْبَر" pos="مصرفة منتظمة" prefix="ال" root="بربر" pattern="فَعْلَل" suffix="" />
				<ArabicLexical word="بِأَنَّهُمْ" lemma="أَنَّ" pos="جامدة" prefix="بِ" root="أَنَّ" pattern="أَنَّ" suffix="همْ" />
				<ArabicLexical word="لَيْسُوا" lemma="لَيْسَ" pos="جامدة" prefix="" root="لَيْسَ" pattern="لَيْسَ" suffix="وا" />
				<ArabicLexical word="مِنْ" lemma="مِنْ" pos="جامدة" prefix="" root="مِنْ" pattern="مِنْ" suffix="" />
				<ArabicLexical word="اَلْعَرَبِ" lemma="عَرَب" pos="مصرفة منتظمة" prefix="ال" root="عرب" pattern="فَعَل" suffix="" />
				<ArabicLexical word="وَإِنَّ" lemma="إِنَّ" pos="جامدة" prefix="وَ" root="إِنَّ" pattern="إِنَّ" suffix="" />
				<ArabicLexical word="اَلزَّعْمَ" lemma="زَعْم" pos="مصرفة منتظمة" prefix="ال" root="زعم" pattern="فَعْل" suffix="" />
				<ArabicLexical word="بِوُجُودِ" lemma="وُجُود" pos="مصرفة منتظمة" prefix="بِ" root="وجد" pattern="فُعُول" suffix="" />
				<ArabicLexical word="حَرَكَةٍ" lemma="حَرَكَة" pos="مصرفة منتظمة" prefix="" root="حرك" pattern="فَعَل" suffix="ة" />
				<ArabicLexical word="اِنْفِصَالِيَّةٍ" lemma="اِنْفِصَالِيّ" pos="مصرفة منتظمة" prefix="" root="فصل" pattern="اِنْفِعَال" suffix="يَّة" />
				<ArabicLexical word="مِنْ" lemma="مِنْ" pos="جامدة" prefix="" root="مِنْ" pattern="مِنْ" suffix="" />
				<ArabicLexical word="جَانِبِ" lemma="جَانِب" pos="مصرفة منتظمة" prefix="" root="جنب" pattern="فَاعِل" suffix="" />
				<ArabicLexical word="اَلْبَرْبَرِ" lemma="بَرْبَر" pos="مصرفة منتظمة" prefix="ال" root="بربر" pattern="فَعْلَل" suffix="" />
				<ArabicLexical word="هُوَ" lemma="هُوَ" pos="جامدة" prefix="" root="هُوَ" pattern="هُوَ" suffix="" />
				<ArabicLexical word="مَحْضُ" lemma="مَحْض" pos="مصرفة منتظمة" prefix="" root="محض" pattern="فَعْل" suffix="" />
				<ArabicLexical word="هُرَاءٍ" lemma="هُرَاء" pos="مصرفة منتظمة" prefix="" root="هرأ" pattern="فُعَال" suffix="" />
				<ArabicLexical word="وَإِشَاعَاتٍ" lemma="إِشَاع" pos="مصرفة منتظمة" prefix="وَ" root="شيع" pattern="إِفَعالَ" suffix="ات" />
				<ArabicLexical word="لَا" lemma="لَا" pos="جامدة" prefix="" root="لَا" pattern="لَا" suffix="" />
				<ArabicLexical word="أَسَاسَ" lemma="أَسَاس" pos="مصرفة منتظمة" prefix="" root="أسس" pattern="فَعَال" suffix="" />
				<ArabicLexical word="لَهَا" lemma="لِي" pos="جامدة" prefix="" root="لِي" pattern="لَهَا" suffix="" />
				<ArabicLexical word="عَلَى" lemma="عَلَى" pos="جامدة" prefix="" root="عَلَى" pattern="عَلَى" suffix="" />
				<ArabicLexical word="أَرْضِ" lemma="أَرْض" pos="مصرفة منتظمة" prefix="" root="أرض" pattern="فَعْل" suffix="" />
				<ArabicLexical word="اَلْوَاقِعِ" lemma="وَاقِع" pos="مصرفة منتظمة" prefix="ال" root="وقع" pattern="فَاعِل" suffix="" />
			</annotation>
		</sentence>
		<sentence id="06231">
			<text>مِنْ جَانِبٍ آخَرَ تَعْقِدُ جَامِعَةُ اَلْمَلِكِ فَيْصَلٍ فِي اَلْعَاصِمَةِ اَلتِّشَادِيَّةِ أَنْجَامِينَا نَدْوَةً عِلْمِيَّةً حَوْلَ اَللُّغَةِ اَلْعَرَبِيَّةِ فِي تِشَادْ وَالْوَاقِعِ وَالْمُسْتَقْبَلِ، وَذلِكَ فِي اَلْفَتْرَةِ مِنْ 22 - 26 يَنَايِر عَامَ 2001 بِالتَّعَاوُنِ مَعَ رَابِطَةِ اَلْجَامِعَاتِ اَلْإِسْلَامِيَّةِ. </text>
			<annotation>
				<ArabicLexical word="مِنْ" lemma="مِنْ" pos="جامدة" prefix="" root="مِنْ" pattern="مِنْ" suffix="" />
				<ArabicLexical word="جَانِبٍ" lemma="جَانِب" pos="مصرفة منتظمة" prefix="" root="جنب" pattern="فَاعِل" suffix="" />
				<ArabicLexical word="آخَرَ" lemma="آخَر" pos="مصرفة منتظمة" prefix="" root="أخر" pattern="أَفعَل" suffix="" />
				<ArabicLexical word="تَعْقِدُ" lemma="عَقَدَ" pos="مصرفة منتظمة" prefix="ت" root="عقد" pattern="فْعِل" suffix="" />
				<ArabicLexical word="جَامِعَةُ" lemma="جَامِعَة" pos="مصرفة منتظمة" prefix="" root="جمع" pattern="فَاعِل" suffix="ة" />
				<ArabicLexical word="اَلْمَلِكِ" lemma="مَلِك" pos="مصرفة منتظمة" prefix="ال" root="ملك" pattern="فَعِل" suffix="" />
				<ArabicLexical word="فَيْصَلٍ" lemma="فَيْصَل" pos="استثناء صرفي" prefix="" root="فصل" pattern="فَيْصَل" suffix="" />
				<ArabicLexical word="فِي" lemma="فِي" pos="جامدة" prefix="" root="فِي" pattern="فِي" suffix="" />
				<ArabicLexical word="اَلْعَاصِمَةِ" lemma="عَاصِمَة" pos="مصرفة منتظمة" prefix="ال" root="عصم" pattern="فَاعِل" suffix="ة" />
				<ArabicLexical word="اَلتِّشَادِيَّةِ" lemma="تِشَادِيّ" pos="غير عربية" prefix="" root="" pattern="" suffix="" />
				<ArabicLexical word="أَنْجَامِينَا" lemma="أَنْجَامِينَا" pos="غير عربية" prefix="" root="" pattern="" suffix="" />
				<ArabicLexical word="نَدْوَةً" lemma="نَدْوَة" pos="مصرفة منتظمة" prefix="" root="ندو" pattern="فَعْل" suffix="ة" />
				<ArabicLexical word="عِلْمِيَّةً" lemma="عِلْمِيّ" pos="مصرفة منتظمة" prefix="" root="علم" pattern="فِعْل" suffix="يَّة" />
				<ArabicLexical word="حَوْلَ" lemma="حَوْل" pos="مصرفة منتظمة" prefix="" root="حول" pattern="فَعْل" suffix="" />
				<ArabicLexical word="اَللُّغَةِ" lemma="لُغَة" pos="استثناء صرفي" prefix="ال" root="لغو" pattern="لُغَ" suffix="ة" />
				<ArabicLexical word="اَلْعَرَبِيَّةِ" lemma="عَرَبِيّ" pos="مصرفة منتظمة" prefix="ال" root="عرب" pattern="فَعَل" suffix="يَّة" />
				<ArabicLexical word="فِي" lemma="فِي" pos="جامدة" prefix="" root="فِي" pattern="فِي" suffix="" />
				<ArabicLexical word="تِشَادْ" lemma="تِشَاد" pos="غير عربية" prefix="" root="" pattern="" suffix="" />
				<ArabicLexical word="وَالْوَاقِعِ" lemma="وَاقِع" pos="مصرفة منتظمة" prefix="وَال" root="وقع" pattern="فَاعِل" suffix="" />
				<ArabicLexical word="وَالْمُسْتَقْبَلِ" lemma="مُسْتَقْبَل" pos="مصرفة منتظمة" prefix="وَال" root="قبل" pattern="مُسْتَفْعَل" suffix="" />
				<ArabicLexical word="وَذلِكَ" lemma="ذَا" pos="جامدة" prefix="وَ" root="ذَا" pattern="ذلِ" suffix="كَ" />
				<ArabicLexical word="فِي" lemma="فِي" pos="جامدة" prefix="" root="فِي" pattern="فِي" suffix="" />
				<ArabicLexical word="اَلْفَتْرَةِ" lemma="فَتْرَة" pos="مصرفة منتظمة" prefix="ال" root="فتر" pattern="فَعْل" suffix="ة" />
				<ArabicLexical word="مِنْ" lemma="مِنْ" pos="جامدة" prefix="" root="مِنْ" pattern="مِنْ" suffix="" />
				<ArabicLexical word="يَنَايِر" lemma="يَنَايِر" pos="معربة" prefix="" root="يَنَايِر" pattern="يَنَايِر" suffix="" />
				<ArabicLexical word="عَامَ" lemma="عَام" pos="مصرفة منتظمة" prefix="" root="عوم" pattern="فَعل" suffix="" />
				<ArabicLexical word="بِالتَّعَاوُنِ" lemma="تَعَاوُن" pos="مصرفة منتظمة" prefix="بِال" root="عون" pattern="تَفَاعُل" suffix="" />
				<ArabicLexical word="مَعَ" lemma="مَعَ" pos="جامدة" prefix="" root="مَعَ" pattern="مَعَ" suffix="" />
				<ArabicLexical word="رَابِطَةِ" lemma="رَابِطَة" pos="مصرفة منتظمة" prefix="" root="ربط" pattern="فَاعِل" suffix="ة" />
				<ArabicLexical word="اَلْجَامِعَاتِ" lemma="جَامِع" pos="مصرفة منتظمة" prefix="ال" root="جمع" pattern="فَاعِل" suffix="ات" />
				<ArabicLexical word="اَلْإِسْلَامِيَّةِ" lemma="إِسْلَامِيّ" pos="مصرفة منتظمة" prefix="ال" root="سلم" pattern="إِفْعَال" suffix="يَّة" />
			</annotation>
		</sentence>
		<sentence id="06232">
			<text>وَتَدُورُ اَلنَّدْوَةُ حَوْلَ أَرْبَعَةِ مَحَاوِرَ هِيَ: دُخُولُ اَلْإِسْلَامِ وَاللُّغَةِ اَلْعَرَبِيَّةِ إِلَى مِنْطَقَةِ اَلسُّودَانِ اَلْأَوْسَطِ، وَنَشْأَةُ اَلْمَمَالِكِ اَلْإِسْلَامِيَّةِ فِي تِشَادْ، وَاللُّغَةُ اَلْعَرَبِيَّةِ فِي تِشَادْ فِي عَهْدِ اَلِاحْتِلَالِ اَلْفَرَنْسِيِّ، وَفِي ظِلِّ اَلسِّيَادَةِ اَلْوَطَنِيَّةِ. </text>
			<annotation>
				<ArabicLexical word="وَتَدُورُ" lemma="دَارَ" pos="مصرفة منتظمة" prefix="وَت" root="دور" pattern="فُعل" suffix="" />
				<ArabicLexical word="اَلنَّدْوَةُ" lemma="نَدْوَة" pos="مصرفة منتظمة" prefix="ال" root="ندو" pattern="فَعْل" suffix="ة" />
				<ArabicLexical word="حَوْلَ" lemma="حَوْل" pos="مصرفة منتظمة" prefix="" root="حول" pattern="فَعْل" suffix="" />
				<ArabicLexical word="أَرْبَعَةِ" lemma="أَرْبَع" pos="استثناء صرفي" prefix="" root="ربع" pattern="أَرْبَع" suffix="ة" />
				<ArabicLexical word="مَحَاوِرَ" lemma="مِحْوَر" pos="مصرفة منتظمة" prefix="" root="حور" pattern="مَفَاعِل" suffix="" />
				<ArabicLexical word="هِيَ" lemma="هُوَ" pos="جامدة" prefix="" root="هُوَ" pattern="هِيَ" suffix="" />
				<ArabicLexical word="دُخُولُ" lemma="دُخُول" pos="مصرفة منتظمة" prefix="" root="دخل" pattern="فُعُول" suffix="" />
				<ArabicLexical word="اَلْإِسْلَامِ" lemma="إِسْلَام" pos="مصرفة منتظمة" prefix="ال" root="سلم" pattern="إِفْعَال" suffix="" />
				<ArabicLexical word="وَاللُّغَةِ" lemma="لُغَة" pos="استثناء صرفي" prefix="وَال" root="لغو" pattern="لُغَ" suffix="ة" />
				<ArabicLexical word="اَلْعَرَبِيَّةِ" lemma="عَرَبِيّ" pos="مصرفة منتظمة" prefix="ال" root="عرب" pattern="فَعَل" suffix="يَّة" />
				<ArabicLexical word="إِلَى" lemma="إِلَى" pos="جامدة" prefix="" root="إِلَى" pattern="إِلَى" suffix="" />
				<ArabicLexical word="مِنْطَقَةِ" lemma="مِنْطَقَة" pos="مصرفة منتظمة" prefix="" root="نطق" pattern="مِفْعَل" suffix="ة" />
				<ArabicLexical word="اَلسُّودَانِ" lemma="سُودَان" pos="مصرفة منتظمة" prefix="ال" root="سود" pattern="فُعلَان" suffix="" />
				<ArabicLexical word="اَلْأَوْسَطِ" lemma="أَوْسَط" pos="مصرفة منتظمة" prefix="ال" root="وسط" pattern="أَفْعَل" suffix="" />
				<ArabicLexical word="وَنَشْأَةُ" lemma="نَشْأَة" pos="مصرفة منتظمة" prefix="وَ" root="نشأ" pattern="فَعْل" suffix="ة" />
				<ArabicLexical word="اَلْمَمَالِكِ" lemma="مَمْلَكَة" pos="مصرفة منتظمة" prefix="ال" root="ملك" pattern="مَفَاعِل" suffix="" />
				<ArabicLexical word="اَلْإِسْلَامِيَّةِ" lemma="إِسْلَامِيّ" pos="مصرفة منتظمة" prefix="ال" root="سلم" pattern="إِفْعَال" suffix="يَّة" />
				<ArabicLexical word="فِي" lemma="فِي" pos="جامدة" prefix="" root="فِي" pattern="فِي" suffix="" />
				<ArabicLexical word="تِشَادْ" lemma="تِشَاد" pos="غير عربية" prefix="" root="" pattern="" suffix="" />
				<ArabicLexical word="وَاللُّغَةُ" lemma="لُغَة" pos="استثناء صرفي" prefix="وَال" root="لغو" pattern="لُغَ" suffix="ة" />
				<ArabicLexical word="اَلْعَرَبِيَّةِ" lemma="عَرَبِيّ" pos="مصرفة منتظمة" prefix="ال" root="عرب" pattern="فَعَل" suffix="يَّة" />
				<ArabicLexical word="فِي" lemma="فِي" pos="جامدة" prefix="" root="فِي" pattern="فِي" suffix="" />
				<ArabicLexical word="تِشَادْ" lemma="تِشَاد" pos="غير عربية" prefix="" root="" pattern="" suffix="" />
				<ArabicLexical word="فِي" lemma="فِي" pos="جامدة" prefix="" root="فِي" pattern="فِي" suffix="" />
				<ArabicLexical word="عَهْدِ" lemma="عَهْد" pos="مصرفة منتظمة" prefix="" root="عهد" pattern="فَعْل" suffix="" />
				<ArabicLexical word="اَلِاحْتِلَالِ" lemma="احْتِلَال" pos="مصرفة منتظمة" prefix="ال" root="حلل" pattern="اِفْتِعَال" suffix="" />
				<ArabicLexical word="اَلْفَرَنْسِيِّ" lemma="فَرَنْسِيّ" pos="غير عربية" prefix="" root="" pattern="" suffix="" />
				<ArabicLexical word="وَفِي" lemma="فِي" pos="جامدة" prefix="وَ" root="فِي" pattern="فِي" suffix="" />
				<ArabicLexical word="ظِلِّ" lemma="ظِلّ" pos="مصرفة منتظمة" prefix="" root="ظلل" pattern="فِلّ" suffix="" />
				<ArabicLexical word="اَلسِّيَادَةِ" lemma="سِيَادَة" pos="مصرفة منتظمة" prefix="ال" root="سود" pattern="فِعَال" suffix="ة" />
				<ArabicLexical word="اَلْوَطَنِيَّةِ" lemma="وَطَنِيّ" pos="مصرفة منتظمة" prefix="ال" root="وطن" pattern="فَعَل" suffix="يَّة" />
			</annotation>
		</sentence>
		<sentence id="06233">
			<text>وَتَهْدُفُ اَلنَّدْوَةُ إِلَى تَأْكِيدِ هُوِيَّةِ تِشَادْ اَلْعَرَبِيَّةِ اَلْإِسْلَامِيَّةِ، وَإِبْرَازِ دَوْرِ اَللُّغَةِ اَلْعَرَبِيَّةِ وَمَكَانَتِهَا فِي اَلتَّارِيخِ اَلتِّشَادِيِّ كَأَوَّلِ لُغَةٍ إِدَارِيَّةٍ فِي اَلْعُصُورِ اَلْوُسْطَى، وَتَوْضِيحِ مَا تَعَرَّضَتْ لَهُ اَللُّغَةُ اَلْعَرَبِيَّةُ فِي تِشَادْ مِنْ جَانِبِ اَلْمُسْتَعْمِرِينَ اَلْفَرَنْسِيِّينَ، وَمُنَاقَشَةِ اَلْعَقَبَاتِ اَلَّتِي تُوَاجِهُهَا اَلْعَرَبِيَّةُ فِي تِشَادْ وَالسُّبُلِ اَلْكَفِيلَةِ بِمُوَاجَهَةِ هذِهِ اَلْعَقَبَاتِ، إِلَى جَانِبِ بَيَانِ اَلْآفَاقِ اَلْمُسْتَقْبَلِيَّةِ لِلُّغَةِ اَلْعَرَبِيَّةِ فِي تِشَادْ، صَرَّحَ بِذلِكَ اَلدُّكْتُورُ أَحْمَدُ مُصْطَفَى أَبُو اَلْخَيْرِ اَلْأُسْتَاذُ بِجَامِعَةِ اَلْمَنْصُورَةِ وَالَّذِي سَيُمَثِّلُ مِصْرَ فِي هذِهِ اَلنَّدْوَةِ</text>
			<annotation>
				<ArabicLexical word="وَتَهْدُفُ" lemma="هَدَفَ" pos="مصرفة منتظمة" prefix="وَت" root="هدف" pattern="فْعُل" suffix="" />
				<ArabicLexical word="اَلنَّدْوَةُ" lemma="نَدْوَة" pos="مصرفة منتظمة" prefix="ال" root="ندو" pattern="فَعْل" suffix="ة" />
				<ArabicLexical word="إِلَى" lemma="إِلَى" pos="جامدة" prefix="" root="إِلَى" pattern="إِلَى" suffix="" />
				<ArabicLexical word="تَأْكِيدِ" lemma="تَأْكِيد" pos="مصرفة منتظمة" prefix="" root="أكد" pattern="تَفْعِيل" suffix="" />
				<ArabicLexical word="هُوِيَّةِ" lemma="هُوِيَّة" pos="جامدة" prefix="" root="هُوَ" pattern="هُوَ" suffix="يَّة" />
				<ArabicLexical word="تِشَادْ" lemma="تِشَاد" pos="غير عربية" prefix="" root="" pattern="" suffix="" />
				<ArabicLexical word="اَلْعَرَبِيَّةِ" lemma="عَرَبِيّ" pos="مصرفة منتظمة" prefix="ال" root="عرب" pattern="فَعَل" suffix="يَّة" />
				<ArabicLexical word="اَلْإِسْلَامِيَّةِ" lemma="إِسْلَامِيّ" pos="مصرفة منتظمة" prefix="ال" root="سلم" pattern="إِفْعَال" suffix="يَّة" />
				<ArabicLexical word="وَإِبْرَازِ" lemma="إِبْرَاز" pos="مصرفة منتظمة" prefix="وَ" root="برز" pattern="إِفْعَال" suffix="" />
				<ArabicLexical word="دَوْرِ" lemma="دَوْر" pos="مصرفة منتظمة" prefix="" root="دور" pattern="فَعْل" suffix="" />
				<ArabicLexical word="اَللُّغَةِ" lemma="لُغَة" pos="استثناء صرفي" prefix="ال" root="لغو" pattern="لُغَ" suffix="ة" />
				<ArabicLexical word="اَلْعَرَبِيَّةِ" lemma="عَرَبِيّ" pos="مصرفة منتظمة" prefix="ال" root="عرب" pattern="فَعَل" suffix="يَّة" />
				<ArabicLexical word="وَمَكَانَتِهَا" lemma="مَكَانَة" pos="مصرفة منتظمة" prefix="وَ" root="مكن" pattern="فَعَال" suffix="تهَا" />
				<ArabicLexical word="فِي" lemma="فِي" pos="جامدة" prefix="" root="فِي" pattern="فِي" suffix="" />
				<ArabicLexical word="اَلتَّارِيخِ" lemma="تَارِيخ" pos="استثناء صرفي" prefix="ال" root="أرخ" pattern="تَارِيخ" suffix="" />
				<ArabicLexical word="اَلتِّشَادِيِّ" lemma="تِشَادِيّ" pos="غير عربية" prefix="" root="" pattern="" suffix="" />
				<ArabicLexical word="كَأَوَّلِ" lemma="أَوَّل" pos="استثناء صرفي" prefix="كَ" root="أول" pattern="أَوَّل" suffix="" />
				<ArabicLexical word="لُغَةٍ" lemma="لُغَة" pos="استثناء صرفي" prefix="" root="لغو" pattern="لُغَ" suffix="ة" />
				<ArabicLexical word="إِدَارِيَّةٍ" lemma="إِدَارِيّ" pos="مصرفة منتظمة" prefix="" root="دور" pattern="إِفَعالَ" suffix="يَّة" />
				<ArabicLexical word="فِي" lemma="فِي" pos="جامدة" prefix="" root="فِي" pattern="فِي" suffix="" />
				<ArabicLexical word="اَلْعُصُورِ" lemma="عَصْر" pos="مصرفة منتظمة" prefix="ال" root="عصر" pattern="فُعُول" suffix="" />
				<ArabicLexical word="اَلْوُسْطَى" lemma="وُسْطَى" pos="مصرفة منتظمة" prefix="ال" root="وسط" pattern="فُعْلَى" suffix="" />
				<ArabicLexical word="وَتَوْضِيحِ" lemma="تَوْضِيح" pos="مصرفة منتظمة" prefix="وَ" root="وضح" pattern="تَفْعِيل" suffix="" />
				<ArabicLexical word="مَا" lemma="مَا" pos="جامدة" prefix="" root="اَلَّذِي" pattern="مَا" suffix="" />
				<ArabicLexical word="تَعَرَّضَتْ" lemma="تَعَرَّضَ" pos="مصرفة منتظمة" prefix="" root="عرض" pattern="تَفَعَّلَ" suffix="تْ" />
				<ArabicLexical word="لَهُ" lemma="لِي" pos="جامدة" prefix="" root="لِي" pattern="لَهُ" suffix="" />
				<ArabicLexical word="اَللُّغَةُ" lemma="لُغَة" pos="استثناء صرفي" prefix="ال" root="لغو" pattern="لُغَ" suffix="ة" />
				<ArabicLexical word="اَلْعَرَبِيَّةُ" lemma="عَرَبِيّ" pos="مصرفة منتظمة" prefix="ال" root="عرب" pattern="فَعَل" suffix="يَّة" />
				<ArabicLexical word="فِي" lemma="فِي" pos="جامدة" prefix="" root="فِي" pattern="فِي" suffix="" />
				<ArabicLexical word="تِشَادْ" lemma="تِشَاد" pos="غير عربية" prefix="" root="" pattern="" suffix="" />
				<ArabicLexical word="مِنْ" lemma="مِنْ" pos="جامدة" prefix="" root="مِنْ" pattern="مِنْ" suffix="" />
				<ArabicLexical word="جَانِبِ" lemma="جَانِب" pos="مصرفة منتظمة" prefix="" root="جنب" pattern="فَاعِل" suffix="" />
				<ArabicLexical word="اَلْمُسْتَعْمِرِينَ" lemma="مُسْتَعْمِر" pos="مصرفة منتظمة" prefix="ال" root="عمر" pattern="مُسْتَفْعِل" suffix="ينَ" />
				<ArabicLexical word="اَلْفَرَنْسِيِّينَ" lemma="فَرَنْسِيّ" pos="غير عربية" prefix="" root="" pattern="" suffix="" />
				<ArabicLexical word="وَمُنَاقَشَةِ" lemma="مُنَاقَشَة" pos="مصرفة منتظمة" prefix="وَ" root="نقش" pattern="مُفَاعَل" suffix="ة" />
				<ArabicLexical word="اَلْعَقَبَاتِ" lemma="عَقَبَة" pos="مصرفة منتظمة" prefix="ال" root="عقب" pattern="فَعَل" suffix="ات" />
				<ArabicLexical word="اَلَّتِي" lemma="اَلَّذِي" pos="جامدة" prefix="ال" root="اَلَّذِي" pattern="لَتِي" suffix="" />
				<ArabicLexical word="تُوَاجِهُهَا" lemma="وَاجَهَ" pos="مصرفة منتظمة" prefix="ت" root="وجه" pattern="فَاعَلَ" suffix="هَا" />
				<ArabicLexical word="اَلْعَرَبِيَّةُ" lemma="عَرَبِيّ" pos="مصرفة منتظمة" prefix="ال" root="عرب" pattern="فَعَل" suffix="يَّة" />
				<ArabicLexical word="فِي" lemma="فِي" pos="جامدة" prefix="" root="فِي" pattern="فِي" suffix="" />
				<ArabicLexical word="تِشَادْ" lemma="تِشَاد" pos="غير عربية" prefix="" root="" pattern="" suffix="" />
				<ArabicLexical word="وَالسُّبُلِ" lemma="سَبِيل" pos="مصرفة منتظمة" prefix="وَال" root="سبل" pattern="فُعُل" suffix="" />
				<ArabicLexical word="اَلْكَفِيلَةِ" lemma="كَفِيل" pos="مصرفة منتظمة" prefix="ال" root="كفل" pattern="فَعِيل" suffix="ة" />
				<ArabicLexical word="بِمُوَاجَهَةِ" lemma="مُوَاجَهَة" pos="مصرفة منتظمة" prefix="بِ" root="وجه" pattern="مُفَاعَل" suffix="ة" />
				<ArabicLexical word="هذِهِ" lemma="ذَا" pos="جامدة" prefix="" root="ذَا" pattern="هذِهِ" suffix="" />
				<ArabicLexical word="اَلْعَقَبَاتِ" lemma="عَقَبَة" pos="مصرفة منتظمة" prefix="ال" root="عقب" pattern="فَعَل" suffix="ات" />
				<ArabicLexical word="إِلَى" lemma="إِلَى" pos="جامدة" prefix="" root="إِلَى" pattern="إِلَى" suffix="" />
				<ArabicLexical word="جَانِبِ" lemma="جَانِب" pos="مصرفة منتظمة" prefix="" root="جنب" pattern="فَاعِل" suffix="" />
				<ArabicLexical word="بَيَانِ" lemma="بَيَان" pos="مصرفة منتظمة" prefix="" root="بين" pattern="فَعَال" suffix="" />
				<ArabicLexical word="اَلْآفَاقِ" lemma="أُفُق" pos="مصرفة منتظمة" prefix="ال" root="أفق" pattern="أَفعَال" suffix="" />
				<ArabicLexical word="اَلْمُسْتَقْبَلِيَّةِ" lemma="مُسْتَقْبَلِيّ" pos="مصرفة منتظمة" prefix="ال" root="قبل" pattern="مُسْتَفْعَل" suffix="يَّة" />
				<ArabicLexical word="لِلُّغَةِ" lemma="-" pos="استثناء صرفي" prefix="لِل" root="لغو" pattern="لُغَ" suffix="ة" />
				<ArabicLexical word="اَلْعَرَبِيَّةِ" lemma="عَرَبِيّ" pos="مصرفة منتظمة" prefix="ال" root="عرب" pattern="فَعَل" suffix="يَّة" />
				<ArabicLexical word="فِي" lemma="فِي" pos="جامدة" prefix="" root="فِي" pattern="فِي" suffix="" />
				<ArabicLexical word="تِشَادْ" lemma="تِشَاد" pos="غير عربية" prefix="" root="" pattern="" suffix="" />
				<ArabicLexical word="صَرَّحَ" lemma="صَرَّحَ" pos="مصرفة منتظمة" prefix="" root="صرح" pattern="فَعَّلَ" suffix="" />
				<ArabicLexical word="بِذلِكَ" lemma="ذَا" pos="جامدة" prefix="بِ" root="ذَا" pattern="ذلِ" suffix="كَ" />
				<ArabicLexical word="اَلدُّكْتُورُ" lemma="دُكْتُور" pos="معربة" prefix="ال" root="دُكْتُور" pattern="دُكْتُور" suffix="" />
				<ArabicLexical word="أَحْمَدُ" lemma="أَحْمَد" pos="مصرفة منتظمة" prefix="" root="حمد" pattern="أَفْعَل" suffix="" />
				<ArabicLexical word="مُصْطَفَى" lemma="مُصْطَفَى" pos="مصرفة منتظمة" prefix="" root="صفو" pattern="مُفْطَعَل" suffix="" />
				<ArabicLexical word="أَبُو" lemma="أَب" pos="استثناء صرفي" prefix="" root="أبو" pattern="أَبُو" suffix="" />
				<ArabicLexical word="اَلْخَيْرِ" lemma="خَيْر" pos="مصرفة منتظمة" prefix="ال" root="خير" pattern="فَعْل" suffix="" />
				<ArabicLexical word="اَلْأُسْتَاذُ" lemma="أُسْتَاذ" pos="مصرفة منتظمة" prefix="ال" root="أستذ" pattern="فُعْلَال" suffix="" />
				<ArabicLexical word="بِجَامِعَةِ" lemma="جَامِعَة" pos="مصرفة منتظمة" prefix="بِ" root="جمع" pattern="فَاعِل" suffix="ة" />
				<ArabicLexical word="اَلْمَنْصُورَةِ" lemma="مَنْصُورَة" pos="مصرفة منتظمة" prefix="ال" root="نصر" pattern="مَفْعُول" suffix="ة" />
				<ArabicLexical word="وَالَّذِي" lemma="اَلَّذِي" pos="جامدة" prefix="وَال" root="اَلَّذِي" pattern="لَذِي" suffix="" />
				<ArabicLexical word="سَيُمَثِّلُ" lemma="مَثَّلَ" pos="مصرفة منتظمة" prefix="سَي" root="مثل" pattern="فَعَّلَ" suffix="" />
				<ArabicLexical word="مِصْرَ" lemma="مِصْر" pos="مصرفة منتظمة" prefix="" root="مصر" pattern="فِعْل" suffix="" />
				<ArabicLexical word="فِي" lemma="فِي" pos="جامدة" prefix="" root="فِي" pattern="فِي" suffix="" />
				<ArabicLexical word="هذِهِ" lemma="ذَا" pos="جامدة" prefix="" root="ذَا" pattern="هذِهِ" suffix="" />
				<ArabicLexical word="اَلنَّدْوَةِ" lemma="نَدْوَة" pos="مصرفة منتظمة" prefix="ال" root="ندو" pattern="فَعْل" suffix="ة" />
			</annotation>
		</sentence>
	</FILE>
	</NEMLAR>