<NEMLAR><FILE name="GeneralNews" number="069">
		<sentence id="07138">
			<text>?فِيلْمٌ إِسْبَانِيٌّ يُثِيرُ جَدَلًا بِسَبَبِ اَلثِّيرَانِ  </text>
			<annotation>
				<ArabicLexical word="فِيلْمٌ" lemma="فِيلْم" pos="معربة" prefix="" root="فِيلْم" pattern="فِيلْم" suffix="" />
				<ArabicLexical word="إِسْبَانِيٌّ" lemma="إِسْبَان" pos="غير عربية" prefix="" root="" pattern="" suffix="" />
				<ArabicLexical word="يُثِيرُ" lemma="أَثَارَ" pos="مصرفة منتظمة" prefix="ي" root="ثور" pattern="أَفِعلَ" suffix="" />
				<ArabicLexical word="جَدَلًا" lemma="جَدَل" pos="مصرفة منتظمة" prefix="" root="جدل" pattern="فَعَل" suffix="" />
				<ArabicLexical word="بِسَبَبِ" lemma="سَبَب" pos="مصرفة منتظمة" prefix="بِ" root="سبب" pattern="فَعَل" suffix="" />
				<ArabicLexical word="اَلثِّيرَانِ" lemma="ثَوْر" pos="مصرفة منتظمة" prefix="ال" root="ثور" pattern="فِعلَان" suffix="" />
			</annotation>
		</sentence>
		<sentence id="07139">
			<text> </text>
			<annotation>
			</annotation>
		</sentence>
		<sentence id="07140">
			<text>وَحْدَةُ اَلِاسْتِمَاعِ وَالْمُتَابَعَةِ - إِسْلَامْ أُونْ لَايْنْ.نِتْ/ 17-3-2002</text>
			<annotation>
				<ArabicLexical word="وَحْدَةُ" lemma="وَحْدَة" pos="مصرفة منتظمة" prefix="" root="وحد" pattern="فَعْل" suffix="ة" />
				<ArabicLexical word="اَلِاسْتِمَاعِ" lemma="اسْتِمَاع" pos="مصرفة منتظمة" prefix="ال" root="سمع" pattern="اِفْتِعَال" suffix="" />
				<ArabicLexical word="وَالْمُتَابَعَةِ" lemma="مُتَابَعَة" pos="مصرفة منتظمة" prefix="وَال" root="تبع" pattern="مُفَاعَل" suffix="ة" />
				<ArabicLexical word="إِسْلَامْ" lemma="إِسْلَام" pos="غير عربية" prefix="" root="" pattern="" suffix="" />
				<ArabicLexical word="أُونْ" lemma="أُونْ" pos="غير عربية" prefix="" root="" pattern="" suffix="" />
				<ArabicLexical word="لَايْنْ" lemma="+" pos="غير عربية" prefix="" root="" pattern="" suffix="" />
				<ArabicLexical word="نِتْ" lemma="نِت" pos="غير عربية" prefix="" root="" pattern="" suffix="" />
			</annotation>
		</sentence>
		<sentence id="07141">
			<text> </text>
			<annotation>
			</annotation>
		</sentence>
		<sentence id="07142">
			<text> </text>
			<annotation>
			</annotation>
		</sentence>
		<sentence id="07143">
			<text>إِسْبَانْ يَرْفُضُونَ اِنْتِهَاكَ حُقُوقِ اَلثِّيرَانِ </text>
			<annotation>
				<ArabicLexical word="إِسْبَانْ" lemma="إِسْبَان" pos="غير عربية" prefix="" root="" pattern="" suffix="" />
				<ArabicLexical word="يَرْفُضُونَ" lemma="رَفَضَ" pos="مصرفة منتظمة" prefix="ي" root="رفض" pattern="فْعُل" suffix="ونَ" />
				<ArabicLexical word="اِنْتِهَاكَ" lemma="انْتِهَاك" pos="مصرفة منتظمة" prefix="" root="نهك" pattern="اِفْتِعَال" suffix="" />
				<ArabicLexical word="حُقُوقِ" lemma="حَقّ" pos="مصرفة منتظمة" prefix="" root="حقق" pattern="فُعُول" suffix="" />
				<ArabicLexical word="اَلثِّيرَانِ" lemma="ثَوْر" pos="مصرفة منتظمة" prefix="ال" root="ثور" pattern="فِعلَان" suffix="" />
			</annotation>
		</sentence>
		<sentence id="07144">
			<text> </text>
			<annotation>
			</annotation>
		</sentence>
		<sentence id="07145">
			<text>دَعَتْ مُنَظَّمَاتٌ تُدَافِعُ عَنْ حُقُوقِ اَلْحَيَوَانِ وَالْبِيئَةِ لِمُقَاطَعَةِ فِيلْمٍ إِسْبَانِيٍّ تَعْرِضُهُ دُورُ اَلسِّينِمَا اَلْإِسْبَانِيَّةُ حَالِيًّا بِعُنْوَانِ تَحَدَّثْ مَعَهَا؛ وَذلِكَ بِسَبَبِ قَتْلِ أَرْبَعَةِ ثِيرَانٍ بَعْدَ تَعْذِيبِهَا أَثْنَاءَ تَصْوِيرِ اَلْفِيلْمِ. </text>
			<annotation>
				<ArabicLexical word="دَعَتْ" lemma="دَعَا" pos="مصرفة منتظمة" prefix="" root="دعو" pattern="فَعَل" suffix="تْ" />
				<ArabicLexical word="مُنَظَّمَاتٌ" lemma="مُنَظَّمَة" pos="مصرفة منتظمة" prefix="" root="نظم" pattern="مُفَعَّل" suffix="ات" />
				<ArabicLexical word="تُدَافِعُ" lemma="دَافَعَ" pos="مصرفة منتظمة" prefix="ت" root="دفع" pattern="فَاعَلَ" suffix="" />
				<ArabicLexical word="عَنْ" lemma="عَنْ" pos="جامدة" prefix="" root="عَنْ" pattern="عَنْ" suffix="" />
				<ArabicLexical word="حُقُوقِ" lemma="حَقّ" pos="مصرفة منتظمة" prefix="" root="حقق" pattern="فُعُول" suffix="" />
				<ArabicLexical word="اَلْحَيَوَانِ" lemma="حَيَوَان" pos="استثناء صرفي" prefix="ال" root="حيي" pattern="حَيَوَان" suffix="" />
				<ArabicLexical word="وَالْبِيئَةِ" lemma="بِيئَة" pos="مصرفة منتظمة" prefix="وَال" root="بوأ" pattern="فِعل" suffix="ة" />
				<ArabicLexical word="لِمُقَاطَعَةِ" lemma="مُقَاطَعَة" pos="مصرفة منتظمة" prefix="لِ" root="قطع" pattern="مُفَاعَل" suffix="ة" />
				<ArabicLexical word="فِيلْمٍ" lemma="فِيلْم" pos="معربة" prefix="" root="فِيلْم" pattern="فِيلْم" suffix="" />
				<ArabicLexical word="إِسْبَانِيٍّ" lemma="إِسْبَان" pos="غير عربية" prefix="" root="" pattern="" suffix="" />
				<ArabicLexical word="تَعْرِضُهُ" lemma="عَرَضَ" pos="مصرفة منتظمة" prefix="ت" root="عرض" pattern="فْعِل" suffix="ه" />
				<ArabicLexical word="دُورُ" lemma="دَار" pos="مصرفة منتظمة" prefix="" root="دور" pattern="فُعل" suffix="" />
				<ArabicLexical word="اَلسِّينِمَا" lemma="سِينِمَا" pos="غير عربية" prefix="" root="" pattern="" suffix="" />
				<ArabicLexical word="اَلْإِسْبَانِيَّةُ" lemma="إِسْبَانِيّ" pos="غير عربية" prefix="" root="" pattern="" suffix="" />
				<ArabicLexical word="حَالِيًّا" lemma="حَالِيّ" pos="مصرفة منتظمة" prefix="" root="حول" pattern="فَعل" suffix="يّ" />
				<ArabicLexical word="بِعُنْوَانِ" lemma="عُنْوَان" pos="مصرفة منتظمة" prefix="بِ" root="عنون" pattern="فُعْلَال" suffix="" />
				<ArabicLexical word="تَحَدَّثْ" lemma="تَحَدَّثَ" pos="مصرفة منتظمة" prefix="" root="حدث" pattern="تَفَعَّلْ" suffix="" />
				<ArabicLexical word="مَعَهَا" lemma="مَعَ" pos="جامدة" prefix="" root="مَعَ" pattern="مَعَ" suffix="هَا" />
				<ArabicLexical word="وَذلِكَ" lemma="ذَا" pos="جامدة" prefix="وَ" root="ذَا" pattern="ذلِ" suffix="كَ" />
				<ArabicLexical word="بِسَبَبِ" lemma="سَبَب" pos="مصرفة منتظمة" prefix="بِ" root="سبب" pattern="فَعَل" suffix="" />
				<ArabicLexical word="قَتْلِ" lemma="قَتْل" pos="مصرفة منتظمة" prefix="" root="قتل" pattern="فَعْل" suffix="" />
				<ArabicLexical word="أَرْبَعَةِ" lemma="أَرْبَع" pos="استثناء صرفي" prefix="" root="ربع" pattern="أَرْبَع" suffix="ة" />
				<ArabicLexical word="ثِيرَانٍ" lemma="ثَوْر" pos="مصرفة منتظمة" prefix="" root="ثور" pattern="فِعلَان" suffix="" />
				<ArabicLexical word="بَعْدَ" lemma="بَعْدَ" pos="مصرفة منتظمة" prefix="" root="بعد" pattern="فَعْل" suffix="" />
				<ArabicLexical word="تَعْذِيبِهَا" lemma="تَعْذِيب" pos="مصرفة منتظمة" prefix="" root="عذب" pattern="تَفْعِيل" suffix="هَا" />
				<ArabicLexical word="أَثْنَاءَ" lemma="أَثْنَاءَ" pos="مصرفة منتظمة" prefix="" root="ثني" pattern="أَفْعَال" suffix="" />
				<ArabicLexical word="تَصْوِيرِ" lemma="تَصْوِير" pos="مصرفة منتظمة" prefix="" root="صور" pattern="تَفْعِيل" suffix="" />
				<ArabicLexical word="اَلْفِيلْمِ" lemma="فِيلْم" pos="معربة" prefix="ال" root="فِيلْم" pattern="فِيلْم" suffix="" />
			</annotation>
		</sentence>
		<sentence id="07146">
			<text>وَطِبْقًا لِتَقْرِيرِ هَيْئَةِ اَلْإِذَاعَةِ اَلْبِرِيطَانِيَّةِ اَلْأَحَدَ 17-3-2002 فَإِنَّ مُنَظَّمَةَ بِيئِيُّونَ نَاشِطُونَ تَقُومُ حَالِيًّا بِجَمْعِ تَوْقِيعَاتٍ مِنْ اَلْمُوَاطِنِينَ اَلْإِسْبَانْ اَلرَّافِضِينَ لِلْفِيلْمِ اَلَّذِي أَخْرَجَهُ بِدْرُو أَلْمَادُورْ عَبْرَ مَوْقِعِهَا عَلَى شَبَكَةِ اَلْإِنْتَرْنِتْ لِتَقْدِيمِهَا ضِمْنَ تَقْرِيرٍ لِوِزَارَةِ اَلتَّرْبِيَةِ وَالثَّقَافَةِ اَلْمُشْرِفَةِ عَلَى قِطَاعِ اَلسِّينِمَا، لِلْمُطَالَبَةِ بِوَقْفِ عَرْضِ اَلْفِيلْمِ. </text>
			<annotation>
				<ArabicLexical word="وَطِبْقًا" lemma="طِبْق" pos="مصرفة منتظمة" prefix="وَ" root="طبق" pattern="فِعْل" suffix="" />
				<ArabicLexical word="لِتَقْرِيرِ" lemma="تَقْرِير" pos="مصرفة منتظمة" prefix="لِ" root="قرر" pattern="تَفْعِيل" suffix="" />
				<ArabicLexical word="هَيْئَةِ" lemma="هَيْئَة" pos="مصرفة منتظمة" prefix="" root="هيأ" pattern="فَعْل" suffix="ة" />
				<ArabicLexical word="اَلْإِذَاعَةِ" lemma="إِذَاعَة" pos="مصرفة منتظمة" prefix="ال" root="ذيع" pattern="إِفَعالَ" suffix="ة" />
				<ArabicLexical word="اَلْبِرِيطَانِيَّةِ" lemma="بِرِيطَانِيّ" pos="معربة" prefix="ال" root="إِنْجِلْتِرَا" pattern="بِرِيطَانْ" suffix="يَّة" />
				<ArabicLexical word="اَلْأَحَدَ" lemma="أَحَد" pos="مصرفة منتظمة" prefix="ال" root="أحد" pattern="فَعَل" suffix="" />
				<ArabicLexical word="فَإِنَّ" lemma="أَنَّ" pos="جامدة" prefix="فَ" root="إِنَّ" pattern="إِنَّ" suffix="" />
				<ArabicLexical word="مُنَظَّمَةَ" lemma="مُنَظَّمَة" pos="مصرفة منتظمة" prefix="" root="نظم" pattern="مُفَعَّل" suffix="ة" />
				<ArabicLexical word="بِيئِيُّونَ" lemma="بِيئِيّ" pos="مصرفة منتظمة" prefix="" root="بوأ" pattern="فِعل" suffix="يُّونَ" />
				<ArabicLexical word="نَاشِطُونَ" lemma="نَاشِط" pos="مصرفة منتظمة" prefix="" root="نشط" pattern="فَاعِل" suffix="ونَ" />
				<ArabicLexical word="تَقُومُ" lemma="قَامَ" pos="مصرفة منتظمة" prefix="ت" root="قوم" pattern="فُعل" suffix="" />
				<ArabicLexical word="حَالِيًّا" lemma="حَالِيّ" pos="مصرفة منتظمة" prefix="" root="حول" pattern="فَعل" suffix="يّ" />
				<ArabicLexical word="بِجَمْعِ" lemma="جَمْع" pos="مصرفة منتظمة" prefix="بِ" root="جمع" pattern="فَعْل" suffix="" />
				<ArabicLexical word="تَوْقِيعَاتٍ" lemma="تَوْقِيع" pos="مصرفة منتظمة" prefix="" root="وقع" pattern="تَفْعِيل" suffix="ات" />
				<ArabicLexical word="مِنْ" lemma="مِنْ" pos="جامدة" prefix="" root="مِنْ" pattern="مِنْ" suffix="" />
				<ArabicLexical word="اَلْمُوَاطِنِينَ" lemma="مُوَاطِن" pos="مصرفة منتظمة" prefix="ال" root="وطن" pattern="مُفَاعِل" suffix="ينَ" />
				<ArabicLexical word="اَلْإِسْبَانْ" lemma="إِسْبَان" pos="غير عربية" prefix="" root="" pattern="" suffix="" />
				<ArabicLexical word="اَلرَّافِضِينَ" lemma="رَافِض" pos="مصرفة منتظمة" prefix="ال" root="رفض" pattern="فَاعِل" suffix="ينَ" />
				<ArabicLexical word="لِلْفِيلْمِ" lemma="فِيلْم" pos="معربة" prefix="لِل" root="فِيلْم" pattern="فِيلْم" suffix="" />
				<ArabicLexical word="اَلَّذِي" lemma="اَلَّذِي" pos="جامدة" prefix="ال" root="اَلَّذِي" pattern="لَذِي" suffix="" />
				<ArabicLexical word="أَخْرَجَهُ" lemma="أَخْرَجَ" pos="مصرفة منتظمة" prefix="" root="خرج" pattern="أَفْعَلَ" suffix="ه" />
				<ArabicLexical word="بِدْرُو" lemma="" pos="غير عربية" prefix="" root="" pattern="" suffix="" />
				<ArabicLexical word="أَلْمَادُورْ" lemma="+" pos="غير عربية" prefix="" root="" pattern="" suffix="" />
				<ArabicLexical word="عَبْرَ" lemma="عَبْر" pos="مصرفة منتظمة" prefix="" root="عبر" pattern="فَعْل" suffix="" />
				<ArabicLexical word="مَوْقِعِهَا" lemma="مَوْقِع" pos="مصرفة منتظمة" prefix="" root="وقع" pattern="مَفْعِل" suffix="هَا" />
				<ArabicLexical word="عَلَى" lemma="عَلَى" pos="جامدة" prefix="" root="عَلَى" pattern="عَلَى" suffix="" />
				<ArabicLexical word="شَبَكَةِ" lemma="شَبَكَة" pos="مصرفة منتظمة" prefix="" root="شبك" pattern="فَعَل" suffix="ة" />
				<ArabicLexical word="اَلْإِنْتَرْنِتْ" lemma="إِنْتَرْنِت" pos="غير عربية" prefix="" root="" pattern="" suffix="" />
				<ArabicLexical word="لِتَقْدِيمِهَا" lemma="تَقْدِيم" pos="مصرفة منتظمة" prefix="لِ" root="قدم" pattern="تَفْعِيل" suffix="هَا" />
				<ArabicLexical word="ضِمْنَ" lemma="ضِمْن" pos="مصرفة منتظمة" prefix="" root="ضمن" pattern="فِعْل" suffix="" />
				<ArabicLexical word="تَقْرِيرٍ" lemma="تَقْرِير" pos="مصرفة منتظمة" prefix="" root="قرر" pattern="تَفْعِيل" suffix="" />
				<ArabicLexical word="لِوِزَارَةِ" lemma="وِزَارَة" pos="مصرفة منتظمة" prefix="لِ" root="وزر" pattern="فِعَال" suffix="ة" />
				<ArabicLexical word="اَلتَّرْبِيَةِ" lemma="تَرْبِيَة" pos="مصرفة منتظمة" prefix="ال" root="ربو" pattern="تَفْعِلَ" suffix="ة" />
				<ArabicLexical word="وَالثَّقَافَةِ" lemma="ثَقَافَة" pos="مصرفة منتظمة" prefix="وَال" root="ثقف" pattern="فَعَال" suffix="ة" />
				<ArabicLexical word="اَلْمُشْرِفَةِ" lemma="مُشْرِف" pos="مصرفة منتظمة" prefix="ال" root="شرف" pattern="مُفْعِل" suffix="ة" />
				<ArabicLexical word="عَلَى" lemma="عَلَى" pos="جامدة" prefix="" root="عَلَى" pattern="عَلَى" suffix="" />
				<ArabicLexical word="قِطَاعِ" lemma="قِطَاع" pos="مصرفة منتظمة" prefix="" root="قطع" pattern="فِعَال" suffix="" />
				<ArabicLexical word="اَلسِّينِمَا" lemma="سِينِمَا" pos="غير عربية" prefix="" root="" pattern="" suffix="" />
				<ArabicLexical word="لِلْمُطَالَبَةِ" lemma="مُطَالَبَة" pos="مصرفة منتظمة" prefix="لِل" root="طلب" pattern="مُفَاعَل" suffix="ة" />
				<ArabicLexical word="بِوَقْفِ" lemma="وَقْف" pos="مصرفة منتظمة" prefix="بِ" root="وقف" pattern="فَعْل" suffix="" />
				<ArabicLexical word="عَرْضِ" lemma="عَرْض" pos="مصرفة منتظمة" prefix="" root="عرض" pattern="فَعْل" suffix="" />
				<ArabicLexical word="اَلْفِيلْمِ" lemma="فِيلْم" pos="معربة" prefix="ال" root="فِيلْم" pattern="فِيلْم" suffix="" />
			</annotation>
		</sentence>
		<sentence id="07147">
			<text>فِي نَفْسِ اَلْإِطَارِ، رَفَعَ عَدَدٌ مِنْ اَلْمُهْتَمِّينَ بِشُؤُونِ اَلْبِيئَةِ اَلْإِسْبَانْ دَعْوَى قَضَائِيَّةً ضِدَّ اَلْمُخْرِجِ يَتَّهِمُونَهُ بِقَتْلِ أَرْبَعَةِ ثِيرَانٍ أَثْنَاءَ تَصْوِيرِ فِيلْمِهِ، مِمَّا يُعَدُّ اِنْتِهَاكًا لِقَوَانِينِ حِمَايَةِ اَلْحَيَوَانَاتِ. </text>
			<annotation>
				<ArabicLexical word="فِي" lemma="فِي" pos="جامدة" prefix="" root="فِي" pattern="فِي" suffix="" />
				<ArabicLexical word="نَفْسِ" lemma="نَفْس" pos="مصرفة منتظمة" prefix="" root="نفس" pattern="فَعْل" suffix="" />
				<ArabicLexical word="اَلْإِطَارِ" lemma="إِطَار" pos="مصرفة منتظمة" prefix="ال" root="أطر" pattern="فِعَال" suffix="" />
				<ArabicLexical word="رَفَعَ" lemma="رَفَعَ" pos="مصرفة منتظمة" prefix="" root="رفع" pattern="فَعَلَ" suffix="" />
				<ArabicLexical word="عَدَدٌ" lemma="عَدَد" pos="مصرفة منتظمة" prefix="" root="عدد" pattern="فَعَل" suffix="" />
				<ArabicLexical word="مِنْ" lemma="مِنْ" pos="جامدة" prefix="" root="مِنْ" pattern="مِنْ" suffix="" />
				<ArabicLexical word="اَلْمُهْتَمِّينَ" lemma="مُهْتَمّ" pos="مصرفة منتظمة" prefix="ال" root="همم" pattern="مُفْتَلّ" suffix="ينَ" />
				<ArabicLexical word="بِشُؤُونِ" lemma="شَأْن" pos="مصرفة منتظمة" prefix="بِ" root="شأن" pattern="فُعُول" suffix="" />
				<ArabicLexical word="اَلْبِيئَةِ" lemma="بِيئَة" pos="مصرفة منتظمة" prefix="ال" root="بوأ" pattern="فِعل" suffix="ة" />
				<ArabicLexical word="اَلْإِسْبَانْ" lemma="إِسْبَان" pos="غير عربية" prefix="" root="" pattern="" suffix="" />
				<ArabicLexical word="دَعْوَى" lemma="دَعْوَى" pos="مصرفة منتظمة" prefix="" root="دعو" pattern="فَعْلَى" suffix="" />
				<ArabicLexical word="قَضَائِيَّةً" lemma="قَضَائِيّ" pos="مصرفة منتظمة" prefix="" root="قضي" pattern="فَعَال" suffix="يَّة" />
				<ArabicLexical word="ضِدَّ" lemma="ضِدّ" pos="مصرفة منتظمة" prefix="" root="ضدد" pattern="فِلّ" suffix="" />
				<ArabicLexical word="اَلْمُخْرِجِ" lemma="مُخْرِج" pos="مصرفة منتظمة" prefix="ال" root="خرج" pattern="مُفْعِل" suffix="" />
				<ArabicLexical word="يَتَّهِمُونَهُ" lemma="اتَّهَمَ" pos="مصرفة منتظمة" prefix="ي" root="وهم" pattern="اِفَّعَلَ" suffix="ونَهُ" />
				<ArabicLexical word="بِقَتْلِ" lemma="قَتْل" pos="مصرفة منتظمة" prefix="بِ" root="قتل" pattern="فَعْل" suffix="" />
				<ArabicLexical word="أَرْبَعَةِ" lemma="أَرْبَع" pos="استثناء صرفي" prefix="" root="ربع" pattern="أَرْبَع" suffix="ة" />
				<ArabicLexical word="ثِيرَانٍ" lemma="ثَوْر" pos="مصرفة منتظمة" prefix="" root="ثور" pattern="فِعلَان" suffix="" />
				<ArabicLexical word="أَثْنَاءَ" lemma="أَثْنَاءَ" pos="مصرفة منتظمة" prefix="" root="ثني" pattern="أَفْعَال" suffix="" />
				<ArabicLexical word="تَصْوِيرِ" lemma="تَصْوِير" pos="مصرفة منتظمة" prefix="" root="صور" pattern="تَفْعِيل" suffix="" />
				<ArabicLexical word="فِيلْمِهِ" lemma="فِيلْم" pos="معربة" prefix="" root="فِيلْم" pattern="فِيلْم" suffix="ه" />
				<ArabicLexical word="مِمَّا" lemma="مِنْ" pos="جامدة" prefix="" root="مِنْ" pattern="مِمَّا" suffix="" />
				<ArabicLexical word="يُعَدُّ" lemma="عَدَّ" pos="مصرفة منتظمة" prefix="يُ" root="عدد" pattern="فَلّ" suffix="" />
				<ArabicLexical word="اِنْتِهَاكًا" lemma="انْتِهَاك" pos="مصرفة منتظمة" prefix="" root="نهك" pattern="اِفْتِعَال" suffix="" />
				<ArabicLexical word="لِقَوَانِينِ" lemma="قَانُون" pos="مصرفة منتظمة" prefix="لِ" root="قنن" pattern="فَوَاعِيل" suffix="" />
				<ArabicLexical word="حِمَايَةِ" lemma="حِمَايَة" pos="مصرفة منتظمة" prefix="" root="حمي" pattern="فِعَال" suffix="ة" />
				<ArabicLexical word="اَلْحَيَوَانَاتِ" lemma="حَيَوَان" pos="استثناء صرفي" prefix="ال" root="حيي" pattern="حَيَوَان" suffix="ات" />
			</annotation>
		</sentence>
		<sentence id="07148">
			<text>لكِنَّ مُتَحَدِّثًا بِاسْمِ اَلشَّرِكَةِ اَلْمُنْتِجَةِ لِلْفِيلْمِ، نَفَى وُقُوعَ أَيِّ اِنْتِهَاكَاتٍ لِلْقَوَانِينِ اَلَّتِي تَحْمِي اَلْحَيَوَانَاتِ، مُشِيرًا إِلَى أَنَّ قَتْلَ اَلثِّيرَانِ اَلْأَرْبَعَةِ أَثْنَاءَ اَلتَّصْوِيرِ تَمَّ وَفْقًا لِلْقَوَانِينِ اَلْمَعْمُولِ بِهَا فِي إِسْبَانْيَا. </text>
			<annotation>
				<ArabicLexical word="لكِنَّ" lemma="كَانَ" pos="جامدة" prefix="" root="لكِنَّ" pattern="لكِنَّ" suffix="" />
				<ArabicLexical word="مُتَحَدِّثًا" lemma="مُتَحَدِّث" pos="مصرفة منتظمة" prefix="" root="حدث" pattern="مُتَفَعِّل" suffix="" />
				<ArabicLexical word="بِاسْمِ" lemma="اسْم" pos="استثناء صرفي" prefix="بِ" root="سمو" pattern="اِسْم" suffix="" />
				<ArabicLexical word="اَلشَّرِكَةِ" lemma="شَرِكَة" pos="مصرفة منتظمة" prefix="ال" root="شرك" pattern="فَعِل" suffix="ة" />
				<ArabicLexical word="اَلْمُنْتِجَةِ" lemma="مُنْتِج" pos="مصرفة منتظمة" prefix="ال" root="نتج" pattern="مُفْعِل" suffix="ة" />
				<ArabicLexical word="لِلْفِيلْمِ" lemma="فِيلْم" pos="معربة" prefix="لِل" root="فِيلْم" pattern="فِيلْم" suffix="" />
				<ArabicLexical word="نَفَى" lemma="نَفَى" pos="مصرفة منتظمة" prefix="" root="نفي" pattern="فَعَل" suffix="" />
				<ArabicLexical word="وُقُوعَ" lemma="وُقُوع" pos="مصرفة منتظمة" prefix="" root="وقع" pattern="فُعُول" suffix="" />
				<ArabicLexical word="أَيِّ" lemma="أَيّ" pos="جامدة" prefix="" root="أَيّ" pattern="أَيّ" suffix="" />
				<ArabicLexical word="اِنْتِهَاكَاتٍ" lemma="انْتِهَاك" pos="مصرفة منتظمة" prefix="" root="نهك" pattern="اِفْتِعَال" suffix="ات" />
				<ArabicLexical word="لِلْقَوَانِينِ" lemma="قَانُون" pos="مصرفة منتظمة" prefix="لِل" root="قنن" pattern="فَوَاعِيل" suffix="" />
				<ArabicLexical word="اَلَّتِي" lemma="اَلَّذِي" pos="جامدة" prefix="ال" root="اَلَّذِي" pattern="لَتِي" suffix="" />
				<ArabicLexical word="تَحْمِي" lemma="حَمَى" pos="مصرفة منتظمة" prefix="ت" root="حمي" pattern="فْعِل" suffix="" />
				<ArabicLexical word="اَلْحَيَوَانَاتِ" lemma="حَيَوَان" pos="استثناء صرفي" prefix="ال" root="حيي" pattern="حَيَوَان" suffix="ات" />
				<ArabicLexical word="مُشِيرًا" lemma="مُشِير" pos="مصرفة منتظمة" prefix="" root="شور" pattern="مُفِعل" suffix="" />
				<ArabicLexical word="إِلَى" lemma="إِلَى" pos="جامدة" prefix="" root="إِلَى" pattern="إِلَى" suffix="" />
				<ArabicLexical word="أَنَّ" lemma="أَنَّ" pos="جامدة" prefix="" root="أَنَّ" pattern="أَنَّ" suffix="" />
				<ArabicLexical word="قَتْلَ" lemma="قَتْل" pos="مصرفة منتظمة" prefix="" root="قتل" pattern="فَعْل" suffix="" />
				<ArabicLexical word="اَلثِّيرَانِ" lemma="ثَوْر" pos="مصرفة منتظمة" prefix="ال" root="ثور" pattern="فِعلَان" suffix="" />
				<ArabicLexical word="اَلْأَرْبَعَةِ" lemma="أَرْبَع" pos="استثناء صرفي" prefix="ال" root="ربع" pattern="أَرْبَع" suffix="ة" />
				<ArabicLexical word="أَثْنَاءَ" lemma="أَثْنَاءَ" pos="مصرفة منتظمة" prefix="" root="ثني" pattern="أَفْعَال" suffix="" />
				<ArabicLexical word="اَلتَّصْوِيرِ" lemma="تَصْوِير" pos="مصرفة منتظمة" prefix="ال" root="صور" pattern="تَفْعِيل" suffix="" />
				<ArabicLexical word="تَمَّ" lemma="تَمَّ" pos="مصرفة منتظمة" prefix="" root="تمم" pattern="فَلَّ" suffix="" />
				<ArabicLexical word="وَفْقًا" lemma="وَفْق" pos="مصرفة منتظمة" prefix="" root="وفق" pattern="فَعْل" suffix="" />
				<ArabicLexical word="لِلْقَوَانِينِ" lemma="قَانُون" pos="مصرفة منتظمة" prefix="لِل" root="قنن" pattern="فَوَاعِيل" suffix="" />
				<ArabicLexical word="اَلْمَعْمُولِ" lemma="مَعْمُول" pos="مصرفة منتظمة" prefix="ال" root="عمل" pattern="مَفْعُول" suffix="" />
				<ArabicLexical word="بِهَا" lemma="بِي" pos="جامدة" prefix="" root="بِي" pattern="بِهَا" suffix="" />
				<ArabicLexical word="فِي" lemma="فِي" pos="جامدة" prefix="" root="فِي" pattern="فِي" suffix="" />
				<ArabicLexical word="إِسْبَانْيَا" lemma="إِسْبَانْيَا" pos="غير عربية" prefix="" root="" pattern="" suffix="" />
			</annotation>
		</sentence>
		<sentence id="07149">
			<text>وَشَهِدَتْ إِسْبَانْيَا عَلَى مَدَى مِئَاتِ اَلسِّنِينَ اَلْمَاضِيَةِ جَدَلًا حَوْلَ مُصَارَعَةِ اَلثِّيرَانِ، فَبَيْنَمَا يَعْتَبِرُهَا اَلْبَعْضُ فَنًّا، يَرَاهَا آخَرُونَ رِيَاضَةً. </text>
			<annotation>
				<ArabicLexical word="وَشَهِدَتْ" lemma="شَهِدَ" pos="مصرفة منتظمة" prefix="وَ" root="شهد" pattern="فَعِلَ" suffix="تْ" />
				<ArabicLexical word="إِسْبَانْيَا" lemma="إِسْبَانْيَا" pos="غير عربية" prefix="" root="" pattern="" suffix="" />
				<ArabicLexical word="عَلَى" lemma="عَلَى" pos="جامدة" prefix="" root="عَلَى" pattern="عَلَى" suffix="" />
				<ArabicLexical word="مَدَى" lemma="مَدَى" pos="مصرفة منتظمة" prefix="" root="مدي" pattern="فَعَل" suffix="" />
				<ArabicLexical word="مِئَاتِ" lemma="مِئَة" pos="استثناء صرفي" prefix="" root="مأي" pattern="مِئَ" suffix="ات" />
				<ArabicLexical word="اَلسِّنِينَ" lemma="سَنَة" pos="استثناء صرفي" prefix="ال" root="سنن" pattern="سِن" suffix="ينَ" />
				<ArabicLexical word="اَلْمَاضِيَةِ" lemma="مَاضِيَة" pos="مصرفة منتظمة" prefix="ال" root="مضي" pattern="فَاعِل" suffix="ة" />
				<ArabicLexical word="جَدَلًا" lemma="جَدَل" pos="مصرفة منتظمة" prefix="" root="جدل" pattern="فَعَل" suffix="" />
				<ArabicLexical word="حَوْلَ" lemma="حَوْل" pos="مصرفة منتظمة" prefix="" root="حول" pattern="فَعْل" suffix="" />
				<ArabicLexical word="مُصَارَعَةِ" lemma="مُصَارَعَة" pos="مصرفة منتظمة" prefix="" root="صرع" pattern="مُفَاعَل" suffix="ة" />
				<ArabicLexical word="اَلثِّيرَانِ" lemma="ثَوْر" pos="مصرفة منتظمة" prefix="ال" root="ثور" pattern="فِعلَان" suffix="" />
				<ArabicLexical word="فَبَيْنَمَا" lemma="بَيْنَ" pos="استثناء صرفي" prefix="فَ" root="بين" pattern="بَيْنَمَا" suffix="" />
				<ArabicLexical word="يَعْتَبِرُهَا" lemma="اعْتَبَرَ" pos="مصرفة منتظمة" prefix="ي" root="عبر" pattern="اِفْتَعَلَ" suffix="هَا" />
				<ArabicLexical word="اَلْبَعْضُ" lemma="بَعْض" pos="مصرفة منتظمة" prefix="ال" root="بعض" pattern="فَعْل" suffix="" />
				<ArabicLexical word="فَنًّا" lemma="فَنّ" pos="مصرفة منتظمة" prefix="" root="فنن" pattern="فَلّ" suffix="" />
				<ArabicLexical word="يَرَاهَا" lemma="رَأَى" pos="استثناء صرفي" prefix="ي" root="رأي" pattern="رَا" suffix="هَا" />
				<ArabicLexical word="آخَرُونَ" lemma="آخَر" pos="مصرفة منتظمة" prefix="" root="أخر" pattern="أَفعَل" suffix="ونَ" />
				<ArabicLexical word="رِيَاضَةً" lemma="رِيَاضَة" pos="مصرفة منتظمة" prefix="" root="روض" pattern="فِعَال" suffix="ة" />
			</annotation>
		</sentence>
		<sentence id="07150">
			<text>غَيْرَ أَنَّ فِئَةً ثَالِثَةً ظَهَرَتْ فِي اَلسَّنَوَاتِ اَلْأَخِيرَةِ تُعَارِضُ عَمَلِيَّةَ مُصَارَعَةِ اَلثِّيرَانِ، بِاعْتِبَارِهَا تَعْذِيبًا لِهذَا اَلْحَيَوَانِ بِاسْتِخْدَامِ أَدَوَاتٍ حَادَّةٍ كَالرُّمْحِ وَالسَّهْمِ وَالسَّيْفِ وَهِيَ أَدَوَاتٌ تَجْعَلُهُ يَنْزِفُ لِفَتْرَةٍ طَوِيلَةٍ حَتَّى يَنْفُقَ. </text>
			<annotation>
				<ArabicLexical word="غَيْرَ" lemma="غَيْرَ" pos="مصرفة منتظمة" prefix="" root="غير" pattern="فَعْل" suffix="" />
				<ArabicLexical word="أَنَّ" lemma="أَنَّ" pos="جامدة" prefix="" root="أَنَّ" pattern="أَنَّ" suffix="" />
				<ArabicLexical word="فِئَةً" lemma="فِئَة" pos="استثناء صرفي" prefix="" root="فأي" pattern="فِئَ" suffix="ة" />
				<ArabicLexical word="ثَالِثَةً" lemma="ثَالِث" pos="مصرفة منتظمة" prefix="" root="ثلث" pattern="فَاعِل" suffix="ة" />
				<ArabicLexical word="ظَهَرَتْ" lemma="ظَهَرَ" pos="مصرفة منتظمة" prefix="" root="ظهر" pattern="فَعَلَ" suffix="تْ" />
				<ArabicLexical word="فِي" lemma="فِي" pos="جامدة" prefix="" root="فِي" pattern="فِي" suffix="" />
				<ArabicLexical word="اَلسَّنَوَاتِ" lemma="سَنَة" pos="استثناء صرفي" prefix="ال" root="سنه" pattern="سَنَوَ" suffix="ات" />
				<ArabicLexical word="اَلْأَخِيرَةِ" lemma="أَخِير" pos="مصرفة منتظمة" prefix="ال" root="أخر" pattern="فَعِيل" suffix="ة" />
				<ArabicLexical word="تُعَارِضُ" lemma="عَارَضَ" pos="مصرفة منتظمة" prefix="ت" root="عرض" pattern="فَاعَلَ" suffix="" />
				<ArabicLexical word="عَمَلِيَّةَ" lemma="عَمَلِيَّة" pos="مصرفة منتظمة" prefix="" root="عمل" pattern="فَعَل" suffix="يَّة" />
				<ArabicLexical word="مُصَارَعَةِ" lemma="مُصَارَعَة" pos="مصرفة منتظمة" prefix="" root="صرع" pattern="مُفَاعَل" suffix="ة" />
				<ArabicLexical word="اَلثِّيرَانِ" lemma="ثَوْر" pos="مصرفة منتظمة" prefix="ال" root="ثور" pattern="فِعلَان" suffix="" />
				<ArabicLexical word="بِاعْتِبَارِهَا" lemma="اعْتِبَار" pos="مصرفة منتظمة" prefix="بِ" root="عبر" pattern="اِفْتِعَال" suffix="هَا" />
				<ArabicLexical word="تَعْذِيبًا" lemma="تَعْذِيب" pos="مصرفة منتظمة" prefix="" root="عذب" pattern="تَفْعِيل" suffix="" />
				<ArabicLexical word="لِهذَا" lemma="ذَا" pos="جامدة" prefix="لِ" root="ذَا" pattern="هذَا" suffix="" />
				<ArabicLexical word="اَلْحَيَوَانِ" lemma="حَيَوَان" pos="استثناء صرفي" prefix="ال" root="حيي" pattern="حَيَوَان" suffix="" />
				<ArabicLexical word="بِاسْتِخْدَامِ" lemma="اسْتِخْدَام" pos="مصرفة منتظمة" prefix="بِ" root="خدم" pattern="اِسْتِفْعَال" suffix="" />
				<ArabicLexical word="أَدَوَاتٍ" lemma="أَدَاة" pos="مصرفة منتظمة" prefix="" root="أدو" pattern="فَعَل" suffix="ات" />
				<ArabicLexical word="حَادَّةٍ" lemma="حَادّ" pos="مصرفة منتظمة" prefix="" root="حدد" pattern="فَالّ" suffix="ة" />
				<ArabicLexical word="كَالرُّمْحِ" lemma="رُمْح" pos="مصرفة منتظمة" prefix="كَال" root="رمح" pattern="فُعْل" suffix="" />
				<ArabicLexical word="وَالسَّهْمِ" lemma="سَهْم" pos="مصرفة منتظمة" prefix="وَال" root="سهم" pattern="فَعْل" suffix="" />
				<ArabicLexical word="وَالسَّيْفِ" lemma="سَيْف" pos="مصرفة منتظمة" prefix="وَال" root="سيف" pattern="فَعْل" suffix="" />
				<ArabicLexical word="وَهِيَ" lemma="هُوَ" pos="جامدة" prefix="وَ" root="هُوَ" pattern="هِيَ" suffix="" />
				<ArabicLexical word="أَدَوَاتٌ" lemma="أَدَاة" pos="مصرفة منتظمة" prefix="" root="أدو" pattern="فَعَل" suffix="ات" />
				<ArabicLexical word="تَجْعَلُهُ" lemma="جَعَلَ" pos="مصرفة منتظمة" prefix="ت" root="جعل" pattern="فْعَل" suffix="ه" />
				<ArabicLexical word="يَنْزِفُ" lemma="نَزَفَ" pos="مصرفة منتظمة" prefix="ي" root="نزف" pattern="فْعِل" suffix="" />
				<ArabicLexical word="لِفَتْرَةٍ" lemma="فَتْرَة" pos="مصرفة منتظمة" prefix="لِ" root="فتر" pattern="فَعْل" suffix="ة" />
				<ArabicLexical word="طَوِيلَةٍ" lemma="طَوِيل" pos="مصرفة منتظمة" prefix="" root="طول" pattern="فَعِيل" suffix="ة" />
				<ArabicLexical word="حَتَّى" lemma="حَتَّى" pos="جامدة" prefix="" root="حَتَّى" pattern="حَتَّى" suffix="" />
				<ArabicLexical word="يَنْفُقَ" lemma="نَفَقَ" pos="مصرفة منتظمة" prefix="ي" root="نفق" pattern="فْعُل" suffix="" />
			</annotation>
		</sentence>
		<sentence id="07151">
			<text>يُشَارُ إِلَى أَنَّ اَلْعَدِيدَ مِنْ اَلْقُرَى اَلْإِسْبَانِيَّةِ تَعْتَمِدُ فِي كَسْبِ قُوتِهَا عَلَى رِيَاضَةِ مُصَارَعَةِ اَلثِّيرَانِ. وَيَصِلُ سِعْرُ اَلثَّوْرِ اَلَّذِي يَزِنُ حَوَالَيْ نِصْفِ طُنٍّ مَا يُعَادِلُ 44 أَلْفَ دُولَارْ. وَعِنْدَمَا يَنْجُو اَلثَّوْرُ مِنْ إِحْدَى جَوْلَاتِ اَلْمُصَارَعَةِ، كَثِيرًا مَا يَتِمُّ اِسْتِخْدَامُهُ لِأَغْرَاضِ اَلتَّكَاثُرِ أَوْ قَدْ يَنْتَهِي بِهِ اَلْحَالُ فِي أَحَدِ اَلْمَذَابِحِ. </text>
			<annotation>
				<ArabicLexical word="يُشَارُ" lemma="أَشَارَ" pos="مصرفة منتظمة" prefix="يُ" root="شور" pattern="أَفَعلَ" suffix="" />
				<ArabicLexical word="إِلَى" lemma="إِلَى" pos="جامدة" prefix="" root="إِلَى" pattern="إِلَى" suffix="" />
				<ArabicLexical word="أَنَّ" lemma="أَنَّ" pos="جامدة" prefix="" root="أَنَّ" pattern="أَنَّ" suffix="" />
				<ArabicLexical word="اَلْعَدِيدَ" lemma="عَدِيد" pos="مصرفة منتظمة" prefix="ال" root="عدد" pattern="فَعِيل" suffix="" />
				<ArabicLexical word="مِنْ" lemma="مِنْ" pos="جامدة" prefix="" root="مِنْ" pattern="مِنْ" suffix="" />
				<ArabicLexical word="اَلْقُرَى" lemma="قَرْيَة" pos="مصرفة منتظمة" prefix="ال" root="قري" pattern="فُعَل" suffix="" />
				<ArabicLexical word="اَلْإِسْبَانِيَّةِ" lemma="إِسْبَانِيّ" pos="غير عربية" prefix="" root="" pattern="" suffix="" />
				<ArabicLexical word="تَعْتَمِدُ" lemma="اعْتَمَدَ" pos="مصرفة منتظمة" prefix="ت" root="عمد" pattern="اِفْتَعَلَ" suffix="" />
				<ArabicLexical word="فِي" lemma="فِي" pos="جامدة" prefix="" root="فِي" pattern="فِي" suffix="" />
				<ArabicLexical word="كَسْبِ" lemma="كَسْب" pos="مصرفة منتظمة" prefix="" root="كسب" pattern="فَعْل" suffix="" />
				<ArabicLexical word="قُوتِهَا" lemma="قُوَّة" pos="مصرفة منتظمة" prefix="" root="قوت" pattern="فُعل" suffix="هَا" />
				<ArabicLexical word="عَلَى" lemma="عَلَى" pos="جامدة" prefix="" root="عَلَى" pattern="عَلَى" suffix="" />
				<ArabicLexical word="رِيَاضَةِ" lemma="رِيَاضَة" pos="مصرفة منتظمة" prefix="" root="روض" pattern="فِعَال" suffix="ة" />
				<ArabicLexical word="مُصَارَعَةِ" lemma="مُصَارَعَة" pos="مصرفة منتظمة" prefix="" root="صرع" pattern="مُفَاعَل" suffix="ة" />
				<ArabicLexical word="اَلثِّيرَانِ" lemma="ثَوْر" pos="مصرفة منتظمة" prefix="ال" root="ثور" pattern="فِعلَان" suffix="" />
				<ArabicLexical word="وَيَصِلُ" lemma="وَصَلَ" pos="مصرفة منتظمة" prefix="وَي" root="وصل" pattern="فعِلْ" suffix="" />
				<ArabicLexical word="سِعْرُ" lemma="سِعْر" pos="مصرفة منتظمة" prefix="" root="سعر" pattern="فِعْل" suffix="" />
				<ArabicLexical word="اَلثَّوْرِ" lemma="ثَوْر" pos="مصرفة منتظمة" prefix="ال" root="ثور" pattern="فَعْل" suffix="" />
				<ArabicLexical word="اَلَّذِي" lemma="اَلَّذِي" pos="جامدة" prefix="ال" root="اَلَّذِي" pattern="لَذِي" suffix="" />
				<ArabicLexical word="يَزِنُ" lemma="وَزَنَ" pos="مصرفة منتظمة" prefix="ي" root="وزن" pattern="فعِلْ" suffix="" />
				<ArabicLexical word="حَوَالَيْ" lemma="حَوَالَيْ" pos="مصرفة منتظمة" prefix="" root="حول" pattern="فَعَال" suffix="يْ" />
				<ArabicLexical word="نِصْفِ" lemma="نِصْف" pos="مصرفة منتظمة" prefix="" root="نصف" pattern="فِعْل" suffix="" />
				<ArabicLexical word="طُنٍّ" lemma="طُنّ" pos="مصرفة منتظمة" prefix="" root="طنن" pattern="فُلّ" suffix="" />
				<ArabicLexical word="مَا" lemma="مَا" pos="جامدة" prefix="" root="اَلَّذِي" pattern="مَا" suffix="" />
				<ArabicLexical word="يُعَادِلُ" lemma="عَادَلَ" pos="مصرفة منتظمة" prefix="ي" root="عدل" pattern="فَاعَلَ" suffix="" />
				<ArabicLexical word="أَلْفَ" lemma="أَلْف" pos="مصرفة منتظمة" prefix="" root="ألف" pattern="فَعْل" suffix="" />
				<ArabicLexical word="دُولَارْ" lemma="دُولَار" pos="غير عربية" prefix="" root="" pattern="" suffix="" />
				<ArabicLexical word="وَعِنْدَمَا" lemma="عِنْدَ" pos="جامدة" prefix="وَ" root="عِنْدَ" pattern="عِنْدَمَا" suffix="" />
				<ArabicLexical word="يَنْجُو" lemma="نَجَا" pos="مصرفة منتظمة" prefix="ي" root="نجو" pattern="فْعُل" suffix="" />
				<ArabicLexical word="اَلثَّوْرُ" lemma="ثَوْر" pos="مصرفة منتظمة" prefix="ال" root="ثور" pattern="فَعْل" suffix="" />
				<ArabicLexical word="مِنْ" lemma="مِنْ" pos="جامدة" prefix="" root="مِنْ" pattern="مِنْ" suffix="" />
				<ArabicLexical word="إِحْدَى" lemma="أَحَد" pos="استثناء صرفي" prefix="" root="أحد" pattern="إِحْدَى" suffix="" />
				<ArabicLexical word="جَوْلَاتِ" lemma="جَوْلَة" pos="مصرفة منتظمة" prefix="" root="جول" pattern="فَعْل" suffix="ات" />
				<ArabicLexical word="اَلْمُصَارَعَةِ" lemma="مُصَارَعَة" pos="مصرفة منتظمة" prefix="ال" root="صرع" pattern="مُفَاعَل" suffix="ة" />
				<ArabicLexical word="كَثِيرًا" lemma="كَثِير" pos="مصرفة منتظمة" prefix="" root="كثر" pattern="فَعِيل" suffix="" />
				<ArabicLexical word="مَا" lemma="مَا" pos="جامدة" prefix="" root="اَلَّذِي" pattern="مَا" suffix="" />
				<ArabicLexical word="يَتِمُّ" lemma="تَمَّ" pos="مصرفة منتظمة" prefix="ي" root="تمم" pattern="فِلّ" suffix="" />
				<ArabicLexical word="اِسْتِخْدَامُهُ" lemma="اسْتِخْدَام" pos="مصرفة منتظمة" prefix="" root="خدم" pattern="اِسْتِفْعَال" suffix="ه" />
				<ArabicLexical word="لِأَغْرَاضِ" lemma="غَرَض" pos="مصرفة منتظمة" prefix="لِ" root="غرض" pattern="أَفْعَال" suffix="" />
				<ArabicLexical word="اَلتَّكَاثُرِ" lemma="تَكَاثُر" pos="مصرفة منتظمة" prefix="ال" root="كثر" pattern="تَفَاعُل" suffix="" />
				<ArabicLexical word="أَوْ" lemma="أَوْ" pos="جامدة" prefix="" root="أَوْ" pattern="أَوْ" suffix="" />
				<ArabicLexical word="قَدْ" lemma="قَدْ" pos="جامدة" prefix="" root="قَدْ" pattern="قَدْ" suffix="" />
				<ArabicLexical word="يَنْتَهِي" lemma="انْتَهَى" pos="مصرفة منتظمة" prefix="ي" root="نهي" pattern="اِفْتَعِل" suffix="" />
				<ArabicLexical word="بِهِ" lemma="بِي" pos="جامدة" prefix="" root="بِي" pattern="بِهِ" suffix="" />
				<ArabicLexical word="اَلْحَالُ" lemma="حَال" pos="مصرفة منتظمة" prefix="ال" root="حول" pattern="فَعل" suffix="" />
				<ArabicLexical word="فِي" lemma="فِي" pos="جامدة" prefix="" root="فِي" pattern="فِي" suffix="" />
				<ArabicLexical word="أَحَدِ" lemma="أَحَد" pos="مصرفة منتظمة" prefix="" root="أحد" pattern="فَعَل" suffix="" />
				<ArabicLexical word="اَلْمَذَابِحِ" lemma="مَذْبَح" pos="مصرفة منتظمة" prefix="ال" root="ذبح" pattern="مَفَاعِل" suffix="" />
			</annotation>
		</sentence>
		<sentence id="07152">
			<text>يُذْكَرُ أَنَّ عَدَدَ عُرُوضِ مُصَارَعَةِ اَلثِّيرَانِ فِي إِسْبَانْيَا يُقَدَّرُ بِنَحْوِ 19 أَلْفَ عَرْضٍ سَنَوِيًّا، كَمَا يَبْلُغُ مُتَوَسِّطُ عَدَدِ اَلثِّيرَانِ اَلْمَذْبُوحَةِ فِي اَلْمُدَّةِ نَفْسِهَا 40 أَلْفَ ثَوْرٍ. وَيُعَدُّ لَحْمُ اَلثَّوْرِ مِنْ اَلْأَطْعِمَةِ غَالِيَةِ اَلثَّمَنِ فِي إِسْبَانْيَا، حَيْثُ يُبَاعُ اَلْكِيلُو جِرَامٍ اَلْوَاحِدُ مِنْهُ بِمَا يُعَادِلُ 9 دُولَارَاتْ</text>
			<annotation>
				<ArabicLexical word="يُذْكَرُ" lemma="ذَكَرَ" pos="مصرفة منتظمة" prefix="يُ" root="ذكر" pattern="فْعَل" suffix="" />
				<ArabicLexical word="أَنَّ" lemma="أَنَّ" pos="جامدة" prefix="" root="أَنَّ" pattern="أَنَّ" suffix="" />
				<ArabicLexical word="عَدَدَ" lemma="عَدَد" pos="مصرفة منتظمة" prefix="" root="عدد" pattern="فَعَل" suffix="" />
				<ArabicLexical word="عُرُوضِ" lemma="عَرْض" pos="مصرفة منتظمة" prefix="" root="عرض" pattern="فُعُول" suffix="" />
				<ArabicLexical word="مُصَارَعَةِ" lemma="مُصَارَعَة" pos="مصرفة منتظمة" prefix="" root="صرع" pattern="مُفَاعَل" suffix="ة" />
				<ArabicLexical word="اَلثِّيرَانِ" lemma="ثَوْر" pos="مصرفة منتظمة" prefix="ال" root="ثور" pattern="فِعلَان" suffix="" />
				<ArabicLexical word="فِي" lemma="فِي" pos="جامدة" prefix="" root="فِي" pattern="فِي" suffix="" />
				<ArabicLexical word="إِسْبَانْيَا" lemma="إِسْبَانْيَا" pos="غير عربية" prefix="" root="" pattern="" suffix="" />
				<ArabicLexical word="يُقَدَّرُ" lemma="قَدَّرَ" pos="مصرفة منتظمة" prefix="يُ" root="قدر" pattern="فَعَّلَ" suffix="" />
				<ArabicLexical word="بِنَحْوِ" lemma="نَحْو" pos="مصرفة منتظمة" prefix="بِ" root="نحو" pattern="فَعْل" suffix="" />
				<ArabicLexical word="أَلْفَ" lemma="أَلْف" pos="مصرفة منتظمة" prefix="" root="ألف" pattern="فَعْل" suffix="" />
				<ArabicLexical word="عَرْضٍ" lemma="عَرْض" pos="مصرفة منتظمة" prefix="" root="عرض" pattern="فَعْل" suffix="" />
				<ArabicLexical word="سَنَوِيًّا" lemma="سَنَوِيّ" pos="استثناء صرفي" prefix="" root="سنه" pattern="سَنَوَ" suffix="يّ" />
				<ArabicLexical word="كَمَا" lemma="مَا" pos="جامدة" prefix="كَ" root="اَلَّذِي" pattern="مَا" suffix="" />
				<ArabicLexical word="يَبْلُغُ" lemma="بَلَغَ" pos="مصرفة منتظمة" prefix="ي" root="بلغ" pattern="فْعُل" suffix="" />
				<ArabicLexical word="مُتَوَسِّطُ" lemma="مُتَوَسِّط" pos="مصرفة منتظمة" prefix="" root="وسط" pattern="مُتَفَعِّل" suffix="" />
				<ArabicLexical word="عَدَدِ" lemma="عَدَد" pos="مصرفة منتظمة" prefix="" root="عدد" pattern="فَعَل" suffix="" />
				<ArabicLexical word="اَلثِّيرَانِ" lemma="ثَوْر" pos="مصرفة منتظمة" prefix="ال" root="ثور" pattern="فِعلَان" suffix="" />
				<ArabicLexical word="اَلْمَذْبُوحَةِ" lemma="مَذْبُوح" pos="مصرفة منتظمة" prefix="ال" root="ذبح" pattern="مَفْعُول" suffix="ة" />
				<ArabicLexical word="فِي" lemma="فِي" pos="جامدة" prefix="" root="فِي" pattern="فِي" suffix="" />
				<ArabicLexical word="اَلْمُدَّةِ" lemma="مُدَّة" pos="مصرفة منتظمة" prefix="ال" root="مدد" pattern="فُلّ" suffix="ة" />
				<ArabicLexical word="نَفْسِهَا" lemma="نَفْس" pos="مصرفة منتظمة" prefix="" root="نفس" pattern="فَعْل" suffix="هَا" />
				<ArabicLexical word="أَلْفَ" lemma="أَلْف" pos="مصرفة منتظمة" prefix="" root="ألف" pattern="فَعْل" suffix="" />
				<ArabicLexical word="ثَوْرٍ" lemma="ثَوْر" pos="مصرفة منتظمة" prefix="" root="ثور" pattern="فَعْل" suffix="" />
				<ArabicLexical word="وَيُعَدُّ" lemma="عَدَّ" pos="مصرفة منتظمة" prefix="وَيُ" root="عدد" pattern="فَلّ" suffix="" />
				<ArabicLexical word="لَحْمُ" lemma="لَحْم" pos="مصرفة منتظمة" prefix="" root="لحم" pattern="فَعْل" suffix="" />
				<ArabicLexical word="اَلثَّوْرِ" lemma="ثَوْر" pos="مصرفة منتظمة" prefix="ال" root="ثور" pattern="فَعْل" suffix="" />
				<ArabicLexical word="مِنْ" lemma="مِنْ" pos="جامدة" prefix="" root="مِنْ" pattern="مِنْ" suffix="" />
				<ArabicLexical word="اَلْأَطْعِمَةِ" lemma="طَعَام" pos="مصرفة منتظمة" prefix="ال" root="طعم" pattern="أَفْعِلَ" suffix="ة" />
				<ArabicLexical word="غَالِيَةِ" lemma="غَالِيَة" pos="مصرفة منتظمة" prefix="" root="غلو" pattern="فَاعِل" suffix="ة" />
				<ArabicLexical word="اَلثَّمَنِ" lemma="ثَمَن" pos="مصرفة منتظمة" prefix="ال" root="ثمن" pattern="فَعَل" suffix="" />
				<ArabicLexical word="فِي" lemma="فِي" pos="جامدة" prefix="" root="فِي" pattern="فِي" suffix="" />
				<ArabicLexical word="إِسْبَانْيَا" lemma="إِسْبَانْيَا" pos="غير عربية" prefix="" root="" pattern="" suffix="" />
				<ArabicLexical word="حَيْثُ" lemma="حَيْثُ" pos="جامدة" prefix="" root="حَيْثُ" pattern="حَيْثُ" suffix="" />
				<ArabicLexical word="يُبَاعُ" lemma="بَاعَ" pos="مصرفة منتظمة" prefix="يُ" root="بيع" pattern="فَعل" suffix="" />
				<ArabicLexical word="اَلْكِيلُو" lemma="كِيلُو" pos="معربة" prefix="ال" root="كِيلُو" pattern="كِيلُو" suffix="" />
				<ArabicLexical word="جِرَامٍ" lemma="جِرَام" pos="مصرفة منتظمة" prefix="" root="جرم" pattern="فِعَال" suffix="" />
				<ArabicLexical word="اَلْوَاحِدُ" lemma="وَاحِد" pos="مصرفة منتظمة" prefix="ال" root="وحد" pattern="فَاعِل" suffix="" />
				<ArabicLexical word="مِنْهُ" lemma="مِنْ" pos="جامدة" prefix="" root="مِنْ" pattern="مِنْ" suffix="ه" />
				<ArabicLexical word="بِمَا" lemma="مَا" pos="جامدة" prefix="بِ" root="اَلَّذِي" pattern="مَا" suffix="" />
				<ArabicLexical word="يُعَادِلُ" lemma="عَادَلَ" pos="مصرفة منتظمة" prefix="ي" root="عدل" pattern="فَاعَلَ" suffix="" />
				<ArabicLexical word="دُولَارَاتْ" lemma="دُولَار" pos="غير عربية" prefix="" root="" pattern="" suffix="" />
			</annotation>
		</sentence>
	</FILE>
	</NEMLAR>