<NEMLAR><FILE name="GeneralNews" number="137">
		<sentence id="08740">
			<text>?اَلْمُرْشِدُ اَلْعَامُّ لِلْإِخْوَانِ فِي غَيْبُوبَةٍ </text>
			<annotation>
				<ArabicLexical word="اَلْمُرْشِدُ" lemma="مُرْشِد" pos="مصرفة منتظمة" prefix="ال" root="رشد" pattern="مُفْعِل" suffix="" />
				<ArabicLexical word="اَلْعَامُّ" lemma="عَامّ" pos="مصرفة منتظمة" prefix="ال" root="عمم" pattern="فَالّ" suffix="" />
				<ArabicLexical word="لِلْإِخْوَانِ" lemma="أَخ" pos="مصرفة منتظمة" prefix="لِل" root="أخو" pattern="فِعْلَان" suffix="" />
				<ArabicLexical word="فِي" lemma="فِي" pos="جامدة" prefix="" root="فِي" pattern="فِي" suffix="" />
				<ArabicLexical word="غَيْبُوبَةٍ" lemma="غَيْبُوبَة" pos="مصرفة منتظمة" prefix="" root="غيب" pattern="فَعْلُولَ" suffix="ة" />
			</annotation>
		</sentence>
		<sentence id="08741">
			<text> </text>
			<annotation>
			</annotation>
		</sentence>
		<sentence id="08742">
			<text>اَلْقَاهِرَةُ - عَبْدُ اَلرَّحِيمِ عَلِيٍّ - إِسْلَامُ أُونْ لَايِنْ.نِتْ/ 29-10-2002 </text>
			<annotation>
				<ArabicLexical word="اَلْقَاهِرَةُ" lemma="قَاهِرَة" pos="مصرفة منتظمة" prefix="ال" root="قهر" pattern="فَاعِل" suffix="ة" />
				<ArabicLexical word="عَبْدُ" lemma="عَبْد" pos="مصرفة منتظمة" prefix="" root="عبد" pattern="فَعْل" suffix="" />
				<ArabicLexical word="اَلرَّحِيمِ" lemma="رَحِيم" pos="مصرفة منتظمة" prefix="ال" root="رحم" pattern="فَعِيل" suffix="" />
				<ArabicLexical word="عَلِيٍّ" lemma="عَلِيّ" pos="مصرفة منتظمة" prefix="" root="علو" pattern="فَعِلّ" suffix="" />
				<ArabicLexical word="إِسْلَامُ" lemma="إِسْلَام" pos="مصرفة منتظمة" prefix="" root="سلم" pattern="إِفْعَال" suffix="" />
				<ArabicLexical word="أُونْ" lemma="أُونْ" pos="غير عربية" prefix="" root="" pattern="" suffix="" />
				<ArabicLexical word="لَايِنْ" lemma="لايَنَ" pos="غير عربية" prefix="" root="" pattern="" suffix="" />
				<ArabicLexical word="نِتْ" lemma="نِت" pos="غير عربية" prefix="" root="" pattern="" suffix="" />
			</annotation>
		</sentence>
		<sentence id="08743">
			<text> </text>
			<annotation>
			</annotation>
		</sentence>
		<sentence id="08744">
			<text> </text>
			<annotation>
			</annotation>
		</sentence>
		<sentence id="08745">
			<text>اَلْمُرْشِدُ اَلْعَامُّ لِلْإِخْوَانِ</text>
			<annotation>
				<ArabicLexical word="اَلْمُرْشِدُ" lemma="مُرْشِد" pos="مصرفة منتظمة" prefix="ال" root="رشد" pattern="مُفْعِل" suffix="" />
				<ArabicLexical word="اَلْعَامُّ" lemma="عَامّ" pos="مصرفة منتظمة" prefix="ال" root="عمم" pattern="فَالّ" suffix="" />
				<ArabicLexical word="لِلْإِخْوَانِ" lemma="أَخ" pos="مصرفة منتظمة" prefix="لِل" root="أخو" pattern="فِعْلَان" suffix="" />
			</annotation>
		</sentence>
		<sentence id="08746">
			<text> </text>
			<annotation>
			</annotation>
		</sentence>
		<sentence id="08747">
			<text>دَخَلَ اَلْمُرْشِدُ اَلْعَامُّ لِجَمَاعَةِ اَلْإِخْوَانِ اَلْمُسْلِمِينَ مُصْطَفَى مَشْهُورٍ فِي غَيْبُوبَةٍ إِثْرَ إِصَابَتِهِ بِنَزِيفٍ حَادٍّ بِالْمُخِّ، مَسَاءَ اَلثُّلَاثَاءِ 29-10-2002، وَقَدْ تَمَّ نَقْلُهُ إِلَى مُسْتَشْفَى اَلنُّزْهَةِ اَلدُّوَلِيِّ بِالْقَاهِرَةِ.</text>
			<annotation>
				<ArabicLexical word="دَخَلَ" lemma="دَخَلَ" pos="مصرفة منتظمة" prefix="" root="دخل" pattern="فَعَلَ" suffix="" />
				<ArabicLexical word="اَلْمُرْشِدُ" lemma="مُرْشِد" pos="مصرفة منتظمة" prefix="ال" root="رشد" pattern="مُفْعِل" suffix="" />
				<ArabicLexical word="اَلْعَامُّ" lemma="عَامّ" pos="مصرفة منتظمة" prefix="ال" root="عمم" pattern="فَالّ" suffix="" />
				<ArabicLexical word="لِجَمَاعَةِ" lemma="جَمَاعَة" pos="مصرفة منتظمة" prefix="لِ" root="جمع" pattern="فَعَال" suffix="ة" />
				<ArabicLexical word="اَلْإِخْوَانِ" lemma="أَخ" pos="مصرفة منتظمة" prefix="ال" root="أخو" pattern="فِعْلَان" suffix="" />
				<ArabicLexical word="اَلْمُسْلِمِينَ" lemma="مُسْلِم" pos="مصرفة منتظمة" prefix="ال" root="سلم" pattern="مُفْعِل" suffix="ينَ" />
				<ArabicLexical word="مُصْطَفَى" lemma="مُصْطَفَى" pos="مصرفة منتظمة" prefix="" root="صفو" pattern="مُفْطَعَل" suffix="" />
				<ArabicLexical word="مَشْهُورٍ" lemma="مَشْهُور" pos="مصرفة منتظمة" prefix="" root="شهر" pattern="مَفْعُول" suffix="" />
				<ArabicLexical word="فِي" lemma="فِي" pos="جامدة" prefix="" root="فِي" pattern="فِي" suffix="" />
				<ArabicLexical word="غَيْبُوبَةٍ" lemma="غَيْبُوبَة" pos="مصرفة منتظمة" prefix="" root="غيب" pattern="فَعْلُولَ" suffix="ة" />
				<ArabicLexical word="إِثْرَ" lemma="إِثْر" pos="مصرفة منتظمة" prefix="" root="أثر" pattern="فِعْل" suffix="" />
				<ArabicLexical word="إِصَابَتِهِ" lemma="إِصَابَة" pos="مصرفة منتظمة" prefix="" root="صوب" pattern="إِفَعالَ" suffix="ته" />
				<ArabicLexical word="بِنَزِيفٍ" lemma="نَزِيف" pos="مصرفة منتظمة" prefix="بِ" root="نزف" pattern="فَعِيل" suffix="" />
				<ArabicLexical word="حَادٍّ" lemma="حَادّ" pos="مصرفة منتظمة" prefix="" root="حدد" pattern="فَالّ" suffix="" />
				<ArabicLexical word="بِالْمُخِّ" lemma="مُخّ" pos="مصرفة منتظمة" prefix="بِال" root="مخخ" pattern="فُلّ" suffix="" />
				<ArabicLexical word="مَسَاءَ" lemma="مَسَاء" pos="مصرفة منتظمة" prefix="" root="مسو" pattern="فَعَال" suffix="" />
				<ArabicLexical word="اَلثُّلَاثَاءِ" lemma="ثُلَاثَاء" pos="استثناء صرفي" prefix="ال" root="ثلث" pattern="ثُلَاثَاء" suffix="" />
				<ArabicLexical word="وَقَدْ" lemma="قَدْ" pos="جامدة" prefix="وَ" root="قَدْ" pattern="قَدْ" suffix="" />
				<ArabicLexical word="تَمَّ" lemma="تَمَّ" pos="مصرفة منتظمة" prefix="" root="تمم" pattern="فَلَّ" suffix="" />
				<ArabicLexical word="نَقْلُهُ" lemma="نَقْل" pos="مصرفة منتظمة" prefix="" root="نقل" pattern="فَعْل" suffix="ه" />
				<ArabicLexical word="إِلَى" lemma="إِلَى" pos="جامدة" prefix="" root="إِلَى" pattern="إِلَى" suffix="" />
				<ArabicLexical word="مُسْتَشْفَى" lemma="مُسْتَشْفَى" pos="مصرفة منتظمة" prefix="" root="شفي" pattern="مُسْتَفْعَل" suffix="" />
				<ArabicLexical word="اَلنُّزْهَةِ" lemma="نُزْهَة" pos="مصرفة منتظمة" prefix="ال" root="نزه" pattern="فُعْل" suffix="ة" />
				<ArabicLexical word="اَلدُّوَلِيِّ" lemma="دُوَلِيّ" pos="مصرفة منتظمة" prefix="ال" root="دول" pattern="فُعَل" suffix="يّ" />
				<ArabicLexical word="بِالْقَاهِرَةِ" lemma="قَاهِرَة" pos="مصرفة منتظمة" prefix="بِال" root="قهر" pattern="فَاعِل" suffix="ة" />
			</annotation>
		</sentence>
		<sentence id="08748">
			<text>وَقَالَتْ مَصَادِرُ طِبِّيَّةٌ بِالْمُسْتَشْفَى لِمُرَاسِلِ إِسْلَامُ أُونْ لَايِنْ.نِتْ: إِنَّ حَالَةَ مَشْهُورٍ اَلْبَالِغِ مِنْ اَلْعُمُرِ 83 عَامًا سَيِّئَةٌ. وَلَمْ تَرِدْ أَيُّ تَأْكِيدَاتٍ مِنْ جَمَاعَةِ اَلْإِخْوَانِ حَوْلَ اَلْحَالَةِ اَلصِّحِّيَّةِ لِمَشْهُورٍ.</text>
			<annotation>
				<ArabicLexical word="وَقَالَتْ" lemma="قَالَ" pos="مصرفة منتظمة" prefix="وَ" root="قول" pattern="فَعلَ" suffix="تْ" />
				<ArabicLexical word="مَصَادِرُ" lemma="مَصْدَر" pos="مصرفة منتظمة" prefix="" root="صدر" pattern="مَفَاعِل" suffix="" />
				<ArabicLexical word="طِبِّيَّةٌ" lemma="طِبِّيّ" pos="مصرفة منتظمة" prefix="" root="طبب" pattern="فِلّ" suffix="يَّة" />
				<ArabicLexical word="بِالْمُسْتَشْفَى" lemma="مُسْتَشْفَى" pos="مصرفة منتظمة" prefix="بِال" root="شفي" pattern="مُسْتَفْعَل" suffix="" />
				<ArabicLexical word="لِمُرَاسِلِ" lemma="مُرَاسِل" pos="مصرفة منتظمة" prefix="لِ" root="رسل" pattern="مُفَاعِل" suffix="" />
				<ArabicLexical word="إِسْلَامُ" lemma="إِسْلَام" pos="مصرفة منتظمة" prefix="" root="سلم" pattern="إِفْعَال" suffix="" />
				<ArabicLexical word="أُونْ" lemma="أُونْ" pos="غير عربية" prefix="" root="" pattern="" suffix="" />
				<ArabicLexical word="لَايِنْ" lemma="لايَنَ" pos="غير عربية" prefix="" root="" pattern="" suffix="" />
				<ArabicLexical word="نِتْ" lemma="نِت" pos="غير عربية" prefix="" root="" pattern="" suffix="" />
				<ArabicLexical word="إِنَّ" lemma="أَنَّ" pos="جامدة" prefix="" root="إِنَّ" pattern="إِنَّ" suffix="" />
				<ArabicLexical word="حَالَةَ" lemma="حَالَة" pos="مصرفة منتظمة" prefix="" root="حول" pattern="فَعل" suffix="ة" />
				<ArabicLexical word="مَشْهُورٍ" lemma="مَشْهُور" pos="مصرفة منتظمة" prefix="" root="شهر" pattern="مَفْعُول" suffix="" />
				<ArabicLexical word="اَلْبَالِغِ" lemma="بَالِغ" pos="مصرفة منتظمة" prefix="ال" root="بلغ" pattern="فَاعِل" suffix="" />
				<ArabicLexical word="مِنْ" lemma="مِنْ" pos="جامدة" prefix="" root="مِنْ" pattern="مِنْ" suffix="" />
				<ArabicLexical word="اَلْعُمُرِ" lemma="عُمُر" pos="مصرفة منتظمة" prefix="ال" root="عمر" pattern="فُعُل" suffix="" />
				<ArabicLexical word="عَامًا" lemma="عَام" pos="مصرفة منتظمة" prefix="" root="عوم" pattern="فَعل" suffix="" />
				<ArabicLexical word="سَيِّئَةٌ" lemma="سَيِّئَة" pos="مصرفة منتظمة" prefix="" root="سوأ" pattern="فَعِّل" suffix="ة" />
				<ArabicLexical word="وَلَمْ" lemma="لَمْ" pos="جامدة" prefix="وَ" root="لَمْ" pattern="لَمْ" suffix="" />
				<ArabicLexical word="تَرِدْ" lemma="وَرَدَ" pos="مصرفة منتظمة" prefix="ت" root="ورد" pattern="فعِلْ" suffix="" />
				<ArabicLexical word="أَيُّ" lemma="أَيّ" pos="جامدة" prefix="" root="أَيّ" pattern="أَيّ" suffix="" />
				<ArabicLexical word="تَأْكِيدَاتٍ" lemma="تَأْكِيد" pos="مصرفة منتظمة" prefix="" root="أكد" pattern="تَفْعِيل" suffix="ات" />
				<ArabicLexical word="مِنْ" lemma="مِنْ" pos="جامدة" prefix="" root="مِنْ" pattern="مِنْ" suffix="" />
				<ArabicLexical word="جَمَاعَةِ" lemma="جَمَاعَة" pos="مصرفة منتظمة" prefix="" root="جمع" pattern="فَعَال" suffix="ة" />
				<ArabicLexical word="اَلْإِخْوَانِ" lemma="أَخ" pos="مصرفة منتظمة" prefix="ال" root="أخو" pattern="فِعْلَان" suffix="" />
				<ArabicLexical word="حَوْلَ" lemma="حَوْل" pos="مصرفة منتظمة" prefix="" root="حول" pattern="فَعْل" suffix="" />
				<ArabicLexical word="اَلْحَالَةِ" lemma="حَالَة" pos="مصرفة منتظمة" prefix="ال" root="حول" pattern="فَعل" suffix="ة" />
				<ArabicLexical word="اَلصِّحِّيَّةِ" lemma="صِحِّيّ" pos="مصرفة منتظمة" prefix="ال" root="صحح" pattern="فِلّ" suffix="يَّة" />
				<ArabicLexical word="لِمَشْهُورٍ" lemma="مَشْهُور" pos="مصرفة منتظمة" prefix="لِ" root="شهر" pattern="مَفْعُول" suffix="" />
			</annotation>
		</sentence>
		<sentence id="08749">
			<text>وَمَشْهُورٌ مِنْ مَوَالِيدِ عَامِ 1919، حَيْثُ وُلِدَ فِي قَرْيَةِ اَلسَّعْدِيِّينَ بِمُحَافَظَةِ اَلشَّرْقِيَّةِ، وَتَخَرَّجَ فِي كُلِّيَّةِ اَلْعُلُومِ بِجَامِعَةِ اَلْقَاهِرَةِ عَامَ 1942، وَعُيِّنَ بِهَيْئَةِ اَلْأَرْصَادِ اَلْجَوِّيَّةِ فِي نَفْسِ اَلْعَامِ.</text>
			<annotation>
				<ArabicLexical word="وَمَشْهُورٌ" lemma="مَشْهُور" pos="مصرفة منتظمة" prefix="وَ" root="شهر" pattern="مَفْعُول" suffix="" />
				<ArabicLexical word="مِنْ" lemma="مِنْ" pos="جامدة" prefix="" root="مِنْ" pattern="مِنْ" suffix="" />
				<ArabicLexical word="مَوَالِيدِ" lemma="مَوْلُود" pos="مصرفة منتظمة" prefix="" root="ولد" pattern="مَفَاعِيل" suffix="" />
				<ArabicLexical word="عَامِ" lemma="عَام" pos="مصرفة منتظمة" prefix="" root="عوم" pattern="فَعل" suffix="" />
				<ArabicLexical word="حَيْثُ" lemma="حَيْثُ" pos="جامدة" prefix="" root="حَيْثُ" pattern="حَيْثُ" suffix="" />
				<ArabicLexical word="وُلِدَ" lemma="وَلَدَ" pos="مصرفة منتظمة" prefix="" root="ولد" pattern="فُعِلَ" suffix="" />
				<ArabicLexical word="فِي" lemma="فِي" pos="جامدة" prefix="" root="فِي" pattern="فِي" suffix="" />
				<ArabicLexical word="قَرْيَةِ" lemma="قَرْيَة" pos="مصرفة منتظمة" prefix="" root="قري" pattern="فَعْل" suffix="ة" />
				<ArabicLexical word="اَلسَّعْدِيِّينَ" lemma="سَعْدِيّ" pos="مصرفة منتظمة" prefix="ال" root="سعد" pattern="فَعْل" suffix="يِّينَ" />
				<ArabicLexical word="بِمُحَافَظَةِ" lemma="مُحَافَظَة" pos="مصرفة منتظمة" prefix="بِ" root="حفظ" pattern="مُفَاعَل" suffix="ة" />
				<ArabicLexical word="اَلشَّرْقِيَّةِ" lemma="شَرْقِيّ" pos="مصرفة منتظمة" prefix="ال" root="شرق" pattern="فَعْل" suffix="يَّة" />
				<ArabicLexical word="وَتَخَرَّجَ" lemma="تَخَرَّجَ" pos="مصرفة منتظمة" prefix="وَ" root="خرج" pattern="تَفَعَّلَ" suffix="" />
				<ArabicLexical word="فِي" lemma="فِي" pos="جامدة" prefix="" root="فِي" pattern="فِي" suffix="" />
				<ArabicLexical word="كُلِّيَّةِ" lemma="كُلِّيَّة" pos="جامدة" prefix="" root="كُلّ" pattern="كُلّ" suffix="يَّة" />
				<ArabicLexical word="اَلْعُلُومِ" lemma="عِلْم" pos="مصرفة منتظمة" prefix="ال" root="علم" pattern="فُعُول" suffix="" />
				<ArabicLexical word="بِجَامِعَةِ" lemma="جَامِعَة" pos="مصرفة منتظمة" prefix="بِ" root="جمع" pattern="فَاعِل" suffix="ة" />
				<ArabicLexical word="اَلْقَاهِرَةِ" lemma="قَاهِرَة" pos="مصرفة منتظمة" prefix="ال" root="قهر" pattern="فَاعِل" suffix="ة" />
				<ArabicLexical word="عَامَ" lemma="عَام" pos="مصرفة منتظمة" prefix="" root="عوم" pattern="فَعل" suffix="" />
				<ArabicLexical word="وَعُيِّنَ" lemma="عَيَّنَ" pos="مصرفة منتظمة" prefix="وَ" root="عين" pattern="فُعِّلَ" suffix="" />
				<ArabicLexical word="بِهَيْئَةِ" lemma="هَيْئَة" pos="مصرفة منتظمة" prefix="بِ" root="هيأ" pattern="فَعْل" suffix="ة" />
				<ArabicLexical word="اَلْأَرْصَادِ" lemma="رَصْد" pos="مصرفة منتظمة" prefix="ال" root="رصد" pattern="أَفْعَال" suffix="" />
				<ArabicLexical word="اَلْجَوِّيَّةِ" lemma="جَوِّيّ" pos="استثناء صرفي" prefix="ال" root="جوي" pattern="جَوّ" suffix="يَّة" />
				<ArabicLexical word="فِي" lemma="فِي" pos="جامدة" prefix="" root="فِي" pattern="فِي" suffix="" />
				<ArabicLexical word="نَفْسِ" lemma="نَفْس" pos="مصرفة منتظمة" prefix="" root="نفس" pattern="فَعْل" suffix="" />
				<ArabicLexical word="اَلْعَامِ" lemma="عَام" pos="مصرفة منتظمة" prefix="ال" root="عوم" pattern="فَعل" suffix="" />
			</annotation>
		</sentence>
		<sentence id="08750">
			<text>وَانْضَمَّ إِلَى جَمَاعَةِ اَلْإِخْوَانِ اَلْمُسْلِمِينَ فِي نِهَايَةِ اَلثَّلَاثِينِيَّاتِ، وَأَصْبَحَ عُضْوًا لِلنِّظَامِ اَلْخَاصِّ لِلْجَمَاعَةِ عِنْدَمَا تَمَّ تَشْكِيلُهُ فِي مَطْلَعِ اَلْأَرْبَعِينِيَّاتِ، لكِنَّ مَشْهُورًا اِتُّهِمَ فِي قَضِيَّةٍ شَهِيرَةٍ عَامَ 1948 عُرِفَتْ بِاسْمِ اَلسَّيَّارَةِ اَلْجِيبْ، وَمَكَثَ فِي اَلسِّجْنِ 3 سَنَوَاتٍ حَتَّى بَرَّأَتْهُ اَلْمَحْكَمَةُ عَامَ 1951.</text>
			<annotation>
				<ArabicLexical word="وَانْضَمَّ" lemma="انْضَمَّ" pos="مصرفة منتظمة" prefix="وَ" root="ضمم" pattern="اِنْفَلَّ" suffix="" />
				<ArabicLexical word="إِلَى" lemma="إِلَى" pos="جامدة" prefix="" root="إِلَى" pattern="إِلَى" suffix="" />
				<ArabicLexical word="جَمَاعَةِ" lemma="جَمَاعَة" pos="مصرفة منتظمة" prefix="" root="جمع" pattern="فَعَال" suffix="ة" />
				<ArabicLexical word="اَلْإِخْوَانِ" lemma="أَخ" pos="مصرفة منتظمة" prefix="ال" root="أخو" pattern="فِعْلَان" suffix="" />
				<ArabicLexical word="اَلْمُسْلِمِينَ" lemma="مُسْلِم" pos="مصرفة منتظمة" prefix="ال" root="سلم" pattern="مُفْعِل" suffix="ينَ" />
				<ArabicLexical word="فِي" lemma="فِي" pos="جامدة" prefix="" root="فِي" pattern="فِي" suffix="" />
				<ArabicLexical word="نِهَايَةِ" lemma="نِهَايَة" pos="مصرفة منتظمة" prefix="" root="نهي" pattern="فِعَال" suffix="ة" />
				<ArabicLexical word="اَلثَّلَاثِينِيَّاتِ" lemma="ثَلَاثِينِيّ" pos="غير عربية" prefix="" root="" pattern="" suffix="" />
				<ArabicLexical word="وَأَصْبَحَ" lemma="أَصْبَحَ" pos="مصرفة منتظمة" prefix="وَ" root="صبح" pattern="أَفْعَلَ" suffix="" />
				<ArabicLexical word="عُضْوًا" lemma="عُضْو" pos="مصرفة منتظمة" prefix="" root="عضو" pattern="فُعْل" suffix="" />
				<ArabicLexical word="لِلنِّظَامِ" lemma="نِظَام" pos="مصرفة منتظمة" prefix="لِل" root="نظم" pattern="فِعَال" suffix="" />
				<ArabicLexical word="اَلْخَاصِّ" lemma="خَاصّ" pos="مصرفة منتظمة" prefix="ال" root="خصص" pattern="فَالّ" suffix="" />
				<ArabicLexical word="لِلْجَمَاعَةِ" lemma="جَمَاعَة" pos="مصرفة منتظمة" prefix="لِل" root="جمع" pattern="فَعَال" suffix="ة" />
				<ArabicLexical word="عِنْدَمَا" lemma="عِنْدَ" pos="جامدة" prefix="" root="عِنْدَ" pattern="عِنْدَمَا" suffix="" />
				<ArabicLexical word="تَمَّ" lemma="تَمَّ" pos="مصرفة منتظمة" prefix="" root="تمم" pattern="فَلَّ" suffix="" />
				<ArabicLexical word="تَشْكِيلُهُ" lemma="تَشْكِيل" pos="مصرفة منتظمة" prefix="" root="شكل" pattern="تَفْعِيل" suffix="ه" />
				<ArabicLexical word="فِي" lemma="فِي" pos="جامدة" prefix="" root="فِي" pattern="فِي" suffix="" />
				<ArabicLexical word="مَطْلَعِ" lemma="مَطْلَع" pos="مصرفة منتظمة" prefix="" root="طلع" pattern="مَفْعَل" suffix="" />
				<ArabicLexical word="اَلْأَرْبَعِينِيَّاتِ" lemma="أَرْبَعِينِيّ" pos="غير عربية" prefix="" root="" pattern="" suffix="" />
				<ArabicLexical word="لكِنَّ" lemma="لَكِنَّ" pos="جامدة" prefix="" root="لكِنَّ" pattern="لكِنَّ" suffix="" />
				<ArabicLexical word="مَشْهُورًا" lemma="مَشْهُور" pos="مصرفة منتظمة" prefix="" root="شهر" pattern="مَفْعُول" suffix="" />
				<ArabicLexical word="اِتُّهِمَ" lemma="اتَّهَمَ" pos="مصرفة منتظمة" prefix="" root="وهم" pattern="اِفُّعِلَ" suffix="" />
				<ArabicLexical word="فِي" lemma="فِي" pos="جامدة" prefix="" root="فِي" pattern="فِي" suffix="" />
				<ArabicLexical word="قَضِيَّةٍ" lemma="قَضِيَّة" pos="مصرفة منتظمة" prefix="" root="قضي" pattern="فَعِلّ" suffix="ة" />
				<ArabicLexical word="شَهِيرَةٍ" lemma="شَهِير" pos="مصرفة منتظمة" prefix="" root="شهر" pattern="فَعِيل" suffix="ة" />
				<ArabicLexical word="عَامَ" lemma="عَام" pos="مصرفة منتظمة" prefix="" root="عوم" pattern="فَعل" suffix="" />
				<ArabicLexical word="عُرِفَتْ" lemma="عَرَفَ" pos="مصرفة منتظمة" prefix="" root="عرف" pattern="فُعِلَ" suffix="تْ" />
				<ArabicLexical word="بِاسْمِ" lemma="اسْم" pos="استثناء صرفي" prefix="بِ" root="سمو" pattern="اِسْم" suffix="" />
				<ArabicLexical word="اَلسَّيَّارَةِ" lemma="سَيَّارَة" pos="مصرفة منتظمة" prefix="ال" root="سير" pattern="فَعَّال" suffix="ة" />
				<ArabicLexical word="اَلْجِيبْ" lemma="+" pos="غير عربية" prefix="" root="" pattern="" suffix="" />
				<ArabicLexical word="وَمَكَثَ" lemma="مَكَثَ" pos="مصرفة منتظمة" prefix="وَ" root="مكث" pattern="فَعَلَ" suffix="" />
				<ArabicLexical word="فِي" lemma="فِي" pos="جامدة" prefix="" root="فِي" pattern="فِي" suffix="" />
				<ArabicLexical word="اَلسِّجْنِ" lemma="سِجْن" pos="مصرفة منتظمة" prefix="ال" root="سجن" pattern="فِعْل" suffix="" />
				<ArabicLexical word="سَنَوَاتٍ" lemma="سَنَة" pos="استثناء صرفي" prefix="" root="سنه" pattern="سَنَوَ" suffix="ات" />
				<ArabicLexical word="حَتَّى" lemma="حَتَّى" pos="جامدة" prefix="" root="حَتَّى" pattern="حَتَّى" suffix="" />
				<ArabicLexical word="بَرَّأَتْهُ" lemma="بَرَّأَ" pos="مصرفة منتظمة" prefix="" root="برأ" pattern="فَعَّلَ" suffix="تْهُ" />
				<ArabicLexical word="اَلْمَحْكَمَةُ" lemma="مَحْكَمَة" pos="مصرفة منتظمة" prefix="ال" root="حكم" pattern="مَفْعَل" suffix="ة" />
				<ArabicLexical word="عَامَ" lemma="عَام" pos="مصرفة منتظمة" prefix="" root="عوم" pattern="فَعل" suffix="" />
			</annotation>
		</sentence>
		<sentence id="08751">
			<text>وَأُلْقِيَ اَلْقَبْضُ عَلَيْهِ مَرَّةً أُخْرَى عَامَ 1954 مَعَ عَدَدٍ كَبِيرٍ مِنْ قَادَةِ اَلْإِخْوَانِ عَقِبَ حَادِثِ اَلْمَنْشِيَّةِ اَلَّذِي اِتَّهَمَ فِيهِ اَلرَّئِيسُ جَمَالُ عَبْدِ اَلنَّاصِرِ اَلْجَمَاعَةَ بِمُحَاوَلَةِ تَدْبِيرِ اِغْتِيَالِهِ، وَحُكِمَ عَلَى مَشْهُورٍ بِعَشْرِ سَنَوَاتٍ خَرَجَ بَعْدَهَا عَامَ 1964 لِيَتِمَّ اَلْقَبْضُ عَلَيْهِ بَعْدَ شُهُورٍ قَلِيلَةٍ فِي بِدَايَةِ عَامِ 1965 مَعَ مَجْمُوعَةِ سَيِّدِ قُطُبٍ. وَلَمْ يُوَجَّهْ اِتِّهَامٌ لِمَشْهُورٍ فِي هذِهِ اَلْقَضِيَّةِ وَظَلَّ سَجِينًا حَتَّى خَرَجَ سَنَةَ 1971 عَقِبَ عَفْوِ اَلسَّادَاتِ عَنْ اَلْمُعْتَقَلِينَ اَلسِّيَاسِيِّينَ.</text>
			<annotation>
				<ArabicLexical word="وَأُلْقِيَ" lemma="أَلْقَى" pos="مصرفة منتظمة" prefix="وَ" root="لقي" pattern="أُفْعِلَ" suffix="" />
				<ArabicLexical word="اَلْقَبْضُ" lemma="قَبْض" pos="مصرفة منتظمة" prefix="ال" root="قبض" pattern="فَعْل" suffix="" />
				<ArabicLexical word="عَلَيْهِ" lemma="عَلَى" pos="جامدة" prefix="" root="عَلَى" pattern="عَلَيْ" suffix="ه" />
				<ArabicLexical word="مَرَّةً" lemma="مَرَّة" pos="مصرفة منتظمة" prefix="" root="مرر" pattern="فَلّ" suffix="ة" />
				<ArabicLexical word="أُخْرَى" lemma="أُخْرَى" pos="مصرفة منتظمة" prefix="" root="أخر" pattern="فُعْلَى" suffix="" />
				<ArabicLexical word="عَامَ" lemma="عَام" pos="مصرفة منتظمة" prefix="" root="عوم" pattern="فَعل" suffix="" />
				<ArabicLexical word="مَعَ" lemma="مَعَ" pos="جامدة" prefix="" root="مَعَ" pattern="مَعَ" suffix="" />
				<ArabicLexical word="عَدَدٍ" lemma="عَدَد" pos="مصرفة منتظمة" prefix="" root="عدد" pattern="فَعَل" suffix="" />
				<ArabicLexical word="كَبِيرٍ" lemma="كَبِير" pos="مصرفة منتظمة" prefix="" root="كبر" pattern="فَعِيل" suffix="" />
				<ArabicLexical word="مِنْ" lemma="مِنْ" pos="جامدة" prefix="" root="مِنْ" pattern="مِنْ" suffix="" />
				<ArabicLexical word="قَادَةِ" lemma="قَائِد" pos="مصرفة منتظمة" prefix="" root="قود" pattern="فَعل" suffix="ة" />
				<ArabicLexical word="اَلْإِخْوَانِ" lemma="أَخ" pos="مصرفة منتظمة" prefix="ال" root="أخو" pattern="فِعْلَان" suffix="" />
				<ArabicLexical word="عَقِبَ" lemma="عَقِب" pos="مصرفة منتظمة" prefix="" root="عقب" pattern="فَعِل" suffix="" />
				<ArabicLexical word="حَادِثِ" lemma="حَادِث" pos="مصرفة منتظمة" prefix="" root="حدث" pattern="فَاعِل" suffix="" />
				<ArabicLexical word="اَلْمَنْشِيَّةِ" lemma="مَنْشِيّ" pos="مصرفة منتظمة" prefix="ال" root="نشو" pattern="مَفْعِلّ" suffix="ة" />
				<ArabicLexical word="اَلَّذِي" lemma="اَلَّذِي" pos="جامدة" prefix="ال" root="اَلَّذِي" pattern="لَذِي" suffix="" />
				<ArabicLexical word="اِتَّهَمَ" lemma="اتَّهَمَ" pos="مصرفة منتظمة" prefix="" root="وهم" pattern="اِفَّعَلَ" suffix="" />
				<ArabicLexical word="فِيهِ" lemma="فِي" pos="جامدة" prefix="" root="فِي" pattern="فِي" suffix="ه" />
				<ArabicLexical word="اَلرَّئِيسُ" lemma="رَئِيس" pos="مصرفة منتظمة" prefix="ال" root="رأس" pattern="فَعِيل" suffix="" />
				<ArabicLexical word="جَمَالُ" lemma="جَمَال" pos="مصرفة منتظمة" prefix="" root="جمل" pattern="فَعَال" suffix="" />
				<ArabicLexical word="عَبْدِ" lemma="عَبْد" pos="مصرفة منتظمة" prefix="" root="عبد" pattern="فَعْل" suffix="" />
				<ArabicLexical word="اَلنَّاصِرِ" lemma="نَاصِر" pos="مصرفة منتظمة" prefix="ال" root="نصر" pattern="فَاعِل" suffix="" />
				<ArabicLexical word="اَلْجَمَاعَةَ" lemma="جَمَاعَة" pos="مصرفة منتظمة" prefix="ال" root="جمع" pattern="فَعَال" suffix="ة" />
				<ArabicLexical word="بِمُحَاوَلَةِ" lemma="مُحَاوَلَة" pos="مصرفة منتظمة" prefix="بِ" root="حول" pattern="مُفَاعَل" suffix="ة" />
				<ArabicLexical word="تَدْبِيرِ" lemma="تَدْبِير" pos="مصرفة منتظمة" prefix="" root="دبر" pattern="تَفْعِيل" suffix="" />
				<ArabicLexical word="اِغْتِيَالِهِ" lemma="اغْتِيَال" pos="مصرفة منتظمة" prefix="" root="غول" pattern="اِفْتِعَال" suffix="ه" />
				<ArabicLexical word="وَحُكِمَ" lemma="حَكَمَ" pos="مصرفة منتظمة" prefix="وَ" root="حكم" pattern="فُعِلَ" suffix="" />
				<ArabicLexical word="عَلَى" lemma="عَلَى" pos="جامدة" prefix="" root="عَلَى" pattern="عَلَى" suffix="" />
				<ArabicLexical word="مَشْهُورٍ" lemma="مَشْهُور" pos="مصرفة منتظمة" prefix="" root="شهر" pattern="مَفْعُول" suffix="" />
				<ArabicLexical word="بِعَشْرِ" lemma="عَشْر" pos="مصرفة منتظمة" prefix="بِ" root="عشر" pattern="فَعْل" suffix="" />
				<ArabicLexical word="سَنَوَاتٍ" lemma="سَنَة" pos="استثناء صرفي" prefix="" root="سنه" pattern="سَنَوَ" suffix="ات" />
				<ArabicLexical word="خَرَجَ" lemma="خَرَجَ" pos="مصرفة منتظمة" prefix="" root="خرج" pattern="فَعَلَ" suffix="" />
				<ArabicLexical word="بَعْدَهَا" lemma="بَعْدَ" pos="مصرفة منتظمة" prefix="" root="بعد" pattern="فَعْل" suffix="هَا" />
				<ArabicLexical word="عَامَ" lemma="عَام" pos="مصرفة منتظمة" prefix="" root="عوم" pattern="فَعل" suffix="" />
				<ArabicLexical word="لِيَتِمَّ" lemma="تَمَّ" pos="مصرفة منتظمة" prefix="لِي" root="تمم" pattern="فِلّ" suffix="" />
				<ArabicLexical word="اَلْقَبْضُ" lemma="قَبْض" pos="مصرفة منتظمة" prefix="ال" root="قبض" pattern="فَعْل" suffix="" />
				<ArabicLexical word="عَلَيْهِ" lemma="عَلَى" pos="جامدة" prefix="" root="عَلَى" pattern="عَلَيْ" suffix="ه" />
				<ArabicLexical word="بَعْدَ" lemma="بَعْدَ" pos="مصرفة منتظمة" prefix="" root="بعد" pattern="فَعْل" suffix="" />
				<ArabicLexical word="شُهُورٍ" lemma="شَهْر" pos="مصرفة منتظمة" prefix="" root="شهر" pattern="فُعُول" suffix="" />
				<ArabicLexical word="قَلِيلَةٍ" lemma="قَلِيل" pos="مصرفة منتظمة" prefix="" root="قلل" pattern="فَعِيل" suffix="ة" />
				<ArabicLexical word="فِي" lemma="فِي" pos="جامدة" prefix="" root="فِي" pattern="فِي" suffix="" />
				<ArabicLexical word="بِدَايَةِ" lemma="بِدَايَة" pos="استثناء صرفي" prefix="" root="بدأ" pattern="بِدَايَ" suffix="ة" />
				<ArabicLexical word="عَامِ" lemma="عَام" pos="مصرفة منتظمة" prefix="" root="عوم" pattern="فَعل" suffix="" />
				<ArabicLexical word="مَعَ" lemma="مَعَ" pos="جامدة" prefix="" root="مَعَ" pattern="مَعَ" suffix="" />
				<ArabicLexical word="مَجْمُوعَةِ" lemma="مَجْمُوعَة" pos="مصرفة منتظمة" prefix="" root="جمع" pattern="مَفْعُول" suffix="ة" />
				<ArabicLexical word="سَيِّدِ" lemma="سَيِّد" pos="مصرفة منتظمة" prefix="" root="سود" pattern="فَعِّل" suffix="" />
				<ArabicLexical word="قُطُبٍ" lemma="-" pos="مصرفة منتظمة" prefix="" root="قطب" pattern="فُعُل" suffix="" />
				<ArabicLexical word="وَلَمْ" lemma="لَمْ" pos="جامدة" prefix="وَ" root="لَمْ" pattern="لَمْ" suffix="" />
				<ArabicLexical word="يُوَجَّهْ" lemma="وَجَّهَ" pos="مصرفة منتظمة" prefix="يُ" root="وجه" pattern="فَعَّلَ" suffix="" />
				<ArabicLexical word="اِتِّهَامٌ" lemma="اتِّهَام" pos="مصرفة منتظمة" prefix="" root="وهم" pattern="اِفِّعَال" suffix="" />
				<ArabicLexical word="لِمَشْهُورٍ" lemma="مَشْهُور" pos="مصرفة منتظمة" prefix="لِ" root="شهر" pattern="مَفْعُول" suffix="" />
				<ArabicLexical word="فِي" lemma="فِي" pos="جامدة" prefix="" root="فِي" pattern="فِي" suffix="" />
				<ArabicLexical word="هذِهِ" lemma="ذَا" pos="جامدة" prefix="" root="ذَا" pattern="هذِهِ" suffix="" />
				<ArabicLexical word="اَلْقَضِيَّةِ" lemma="قَضِيَّة" pos="مصرفة منتظمة" prefix="ال" root="قضي" pattern="فَعِلّ" suffix="ة" />
				<ArabicLexical word="وَظَلَّ" lemma="ظَلَّ" pos="مصرفة منتظمة" prefix="وَ" root="ظلل" pattern="فَلَّ" suffix="" />
				<ArabicLexical word="سَجِينًا" lemma="سَجِين" pos="مصرفة منتظمة" prefix="" root="سجن" pattern="فَعِيل" suffix="" />
				<ArabicLexical word="حَتَّى" lemma="حَتَّى" pos="جامدة" prefix="" root="حَتَّى" pattern="حَتَّى" suffix="" />
				<ArabicLexical word="خَرَجَ" lemma="خَرَجَ" pos="مصرفة منتظمة" prefix="" root="خرج" pattern="فَعَلَ" suffix="" />
				<ArabicLexical word="سَنَةَ" lemma="سَنَة" pos="استثناء صرفي" prefix="" root="سنه" pattern="سَنَ" suffix="ة" />
				<ArabicLexical word="عَقِبَ" lemma="عَقِب" pos="مصرفة منتظمة" prefix="" root="عقب" pattern="فَعِل" suffix="" />
				<ArabicLexical word="عَفْوِ" lemma="عَفْو" pos="مصرفة منتظمة" prefix="" root="عفو" pattern="فَعْل" suffix="" />
				<ArabicLexical word="اَلسَّادَاتِ" lemma="سَائِد" pos="مصرفة منتظمة" prefix="ال" root="سود" pattern="فَعل" suffix="ات" />
				<ArabicLexical word="عَنْ" lemma="عَنْ" pos="جامدة" prefix="" root="عَنْ" pattern="عَنْ" suffix="" />
				<ArabicLexical word="اَلْمُعْتَقَلِينَ" lemma="مُعْتَقَل" pos="مصرفة منتظمة" prefix="ال" root="عقل" pattern="مُفْتَعَل" suffix="ينَ" />
				<ArabicLexical word="اَلسِّيَاسِيِّينَ" lemma="سِيَاسِيّ" pos="مصرفة منتظمة" prefix="ال" root="سوس" pattern="فِعَال" suffix="يِّينَ" />
			</annotation>
		</sentence>
		<sentence id="08752">
			<text>وَشَارَكَ فِي إِعَادَةِ تَأْسِيسِ جَمَاعَةِ اَلْإِخْوَانِ، بَعْدَ اِخْتِيَارِ عُمَرَ اَلتِّلِمْسَانِيِّ مُرْشِدًا عَامًّا. ثُمَّ سَافَرَ قَبْلَ اَلْقَبْضِ عَلَى مَجْمُوعَةٍ مِنْ قَادَةِ اَلْإِخْوَانِ فِي سِبْتَمْبِرَ عَامَ 1981 إِلَى اَلْكُوَيْتْ، ثُمَّ إِلَى أَلْمَانْيَا، وَمَكَثَ هُنَاكَ 5 سَنَوَاتٍ سَاهَمَ خِلَالَهَا فِي إِنْشَاءِ اَلتَّنْظِيمِ اَلدُّوَلِيِّ لِلْإِخْوَانِ وَوَضْعِ نِظَامِهِ اَلْعَامِّ.</text>
			<annotation>
				<ArabicLexical word="وَشَارَكَ" lemma="شَارَكَ" pos="مصرفة منتظمة" prefix="وَ" root="شرك" pattern="فَاعَلَ" suffix="" />
				<ArabicLexical word="فِي" lemma="فِي" pos="جامدة" prefix="" root="فِي" pattern="فِي" suffix="" />
				<ArabicLexical word="إِعَادَةِ" lemma="إِعَادَة" pos="مصرفة منتظمة" prefix="" root="عود" pattern="إِفَعالَ" suffix="ة" />
				<ArabicLexical word="تَأْسِيسِ" lemma="تَأْسِيس" pos="مصرفة منتظمة" prefix="" root="أسس" pattern="تَفْعِيل" suffix="" />
				<ArabicLexical word="جَمَاعَةِ" lemma="جَمَاعَة" pos="مصرفة منتظمة" prefix="" root="جمع" pattern="فَعَال" suffix="ة" />
				<ArabicLexical word="اَلْإِخْوَانِ" lemma="أَخ" pos="مصرفة منتظمة" prefix="ال" root="أخو" pattern="فِعْلَان" suffix="" />
				<ArabicLexical word="بَعْدَ" lemma="بَعْدَ" pos="مصرفة منتظمة" prefix="" root="بعد" pattern="فَعْل" suffix="" />
				<ArabicLexical word="اِخْتِيَارِ" lemma="اخْتِيَار" pos="مصرفة منتظمة" prefix="" root="خير" pattern="اِفْتِعَال" suffix="" />
				<ArabicLexical word="عُمَرَ" lemma="عُمَر" pos="مصرفة منتظمة" prefix="" root="عمر" pattern="فُعَل" suffix="" />
				<ArabicLexical word="اَلتِّلِمْسَانِيِّ" lemma="تِلِمْسَانِيّ" pos="غير عربية" prefix="" root="" pattern="" suffix="" />
				<ArabicLexical word="مُرْشِدًا" lemma="مُرْشِد" pos="مصرفة منتظمة" prefix="" root="رشد" pattern="مُفْعِل" suffix="" />
				<ArabicLexical word="عَامًّا" lemma="عَامّ" pos="مصرفة منتظمة" prefix="" root="عمم" pattern="فَالّ" suffix="" />
				<ArabicLexical word="ثُمَّ" lemma="ثُمَّ" pos="جامدة" prefix="" root="ثُمَّ" pattern="ثُمَّ" suffix="" />
				<ArabicLexical word="سَافَرَ" lemma="سَافَرَ" pos="مصرفة منتظمة" prefix="" root="سفر" pattern="فَاعَلَ" suffix="" />
				<ArabicLexical word="قَبْلَ" lemma="قَبْلَ" pos="مصرفة منتظمة" prefix="" root="قبل" pattern="فَعْل" suffix="" />
				<ArabicLexical word="اَلْقَبْضِ" lemma="قَبْض" pos="مصرفة منتظمة" prefix="ال" root="قبض" pattern="فَعْل" suffix="" />
				<ArabicLexical word="عَلَى" lemma="عَلَى" pos="جامدة" prefix="" root="عَلَى" pattern="عَلَى" suffix="" />
				<ArabicLexical word="مَجْمُوعَةٍ" lemma="مَجْمُوعَة" pos="مصرفة منتظمة" prefix="" root="جمع" pattern="مَفْعُول" suffix="ة" />
				<ArabicLexical word="مِنْ" lemma="مِنْ" pos="جامدة" prefix="" root="مِنْ" pattern="مِنْ" suffix="" />
				<ArabicLexical word="قَادَةِ" lemma="قَائِد" pos="مصرفة منتظمة" prefix="" root="قود" pattern="فَعل" suffix="ة" />
				<ArabicLexical word="اَلْإِخْوَانِ" lemma="أَخ" pos="مصرفة منتظمة" prefix="ال" root="أخو" pattern="فِعْلَان" suffix="" />
				<ArabicLexical word="فِي" lemma="فِي" pos="جامدة" prefix="" root="فِي" pattern="فِي" suffix="" />
				<ArabicLexical word="سِبْتَمْبِرَ" lemma="سِبْتَمْبِر" pos="معربة" prefix="" root="سِبْتَمْبِر" pattern="سِبْتَمْبِر" suffix="" />
				<ArabicLexical word="عَامَ" lemma="عَام" pos="مصرفة منتظمة" prefix="" root="عوم" pattern="فَعل" suffix="" />
				<ArabicLexical word="إِلَى" lemma="إِلَى" pos="جامدة" prefix="" root="إِلَى" pattern="إِلَى" suffix="" />
				<ArabicLexical word="اَلْكُوَيْتْ" lemma="كُوَيْت" pos="غير عربية" prefix="" root="" pattern="" suffix="" />
				<ArabicLexical word="ثُمَّ" lemma="ثَمَّ" pos="جامدة" prefix="" root="ثُمَّ" pattern="ثُمَّ" suffix="" />
				<ArabicLexical word="إِلَى" lemma="إِلَى" pos="جامدة" prefix="" root="إِلَى" pattern="إِلَى" suffix="" />
				<ArabicLexical word="أَلْمَانْيَا" lemma="أَلْمَانْيَا" pos="غير عربية" prefix="" root="" pattern="" suffix="" />
				<ArabicLexical word="وَمَكَثَ" lemma="مَكَث" pos="مصرفة منتظمة" prefix="وَ" root="مكث" pattern="فَعَلَ" suffix="" />
				<ArabicLexical word="هُنَاكَ" lemma="هُنَا" pos="جامدة" prefix="" root="هُنَا" pattern="هُنَاكَ" suffix="" />
				<ArabicLexical word="سَنَوَاتٍ" lemma="سَنَة" pos="استثناء صرفي" prefix="" root="سنه" pattern="سَنَوَ" suffix="ات" />
				<ArabicLexical word="سَاهَمَ" lemma="سَاهَمَ" pos="مصرفة منتظمة" prefix="" root="سهم" pattern="فَاعَلَ" suffix="" />
				<ArabicLexical word="خِلَالَهَا" lemma="خَلَل" pos="مصرفة منتظمة" prefix="" root="خلل" pattern="فِعَال" suffix="هَا" />
				<ArabicLexical word="فِي" lemma="فِي" pos="جامدة" prefix="" root="فِي" pattern="فِي" suffix="" />
				<ArabicLexical word="إِنْشَاءِ" lemma="إِنْشَاء" pos="مصرفة منتظمة" prefix="" root="نشأ" pattern="إِفْعَال" suffix="" />
				<ArabicLexical word="اَلتَّنْظِيمِ" lemma="تَنْظِيم" pos="مصرفة منتظمة" prefix="ال" root="نظم" pattern="تَفْعِيل" suffix="" />
				<ArabicLexical word="اَلدُّوَلِيِّ" lemma="دُوَلِيّ" pos="مصرفة منتظمة" prefix="ال" root="دول" pattern="فُعَل" suffix="يّ" />
				<ArabicLexical word="لِلْإِخْوَانِ" lemma="أَخ" pos="مصرفة منتظمة" prefix="لِل" root="أخو" pattern="فِعْلَان" suffix="" />
				<ArabicLexical word="وَوَضْعِ" lemma="وَضْع" pos="مصرفة منتظمة" prefix="وَ" root="وضع" pattern="فَعْل" suffix="" />
				<ArabicLexical word="نِظَامِهِ" lemma="نِظَام" pos="مصرفة منتظمة" prefix="" root="نظم" pattern="فِعَال" suffix="ه" />
				<ArabicLexical word="اَلْعَامِّ" lemma="عَامّ" pos="مصرفة منتظمة" prefix="ال" root="عمم" pattern="فَالّ" suffix="" />
			</annotation>
		</sentence>
		<sentence id="08753">
			<text>عَادَ مَشْهُورٌ إِلَى مِصْرَ عَامَ 1986 قُبَيْلَ وَفَاةِ عُمَرَ اَلتِّلِمْسَانِيِّ، حَيْثُ تَمَّ تَعْيِينُهُ نَائِبًا لِلْمُرْشِدِ اَلْعَامِّ آنَذَاكَ حَامِدِ أَبِي اَلنَّصْرِ، وَفِي 1996 وَعَقِبَ وَفَاةِ أَبِي اَلنَّصْرِ تَمَّ اِخْتِيَارُ مَشْهُورٍ فِي بَيْعَةٍ عَلَنِيَّةٍ -أَطْلَقَ عَلَيْهَا اَلْبَعْضُ بَيْعَةَ اَلْمَقَابِرِ لِأَنَّهَا جَرَتْ أَثْنَاءَ تَشْيِيعِ جِنَازَةِ اَلْمُرْشِدِ أَبِي اَلنَّصْرِ- مُرْشِدًا عَامًّا لِلْجَمَاعَةِ. وَتَمَّ اَلتَّجْدِيدُ لَهُ فِي فِبْرَايِرَ 2002 لِمُدَّةٍ أُخْرَى بَلَغَتْ 6 سَنَوَاتٍ؛ وَذلِكَ تَطْبِيقًا لِلَائِحَةٍ جَدِيدَةٍ وَضَعَتْهَا اَلْجَمَاعَةُ تُحَدِّدُ مُدَّةَ بَقَاءِ اَلْمُرْشِدِ فِي مَنْصِبِهِ 6 سَنَوَاتٍ قَابِلَةٍ لِلتَّجْدِيدِ بِدُونَ حَدٍّ أَقْصَى</text>
			<annotation>
				<ArabicLexical word="عَادَ" lemma="عَادَ" pos="مصرفة منتظمة" prefix="" root="عود" pattern="فَعلَ" suffix="" />
				<ArabicLexical word="مَشْهُورٌ" lemma="مَشْهُور" pos="مصرفة منتظمة" prefix="" root="شهر" pattern="مَفْعُول" suffix="" />
				<ArabicLexical word="إِلَى" lemma="إِلَى" pos="جامدة" prefix="" root="إِلَى" pattern="إِلَى" suffix="" />
				<ArabicLexical word="مِصْرَ" lemma="مِصْر" pos="مصرفة منتظمة" prefix="" root="مصر" pattern="فِعْل" suffix="" />
				<ArabicLexical word="عَامَ" lemma="عَام" pos="مصرفة منتظمة" prefix="" root="عوم" pattern="فَعل" suffix="" />
				<ArabicLexical word="قُبَيْلَ" lemma="قُبَيْل" pos="مصرفة منتظمة" prefix="" root="قبل" pattern="فُعَيْل" suffix="" />
				<ArabicLexical word="وَفَاةِ" lemma="وَفَاة" pos="مصرفة منتظمة" prefix="" root="وفي" pattern="فَعَل" suffix="ة" />
				<ArabicLexical word="عُمَرَ" lemma="عُمَر" pos="مصرفة منتظمة" prefix="" root="عمر" pattern="فُعَل" suffix="" />
				<ArabicLexical word="اَلتِّلِمْسَانِيِّ" lemma="تِلِمْسَانِيّ" pos="غير عربية" prefix="" root="" pattern="" suffix="" />
				<ArabicLexical word="حَيْثُ" lemma="حَيْثُ" pos="جامدة" prefix="" root="حَيْثُ" pattern="حَيْثُ" suffix="" />
				<ArabicLexical word="تَمَّ" lemma="تَمَّ" pos="مصرفة منتظمة" prefix="" root="تمم" pattern="فَلَّ" suffix="" />
				<ArabicLexical word="تَعْيِينُهُ" lemma="تَعْيِين" pos="مصرفة منتظمة" prefix="" root="عين" pattern="تَفْعِيل" suffix="ه" />
				<ArabicLexical word="نَائِبًا" lemma="نَائِب" pos="مصرفة منتظمة" prefix="" root="نوب" pattern="فَاعِل" suffix="" />
				<ArabicLexical word="لِلْمُرْشِدِ" lemma="مُرْشِد" pos="مصرفة منتظمة" prefix="لِل" root="رشد" pattern="مُفْعِل" suffix="" />
				<ArabicLexical word="اَلْعَامِّ" lemma="عَامّ" pos="مصرفة منتظمة" prefix="ال" root="عمم" pattern="فَالّ" suffix="" />
				<ArabicLexical word="آنَذَاكَ" lemma="آنَذَاكَ" pos="استثناء صرفي" prefix="" root="أون" pattern="آنَذَاكَ" suffix="" />
				<ArabicLexical word="حَامِدِ" lemma="حَامِد" pos="مصرفة منتظمة" prefix="" root="حمد" pattern="فَاعِل" suffix="" />
				<ArabicLexical word="أَبِي" lemma="بِي" pos="استثناء صرفي" prefix="" root="أبو" pattern="أَبِي" suffix="" />
				<ArabicLexical word="اَلنَّصْرِ" lemma="نَصْر" pos="مصرفة منتظمة" prefix="ال" root="نصر" pattern="فَعْل" suffix="" />
				<ArabicLexical word="وَفِي" lemma="فِي" pos="جامدة" prefix="وَ" root="فِي" pattern="فِي" suffix="" />
				<ArabicLexical word="وَعَقِبَ" lemma="عَقِب" pos="مصرفة منتظمة" prefix="وَ" root="عقب" pattern="فَعِل" suffix="" />
				<ArabicLexical word="وَفَاةِ" lemma="وَفَاة" pos="مصرفة منتظمة" prefix="" root="وفي" pattern="فَعَل" suffix="ة" />
				<ArabicLexical word="أَبِي" lemma="بِي" pos="استثناء صرفي" prefix="" root="أبو" pattern="أَبِي" suffix="" />
				<ArabicLexical word="اَلنَّصْرِ" lemma="نَصْر" pos="مصرفة منتظمة" prefix="ال" root="نصر" pattern="فَعْل" suffix="" />
				<ArabicLexical word="تَمَّ" lemma="تَمَّ" pos="مصرفة منتظمة" prefix="" root="تمم" pattern="فَلَّ" suffix="" />
				<ArabicLexical word="اِخْتِيَارُ" lemma="اخْتِيَار" pos="مصرفة منتظمة" prefix="" root="خير" pattern="اِفْتِعَال" suffix="" />
				<ArabicLexical word="مَشْهُورٍ" lemma="مَشْهُور" pos="مصرفة منتظمة" prefix="" root="شهر" pattern="مَفْعُول" suffix="" />
				<ArabicLexical word="فِي" lemma="فِي" pos="جامدة" prefix="" root="فِي" pattern="فِي" suffix="" />
				<ArabicLexical word="بَيْعَةٍ" lemma="بَيْعَة" pos="مصرفة منتظمة" prefix="" root="بيع" pattern="فَعْل" suffix="ة" />
				<ArabicLexical word="عَلَنِيَّةٍ" lemma="عَلَنِيّ" pos="مصرفة منتظمة" prefix="" root="علن" pattern="فَعَل" suffix="يَّة" />
				<ArabicLexical word="أَطْلَقَ" lemma="أَطْلَقَ" pos="مصرفة منتظمة" prefix="" root="طلق" pattern="أَفْعَلَ" suffix="" />
				<ArabicLexical word="عَلَيْهَا" lemma="عَلَى" pos="جامدة" prefix="" root="عَلَى" pattern="عَلَيْ" suffix="هَا" />
				<ArabicLexical word="اَلْبَعْضُ" lemma="بَعْض" pos="مصرفة منتظمة" prefix="ال" root="بعض" pattern="فَعْل" suffix="" />
				<ArabicLexical word="بَيْعَةَ" lemma="بَيْعَة" pos="مصرفة منتظمة" prefix="" root="بيع" pattern="فَعْل" suffix="ة" />
				<ArabicLexical word="اَلْمَقَابِرِ" lemma="مَقْبَرَة" pos="مصرفة منتظمة" prefix="ال" root="قبر" pattern="مَفَاعِل" suffix="" />
				<ArabicLexical word="لِأَنَّهَا" lemma="أَنَّ" pos="جامدة" prefix="لِ" root="أَنَّ" pattern="أَنَّ" suffix="هَا" />
				<ArabicLexical word="جَرَتْ" lemma="جَرَى" pos="مصرفة منتظمة" prefix="" root="جري" pattern="فَعَل" suffix="تْ" />
				<ArabicLexical word="أَثْنَاءَ" lemma="أَثْنَاءَ" pos="مصرفة منتظمة" prefix="" root="ثني" pattern="أَفْعَال" suffix="" />
				<ArabicLexical word="تَشْيِيعِ" lemma="تَشْيِيع" pos="مصرفة منتظمة" prefix="" root="شيع" pattern="تَفْعِيل" suffix="" />
				<ArabicLexical word="جِنَازَةِ" lemma="جِنَازَة" pos="مصرفة منتظمة" prefix="" root="جنز" pattern="فِعَال" suffix="ة" />
				<ArabicLexical word="اَلْمُرْشِدِ" lemma="مُرْشِد" pos="مصرفة منتظمة" prefix="ال" root="رشد" pattern="مُفْعِل" suffix="" />
				<ArabicLexical word="أَبِي" lemma="بِي" pos="استثناء صرفي" prefix="" root="أبو" pattern="أَبِي" suffix="" />
				<ArabicLexical word="اَلنَّصْرِ" lemma="نَصْر" pos="مصرفة منتظمة" prefix="ال" root="نصر" pattern="فَعْل" suffix="" />
				<ArabicLexical word="مُرْشِدًا" lemma="مُرْشِد" pos="مصرفة منتظمة" prefix="" root="رشد" pattern="مُفْعِل" suffix="" />
				<ArabicLexical word="عَامًّا" lemma="عَامّ" pos="مصرفة منتظمة" prefix="" root="عمم" pattern="فَالّ" suffix="" />
				<ArabicLexical word="لِلْجَمَاعَةِ" lemma="جَمَاعَة" pos="مصرفة منتظمة" prefix="لِل" root="جمع" pattern="فَعَال" suffix="ة" />
				<ArabicLexical word="وَتَمَّ" lemma="تَمَّ" pos="مصرفة منتظمة" prefix="وَ" root="تمم" pattern="فَلَّ" suffix="" />
				<ArabicLexical word="اَلتَّجْدِيدُ" lemma="تَجْدِيد" pos="مصرفة منتظمة" prefix="ال" root="جدد" pattern="تَفْعِيل" suffix="" />
				<ArabicLexical word="لَهُ" lemma="لِي" pos="جامدة" prefix="" root="لِي" pattern="لَهُ" suffix="" />
				<ArabicLexical word="فِي" lemma="فِي" pos="جامدة" prefix="" root="فِي" pattern="فِي" suffix="" />
				<ArabicLexical word="فِبْرَايِرَ" lemma="فِبْرَايِر" pos="معربة" prefix="" root="فِبْرَايِر" pattern="فِبْرَايِر" suffix="" />
				<ArabicLexical word="لِمُدَّةٍ" lemma="مُدَّة" pos="مصرفة منتظمة" prefix="لِ" root="مدد" pattern="فُلّ" suffix="ة" />
				<ArabicLexical word="أُخْرَى" lemma="أُخْرَى" pos="مصرفة منتظمة" prefix="" root="أخر" pattern="فُعْلَى" suffix="" />
				<ArabicLexical word="بَلَغَتْ" lemma="بَلَغَ" pos="مصرفة منتظمة" prefix="" root="بلغ" pattern="فَعَلَ" suffix="تْ" />
				<ArabicLexical word="سَنَوَاتٍ" lemma="سَنَة" pos="استثناء صرفي" prefix="" root="سنه" pattern="سَنَوَ" suffix="ات" />
				<ArabicLexical word="وَذلِكَ" lemma="ذَا" pos="جامدة" prefix="وَ" root="ذَا" pattern="ذلِ" suffix="كَ" />
				<ArabicLexical word="تَطْبِيقًا" lemma="تَطْبِيق" pos="مصرفة منتظمة" prefix="" root="طبق" pattern="تَفْعِيل" suffix="" />
				<ArabicLexical word="لِلَائِحَةٍ" lemma="لَائِحَة" pos="مصرفة منتظمة" prefix="لِ" root="لوح" pattern="فَاعِل" suffix="ة" />
				<ArabicLexical word="جَدِيدَةٍ" lemma="جَدِيد" pos="مصرفة منتظمة" prefix="" root="جدد" pattern="فَعِيل" suffix="ة" />
				<ArabicLexical word="وَضَعَتْهَا" lemma="وَضَعَ" pos="مصرفة منتظمة" prefix="" root="وضع" pattern="فَعَلَ" suffix="تْهَا" />
				<ArabicLexical word="اَلْجَمَاعَةُ" lemma="جَمَاعَة" pos="مصرفة منتظمة" prefix="ال" root="جمع" pattern="فَعَال" suffix="ة" />
				<ArabicLexical word="تُحَدِّدُ" lemma="حَدَّدَ" pos="مصرفة منتظمة" prefix="ت" root="حدد" pattern="فَعَّلَ" suffix="" />
				<ArabicLexical word="مُدَّةَ" lemma="مُدَّة" pos="مصرفة منتظمة" prefix="" root="مدد" pattern="فُلّ" suffix="ة" />
				<ArabicLexical word="بَقَاءِ" lemma="بَقَاء" pos="مصرفة منتظمة" prefix="" root="بقي" pattern="فَعَال" suffix="" />
				<ArabicLexical word="اَلْمُرْشِدِ" lemma="مُرْشِد" pos="مصرفة منتظمة" prefix="ال" root="رشد" pattern="مُفْعِل" suffix="" />
				<ArabicLexical word="فِي" lemma="فِي" pos="جامدة" prefix="" root="فِي" pattern="فِي" suffix="" />
				<ArabicLexical word="مَنْصِبِهِ" lemma="مَنْصِب" pos="مصرفة منتظمة" prefix="" root="نصب" pattern="مَفْعِل" suffix="ه" />
				<ArabicLexical word="سَنَوَاتٍ" lemma="سَنَة" pos="استثناء صرفي" prefix="" root="سنه" pattern="سَنَوَ" suffix="ات" />
				<ArabicLexical word="قَابِلَةٍ" lemma="قَابِل" pos="مصرفة منتظمة" prefix="" root="قبل" pattern="فَاعِل" suffix="ة" />
				<ArabicLexical word="لِلتَّجْدِيدِ" lemma="تَجْدِيد" pos="مصرفة منتظمة" prefix="لِل" root="جدد" pattern="تَفْعِيل" suffix="" />
				<ArabicLexical word="بِدُونَ" lemma="دُون" pos="جامدة" prefix="بِ" root="دُونَ" pattern="دُونَ" suffix="" />
				<ArabicLexical word="حَدٍّ" lemma="حَدّ" pos="مصرفة منتظمة" prefix="" root="حدد" pattern="فَلّ" suffix="" />
				<ArabicLexical word="أَقْصَى" lemma="أَقْصَى" pos="مصرفة منتظمة" prefix="" root="قصو" pattern="أَفْعَل" suffix="" />
			</annotation>
		</sentence>
	</FILE>
	</NEMLAR>