<NEMLAR><FILE name="GeneralNews" number="154">
		<sentence id="09156">
			<text>?صَيْفُ اَلْيَمَنِ.. فُرْصَةٌ لِزَوَاجِ اَلطُّلَّابِ  </text>
			<annotation>
				<ArabicLexical word="صَيْفُ" lemma="صَيْف" pos="مصرفة منتظمة" prefix="" root="صيف" pattern="فَعْل" suffix="" />
				<ArabicLexical word="اَلْيَمَنِ" lemma="يَمَن" pos="مصرفة منتظمة" prefix="ال" root="يمن" pattern="فَعَل" suffix="" />
				<ArabicLexical word="فُرْصَةٌ" lemma="فُرْصَة" pos="مصرفة منتظمة" prefix="" root="فرص" pattern="فُعْل" suffix="ة" />
				<ArabicLexical word="لِزَوَاجِ" lemma="زَوَاج" pos="مصرفة منتظمة" prefix="لِ" root="زوج" pattern="فَعَال" suffix="" />
				<ArabicLexical word="اَلطُّلَّابِ" lemma="طَالِب" pos="مصرفة منتظمة" prefix="ال" root="طلب" pattern="فُعَّال" suffix="" />
			</annotation>
		</sentence>
		<sentence id="09157">
			<text>صَنْعَاءُ- رَاجِحُ بَادِي- إِسْلَامُ أُونْ لَايِنْ.نِتْ/23-7-2002 </text>
			<annotation>
				<ArabicLexical word="صَنْعَاءُ" lemma="صَنْعَاء" pos="مصرفة منتظمة" prefix="" root="صنع" pattern="فَعْلَاء" suffix="" />
				<ArabicLexical word="رَاجِحُ" lemma="رَاجِح" pos="مصرفة منتظمة" prefix="" root="رجح" pattern="فَاعِل" suffix="" />
				<ArabicLexical word="بَادِي" lemma="بَادِي" pos="مصرفة منتظمة" prefix="" root="بدو" pattern="فَاعِل" suffix="" />
				<ArabicLexical word="إِسْلَامُ" lemma="إِسْلَام" pos="مصرفة منتظمة" prefix="" root="سلم" pattern="إِفْعَال" suffix="" />
				<ArabicLexical word="أُونْ" lemma="أُونْ" pos="غير عربية" prefix="" root="" pattern="" suffix="" />
				<ArabicLexical word="لَايِنْ" lemma="لايَنَ" pos="غير عربية" prefix="" root="" pattern="" suffix="" />
				<ArabicLexical word="نِتْ" lemma="نِت" pos="غير عربية" prefix="" root="" pattern="" suffix="" />
			</annotation>
		</sentence>
		<sentence id="09158">
			<text> </text>
			<annotation>
			</annotation>
		</sentence>
		<sentence id="09159">
			<text> </text>
			<annotation>
			</annotation>
		</sentence>
		<sentence id="09160">
			<text>يَمَنِيُّونَ يَرْقُصُونَ اِبْتِهَاجًا بِأَحَدِ اَلْأَفْرَاحِ </text>
			<annotation>
				<ArabicLexical word="يَمَنِيُّونَ" lemma="يَمَنِيّ" pos="مصرفة منتظمة" prefix="" root="يمن" pattern="فَعَل" suffix="يُّونَ" />
				<ArabicLexical word="يَرْقُصُونَ" lemma="رَقَصَ" pos="مصرفة منتظمة" prefix="ي" root="رقص" pattern="فْعُل" suffix="ونَ" />
				<ArabicLexical word="اِبْتِهَاجًا" lemma="ابْتِهَاج" pos="مصرفة منتظمة" prefix="" root="بهج" pattern="اِفْتِعَال" suffix="" />
				<ArabicLexical word="بِأَحَدِ" lemma="أَحَد" pos="مصرفة منتظمة" prefix="بِ" root="أحد" pattern="فَعَل" suffix="" />
				<ArabicLexical word="اَلْأَفْرَاحِ" lemma="فَرَح" pos="مصرفة منتظمة" prefix="ال" root="فرح" pattern="أَفْعَال" suffix="" />
			</annotation>
		</sentence>
		<sentence id="09161">
			<text> </text>
			<annotation>
			</annotation>
		</sentence>
		<sentence id="09162">
			<text>مَا إِنْ تَنْتَهِي اِمْتِحَانَاتُ اَلْمَدَارِسِ وَالْجَامِعَاتِ فِي اَلْيَمَنِ، وَيَبْدَأُ اَلصَّيْفُ حَتَّى تَزْدَانَ شَوَارِعُ اَلْمُدُنِ إِيذَانًا بِمَوْسِمٍ حَافِلٍ بِحَفَلَاتِ اَلزَّفَافِ اَلَّتِي يَكُونُ أَبْطَالُهَا مِنْ اَلطَّلَبَةِ. </text>
			<annotation>
				<ArabicLexical word="مَا" lemma="مَا" pos="جامدة" prefix="" root="مَا" pattern="مَا" suffix="" />
				<ArabicLexical word="إِنْ" lemma="إِنْ" pos="غير عربية" prefix="" root="" pattern="" suffix="" />
				<ArabicLexical word="تَنْتَهِي" lemma="انْتَهَى" pos="مصرفة منتظمة" prefix="ت" root="نهي" pattern="اِفْتَعِل" suffix="" />
				<ArabicLexical word="اِمْتِحَانَاتُ" lemma="امْتِحَان" pos="مصرفة منتظمة" prefix="" root="محن" pattern="اِفْتِعَال" suffix="ات" />
				<ArabicLexical word="اَلْمَدَارِسِ" lemma="مَدْرَسَة" pos="مصرفة منتظمة" prefix="ال" root="درس" pattern="مَفَاعِل" suffix="" />
				<ArabicLexical word="وَالْجَامِعَاتِ" lemma="جَامِع" pos="مصرفة منتظمة" prefix="وَال" root="جمع" pattern="فَاعِل" suffix="ات" />
				<ArabicLexical word="فِي" lemma="فِي" pos="جامدة" prefix="" root="فِي" pattern="فِي" suffix="" />
				<ArabicLexical word="اَلْيَمَنِ" lemma="يَمَن" pos="مصرفة منتظمة" prefix="ال" root="يمن" pattern="فَعَل" suffix="" />
				<ArabicLexical word="وَيَبْدَأُ" lemma="بَدَأَ" pos="مصرفة منتظمة" prefix="وَي" root="بدأ" pattern="فْعَل" suffix="" />
				<ArabicLexical word="اَلصَّيْفُ" lemma="صَيْف" pos="مصرفة منتظمة" prefix="ال" root="صيف" pattern="فَعْل" suffix="" />
				<ArabicLexical word="حَتَّى" lemma="حَتَّى" pos="جامدة" prefix="" root="حَتَّى" pattern="حَتَّى" suffix="" />
				<ArabicLexical word="تَزْدَانَ" lemma="ازْدَانَ" pos="مصرفة منتظمة" prefix="ت" root="زين" pattern="اِفْدَعلَ" suffix="" />
				<ArabicLexical word="شَوَارِعُ" lemma="شَارِع" pos="مصرفة منتظمة" prefix="" root="شرع" pattern="فَوَاعِل" suffix="" />
				<ArabicLexical word="اَلْمُدُنِ" lemma="مَدِينَة" pos="مصرفة منتظمة" prefix="ال" root="مدن" pattern="فُعُل" suffix="" />
				<ArabicLexical word="إِيذَانًا" lemma="إِيذَان" pos="مصرفة منتظمة" prefix="" root="أذن" pattern="إِفعَال" suffix="" />
				<ArabicLexical word="بِمَوْسِمٍ" lemma="مَوْسِم" pos="مصرفة منتظمة" prefix="بِ" root="وسم" pattern="مَفْعِل" suffix="" />
				<ArabicLexical word="حَافِلٍ" lemma="حَافِل" pos="مصرفة منتظمة" prefix="" root="حفل" pattern="فَاعِل" suffix="" />
				<ArabicLexical word="بِحَفَلَاتِ" lemma="حَفْلَة" pos="مصرفة منتظمة" prefix="بِ" root="حفل" pattern="فَعَل" suffix="ات" />
				<ArabicLexical word="اَلزَّفَافِ" lemma="-" pos="مصرفة منتظمة" prefix="ال" root="زفف" pattern="فَعَال" suffix="" />
				<ArabicLexical word="اَلَّتِي" lemma="اَلَّذِي" pos="جامدة" prefix="ال" root="اَلَّذِي" pattern="لَتِي" suffix="" />
				<ArabicLexical word="يَكُونُ" lemma="كَانَ" pos="مصرفة منتظمة" prefix="ي" root="كون" pattern="فُعل" suffix="" />
				<ArabicLexical word="أَبْطَالُهَا" lemma="بَطَل" pos="مصرفة منتظمة" prefix="" root="بطل" pattern="أَفْعَال" suffix="هَا" />
				<ArabicLexical word="مِنْ" lemma="مِنْ" pos="جامدة" prefix="" root="مِنْ" pattern="مِنْ" suffix="" />
				<ArabicLexical word="اَلطَّلَبَةِ" lemma="طَالِب" pos="مصرفة منتظمة" prefix="ال" root="طلب" pattern="فَعَل" suffix="ة" />
			</annotation>
		</sentence>
		<sentence id="09163">
			<text>وَيَقُولُ صَالِحٌ اَلْحَبَابِيُّ- 70 عَامًا- لِمُرَاسِلِ  إِسْلَامُ أُونْ لَايِنْ.نِتْ: يُفَضِّلُ اَلْيَمَنِيُّونَ اَلصَّيْفَ لِإِقَامَةِ حَفَلَاتِ اَلزَّوَاجِ؛ حَيْثُ يَكُونُ غَالِبِيَّةُ اَلْعِرْسَانِ مِنْ اَلطُّلَّابِ -سَوَاءً فِي اَلثَّانَوِيَّةِ أَوْ اَلْجَامِعَةِ- قَدْ أَتَمُّوا دِرَاسَتَهُمْ؛ فَيَقُومُ اَلْآبَاءُ بِتَزْوِيجِ أَبْنَائِهِمْ لِأَسْبَابٍ عَدِيدَةٍ، مِنْهَا تَحْصِينُهُمْ، وَبَعْضُهُمْ يَعْتَبِرُ ذلِكَ مُكَافَأَةً لِابْنِهِ اَلَّذِي أَنْهَى دِرَاسَتَهُ اَلثَّانَوِيَّةَ أَوْ اَلْجَامِعِيَّةَ، وَخَاصَّةً اَلْمَيْسُورِينَ مَالِيًّا. </text>
			<annotation>
				<ArabicLexical word="وَيَقُولُ" lemma="قَالَ" pos="مصرفة منتظمة" prefix="وَي" root="قول" pattern="فُعل" suffix="" />
				<ArabicLexical word="صَالِحٌ" lemma="صَالِح" pos="مصرفة منتظمة" prefix="" root="صلح" pattern="فَاعِل" suffix="" />
				<ArabicLexical word="اَلْحَبَابِيُّ" lemma="حَبَاب" pos="مصرفة منتظمة" prefix="ال" root="حبب" pattern="فَعَال" suffix="يّ" />
				<ArabicLexical word="عَامًا" lemma="عَام" pos="مصرفة منتظمة" prefix="" root="عوم" pattern="فَعل" suffix="" />
				<ArabicLexical word="لِمُرَاسِلِ" lemma="مُرَاسِل" pos="مصرفة منتظمة" prefix="لِ" root="رسل" pattern="مُفَاعِل" suffix="" />
				<ArabicLexical word="إِسْلَامُ" lemma="إِسْلَام" pos="مصرفة منتظمة" prefix="" root="سلم" pattern="إِفْعَال" suffix="" />
				<ArabicLexical word="أُونْ" lemma="أُونْ" pos="غير عربية" prefix="" root="" pattern="" suffix="" />
				<ArabicLexical word="لَايِنْ" lemma="لايَنَ" pos="غير عربية" prefix="" root="" pattern="" suffix="" />
				<ArabicLexical word="نِتْ" lemma="نِت" pos="غير عربية" prefix="" root="" pattern="" suffix="" />
				<ArabicLexical word="يُفَضِّلُ" lemma="فَضَّلَ" pos="مصرفة منتظمة" prefix="ي" root="فضل" pattern="فَعَّلَ" suffix="" />
				<ArabicLexical word="اَلْيَمَنِيُّونَ" lemma="يَمَنِيّ" pos="مصرفة منتظمة" prefix="ال" root="يمن" pattern="فَعَل" suffix="يُّونَ" />
				<ArabicLexical word="اَلصَّيْفَ" lemma="صَيْف" pos="مصرفة منتظمة" prefix="ال" root="صيف" pattern="فَعْل" suffix="" />
				<ArabicLexical word="لِإِقَامَةِ" lemma="إِقَامَة" pos="مصرفة منتظمة" prefix="لِ" root="قوم" pattern="إِفَعالَ" suffix="ة" />
				<ArabicLexical word="حَفَلَاتِ" lemma="حَفْلَة" pos="مصرفة منتظمة" prefix="" root="حفل" pattern="فَعَل" suffix="ات" />
				<ArabicLexical word="اَلزَّوَاجِ" lemma="زَوَاج" pos="مصرفة منتظمة" prefix="ال" root="زوج" pattern="فَعَال" suffix="" />
				<ArabicLexical word="حَيْثُ" lemma="حَيْثُ" pos="جامدة" prefix="" root="حَيْثُ" pattern="حَيْثُ" suffix="" />
				<ArabicLexical word="يَكُونُ" lemma="كَانَ" pos="مصرفة منتظمة" prefix="ي" root="كون" pattern="فُعل" suffix="" />
				<ArabicLexical word="غَالِبِيَّةُ" lemma="غَالِبِيّ" pos="مصرفة منتظمة" prefix="" root="غلب" pattern="فَاعِل" suffix="يَّة" />
				<ArabicLexical word="اَلْعِرْسَانِ" lemma="عَرِيس" pos="مصرفة منتظمة" prefix="ال" root="عرس" pattern="فِعْلَان" suffix="" />
				<ArabicLexical word="مِنْ" lemma="مِنْ" pos="جامدة" prefix="" root="مِنْ" pattern="مِنْ" suffix="" />
				<ArabicLexical word="اَلطُّلَّابِ" lemma="طَالِب" pos="مصرفة منتظمة" prefix="ال" root="طلب" pattern="فُعَّال" suffix="" />
				<ArabicLexical word="سَوَاءً" lemma="سَوَاء" pos="مصرفة منتظمة" prefix="" root="سوي" pattern="فَعَال" suffix="" />
				<ArabicLexical word="فِي" lemma="فِي" pos="جامدة" prefix="" root="فِي" pattern="فِي" suffix="" />
				<ArabicLexical word="اَلثَّانَوِيَّةِ" lemma="ثَانَوِيّ" pos="مصرفة منتظمة" prefix="ال" root="ثني" pattern="فَاعَلِ" suffix="يَّة" />
				<ArabicLexical word="أَوْ" lemma="أَوْ" pos="جامدة" prefix="" root="أَوْ" pattern="أَوْ" suffix="" />
				<ArabicLexical word="اَلْجَامِعَةِ" lemma="جَامِع" pos="مصرفة منتظمة" prefix="ال" root="جمع" pattern="فَاعِل" suffix="ة" />
				<ArabicLexical word="قَدْ" lemma="قَدْ" pos="جامدة" prefix="" root="قَدْ" pattern="قَدْ" suffix="" />
				<ArabicLexical word="أَتَمُّوا" lemma="أَتَمَّ" pos="مصرفة منتظمة" prefix="" root="تمم" pattern="أَفَلَّ" suffix="وا" />
				<ArabicLexical word="دِرَاسَتَهُمْ" lemma="دِرَاسَة" pos="مصرفة منتظمة" prefix="" root="درس" pattern="فِعَال" suffix="تهمْ" />
				<ArabicLexical word="فَيَقُومُ" lemma="قَامَ" pos="مصرفة منتظمة" prefix="فَي" root="قوم" pattern="فُعل" suffix="" />
				<ArabicLexical word="اَلْآبَاءُ" lemma="أَب" pos="مصرفة منتظمة" prefix="ال" root="أبو" pattern="أَفعَال" suffix="" />
				<ArabicLexical word="بِتَزْوِيجِ" lemma="تَزْوِيج" pos="مصرفة منتظمة" prefix="بِ" root="زوج" pattern="تَفْعِيل" suffix="" />
				<ArabicLexical word="أَبْنَائِهِمْ" lemma="ابْن" pos="مصرفة منتظمة" prefix="" root="بنو" pattern="أَفْعَال" suffix="همْ" />
				<ArabicLexical word="لِأَسْبَابٍ" lemma="سَبَب" pos="مصرفة منتظمة" prefix="لِ" root="سبب" pattern="أَفْعَال" suffix="" />
				<ArabicLexical word="عَدِيدَةٍ" lemma="عَدِيد" pos="مصرفة منتظمة" prefix="" root="عدد" pattern="فَعِيل" suffix="ة" />
				<ArabicLexical word="مِنْهَا" lemma="مِنْ" pos="جامدة" prefix="" root="مِنْ" pattern="مِنْ" suffix="هَا" />
				<ArabicLexical word="تَحْصِينُهُمْ" lemma="تَحْصِين" pos="مصرفة منتظمة" prefix="" root="حصن" pattern="تَفْعِيل" suffix="همْ" />
				<ArabicLexical word="وَبَعْضُهُمْ" lemma="بَعْض" pos="مصرفة منتظمة" prefix="وَ" root="بعض" pattern="فَعْل" suffix="همْ" />
				<ArabicLexical word="يَعْتَبِرُ" lemma="اعْتَبَرَ" pos="مصرفة منتظمة" prefix="ي" root="عبر" pattern="اِفْتَعَلَ" suffix="" />
				<ArabicLexical word="ذلِكَ" lemma="ذَا" pos="جامدة" prefix="" root="ذَا" pattern="ذلِ" suffix="كَ" />
				<ArabicLexical word="مُكَافَأَةً" lemma="مُكَافَأَة" pos="مصرفة منتظمة" prefix="" root="كفأ" pattern="مُفَاعَل" suffix="ة" />
				<ArabicLexical word="لِابْنِهِ" lemma="ابْن" pos="استثناء صرفي" prefix="لِ" root="بنو" pattern="اِبْن" suffix="ه" />
				<ArabicLexical word="اَلَّذِي" lemma="اَلَّذِي" pos="جامدة" prefix="ال" root="اَلَّذِي" pattern="لَذِي" suffix="" />
				<ArabicLexical word="أَنْهَى" lemma="أَنْهَى" pos="مصرفة منتظمة" prefix="" root="نهي" pattern="أَفْعَل" suffix="" />
				<ArabicLexical word="دِرَاسَتَهُ" lemma="دِرَاسَة" pos="مصرفة منتظمة" prefix="" root="درس" pattern="فِعَال" suffix="ته" />
				<ArabicLexical word="اَلثَّانَوِيَّةَ" lemma="ثَانَوِيّ" pos="مصرفة منتظمة" prefix="ال" root="ثني" pattern="فَاعَلِ" suffix="يَّة" />
				<ArabicLexical word="أَوْ" lemma="أَوْ" pos="جامدة" prefix="" root="أَوْ" pattern="أَوْ" suffix="" />
				<ArabicLexical word="اَلْجَامِعِيَّةَ" lemma="جَامِعِيّ" pos="مصرفة منتظمة" prefix="ال" root="جمع" pattern="فَاعِل" suffix="يَّة" />
				<ArabicLexical word="وَخَاصَّةً" lemma="خَاصَّة" pos="مصرفة منتظمة" prefix="وَ" root="خصص" pattern="فَالّ" suffix="ة" />
				<ArabicLexical word="اَلْمَيْسُورِينَ" lemma="مَيْسُور" pos="مصرفة منتظمة" prefix="ال" root="يسر" pattern="مَفْعُول" suffix="ينَ" />
				<ArabicLexical word="مَالِيًّا" lemma="مَالِيّ" pos="مصرفة منتظمة" prefix="" root="مول" pattern="فَعل" suffix="يّ" />
			</annotation>
		</sentence>
		<sentence id="09164">
			<text>وَأَشَارَ اَلْحَبَابِيُّ إِلَى أَنَّ حَفَلَاتِ اَلزَّوَاجِ كَانَتْ فِي اَلْمَاضِي تَتِمُّ فِي إِجَازَةِ عِيدَيْ اَلْأَضْحَى وَالْفِطْرِ، إِلَّا أَنَّ اَلزَّوَاجَ كَانَ يَعُوقُ اَلْعَرِيسَ وَالْعَرُوسَ عَنْ أَدَاءِ وَاجِبَاتِهِمَا اَلدِّرَاسِيَّةِ. </text>
			<annotation>
				<ArabicLexical word="وَأَشَارَ" lemma="أَشَارَ" pos="مصرفة منتظمة" prefix="وَ" root="شور" pattern="أَفَعلَ" suffix="" />
				<ArabicLexical word="اَلْحَبَابِيُّ" lemma="حَبَاب" pos="مصرفة منتظمة" prefix="ال" root="حبب" pattern="فَعَال" suffix="يّ" />
				<ArabicLexical word="إِلَى" lemma="إِلَى" pos="جامدة" prefix="" root="إِلَى" pattern="إِلَى" suffix="" />
				<ArabicLexical word="أَنَّ" lemma="أَنَّ" pos="جامدة" prefix="" root="أَنَّ" pattern="أَنَّ" suffix="" />
				<ArabicLexical word="حَفَلَاتِ" lemma="حَفْلَة" pos="مصرفة منتظمة" prefix="" root="حفل" pattern="فَعَل" suffix="ات" />
				<ArabicLexical word="اَلزَّوَاجِ" lemma="زَوَاج" pos="مصرفة منتظمة" prefix="ال" root="زوج" pattern="فَعَال" suffix="" />
				<ArabicLexical word="كَانَتْ" lemma="كَانَ" pos="مصرفة منتظمة" prefix="" root="كون" pattern="فَعلَ" suffix="تْ" />
				<ArabicLexical word="فِي" lemma="فِي" pos="جامدة" prefix="" root="فِي" pattern="فِي" suffix="" />
				<ArabicLexical word="اَلْمَاضِي" lemma="مَاضِي" pos="مصرفة منتظمة" prefix="ال" root="مضي" pattern="فَاعِل" suffix="" />
				<ArabicLexical word="تَتِمُّ" lemma="تَمَّ" pos="مصرفة منتظمة" prefix="ت" root="تمم" pattern="فِلّ" suffix="" />
				<ArabicLexical word="فِي" lemma="فِي" pos="جامدة" prefix="" root="فِي" pattern="فِي" suffix="" />
				<ArabicLexical word="إِجَازَةِ" lemma="إِجَازَة" pos="مصرفة منتظمة" prefix="" root="جوز" pattern="إِفَعالَ" suffix="ة" />
				<ArabicLexical word="عِيدَيْ" lemma="عِيد" pos="مصرفة منتظمة" prefix="" root="عود" pattern="فِعل" suffix="يْ" />
				<ArabicLexical word="اَلْأَضْحَى" lemma="أَضْحَى" pos="مصرفة منتظمة" prefix="ال" root="ضحو" pattern="أَفْعَل" suffix="" />
				<ArabicLexical word="وَالْفِطْرِ" lemma="فِطْر" pos="مصرفة منتظمة" prefix="وَال" root="فطر" pattern="فِعْل" suffix="" />
				<ArabicLexical word="إِلَّا" lemma="إِلَّا" pos="جامدة" prefix="" root="إِلَّا" pattern="إِلَّا" suffix="" />
				<ArabicLexical word="أَنَّ" lemma="أَنَّ" pos="جامدة" prefix="" root="أَنَّ" pattern="أَنَّ" suffix="" />
				<ArabicLexical word="اَلزَّوَاجَ" lemma="زَوَاج" pos="مصرفة منتظمة" prefix="ال" root="زوج" pattern="فَعَال" suffix="" />
				<ArabicLexical word="كَانَ" lemma="كَانَ" pos="مصرفة منتظمة" prefix="" root="كون" pattern="فَعلَ" suffix="" />
				<ArabicLexical word="يَعُوقُ" lemma="عَاقَ" pos="مصرفة منتظمة" prefix="ي" root="عوق" pattern="فُعل" suffix="" />
				<ArabicLexical word="اَلْعَرِيسَ" lemma="عَرِيس" pos="مصرفة منتظمة" prefix="ال" root="عرس" pattern="فَعِيل" suffix="" />
				<ArabicLexical word="وَالْعَرُوسَ" lemma="عَرُوس" pos="مصرفة منتظمة" prefix="وَال" root="عرس" pattern="فَعُول" suffix="" />
				<ArabicLexical word="عَنْ" lemma="عَنْ" pos="جامدة" prefix="" root="عَنْ" pattern="عَنْ" suffix="" />
				<ArabicLexical word="أَدَاءِ" lemma="أَدَاء" pos="مصرفة منتظمة" prefix="" root="أدي" pattern="فَعَال" suffix="" />
				<ArabicLexical word="وَاجِبَاتِهِمَا" lemma="وَاجِب" pos="مصرفة منتظمة" prefix="" root="وجب" pattern="فَاعِل" suffix="اتهمَا" />
				<ArabicLexical word="اَلدِّرَاسِيَّةِ" lemma="دِرَاسِيّ" pos="مصرفة منتظمة" prefix="ال" root="درس" pattern="فِعَال" suffix="يَّة" />
			</annotation>
		</sentence>
		<sentence id="09165">
			<text>يَقُولُ اَلْعَرِيسُ اَلصَّحَفِيُّ عَبْدُ اَلْحَكِيمِ هِلَالٍ: اَلسَّبَبُ وَرَاءَ اِنْتِشَارِ ظَاهِرَةِ اَلْأَعْرَاسِ فِي اَلصَّيْفِ هُوَ اَلْإِجَازَةُ وَفَرَاغُ اَلنَّاسِ وَعَدَمُ اِنْشِغَالِهِمْ بِأَشْيَاءٍ أُخْرَى؛ وَلِذلِكَ يُفَضِّلُ اَلْعَرِيسُ أَنْ يَكُونَ حَفْلُ زَفَافِهِ فِي اَلصَّيْفِ حَتَّى يَحْضُرَ أَكْبَرُ عَدَدٍ مُمْكِنٍ مِنْ اَلْأَقَارِبِ وَالْأَصْدِقَاءِ، وَحَتَّى لَا يَكُونَ هُنَاكَ إِزْعَاجٌ لِلطُّلَّابِ. </text>
			<annotation>
				<ArabicLexical word="يَقُولُ" lemma="قَالَ" pos="مصرفة منتظمة" prefix="ي" root="قول" pattern="فُعل" suffix="" />
				<ArabicLexical word="اَلْعَرِيسُ" lemma="عَرِيس" pos="مصرفة منتظمة" prefix="ال" root="عرس" pattern="فَعِيل" suffix="" />
				<ArabicLexical word="اَلصَّحَفِيُّ" lemma="صَحَفِيّ" pos="مصرفة منتظمة" prefix="ال" root="صحف" pattern="فَعَل" suffix="يّ" />
				<ArabicLexical word="عَبْدُ" lemma="عَبْد" pos="مصرفة منتظمة" prefix="" root="عبد" pattern="فَعْل" suffix="" />
				<ArabicLexical word="اَلْحَكِيمِ" lemma="حَكِيم" pos="مصرفة منتظمة" prefix="ال" root="حكم" pattern="فَعِيل" suffix="" />
				<ArabicLexical word="هِلَالٍ" lemma="هِلَال" pos="مصرفة منتظمة" prefix="" root="هلل" pattern="فِعَال" suffix="" />
				<ArabicLexical word="اَلسَّبَبُ" lemma="سَبَب" pos="مصرفة منتظمة" prefix="ال" root="سبب" pattern="فَعَل" suffix="" />
				<ArabicLexical word="وَرَاءَ" lemma="وَرَاء" pos="مصرفة منتظمة" prefix="" root="وري" pattern="فَعَال" suffix="" />
				<ArabicLexical word="اِنْتِشَارِ" lemma="انْتِشَار" pos="مصرفة منتظمة" prefix="" root="نشر" pattern="اِفْتِعَال" suffix="" />
				<ArabicLexical word="ظَاهِرَةِ" lemma="ظَاهِرَة" pos="مصرفة منتظمة" prefix="" root="ظهر" pattern="فَاعِل" suffix="ة" />
				<ArabicLexical word="اَلْأَعْرَاسِ" lemma="عُرْس" pos="مصرفة منتظمة" prefix="ال" root="عرس" pattern="أَفْعَال" suffix="" />
				<ArabicLexical word="فِي" lemma="فِي" pos="جامدة" prefix="" root="فِي" pattern="فِي" suffix="" />
				<ArabicLexical word="اَلصَّيْفِ" lemma="صَيْف" pos="مصرفة منتظمة" prefix="ال" root="صيف" pattern="فَعْل" suffix="" />
				<ArabicLexical word="هُوَ" lemma="هُوَ" pos="جامدة" prefix="" root="هُوَ" pattern="هُوَ" suffix="" />
				<ArabicLexical word="اَلْإِجَازَةُ" lemma="إِجَازَة" pos="مصرفة منتظمة" prefix="ال" root="جوز" pattern="إِفَعالَ" suffix="ة" />
				<ArabicLexical word="وَفَرَاغُ" lemma="فَرَاغ" pos="مصرفة منتظمة" prefix="وَ" root="فرغ" pattern="فَعَال" suffix="" />
				<ArabicLexical word="اَلنَّاسِ" lemma="نَاس" pos="مصرفة منتظمة" prefix="ال" root="نوس" pattern="فَعل" suffix="" />
				<ArabicLexical word="وَعَدَمُ" lemma="عَدَم" pos="مصرفة منتظمة" prefix="وَ" root="عدم" pattern="فَعَل" suffix="" />
				<ArabicLexical word="اِنْشِغَالِهِمْ" lemma="انْشِغَال" pos="مصرفة منتظمة" prefix="" root="شغل" pattern="اِنْفِعَال" suffix="همْ" />
				<ArabicLexical word="بِأَشْيَاءٍ" lemma="شَيْء" pos="مصرفة منتظمة" prefix="بِ" root="شيأ" pattern="أَفْعَال" suffix="" />
				<ArabicLexical word="أُخْرَى" lemma="أُخْرَى" pos="مصرفة منتظمة" prefix="" root="أخر" pattern="فُعْلَى" suffix="" />
				<ArabicLexical word="وَلِذلِكَ" lemma="ذَا" pos="جامدة" prefix="وَلِ" root="ذَا" pattern="ذلِ" suffix="كَ" />
				<ArabicLexical word="يُفَضِّلُ" lemma="فَضَّلَ" pos="مصرفة منتظمة" prefix="ي" root="فضل" pattern="فَعَّلَ" suffix="" />
				<ArabicLexical word="اَلْعَرِيسُ" lemma="عَرِيس" pos="مصرفة منتظمة" prefix="ال" root="عرس" pattern="فَعِيل" suffix="" />
				<ArabicLexical word="أَنْ" lemma="أَنْ" pos="جامدة" prefix="" root="أَنْ" pattern="أَنْ" suffix="" />
				<ArabicLexical word="يَكُونَ" lemma="كَانَ" pos="مصرفة منتظمة" prefix="ي" root="كون" pattern="فُعل" suffix="" />
				<ArabicLexical word="حَفْلُ" lemma="حَفْل" pos="مصرفة منتظمة" prefix="" root="حفل" pattern="فَعْل" suffix="" />
				<ArabicLexical word="زَفَافِهِ" lemma="-" pos="مصرفة منتظمة" prefix="" root="زفف" pattern="فَعَال" suffix="ه" />
				<ArabicLexical word="فِي" lemma="فِي" pos="جامدة" prefix="" root="فِي" pattern="فِي" suffix="" />
				<ArabicLexical word="اَلصَّيْفِ" lemma="صَيْف" pos="مصرفة منتظمة" prefix="ال" root="صيف" pattern="فَعْل" suffix="" />
				<ArabicLexical word="حَتَّى" lemma="حَتَّى" pos="جامدة" prefix="" root="حَتَّى" pattern="حَتَّى" suffix="" />
				<ArabicLexical word="يَحْضُرَ" lemma="حَضَرَ" pos="مصرفة منتظمة" prefix="ي" root="حضر" pattern="فْعُل" suffix="" />
				<ArabicLexical word="أَكْبَرُ" lemma="أَكْبَر" pos="مصرفة منتظمة" prefix="" root="كبر" pattern="أَفْعَل" suffix="" />
				<ArabicLexical word="عَدَدٍ" lemma="عَدَد" pos="مصرفة منتظمة" prefix="" root="عدد" pattern="فَعَل" suffix="" />
				<ArabicLexical word="مُمْكِنٍ" lemma="مُمْكِن" pos="مصرفة منتظمة" prefix="" root="مكن" pattern="مُفْعِل" suffix="" />
				<ArabicLexical word="مِنْ" lemma="مِنْ" pos="جامدة" prefix="" root="مِنْ" pattern="مِنْ" suffix="" />
				<ArabicLexical word="اَلْأَقَارِبِ" lemma="قَرِيب" pos="مصرفة منتظمة" prefix="ال" root="قرب" pattern="أَفَاعِل" suffix="" />
				<ArabicLexical word="وَالْأَصْدِقَاءِ" lemma="صَدِيق" pos="استثناء صرفي" prefix="وَال" root="صدق" pattern="أَصْدِقَاء" suffix="" />
				<ArabicLexical word="وَحَتَّى" lemma="حَتَّى" pos="جامدة" prefix="وَ" root="حَتَّى" pattern="حَتَّى" suffix="" />
				<ArabicLexical word="لَا" lemma="لَا" pos="جامدة" prefix="" root="لَا" pattern="لَا" suffix="" />
				<ArabicLexical word="يَكُونَ" lemma="كَانَ" pos="مصرفة منتظمة" prefix="ي" root="كون" pattern="فُعل" suffix="" />
				<ArabicLexical word="هُنَاكَ" lemma="هُنَا" pos="جامدة" prefix="" root="هُنَا" pattern="هُنَاكَ" suffix="" />
				<ArabicLexical word="إِزْعَاجٌ" lemma="إِزْعَاج" pos="مصرفة منتظمة" prefix="" root="زعج" pattern="إِفْعَال" suffix="" />
				<ArabicLexical word="لِلطُّلَّابِ" lemma="طَالِب" pos="مصرفة منتظمة" prefix="لِل" root="طلب" pattern="فُعَّال" suffix="" />
			</annotation>
		</sentence>
		<sentence id="09166">
			<text>أَزَمَاتٌ مُرُورِيَّةٌ </text>
			<annotation>
				<ArabicLexical word="أَزَمَاتٌ" lemma="أَزْمَة" pos="مصرفة منتظمة" prefix="" root="أزم" pattern="فَعَل" suffix="ات" />
				<ArabicLexical word="مُرُورِيَّةٌ" lemma="مُرُورِيّ" pos="مصرفة منتظمة" prefix="" root="مرر" pattern="فُعُول" suffix="يَّة" />
			</annotation>
		</sentence>
		<sentence id="09167">
			<text>وَلِحَفَلَاتِ اَلزَّوَاجِ فِي اَلْيَمَنِ طُقُوسٌ خَاصَّةٌ، بَعْضُهَا يُثِيرُ اَلْمَتَاعِبَ، حَيْثُ تَظَلُّ مُكَبِّرَاتُ اَلصَّوْتِ تَعْمَلُ لِمُدَّةِ يَوْمَيْنِ أَوْ ثَلَاثَةِ أَيَّامٍ، كَمَا يَتِمُّ إِغْلَاقُ اَلشَّوَارِعِ اَلْمُحِيطَةِ بِمَنْزِلِ اَلْعَرِيسِ اِسْتِعْدَادًا لِلزَّفَّةِ؛ وَهُوَ مَا يُؤَدِّي إِلَى اِخْتِنَاقَاتٍ مُرُورِيَّةٍ فِي بَعْضِ اَلْأَحْيَاءِ، إِلَّا أَنَّهُ لِأَهَمِّيَّةِ وَقَدَاسَةِ حَفَلَاتِ اَلزَّوَاجِ فِي اَلْيَمَنِ فَغَالِبًا لَا يُبْدِي اَلْمَارَّةُ أَوْ اَلْجِهَاتُ اَلْمُخْتَصَّةُ اِعْتِرَاضَهُمْ مِنْ ذلِكَ اَلتَّصَرُّفِ اَلَّذِي يَتَكَرَّرُ كَثِيرًا. </text>
			<annotation>
				<ArabicLexical word="وَلِحَفَلَاتِ" lemma="حَفْلَة" pos="مصرفة منتظمة" prefix="وَلِ" root="حفل" pattern="فَعَل" suffix="ات" />
				<ArabicLexical word="اَلزَّوَاجِ" lemma="زَوَاج" pos="مصرفة منتظمة" prefix="ال" root="زوج" pattern="فَعَال" suffix="" />
				<ArabicLexical word="فِي" lemma="فِي" pos="جامدة" prefix="" root="فِي" pattern="فِي" suffix="" />
				<ArabicLexical word="اَلْيَمَنِ" lemma="يَمَن" pos="مصرفة منتظمة" prefix="ال" root="يمن" pattern="فَعَل" suffix="" />
				<ArabicLexical word="طُقُوسٌ" lemma="طَقْس" pos="مصرفة منتظمة" prefix="" root="طقس" pattern="فُعُول" suffix="" />
				<ArabicLexical word="خَاصَّةٌ" lemma="خَاصَّة" pos="مصرفة منتظمة" prefix="" root="خصص" pattern="فَالّ" suffix="ة" />
				<ArabicLexical word="بَعْضُهَا" lemma="بَعْض" pos="مصرفة منتظمة" prefix="" root="بعض" pattern="فَعْل" suffix="هَا" />
				<ArabicLexical word="يُثِيرُ" lemma="أَثَارَ" pos="مصرفة منتظمة" prefix="ي" root="ثور" pattern="أَفِعلَ" suffix="" />
				<ArabicLexical word="اَلْمَتَاعِبَ" lemma="مُتْعَب" pos="مصرفة منتظمة" prefix="ال" root="تعب" pattern="مَفَاعِل" suffix="" />
				<ArabicLexical word="حَيْثُ" lemma="حَيْثُ" pos="جامدة" prefix="" root="حَيْثُ" pattern="حَيْثُ" suffix="" />
				<ArabicLexical word="تَظَلُّ" lemma="ظَلَّ" pos="مصرفة منتظمة" prefix="ت" root="ظلل" pattern="فَلّ" suffix="" />
				<ArabicLexical word="مُكَبِّرَاتُ" lemma="مُكَبِّر" pos="مصرفة منتظمة" prefix="" root="كبر" pattern="مُفَعِّل" suffix="ات" />
				<ArabicLexical word="اَلصَّوْتِ" lemma="صَوْت" pos="مصرفة منتظمة" prefix="ال" root="صوت" pattern="فَعْل" suffix="" />
				<ArabicLexical word="تَعْمَلُ" lemma="عَمِلَ" pos="مصرفة منتظمة" prefix="ت" root="عمل" pattern="فْعَل" suffix="" />
				<ArabicLexical word="لِمُدَّةِ" lemma="مُدَّة" pos="مصرفة منتظمة" prefix="لِ" root="مدد" pattern="فُلّ" suffix="ة" />
				<ArabicLexical word="يَوْمَيْنِ" lemma="يَوْم" pos="مصرفة منتظمة" prefix="" root="يوم" pattern="فَعْل" suffix="يْنِ" />
				<ArabicLexical word="أَوْ" lemma="أَوْ" pos="جامدة" prefix="" root="أَوْ" pattern="أَوْ" suffix="" />
				<ArabicLexical word="ثَلَاثَةِ" lemma="ثَلَاث" pos="مصرفة منتظمة" prefix="" root="ثلث" pattern="فَعَال" suffix="ة" />
				<ArabicLexical word="أَيَّامٍ" lemma="يَوْم" pos="استثناء صرفي" prefix="" root="يوم" pattern="أَيَّام" suffix="" />
				<ArabicLexical word="كَمَا" lemma="مَا" pos="جامدة" prefix="كَ" root="اَلَّذِي" pattern="مَا" suffix="" />
				<ArabicLexical word="يَتِمُّ" lemma="تَمَّ" pos="مصرفة منتظمة" prefix="ي" root="تمم" pattern="فِلّ" suffix="" />
				<ArabicLexical word="إِغْلَاقُ" lemma="إِغْلَاق" pos="مصرفة منتظمة" prefix="" root="غلق" pattern="إِفْعَال" suffix="" />
				<ArabicLexical word="اَلشَّوَارِعِ" lemma="شَارِع" pos="مصرفة منتظمة" prefix="ال" root="شرع" pattern="فَوَاعِل" suffix="" />
				<ArabicLexical word="اَلْمُحِيطَةِ" lemma="مُحِيط" pos="مصرفة منتظمة" prefix="ال" root="حوط" pattern="مُفِعل" suffix="ة" />
				<ArabicLexical word="بِمَنْزِلِ" lemma="مَنْزِل" pos="مصرفة منتظمة" prefix="بِ" root="نزل" pattern="مَفْعِل" suffix="" />
				<ArabicLexical word="اَلْعَرِيسِ" lemma="عَرِيس" pos="مصرفة منتظمة" prefix="ال" root="عرس" pattern="فَعِيل" suffix="" />
				<ArabicLexical word="اِسْتِعْدَادًا" lemma="اسْتِعْدَاد" pos="مصرفة منتظمة" prefix="" root="عدد" pattern="اِسْتِفْعَال" suffix="" />
				<ArabicLexical word="لِلزَّفَّةِ" lemma="زَفَّة" pos="مصرفة منتظمة" prefix="لِل" root="زفف" pattern="فَلّ" suffix="ة" />
				<ArabicLexical word="وَهُوَ" lemma="هُو" pos="جامدة" prefix="وَ" root="هُوَ" pattern="هُوَ" suffix="" />
				<ArabicLexical word="مَا" lemma="مَا" pos="جامدة" prefix="" root="اَلَّذِي" pattern="مَا" suffix="" />
				<ArabicLexical word="يُؤَدِّي" lemma="أَدَّى" pos="مصرفة منتظمة" prefix="ي" root="أدي" pattern="فَعِّل" suffix="" />
				<ArabicLexical word="إِلَى" lemma="إِلَى" pos="جامدة" prefix="" root="إِلَى" pattern="إِلَى" suffix="" />
				<ArabicLexical word="اِخْتِنَاقَاتٍ" lemma="اخْتِنَاق" pos="مصرفة منتظمة" prefix="" root="خنق" pattern="اِفْتِعَال" suffix="ات" />
				<ArabicLexical word="مُرُورِيَّةٍ" lemma="مُرُورِيّ" pos="مصرفة منتظمة" prefix="" root="مرر" pattern="فُعُول" suffix="يَّة" />
				<ArabicLexical word="فِي" lemma="فِي" pos="جامدة" prefix="" root="فِي" pattern="فِي" suffix="" />
				<ArabicLexical word="بَعْضِ" lemma="بَعْض" pos="مصرفة منتظمة" prefix="" root="بعض" pattern="فَعْل" suffix="" />
				<ArabicLexical word="اَلْأَحْيَاءِ" lemma="حَيّ" pos="مصرفة منتظمة" prefix="ال" root="حيي" pattern="أَفْعَال" suffix="" />
				<ArabicLexical word="إِلَّا" lemma="إِلَّا" pos="جامدة" prefix="" root="إِلَّا" pattern="إِلَّا" suffix="" />
				<ArabicLexical word="أَنَّهُ" lemma="أَنَّ" pos="جامدة" prefix="" root="أَنَّ" pattern="أَنَّ" suffix="ه" />
				<ArabicLexical word="لِأَهَمِّيَّةِ" lemma="أَهَمِّيَّة" pos="مصرفة منتظمة" prefix="لِ" root="همم" pattern="أَفَلّ" suffix="يَّة" />
				<ArabicLexical word="وَقَدَاسَةِ" lemma="قَدَاسَة" pos="مصرفة منتظمة" prefix="وَ" root="قدس" pattern="فَعَال" suffix="ة" />
				<ArabicLexical word="حَفَلَاتِ" lemma="حَفْلَة" pos="مصرفة منتظمة" prefix="" root="حفل" pattern="فَعَل" suffix="ات" />
				<ArabicLexical word="اَلزَّوَاجِ" lemma="زَوَاج" pos="مصرفة منتظمة" prefix="ال" root="زوج" pattern="فَعَال" suffix="" />
				<ArabicLexical word="فِي" lemma="فِي" pos="جامدة" prefix="" root="فِي" pattern="فِي" suffix="" />
				<ArabicLexical word="اَلْيَمَنِ" lemma="يَمَن" pos="مصرفة منتظمة" prefix="ال" root="يمن" pattern="فَعَل" suffix="" />
				<ArabicLexical word="فَغَالِبًا" lemma="غَالِب" pos="مصرفة منتظمة" prefix="فَ" root="غلب" pattern="فَاعِل" suffix="" />
				<ArabicLexical word="لَا" lemma="لَا" pos="جامدة" prefix="" root="لَا" pattern="لَا" suffix="" />
				<ArabicLexical word="يُبْدِي" lemma="أَبْدَى" pos="مصرفة منتظمة" prefix="ي" root="بدو" pattern="أَفْعِل" suffix="" />
				<ArabicLexical word="اَلْمَارَّةُ" lemma="مَارّ" pos="مصرفة منتظمة" prefix="ال" root="مرر" pattern="فَالّ" suffix="ة" />
				<ArabicLexical word="أَوْ" lemma="أَوْ" pos="جامدة" prefix="" root="أَوْ" pattern="أَوْ" suffix="" />
				<ArabicLexical word="اَلْجِهَاتُ" lemma="جِهَة" pos="مصرفة منتظمة" prefix="ال" root="وجه" pattern="فعِلَ" suffix="ات" />
				<ArabicLexical word="اَلْمُخْتَصَّةُ" lemma="مُخْتَصّ" pos="مصرفة منتظمة" prefix="ال" root="خصص" pattern="مُفْتَلّ" suffix="ة" />
				<ArabicLexical word="اِعْتِرَاضَهُمْ" lemma="اعْتِرَاض" pos="مصرفة منتظمة" prefix="" root="عرض" pattern="اِفْتِعَال" suffix="همْ" />
				<ArabicLexical word="مِنْ" lemma="مِنْ" pos="جامدة" prefix="" root="مِنْ" pattern="مِنْ" suffix="" />
				<ArabicLexical word="ذلِكَ" lemma="ذَا" pos="جامدة" prefix="" root="ذَا" pattern="ذلِ" suffix="كَ" />
				<ArabicLexical word="اَلتَّصَرُّفِ" lemma="تَصَرُّف" pos="مصرفة منتظمة" prefix="ال" root="صرف" pattern="تَفَعُّل" suffix="" />
				<ArabicLexical word="اَلَّذِي" lemma="اَلَّذِي" pos="جامدة" prefix="ال" root="اَلَّذِي" pattern="لَذِي" suffix="" />
				<ArabicLexical word="يَتَكَرَّرُ" lemma="تَكَرَّرَ" pos="مصرفة منتظمة" prefix="ي" root="كرر" pattern="تَفَعَّلَ" suffix="" />
				<ArabicLexical word="كَثِيرًا" lemma="كَثِير" pos="مصرفة منتظمة" prefix="" root="كثر" pattern="فَعِيل" suffix="" />
			</annotation>
		</sentence>
		<sentence id="09168">
			<text>فِي اَلزِّنْزَانَةْ </text>
			<annotation>
				<ArabicLexical word="فِي" lemma="فِي" pos="جامدة" prefix="" root="فِي" pattern="فِي" suffix="" />
				<ArabicLexical word="اَلزِّنْزَانَةْ" lemma="زِنْزَانَة" pos="غير عربية" prefix="" root="" pattern="" suffix="" />
			</annotation>
		</sentence>
		<sentence id="09169">
			<text>وَمِنْ اَلْعَادَاتِ اَلسَّيِّئَةِ أَيْضًا اَلَّتِي قَدْ تُصَاحِبُ اَلْأَفْرَاحَ اَلْيَمَنِيَّةَ إِطْلَاقُ اَلرَّصَاصِ مِنْ اَلْبَنَادِقِ وَالْكِلَاشِينْكُوفْ فِي اَلْهَوَاءِ عِنْدَ خُرُوجِ اَلْعَرِيسِ أَوْ اَلْعَرُوسِ، وَقَدْ يَتَحَوَّلُ اَلْفَرَحُ فِي لَحْظَةٍ إِلَى مَأْتَمٍ بِسَبَبِ قِيَامِ اَلْبَعْضِ بِإِطْلَاقِ اَلرَّصَاصِ بِطُرُقٍ اِسْتِعْرَاضِيَّةٍ؛ مِمَّا يُؤَدِّي إِلَى فُقْدَانِ اَلتَّوَازُنِ وَحَصْدِ اَلْأَبْرِيَاءِ، وَأَحْيَانًا تَكُونُ اَلْعَرُوسُ ضِمْنَ اَلضَّحَايَا. </text>
			<annotation>
				<ArabicLexical word="وَمِنْ" lemma="مِنْ" pos="جامدة" prefix="وَ" root="مِنْ" pattern="مِنْ" suffix="" />
				<ArabicLexical word="اَلْعَادَاتِ" lemma="عَادَة" pos="مصرفة منتظمة" prefix="ال" root="عود" pattern="فَعل" suffix="ات" />
				<ArabicLexical word="اَلسَّيِّئَةِ" lemma="سَيِّئَة" pos="مصرفة منتظمة" prefix="ال" root="سوأ" pattern="فَعِّل" suffix="ة" />
				<ArabicLexical word="أَيْضًا" lemma="أَيْض" pos="مصرفة منتظمة" prefix="" root="أيض" pattern="فَعْل" suffix="" />
				<ArabicLexical word="اَلَّتِي" lemma="اَلَّذِي" pos="جامدة" prefix="ال" root="اَلَّذِي" pattern="لَتِي" suffix="" />
				<ArabicLexical word="قَدْ" lemma="قَدْ" pos="جامدة" prefix="" root="قَدْ" pattern="قَدْ" suffix="" />
				<ArabicLexical word="تُصَاحِبُ" lemma="صَاحَبَ" pos="مصرفة منتظمة" prefix="ت" root="صحب" pattern="فَاعَلَ" suffix="" />
				<ArabicLexical word="اَلْأَفْرَاحَ" lemma="فَرَح" pos="مصرفة منتظمة" prefix="ال" root="فرح" pattern="أَفْعَال" suffix="" />
				<ArabicLexical word="اَلْيَمَنِيَّةَ" lemma="يَمَنِيّ" pos="مصرفة منتظمة" prefix="ال" root="يمن" pattern="فَعَل" suffix="يَّة" />
				<ArabicLexical word="إِطْلَاقُ" lemma="إِطْلَاق" pos="مصرفة منتظمة" prefix="" root="طلق" pattern="إِفْعَال" suffix="" />
				<ArabicLexical word="اَلرَّصَاصِ" lemma="رَصَاص" pos="مصرفة منتظمة" prefix="ال" root="رصص" pattern="فَعَال" suffix="" />
				<ArabicLexical word="مِنْ" lemma="مِنْ" pos="جامدة" prefix="" root="مِنْ" pattern="مِنْ" suffix="" />
				<ArabicLexical word="اَلْبَنَادِقِ" lemma="بُنْدُقِيَّة" pos="مصرفة منتظمة" prefix="ال" root="بندق" pattern="فَعَالِل" suffix="" />
				<ArabicLexical word="وَالْكِلَاشِينْكُوفْ" lemma="كِلَاشِينْكُوف" pos="غير عربية" prefix="" root="" pattern="" suffix="" />
				<ArabicLexical word="فِي" lemma="فِي" pos="جامدة" prefix="" root="فِي" pattern="فِي" suffix="" />
				<ArabicLexical word="اَلْهَوَاءِ" lemma="هَوَاء" pos="مصرفة منتظمة" prefix="ال" root="هوي" pattern="فَعَال" suffix="" />
				<ArabicLexical word="عِنْدَ" lemma="عِنْدَ" pos="جامدة" prefix="" root="عِنْدَ" pattern="عِنْدَ" suffix="" />
				<ArabicLexical word="خُرُوجِ" lemma="خُرُوج" pos="مصرفة منتظمة" prefix="" root="خرج" pattern="فُعُول" suffix="" />
				<ArabicLexical word="اَلْعَرِيسِ" lemma="عَرِيس" pos="مصرفة منتظمة" prefix="ال" root="عرس" pattern="فَعِيل" suffix="" />
				<ArabicLexical word="أَوْ" lemma="أَوْ" pos="جامدة" prefix="" root="أَوْ" pattern="أَوْ" suffix="" />
				<ArabicLexical word="اَلْعَرُوسِ" lemma="عَرُوس" pos="مصرفة منتظمة" prefix="ال" root="عرس" pattern="فَعُول" suffix="" />
				<ArabicLexical word="وَقَدْ" lemma="قَدْ" pos="جامدة" prefix="وَ" root="قَدْ" pattern="قَدْ" suffix="" />
				<ArabicLexical word="يَتَحَوَّلُ" lemma="تَحَوَّلَ" pos="مصرفة منتظمة" prefix="ي" root="حول" pattern="تَفَعَّلَ" suffix="" />
				<ArabicLexical word="اَلْفَرَحُ" lemma="فَرَح" pos="مصرفة منتظمة" prefix="ال" root="فرح" pattern="فَعَل" suffix="" />
				<ArabicLexical word="فِي" lemma="فِي" pos="جامدة" prefix="" root="فِي" pattern="فِي" suffix="" />
				<ArabicLexical word="لَحْظَةٍ" lemma="لَحْظَة" pos="مصرفة منتظمة" prefix="" root="لحظ" pattern="فَعْل" suffix="ة" />
				<ArabicLexical word="إِلَى" lemma="إِلَى" pos="جامدة" prefix="" root="إِلَى" pattern="إِلَى" suffix="" />
				<ArabicLexical word="مَأْتَمٍ" lemma="مَأْتَم" pos="مصرفة منتظمة" prefix="" root="أتم" pattern="مَفْعَل" suffix="" />
				<ArabicLexical word="بِسَبَبِ" lemma="سَبَب" pos="مصرفة منتظمة" prefix="بِ" root="سبب" pattern="فَعَل" suffix="" />
				<ArabicLexical word="قِيَامِ" lemma="قِيَام" pos="مصرفة منتظمة" prefix="" root="قوم" pattern="فِعَال" suffix="" />
				<ArabicLexical word="اَلْبَعْضِ" lemma="بَعْض" pos="مصرفة منتظمة" prefix="ال" root="بعض" pattern="فَعْل" suffix="" />
				<ArabicLexical word="بِإِطْلَاقِ" lemma="إِطْلَاق" pos="مصرفة منتظمة" prefix="بِ" root="طلق" pattern="إِفْعَال" suffix="" />
				<ArabicLexical word="اَلرَّصَاصِ" lemma="رَصَاص" pos="مصرفة منتظمة" prefix="ال" root="رصص" pattern="فَعَال" suffix="" />
				<ArabicLexical word="بِطُرُقٍ" lemma="طَرِيق" pos="مصرفة منتظمة" prefix="بِ" root="طرق" pattern="فُعُل" suffix="" />
				<ArabicLexical word="اِسْتِعْرَاضِيَّةٍ" lemma="اِسْتِعْرَاضِيّ" pos="مصرفة منتظمة" prefix="" root="عرض" pattern="اِسْتِفْعَال" suffix="يَّة" />
				<ArabicLexical word="مِمَّا" lemma="مِنْ" pos="جامدة" prefix="" root="مِنْ" pattern="مِمَّا" suffix="" />
				<ArabicLexical word="يُؤَدِّي" lemma="أَدَّى" pos="مصرفة منتظمة" prefix="ي" root="أدي" pattern="فَعِّل" suffix="" />
				<ArabicLexical word="إِلَى" lemma="إِلَى" pos="جامدة" prefix="" root="إِلَى" pattern="إِلَى" suffix="" />
				<ArabicLexical word="فُقْدَانِ" lemma="فُقْدَان" pos="مصرفة منتظمة" prefix="" root="فقد" pattern="فُعْلَان" suffix="" />
				<ArabicLexical word="اَلتَّوَازُنِ" lemma="تَوَازُن" pos="مصرفة منتظمة" prefix="ال" root="وزن" pattern="تَفَاعُل" suffix="" />
				<ArabicLexical word="وَحَصْدِ" lemma="حَصْد" pos="مصرفة منتظمة" prefix="وَ" root="حصد" pattern="فَعْل" suffix="" />
				<ArabicLexical word="اَلْأَبْرِيَاءِ" lemma="بَرِيء" pos="مصرفة منتظمة" prefix="ال" root="برأ" pattern="أَفْعِلَاء" suffix="" />
				<ArabicLexical word="وَأَحْيَانًا" lemma="حِين" pos="مصرفة منتظمة" prefix="وَ" root="حين" pattern="أَفْعَال" suffix="" />
				<ArabicLexical word="تَكُونُ" lemma="كَانَ" pos="مصرفة منتظمة" prefix="ت" root="كون" pattern="فُعل" suffix="" />
				<ArabicLexical word="اَلْعَرُوسُ" lemma="عَرُوس" pos="مصرفة منتظمة" prefix="ال" root="عرس" pattern="فَعُول" suffix="" />
				<ArabicLexical word="ضِمْنَ" lemma="ضِمْن" pos="مصرفة منتظمة" prefix="" root="ضمن" pattern="فِعْل" suffix="" />
				<ArabicLexical word="اَلضَّحَايَا" lemma="ضَحِيَّة" pos="مصرفة منتظمة" prefix="ال" root="ضحو" pattern="فَعَالَا" suffix="" />
			</annotation>
		</sentence>
		<sentence id="09170">
			<text>وَيَقُولُ اَلْعَرِيسُ عَبْدُ اَلْمَلِكِ اَلَّذِي قَضَى لَيْلَةَ زَفَافِهِ فِي سِجْنِ أَحَدِ أَقْسَامِ اَلشُّرْطَةِ: مَا ذَنْبِي أَنْ أُمْضِيَ لَيْلِيَّةَ عُرْسِي فِي اَلزِّنْزَانَةْ!. وَعَبَّرَ عَنْ أَسَفِهِ لِتَطْبِيقِ هذِهِ اَلْعُقُوبَةِ عَلَى اَلْبُسَطَاءِ دُونَ أَصْحَابِ اَلنُّفُوذِ وَالْوَسَاطَاتِ. </text>
			<annotation>
				<ArabicLexical word="وَيَقُولُ" lemma="قَالَ" pos="مصرفة منتظمة" prefix="وَي" root="قول" pattern="فُعل" suffix="" />
				<ArabicLexical word="اَلْعَرِيسُ" lemma="عَرِيس" pos="مصرفة منتظمة" prefix="ال" root="عرس" pattern="فَعِيل" suffix="" />
				<ArabicLexical word="عَبْدُ" lemma="عَبْد" pos="مصرفة منتظمة" prefix="" root="عبد" pattern="فَعْل" suffix="" />
				<ArabicLexical word="اَلْمَلِكِ" lemma="مَلِك" pos="مصرفة منتظمة" prefix="ال" root="ملك" pattern="فَعِل" suffix="" />
				<ArabicLexical word="اَلَّذِي" lemma="اَلَّذِي" pos="جامدة" prefix="ال" root="اَلَّذِي" pattern="لَذِي" suffix="" />
				<ArabicLexical word="قَضَى" lemma="قَضَى" pos="مصرفة منتظمة" prefix="" root="قضي" pattern="فَعَل" suffix="" />
				<ArabicLexical word="لَيْلَةَ" lemma="لَيْل" pos="مصرفة منتظمة" prefix="" root="ليل" pattern="فَعْل" suffix="ة" />
				<ArabicLexical word="زَفَافِهِ" lemma="-" pos="مصرفة منتظمة" prefix="" root="زفف" pattern="فَعَال" suffix="ه" />
				<ArabicLexical word="فِي" lemma="فِي" pos="جامدة" prefix="" root="فِي" pattern="فِي" suffix="" />
				<ArabicLexical word="سِجْنِ" lemma="سِجْن" pos="مصرفة منتظمة" prefix="" root="سجن" pattern="فِعْل" suffix="" />
				<ArabicLexical word="أَحَدِ" lemma="أَحَد" pos="مصرفة منتظمة" prefix="" root="أحد" pattern="فَعَل" suffix="" />
				<ArabicLexical word="أَقْسَامِ" lemma="قِسْم" pos="مصرفة منتظمة" prefix="" root="قسم" pattern="أَفْعَال" suffix="" />
				<ArabicLexical word="اَلشُّرْطَةِ" lemma="شُرْطَة" pos="مصرفة منتظمة" prefix="ال" root="شرط" pattern="فُعْل" suffix="ة" />
				<ArabicLexical word="مَا" lemma="مَا" pos="جامدة" prefix="" root="مَا" pattern="مَا" suffix="" />
				<ArabicLexical word="ذَنْبِي" lemma="ذَنْب" pos="مصرفة منتظمة" prefix="" root="ذنب" pattern="فَعْل" suffix="ي" />
				<ArabicLexical word="أَنْ" lemma="أَنْ" pos="جامدة" prefix="" root="أَنْ" pattern="أَنْ" suffix="" />
				<ArabicLexical word="أُمْضِيَ" lemma="أَمْضَى" pos="مصرفة منتظمة" prefix="أ" root="مضي" pattern="أَفْعِل" suffix="" />
				<ArabicLexical word="لَيْلِيَّةَ" lemma="لَيْلِيّ" pos="مصرفة منتظمة" prefix="" root="ليل" pattern="فَعْل" suffix="يَّة" />
				<ArabicLexical word="عُرْسِي" lemma="عُرْس" pos="مصرفة منتظمة" prefix="" root="عرس" pattern="فُعْل" suffix="ي" />
				<ArabicLexical word="فِي" lemma="فِي" pos="جامدة" prefix="" root="فِي" pattern="فِي" suffix="" />
				<ArabicLexical word="اَلزِّنْزَانَةْ" lemma="زِنْزَانَة" pos="غير عربية" prefix="" root="" pattern="" suffix="" />
				<ArabicLexical word="وَعَبَّرَ" lemma="عَبَّرَ" pos="مصرفة منتظمة" prefix="وَ" root="عبر" pattern="فَعَّلَ" suffix="" />
				<ArabicLexical word="عَنْ" lemma="عَنْ" pos="جامدة" prefix="" root="عَنْ" pattern="عَنْ" suffix="" />
				<ArabicLexical word="أَسَفِهِ" lemma="أَسَف" pos="مصرفة منتظمة" prefix="" root="أسف" pattern="فَعَل" suffix="ه" />
				<ArabicLexical word="لِتَطْبِيقِ" lemma="تَطْبِيق" pos="مصرفة منتظمة" prefix="لِ" root="طبق" pattern="تَفْعِيل" suffix="" />
				<ArabicLexical word="هذِهِ" lemma="ذَا" pos="جامدة" prefix="" root="ذَا" pattern="هذِهِ" suffix="" />
				<ArabicLexical word="اَلْعُقُوبَةِ" lemma="عُقُوبَة" pos="مصرفة منتظمة" prefix="ال" root="عقب" pattern="فُعُول" suffix="ة" />
				<ArabicLexical word="عَلَى" lemma="عَلَى" pos="جامدة" prefix="" root="عَلَى" pattern="عَلَى" suffix="" />
				<ArabicLexical word="اَلْبُسَطَاءِ" lemma="بَسِيط" pos="مصرفة منتظمة" prefix="ال" root="بسط" pattern="فُعَلَاء" suffix="" />
				<ArabicLexical word="دُونَ" lemma="دُون" pos="جامدة" prefix="" root="دُونَ" pattern="دُونَ" suffix="" />
				<ArabicLexical word="أَصْحَابِ" lemma="صَاحِب" pos="مصرفة منتظمة" prefix="" root="صحب" pattern="أَفْعَال" suffix="" />
				<ArabicLexical word="اَلنُّفُوذِ" lemma="نُفُوذ" pos="مصرفة منتظمة" prefix="ال" root="نفذ" pattern="فُعُول" suffix="" />
				<ArabicLexical word="وَالْوَسَاطَاتِ" lemma="وَسَاطَة" pos="مصرفة منتظمة" prefix="وَال" root="وسط" pattern="فَعَال" suffix="ات" />
			</annotation>
		</sentence>
		<sentence id="09171">
			<text>وَكَانَ أَحَدُ اَلْأَفْرَاحِ قَدْ تَحَوَّلَ إِلَى مَأْتَمٍ عِنْدَمَا قُتِلَ اَلطِّفْلُ حُسَيْنُ مُقْبِلٍ -12 عَامًا- فِي أَحَدِ أَحْيَاءِ اَلْعَاصِمَةِ صَنْعَاءَ وَهُوَ يَنْتَظِرُ خُرُوجَ أَخِيهِ اَلْعَرِيسِ فَوْقَ سَيَّارَتِهِ فَأَصَابَتْهُ رَصَاصَةٌ طَائِشَةٌ مِنْ أَحَدِ أَقَارِبِهِ. </text>
			<annotation>
				<ArabicLexical word="وَكَانَ" lemma="كَانَ" pos="مصرفة منتظمة" prefix="وَ" root="كون" pattern="فَعلَ" suffix="" />
				<ArabicLexical word="أَحَدُ" lemma="أَحَد" pos="مصرفة منتظمة" prefix="" root="أحد" pattern="فَعَل" suffix="" />
				<ArabicLexical word="اَلْأَفْرَاحِ" lemma="فَرَح" pos="مصرفة منتظمة" prefix="ال" root="فرح" pattern="أَفْعَال" suffix="" />
				<ArabicLexical word="قَدْ" lemma="قَدْ" pos="جامدة" prefix="" root="قَدْ" pattern="قَدْ" suffix="" />
				<ArabicLexical word="تَحَوَّلَ" lemma="تَحَوَّلَ" pos="مصرفة منتظمة" prefix="" root="حول" pattern="تَفَعَّلَ" suffix="" />
				<ArabicLexical word="إِلَى" lemma="إِلَى" pos="جامدة" prefix="" root="إِلَى" pattern="إِلَى" suffix="" />
				<ArabicLexical word="مَأْتَمٍ" lemma="مَأْتَم" pos="مصرفة منتظمة" prefix="" root="أتم" pattern="مَفْعَل" suffix="" />
				<ArabicLexical word="عِنْدَمَا" lemma="عِنْدَ" pos="جامدة" prefix="" root="عِنْدَ" pattern="عِنْدَمَا" suffix="" />
				<ArabicLexical word="قُتِلَ" lemma="قَتَلَ" pos="مصرفة منتظمة" prefix="" root="قتل" pattern="فُعِلَ" suffix="" />
				<ArabicLexical word="اَلطِّفْلُ" lemma="طِفْل" pos="مصرفة منتظمة" prefix="ال" root="طفل" pattern="فِعْل" suffix="" />
				<ArabicLexical word="حُسَيْنُ" lemma="حُسَيْن" pos="مصرفة منتظمة" prefix="" root="حسن" pattern="فُعَيْل" suffix="" />
				<ArabicLexical word="مُقْبِلٍ" lemma="مُقْبِل" pos="مصرفة منتظمة" prefix="" root="قبل" pattern="مُفْعِل" suffix="" />
				<ArabicLexical word="عَامًا" lemma="عَام" pos="مصرفة منتظمة" prefix="" root="عوم" pattern="فَعل" suffix="" />
				<ArabicLexical word="فِي" lemma="فِي" pos="جامدة" prefix="" root="فِي" pattern="فِي" suffix="" />
				<ArabicLexical word="أَحَدِ" lemma="أَحَد" pos="مصرفة منتظمة" prefix="" root="أحد" pattern="فَعَل" suffix="" />
				<ArabicLexical word="أَحْيَاءِ" lemma="حَيّ" pos="مصرفة منتظمة" prefix="" root="حيي" pattern="أَفْعَال" suffix="" />
				<ArabicLexical word="اَلْعَاصِمَةِ" lemma="عَاصِمَة" pos="مصرفة منتظمة" prefix="ال" root="عصم" pattern="فَاعِل" suffix="ة" />
				<ArabicLexical word="صَنْعَاءَ" lemma="صَنْعَاء" pos="مصرفة منتظمة" prefix="" root="صنع" pattern="فَعْلَاء" suffix="" />
				<ArabicLexical word="وَهُوَ" lemma="هُو" pos="جامدة" prefix="وَ" root="هُوَ" pattern="هُوَ" suffix="" />
				<ArabicLexical word="يَنْتَظِرُ" lemma="انْتَظَرَ" pos="مصرفة منتظمة" prefix="ي" root="نظر" pattern="اِفْتَعَلَ" suffix="" />
				<ArabicLexical word="خُرُوجَ" lemma="خُرُوج" pos="مصرفة منتظمة" prefix="" root="خرج" pattern="فُعُول" suffix="" />
				<ArabicLexical word="أَخِيهِ" lemma="أَخ" pos="استثناء صرفي" prefix="" root="أخو" pattern="أَخِي" suffix="ه" />
				<ArabicLexical word="اَلْعَرِيسِ" lemma="عَرِيس" pos="مصرفة منتظمة" prefix="ال" root="عرس" pattern="فَعِيل" suffix="" />
				<ArabicLexical word="فَوْقَ" lemma="فَوْق" pos="مصرفة منتظمة" prefix="" root="فوق" pattern="فَعْل" suffix="" />
				<ArabicLexical word="سَيَّارَتِهِ" lemma="سَيَّارَة" pos="مصرفة منتظمة" prefix="" root="سير" pattern="فَعَّال" suffix="ته" />
				<ArabicLexical word="فَأَصَابَتْهُ" lemma="أَصَابَ" pos="مصرفة منتظمة" prefix="فَ" root="صوب" pattern="أَفَعلَ" suffix="تْهُ" />
				<ArabicLexical word="رَصَاصَةٌ" lemma="رَصَاصَة" pos="مصرفة منتظمة" prefix="" root="رصص" pattern="فَعَال" suffix="ة" />
				<ArabicLexical word="طَائِشَةٌ" lemma="طَائِش" pos="مصرفة منتظمة" prefix="" root="طيش" pattern="فَاعِل" suffix="ة" />
				<ArabicLexical word="مِنْ" lemma="مِنْ" pos="جامدة" prefix="" root="مِنْ" pattern="مِنْ" suffix="" />
				<ArabicLexical word="أَحَدِ" lemma="أَحَد" pos="مصرفة منتظمة" prefix="" root="أحد" pattern="فَعَل" suffix="" />
				<ArabicLexical word="أَقَارِبِهِ" lemma="قَرِيب" pos="مصرفة منتظمة" prefix="" root="قرب" pattern="أَفَاعِل" suffix="ه" />
			</annotation>
		</sentence>
		<sentence id="09172">
			<text>وَلَعَلَّ حَادِثَةَ بَيْتِ رَبِيدٍ فِي مِنْطَقَةِحَرَازَ قَبْلَ سَنَوَاتٍ لَا تَزَالُ عَالِقَةً فِي أَذْهَانِ اَلْيَمَنِيِّينَ عِنْدَمَا تَمَّ قَتْلُ اَلْعَرِيسِ وَعَشَرَةٌ مِنْ أَقَارِبِهِ عَلَى يَدِ أَحَدِ اَلْأَقَارِبِ بَعْدَ أَنْ فَقَدَ تَوَازُنَهُ أَثْنَاءَ إِطْلَاقِ اَلنَّارِ مِنْ بُنْدُقِيَّتِهِ بِيَدٍ وَاحِدَةٍ. </text>
			<annotation>
				<ArabicLexical word="وَلَعَلَّ" lemma="لَعَلَّ" pos="جامدة" prefix="وَ" root="عَلَّ" pattern="لَعَلَّ" suffix="" />
				<ArabicLexical word="حَادِثَةَ" lemma="حَادِث" pos="مصرفة منتظمة" prefix="" root="حدث" pattern="فَاعِل" suffix="ة" />
				<ArabicLexical word="بَيْتِ" lemma="بَيْت" pos="مصرفة منتظمة" prefix="" root="بيت" pattern="فَعْل" suffix="" />
				<ArabicLexical word="رَبِيدٍ" lemma="رَبِيد" pos="مصرفة منتظمة" prefix="" root="ربد" pattern="فَعِيل" suffix="" />
				<ArabicLexical word="فِي" lemma="فِي" pos="جامدة" prefix="" root="فِي" pattern="فِي" suffix="" />
				<ArabicLexical word="مِنْطَقَةِ" lemma="مِنْطَقَة" pos="مصرفة منتظمة" prefix="" root="نطق" pattern="مِفْعَل" suffix="ة" />
				<ArabicLexical word="حَرَازَ" lemma="-" pos="مصرفة منتظمة" prefix="" root="حرز" pattern="فَعَال" suffix="" />
				<ArabicLexical word="قَبْلَ" lemma="قَبْل" pos="مصرفة منتظمة" prefix="" root="قبل" pattern="فَعْل" suffix="" />
				<ArabicLexical word="سَنَوَاتٍ" lemma="سَنَة" pos="استثناء صرفي" prefix="" root="سنه" pattern="سَنَوَ" suffix="ات" />
				<ArabicLexical word="لَا" lemma="لَا" pos="جامدة" prefix="" root="لَا" pattern="لَا" suffix="" />
				<ArabicLexical word="تَزَالُ" lemma="زَالَ" pos="غير عربية" prefix="" root="" pattern="" suffix="" />
				<ArabicLexical word="عَالِقَةً" lemma="عَالِق" pos="مصرفة منتظمة" prefix="" root="علق" pattern="فَاعِل" suffix="ة" />
				<ArabicLexical word="فِي" lemma="فِي" pos="جامدة" prefix="" root="فِي" pattern="فِي" suffix="" />
				<ArabicLexical word="أَذْهَانِ" lemma="ذِهْن" pos="مصرفة منتظمة" prefix="" root="ذهن" pattern="أَفْعَال" suffix="" />
				<ArabicLexical word="اَلْيَمَنِيِّينَ" lemma="يَمَنِيّ" pos="مصرفة منتظمة" prefix="ال" root="يمن" pattern="فَعَل" suffix="يِّينَ" />
				<ArabicLexical word="عِنْدَمَا" lemma="عِنْدَ" pos="جامدة" prefix="" root="عِنْدَ" pattern="عِنْدَمَا" suffix="" />
				<ArabicLexical word="تَمَّ" lemma="تَمَّ" pos="مصرفة منتظمة" prefix="" root="تمم" pattern="فَلَّ" suffix="" />
				<ArabicLexical word="قَتْلُ" lemma="قَتْل" pos="مصرفة منتظمة" prefix="" root="قتل" pattern="فَعْل" suffix="" />
				<ArabicLexical word="اَلْعَرِيسِ" lemma="عَرِيس" pos="مصرفة منتظمة" prefix="ال" root="عرس" pattern="فَعِيل" suffix="" />
				<ArabicLexical word="وَعَشَرَةٌ" lemma="عَشْر" pos="مصرفة منتظمة" prefix="وَ" root="عشر" pattern="فَعَل" suffix="ة" />
				<ArabicLexical word="مِنْ" lemma="مِنْ" pos="جامدة" prefix="" root="مِنْ" pattern="مِنْ" suffix="" />
				<ArabicLexical word="أَقَارِبِهِ" lemma="قَرِيب" pos="مصرفة منتظمة" prefix="" root="قرب" pattern="أَفَاعِل" suffix="ه" />
				<ArabicLexical word="عَلَى" lemma="عَلَى" pos="جامدة" prefix="" root="عَلَى" pattern="عَلَى" suffix="" />
				<ArabicLexical word="يَدِ" lemma="يَد" pos="استثناء صرفي" prefix="" root="يدي" pattern="يَد" suffix="" />
				<ArabicLexical word="أَحَدِ" lemma="أَحَد" pos="مصرفة منتظمة" prefix="" root="أحد" pattern="فَعَل" suffix="" />
				<ArabicLexical word="اَلْأَقَارِبِ" lemma="قَرِيب" pos="مصرفة منتظمة" prefix="ال" root="قرب" pattern="أَفَاعِل" suffix="" />
				<ArabicLexical word="بَعْدَ" lemma="بَعْدَ" pos="مصرفة منتظمة" prefix="" root="بعد" pattern="فَعْل" suffix="" />
				<ArabicLexical word="أَنْ" lemma="أَنْ" pos="جامدة" prefix="" root="أَنْ" pattern="أَنْ" suffix="" />
				<ArabicLexical word="فَقَدَ" lemma="فَقَدَ" pos="مصرفة منتظمة" prefix="" root="فقد" pattern="فَعَلَ" suffix="" />
				<ArabicLexical word="تَوَازُنَهُ" lemma="تَوَازُن" pos="مصرفة منتظمة" prefix="" root="وزن" pattern="تَفَاعُل" suffix="ه" />
				<ArabicLexical word="أَثْنَاءَ" lemma="أَثْنَاءَ" pos="مصرفة منتظمة" prefix="" root="ثني" pattern="أَفْعَال" suffix="" />
				<ArabicLexical word="إِطْلَاقِ" lemma="إِطْلَاق" pos="مصرفة منتظمة" prefix="" root="طلق" pattern="إِفْعَال" suffix="" />
				<ArabicLexical word="اَلنَّارِ" lemma="نَار" pos="مصرفة منتظمة" prefix="ال" root="نور" pattern="فَعل" suffix="" />
				<ArabicLexical word="مِنْ" lemma="مِنْ" pos="جامدة" prefix="" root="مِنْ" pattern="مِنْ" suffix="" />
				<ArabicLexical word="بُنْدُقِيَّتِهِ" lemma="بُنْدُقِيَّة" pos="مصرفة منتظمة" prefix="" root="بندق" pattern="فُعْلُل" suffix="يَّته" />
				<ArabicLexical word="بِيَدٍ" lemma="يَد" pos="استثناء صرفي" prefix="بِ" root="يدي" pattern="يَد" suffix="" />
				<ArabicLexical word="وَاحِدَةٍ" lemma="وَاحِد" pos="مصرفة منتظمة" prefix="" root="وحد" pattern="فَاعِل" suffix="ة" />
			</annotation>
		</sentence>
		<sentence id="09173">
			<text> وَقَدْ لَجَأَتْ أَجْهِزَةُ اَلْأَمْنِ اَلْيَمَنِيَّةُ إِلَى فَرْضِ غَرَامَاتٍ مَالِيَّةٍ عَلَى مَنْ يَقُومُونَ بِإِطْلَاقِ اَلرَّصَاصِ فِي حَفَلَاتِ اَلزَّوَاجِ فِي اَلْمُدُنِ اَلرَّئِيسِيَّةِ، إِلَّا أَنَّ ذلِكَ لَمْ يَحُدَّ مِنْ هذِهِ اَلظَّاهِرَةِ. </text>
			<annotation>
				<ArabicLexical word="وَقَدْ" lemma="قَدْ" pos="جامدة" prefix="وَ" root="قَدْ" pattern="قَدْ" suffix="" />
				<ArabicLexical word="لَجَأَتْ" lemma="لَجَأَ" pos="مصرفة منتظمة" prefix="" root="لجأ" pattern="فَعَلَ" suffix="تْ" />
				<ArabicLexical word="أَجْهِزَةُ" lemma="جِهَاز" pos="مصرفة منتظمة" prefix="" root="جهز" pattern="أَفْعِلَ" suffix="ة" />
				<ArabicLexical word="اَلْأَمْنِ" lemma="أَمْن" pos="مصرفة منتظمة" prefix="ال" root="أمن" pattern="فَعْل" suffix="" />
				<ArabicLexical word="اَلْيَمَنِيَّةُ" lemma="يَمَنِيّ" pos="مصرفة منتظمة" prefix="ال" root="يمن" pattern="فَعَل" suffix="يَّة" />
				<ArabicLexical word="إِلَى" lemma="إِلَى" pos="جامدة" prefix="" root="إِلَى" pattern="إِلَى" suffix="" />
				<ArabicLexical word="فَرْضِ" lemma="فَرْض" pos="مصرفة منتظمة" prefix="" root="فرض" pattern="فَعْل" suffix="" />
				<ArabicLexical word="غَرَامَاتٍ" lemma="غَرَامَة" pos="مصرفة منتظمة" prefix="" root="غرم" pattern="فَعَال" suffix="ات" />
				<ArabicLexical word="مَالِيَّةٍ" lemma="مَالِيّ" pos="مصرفة منتظمة" prefix="" root="مول" pattern="فَعل" suffix="يَّة" />
				<ArabicLexical word="عَلَى" lemma="عَلَى" pos="جامدة" prefix="" root="عَلَى" pattern="عَلَى" suffix="" />
				<ArabicLexical word="مَنْ" lemma="مَنْ" pos="جامدة" prefix="" root="اَلَّذِي" pattern="مَنْ" suffix="" />
				<ArabicLexical word="يَقُومُونَ" lemma="قَامَ" pos="مصرفة منتظمة" prefix="ي" root="قوم" pattern="فُعل" suffix="ونَ" />
				<ArabicLexical word="بِإِطْلَاقِ" lemma="إِطْلَاق" pos="مصرفة منتظمة" prefix="بِ" root="طلق" pattern="إِفْعَال" suffix="" />
				<ArabicLexical word="اَلرَّصَاصِ" lemma="رَصَاص" pos="مصرفة منتظمة" prefix="ال" root="رصص" pattern="فَعَال" suffix="" />
				<ArabicLexical word="فِي" lemma="فِي" pos="جامدة" prefix="" root="فِي" pattern="فِي" suffix="" />
				<ArabicLexical word="حَفَلَاتِ" lemma="حَفْلَة" pos="مصرفة منتظمة" prefix="" root="حفل" pattern="فَعَل" suffix="ات" />
				<ArabicLexical word="اَلزَّوَاجِ" lemma="زَوَاج" pos="مصرفة منتظمة" prefix="ال" root="زوج" pattern="فَعَال" suffix="" />
				<ArabicLexical word="فِي" lemma="فِي" pos="جامدة" prefix="" root="فِي" pattern="فِي" suffix="" />
				<ArabicLexical word="اَلْمُدُنِ" lemma="مَدِينَة" pos="مصرفة منتظمة" prefix="ال" root="مدن" pattern="فُعُل" suffix="" />
				<ArabicLexical word="اَلرَّئِيسِيَّةِ" lemma="رَئِيسِيّ" pos="مصرفة منتظمة" prefix="ال" root="رأس" pattern="فَعِيل" suffix="يَّة" />
				<ArabicLexical word="إِلَّا" lemma="إِلَّا" pos="جامدة" prefix="" root="إِلَّا" pattern="إِلَّا" suffix="" />
				<ArabicLexical word="أَنَّ" lemma="أَنَّ" pos="جامدة" prefix="" root="أَنَّ" pattern="أَنَّ" suffix="" />
				<ArabicLexical word="ذلِكَ" lemma="ذَا" pos="جامدة" prefix="" root="ذَا" pattern="ذلِ" suffix="كَ" />
				<ArabicLexical word="لَمْ" lemma="لَمْ" pos="جامدة" prefix="" root="لَمْ" pattern="لَمْ" suffix="" />
				<ArabicLexical word="يَحُدَّ" lemma="حَدَّ" pos="مصرفة منتظمة" prefix="ي" root="حدد" pattern="فُلّ" suffix="" />
				<ArabicLexical word="مِنْ" lemma="مِنْ" pos="جامدة" prefix="" root="مِنْ" pattern="مِنْ" suffix="" />
				<ArabicLexical word="هذِهِ" lemma="ذَا" pos="جامدة" prefix="" root="ذَا" pattern="هذِهِ" suffix="" />
				<ArabicLexical word="اَلظَّاهِرَةِ" lemma="ظَاهِرَة" pos="مصرفة منتظمة" prefix="ال" root="ظهر" pattern="فَاعِل" suffix="ة" />
			</annotation>
		</sentence>
		<sentence id="09174">
			<text>اِرْتِفَاعُ اَلْأَسْعَارِ </text>
			<annotation>
				<ArabicLexical word="اِرْتِفَاعُ" lemma="ارْتِفَاع" pos="مصرفة منتظمة" prefix="" root="رفع" pattern="اِفْتِعَال" suffix="" />
				<ArabicLexical word="اَلْأَسْعَارِ" lemma="سِعْر" pos="مصرفة منتظمة" prefix="ال" root="سعر" pattern="أَفْعَال" suffix="" />
			</annotation>
		</sentence>
		<sentence id="09175">
			<text>مِنْ جِهَةٍ أُخْرَى يُؤَدِّي اَلتَّزَايُدُ اَلْكَبِيرُ لِحَفَلَاتِ اَلزَّوَاجِ فِي اَلصَّيْفِ إِلَى عَدَدٍ مِنْ اَلظَّوَاهِرِ، مِنْهَا اِرْتِفَاعُ أُجْرَةِ اَلْمُنْشِدِينَ اَلَّذِينَ يُحْيُونَ هذِهِ اَلْأَعْرَاسَ؛ حَيْثُ تَبْدَأُ أَسْعَارُهُمْ مِنْ 10 آلَافِ رِيَالٍ، وَتَصِلُ إِلَى 50 أَلْفًا لِبَعْضِ اَلْمُنْشِدِينَ اَلْمَشْهُورِينَ. </text>
			<annotation>
				<ArabicLexical word="مِنْ" lemma="مِنْ" pos="جامدة" prefix="" root="مِنْ" pattern="مِنْ" suffix="" />
				<ArabicLexical word="جِهَةٍ" lemma="جِهَة" pos="مصرفة منتظمة" prefix="" root="وجه" pattern="فعِلَ" suffix="ة" />
				<ArabicLexical word="أُخْرَى" lemma="أُخْرَى" pos="مصرفة منتظمة" prefix="" root="أخر" pattern="فُعْلَى" suffix="" />
				<ArabicLexical word="يُؤَدِّي" lemma="أَدَّى" pos="مصرفة منتظمة" prefix="ي" root="أدي" pattern="فَعِّل" suffix="" />
				<ArabicLexical word="اَلتَّزَايُدُ" lemma="تَزَايُد" pos="مصرفة منتظمة" prefix="ال" root="زيد" pattern="تَفَاعُل" suffix="" />
				<ArabicLexical word="اَلْكَبِيرُ" lemma="كَبِير" pos="مصرفة منتظمة" prefix="ال" root="كبر" pattern="فَعِيل" suffix="" />
				<ArabicLexical word="لِحَفَلَاتِ" lemma="حَفْلَة" pos="مصرفة منتظمة" prefix="لِ" root="حفل" pattern="فَعَل" suffix="ات" />
				<ArabicLexical word="اَلزَّوَاجِ" lemma="زَوَاج" pos="مصرفة منتظمة" prefix="ال" root="زوج" pattern="فَعَال" suffix="" />
				<ArabicLexical word="فِي" lemma="فِي" pos="جامدة" prefix="" root="فِي" pattern="فِي" suffix="" />
				<ArabicLexical word="اَلصَّيْفِ" lemma="صَيْف" pos="مصرفة منتظمة" prefix="ال" root="صيف" pattern="فَعْل" suffix="" />
				<ArabicLexical word="إِلَى" lemma="إِلَى" pos="جامدة" prefix="" root="إِلَى" pattern="إِلَى" suffix="" />
				<ArabicLexical word="عَدَدٍ" lemma="عَدَد" pos="مصرفة منتظمة" prefix="" root="عدد" pattern="فَعَل" suffix="" />
				<ArabicLexical word="مِنْ" lemma="مِنْ" pos="جامدة" prefix="" root="مِنْ" pattern="مِنْ" suffix="" />
				<ArabicLexical word="اَلظَّوَاهِرِ" lemma="ظَاهِر" pos="مصرفة منتظمة" prefix="ال" root="ظهر" pattern="فَوَاعِل" suffix="" />
				<ArabicLexical word="مِنْهَا" lemma="مِنْ" pos="جامدة" prefix="" root="مِنْ" pattern="مِنْ" suffix="هَا" />
				<ArabicLexical word="اِرْتِفَاعُ" lemma="ارْتِفَاع" pos="مصرفة منتظمة" prefix="" root="رفع" pattern="اِفْتِعَال" suffix="" />
				<ArabicLexical word="أُجْرَةِ" lemma="أُجْرَة" pos="مصرفة منتظمة" prefix="" root="أجر" pattern="فُعْل" suffix="ة" />
				<ArabicLexical word="اَلْمُنْشِدِينَ" lemma="مُنْشِد" pos="مصرفة منتظمة" prefix="ال" root="نشد" pattern="مُفْعِل" suffix="ينَ" />
				<ArabicLexical word="اَلَّذِينَ" lemma="اَلَّذِي" pos="جامدة" prefix="ال" root="اَلَّذِي" pattern="لَذِينَ" suffix="" />
				<ArabicLexical word="يُحْيُونَ" lemma="أَحْيَا" pos="مصرفة منتظمة" prefix="ي" root="حيي" pattern="أَفْعِل" suffix="ونَ" />
				<ArabicLexical word="هذِهِ" lemma="ذَا" pos="جامدة" prefix="" root="ذَا" pattern="هذِهِ" suffix="" />
				<ArabicLexical word="اَلْأَعْرَاسَ" lemma="عُرْس" pos="مصرفة منتظمة" prefix="ال" root="عرس" pattern="أَفْعَال" suffix="" />
				<ArabicLexical word="حَيْثُ" lemma="حَيْثُ" pos="جامدة" prefix="" root="حَيْثُ" pattern="حَيْثُ" suffix="" />
				<ArabicLexical word="تَبْدَأُ" lemma="بَدَأَ" pos="مصرفة منتظمة" prefix="ت" root="بدأ" pattern="فْعَل" suffix="" />
				<ArabicLexical word="أَسْعَارُهُمْ" lemma="سِعْر" pos="مصرفة منتظمة" prefix="" root="سعر" pattern="أَفْعَال" suffix="همْ" />
				<ArabicLexical word="مِنْ" lemma="مِنْ" pos="جامدة" prefix="" root="مِنْ" pattern="مِنْ" suffix="" />
				<ArabicLexical word="آلَافِ" lemma="أَلْف" pos="مصرفة منتظمة" prefix="" root="ألف" pattern="أَفعَال" suffix="" />
				<ArabicLexical word="رِيَالٍ" lemma="رِيَال" pos="مصرفة منتظمة" prefix="" root="ريل" pattern="فِعَال" suffix="" />
				<ArabicLexical word="وَتَصِلُ" lemma="وَصَلَ" pos="مصرفة منتظمة" prefix="وَت" root="وصل" pattern="فعِلْ" suffix="" />
				<ArabicLexical word="إِلَى" lemma="إِلَى" pos="جامدة" prefix="" root="إِلَى" pattern="إِلَى" suffix="" />
				<ArabicLexical word="أَلْفًا" lemma="أَلْف" pos="مصرفة منتظمة" prefix="" root="ألف" pattern="فَعْل" suffix="" />
				<ArabicLexical word="لِبَعْضِ" lemma="بَعْض" pos="مصرفة منتظمة" prefix="لِ" root="بعض" pattern="فَعْل" suffix="" />
				<ArabicLexical word="اَلْمُنْشِدِينَ" lemma="مُنْشِد" pos="مصرفة منتظمة" prefix="ال" root="نشد" pattern="مُفْعِل" suffix="ينَ" />
				<ArabicLexical word="اَلْمَشْهُورِينَ" lemma="مَشْهُور" pos="مصرفة منتظمة" prefix="ال" root="شهر" pattern="مَفْعُول" suffix="ينَ" />
			</annotation>
		</sentence>
		<sentence id="09176">
			<text>وَيُؤَكِّدُ اَلْمُنْشِدُ اَلْمَعْرُوفُ جَمِيلٌ اَلْقَاضِي اَلْمَسْؤُولُ اَلثَّقَافِيُّ لِجَمْعِيَّةِ اَلْمُنْشِدِينَ اَلْيَمَنِيِّينَ لإِسْلَامُ أُونْ لَايِنْ.نِتْ أَنَّ أُجْرَةَ اَلْمُنْشِدِينَ تَرْتَفِعُ فِي اَلصَّيْفِ نَظَرًا لِازْدِيَادِ اَلطَّلَبِ عَلَيْهِمْ، وَلِأَنَّ اَلْمُنْشِدِينَ اَلْمُتَمَيِّزِينَ عَدَدُهُمْ قَلِيلٌ، مُؤَكِّدًا أَنَّ تَعَامُلَ اَلْمُنْشِدِينَ مَعَ اَلْعِرْسَانِ يَخْتَلِفُ بِحَسْبِ اَلْحَالَةِ اَلْمَادِّيَّةِ لَدَيْهِمْ؛ فَالْعَرِيسُ اَلَّذِي تَكُونُ ظُرُوفُهُ اَلْمَادِّيَّةُ صَعْبَةً يَتِمُّ مُرَاعَاتُهُ</text>
			<annotation>
				<ArabicLexical word="وَيُؤَكِّدُ" lemma="أَكَّدَ" pos="مصرفة منتظمة" prefix="وَي" root="أكد" pattern="فَعَّلَ" suffix="" />
				<ArabicLexical word="اَلْمُنْشِدُ" lemma="مُنْشِد" pos="مصرفة منتظمة" prefix="ال" root="نشد" pattern="مُفْعِل" suffix="" />
				<ArabicLexical word="اَلْمَعْرُوفُ" lemma="مَعْرُوف" pos="مصرفة منتظمة" prefix="ال" root="عرف" pattern="مَفْعُول" suffix="" />
				<ArabicLexical word="جَمِيلٌ" lemma="جَمِيل" pos="مصرفة منتظمة" prefix="" root="جمل" pattern="فَعِيل" suffix="" />
				<ArabicLexical word="اَلْقَاضِي" lemma="قَاضِي" pos="مصرفة منتظمة" prefix="ال" root="قضي" pattern="فَاعِل" suffix="" />
				<ArabicLexical word="اَلْمَسْؤُولُ" lemma="مَسْؤُول" pos="مصرفة منتظمة" prefix="ال" root="سأل" pattern="مَفْعُول" suffix="" />
				<ArabicLexical word="اَلثَّقَافِيُّ" lemma="ثَقَافِيّ" pos="مصرفة منتظمة" prefix="ال" root="ثقف" pattern="فَعَال" suffix="يّ" />
				<ArabicLexical word="لِجَمْعِيَّةِ" lemma="جَمْعِيَّة" pos="مصرفة منتظمة" prefix="لِ" root="جمع" pattern="فَعْل" suffix="يَّة" />
				<ArabicLexical word="اَلْمُنْشِدِينَ" lemma="مُنْشِد" pos="مصرفة منتظمة" prefix="ال" root="نشد" pattern="مُفْعِل" suffix="ينَ" />
				<ArabicLexical word="اَلْيَمَنِيِّينَ" lemma="يَمَنِيّ" pos="مصرفة منتظمة" prefix="ال" root="يمن" pattern="فَعَل" suffix="يِّينَ" />
				<ArabicLexical word="ل" lemma="+" pos="غير عربية" prefix="" root="" pattern="" suffix="" />
				<ArabicLexical word="إِسْلَامُ" lemma="إِسْلَام" pos="مصرفة منتظمة" prefix="" root="سلم" pattern="إِفْعَال" suffix="" />
				<ArabicLexical word="أُونْ" lemma="أُونْ" pos="غير عربية" prefix="" root="" pattern="" suffix="" />
				<ArabicLexical word="لَايِنْ" lemma="لايَنَ" pos="غير عربية" prefix="" root="" pattern="" suffix="" />
				<ArabicLexical word="نِتْ" lemma="نِت" pos="غير عربية" prefix="" root="" pattern="" suffix="" />
				<ArabicLexical word="أَنَّ" lemma="أَنَّ" pos="جامدة" prefix="" root="أَنَّ" pattern="أَنَّ" suffix="" />
				<ArabicLexical word="أُجْرَةَ" lemma="أُجْرَة" pos="مصرفة منتظمة" prefix="" root="أجر" pattern="فُعْل" suffix="ة" />
				<ArabicLexical word="اَلْمُنْشِدِينَ" lemma="مُنْشِد" pos="مصرفة منتظمة" prefix="ال" root="نشد" pattern="مُفْعِل" suffix="ينَ" />
				<ArabicLexical word="تَرْتَفِعُ" lemma="ارْتَفَعَ" pos="مصرفة منتظمة" prefix="ت" root="رفع" pattern="اِفْتَعَلَ" suffix="" />
				<ArabicLexical word="فِي" lemma="فِي" pos="جامدة" prefix="" root="فِي" pattern="فِي" suffix="" />
				<ArabicLexical word="اَلصَّيْفِ" lemma="صَيْف" pos="مصرفة منتظمة" prefix="ال" root="صيف" pattern="فَعْل" suffix="" />
				<ArabicLexical word="نَظَرًا" lemma="نَظَر" pos="مصرفة منتظمة" prefix="" root="نظر" pattern="فَعَل" suffix="" />
				<ArabicLexical word="لِازْدِيَادِ" lemma="ازْدِيَاد" pos="مصرفة منتظمة" prefix="لِ" root="زيد" pattern="اِفْدِعَال" suffix="" />
				<ArabicLexical word="اَلطَّلَبِ" lemma="طَلَب" pos="مصرفة منتظمة" prefix="ال" root="طلب" pattern="فَعَل" suffix="" />
				<ArabicLexical word="عَلَيْهِمْ" lemma="عَلَى" pos="جامدة" prefix="" root="عَلَى" pattern="عَلَيْ" suffix="همْ" />
				<ArabicLexical word="وَلِأَنَّ" lemma="أَنَّ" pos="جامدة" prefix="وَلِ" root="أَنَّ" pattern="أَنَّ" suffix="" />
				<ArabicLexical word="اَلْمُنْشِدِينَ" lemma="مُنْشِد" pos="مصرفة منتظمة" prefix="ال" root="نشد" pattern="مُفْعِل" suffix="ينَ" />
				<ArabicLexical word="اَلْمُتَمَيِّزِينَ" lemma="مُتَمَيِّز" pos="مصرفة منتظمة" prefix="ال" root="ميز" pattern="مُتَفَعِّل" suffix="ينَ" />
				<ArabicLexical word="عَدَدُهُمْ" lemma="عَدَد" pos="مصرفة منتظمة" prefix="" root="عدد" pattern="فَعَل" suffix="همْ" />
				<ArabicLexical word="قَلِيلٌ" lemma="قَلِيل" pos="مصرفة منتظمة" prefix="" root="قلل" pattern="فَعِيل" suffix="" />
				<ArabicLexical word="مُؤَكِّدًا" lemma="مُؤَكِّد" pos="مصرفة منتظمة" prefix="" root="أكد" pattern="مُفَعِّل" suffix="" />
				<ArabicLexical word="أَنَّ" lemma="أَنَّ" pos="جامدة" prefix="" root="أَنَّ" pattern="أَنَّ" suffix="" />
				<ArabicLexical word="تَعَامُلَ" lemma="تَعَامُل" pos="مصرفة منتظمة" prefix="" root="عمل" pattern="تَفَاعُل" suffix="" />
				<ArabicLexical word="اَلْمُنْشِدِينَ" lemma="مُنْشِد" pos="مصرفة منتظمة" prefix="ال" root="نشد" pattern="مُفْعِل" suffix="ينَ" />
				<ArabicLexical word="مَعَ" lemma="مَعَ" pos="جامدة" prefix="" root="مَعَ" pattern="مَعَ" suffix="" />
				<ArabicLexical word="اَلْعِرْسَانِ" lemma="عَرِيس" pos="مصرفة منتظمة" prefix="ال" root="عرس" pattern="فِعْلَان" suffix="" />
				<ArabicLexical word="يَخْتَلِفُ" lemma="اخْتَلَفَ" pos="مصرفة منتظمة" prefix="ي" root="خلف" pattern="اِفْتَعَلَ" suffix="" />
				<ArabicLexical word="بِحَسْبِ" lemma="حَسْب" pos="مصرفة منتظمة" prefix="بِ" root="حسب" pattern="فَعْل" suffix="" />
				<ArabicLexical word="اَلْحَالَةِ" lemma="حَالَة" pos="مصرفة منتظمة" prefix="ال" root="حول" pattern="فَعل" suffix="ة" />
				<ArabicLexical word="اَلْمَادِّيَّةِ" lemma="مَادِّيّ" pos="مصرفة منتظمة" prefix="ال" root="مدد" pattern="فَالّ" suffix="يَّة" />
				<ArabicLexical word="لَدَيْهِمْ" lemma="لَدَى" pos="جامدة" prefix="" root="لَدَى" pattern="لَدَيْ" suffix="همْ" />
				<ArabicLexical word="فَالْعَرِيسُ" lemma="عَرِيس" pos="مصرفة منتظمة" prefix="فَال" root="عرس" pattern="فَعِيل" suffix="" />
				<ArabicLexical word="اَلَّذِي" lemma="اَلَّذِي" pos="جامدة" prefix="ال" root="اَلَّذِي" pattern="لَذِي" suffix="" />
				<ArabicLexical word="تَكُونُ" lemma="كَانَ" pos="مصرفة منتظمة" prefix="ت" root="كون" pattern="فُعل" suffix="" />
				<ArabicLexical word="ظُرُوفُهُ" lemma="ظَرْف" pos="مصرفة منتظمة" prefix="" root="ظرف" pattern="فُعُول" suffix="ه" />
				<ArabicLexical word="اَلْمَادِّيَّةُ" lemma="مَادِّيّ" pos="مصرفة منتظمة" prefix="ال" root="مدد" pattern="فَالّ" suffix="يَّة" />
				<ArabicLexical word="صَعْبَةً" lemma="صَعْب" pos="مصرفة منتظمة" prefix="" root="صعب" pattern="فَعْل" suffix="ة" />
				<ArabicLexical word="يَتِمُّ" lemma="تَمَّ" pos="مصرفة منتظمة" prefix="ي" root="تمم" pattern="فِلّ" suffix="" />
				<ArabicLexical word="مُرَاعَاتُهُ" lemma="مُرَاعَاة" pos="مصرفة منتظمة" prefix="" root="رعي" pattern="مُفَاعَل" suffix="ته" />
			</annotation>
		</sentence>
	</FILE>
	</NEMLAR>