<NEMLAR><FILE name="GeneralNews" number="146">
		<sentence id="08969">
			<text>?إِنْدُونِيسْيَا: أَرْبَاحُ اَلسَّجَائِرِ لِعِلَاجِ غَيْرِ اَلْمُدَخِّنِينَ </text>
			<annotation>
				<ArabicLexical word="إِنْدُونِيسْيَا" lemma="إِنْدُونِيسْيَا" pos="معربة" prefix="" root="إِنْدُونِيسْيَا" pattern="إِنْدُونِيسْيَا" suffix="" />
				<ArabicLexical word="أَرْبَاحُ" lemma="رِبْح" pos="مصرفة منتظمة" prefix="" root="ربح" pattern="أَفْعَال" suffix="" />
				<ArabicLexical word="اَلسَّجَائِرِ" lemma="سِجَارَة" pos="مصرفة منتظمة" prefix="ال" root="سجر" pattern="فَعَائِل" suffix="" />
				<ArabicLexical word="لِعِلَاجِ" lemma="عِلَاج" pos="مصرفة منتظمة" prefix="لِ" root="علج" pattern="فِعَال" suffix="" />
				<ArabicLexical word="غَيْرِ" lemma="غَيْر" pos="مصرفة منتظمة" prefix="" root="غير" pattern="فَعْل" suffix="" />
				<ArabicLexical word="اَلْمُدَخِّنِينَ" lemma="مُدَخِّن" pos="مصرفة منتظمة" prefix="ال" root="دخن" pattern="مُفَعِّل" suffix="ينَ" />
			</annotation>
		</sentence>
		<sentence id="08970">
			<text>إِنْدُونِيسْيَا- أَحْمَدُ دُمْيَاطِيٌّ- إِسْلَامُ أُونْ لَايِنْ </text>
			<annotation>
				<ArabicLexical word="إِنْدُونِيسْيَا" lemma="إِنْدُونِيسْيَا" pos="معربة" prefix="" root="إِنْدُونِيسْيَا" pattern="إِنْدُونِيسْيَا" suffix="" />
				<ArabicLexical word="أَحْمَدُ" lemma="حَمِدَ" pos="مصرفة منتظمة" prefix="" root="حمد" pattern="أَفْعَل" suffix="" />
				<ArabicLexical word="دُمْيَاطِيٌّ" lemma="دُمْيَاطِيّ" pos="غير عربية" prefix="" root="" pattern="" suffix="" />
				<ArabicLexical word="إِسْلَامُ" lemma="إِسْلَام" pos="مصرفة منتظمة" prefix="" root="سلم" pattern="إِفْعَال" suffix="" />
				<ArabicLexical word="أُونْ" lemma="أُونْ" pos="غير عربية" prefix="" root="" pattern="" suffix="" />
				<ArabicLexical word="لَايِنْ" lemma="لايَنَ" pos="غير عربية" prefix="" root="" pattern="" suffix="" />
			</annotation>
		</sentence>
		<sentence id="08971">
			<text>تَقَدَّمَتْ إِدَارَةُ اَلرَّقَابَةِ عَلَى اَلْأَطْعِمَةِ وَالْأَدْوِيَةِ اَلتَّابِعَةُ لِوِزَارَةِ اَلصِّحَّةِ فِي إِنْدُونِيسْيَا بِطَلَبٍ إِلَى اَلْحُكُومَةِ لِتَخْصِيصِ مَبْلَغِ 5% مِنْ أَرْبَاحِ بَيْعِ اَلسَّجَائِرِ لِدَعْمِ اَلتَّأْمِينِ اَلصِّحِّيِّ عَلَى غَيْرِ اَلْمُدَخِّنِينَ. </text>
			<annotation>
				<ArabicLexical word="تَقَدَّمَتْ" lemma="تَقَدَّمَ" pos="مصرفة منتظمة" prefix="" root="قدم" pattern="تَفَعَّلَ" suffix="تْ" />
				<ArabicLexical word="إِدَارَةُ" lemma="إِدَارَة" pos="مصرفة منتظمة" prefix="" root="دور" pattern="إِفَعالَ" suffix="ة" />
				<ArabicLexical word="اَلرَّقَابَةِ" lemma="رَقَابَة" pos="مصرفة منتظمة" prefix="ال" root="رقب" pattern="فَعَال" suffix="ة" />
				<ArabicLexical word="عَلَى" lemma="عَلَى" pos="جامدة" prefix="" root="عَلَى" pattern="عَلَى" suffix="" />
				<ArabicLexical word="اَلْأَطْعِمَةِ" lemma="طَعَام" pos="مصرفة منتظمة" prefix="ال" root="طعم" pattern="أَفْعِلَ" suffix="ة" />
				<ArabicLexical word="وَالْأَدْوِيَةِ" lemma="دَوَاء" pos="مصرفة منتظمة" prefix="وَال" root="دوي" pattern="أَفْعِلَ" suffix="ة" />
				<ArabicLexical word="اَلتَّابِعَةُ" lemma="تَابِع" pos="مصرفة منتظمة" prefix="ال" root="تبع" pattern="فَاعِل" suffix="ة" />
				<ArabicLexical word="لِوِزَارَةِ" lemma="وِزَارَة" pos="مصرفة منتظمة" prefix="لِ" root="وزر" pattern="فِعَال" suffix="ة" />
				<ArabicLexical word="اَلصِّحَّةِ" lemma="صِحَّة" pos="مصرفة منتظمة" prefix="ال" root="صحح" pattern="فِلّ" suffix="ة" />
				<ArabicLexical word="فِي" lemma="فِي" pos="جامدة" prefix="" root="فِي" pattern="فِي" suffix="" />
				<ArabicLexical word="إِنْدُونِيسْيَا" lemma="إِنْدُونِيسْيَا" pos="معربة" prefix="" root="إِنْدُونِيسْيَا" pattern="إِنْدُونِيسْيَا" suffix="" />
				<ArabicLexical word="بِطَلَبٍ" lemma="طَلَب" pos="مصرفة منتظمة" prefix="بِ" root="طلب" pattern="فَعَل" suffix="" />
				<ArabicLexical word="إِلَى" lemma="إِلَى" pos="جامدة" prefix="" root="إِلَى" pattern="إِلَى" suffix="" />
				<ArabicLexical word="اَلْحُكُومَةِ" lemma="حُكُومَة" pos="مصرفة منتظمة" prefix="ال" root="حكم" pattern="فُعُول" suffix="ة" />
				<ArabicLexical word="لِتَخْصِيصِ" lemma="تَخْصِيص" pos="مصرفة منتظمة" prefix="لِ" root="خصص" pattern="تَفْعِيل" suffix="" />
				<ArabicLexical word="مَبْلَغِ" lemma="مَبْلَغ" pos="مصرفة منتظمة" prefix="" root="بلغ" pattern="مَفْعَل" suffix="" />
				<ArabicLexical word="مِنْ" lemma="مِنْ" pos="جامدة" prefix="" root="مِنْ" pattern="مِنْ" suffix="" />
				<ArabicLexical word="أَرْبَاحِ" lemma="رِبْح" pos="مصرفة منتظمة" prefix="" root="ربح" pattern="أَفْعَال" suffix="" />
				<ArabicLexical word="بَيْعِ" lemma="بَيْع" pos="مصرفة منتظمة" prefix="" root="بيع" pattern="فَعْل" suffix="" />
				<ArabicLexical word="اَلسَّجَائِرِ" lemma="سِجَارَة" pos="مصرفة منتظمة" prefix="ال" root="سجر" pattern="فَعَائِل" suffix="" />
				<ArabicLexical word="لِدَعْمِ" lemma="دَعْم" pos="مصرفة منتظمة" prefix="لِ" root="دعم" pattern="فَعْل" suffix="" />
				<ArabicLexical word="اَلتَّأْمِينِ" lemma="تَأْمِين" pos="مصرفة منتظمة" prefix="ال" root="أمن" pattern="تَفْعِيل" suffix="" />
				<ArabicLexical word="اَلصِّحِّيِّ" lemma="صِحِّيّ" pos="مصرفة منتظمة" prefix="ال" root="صحح" pattern="فِلّ" suffix="يّ" />
				<ArabicLexical word="عَلَى" lemma="عَلَى" pos="جامدة" prefix="" root="عَلَى" pattern="عَلَى" suffix="" />
				<ArabicLexical word="غَيْرِ" lemma="غَيْر" pos="مصرفة منتظمة" prefix="" root="غير" pattern="فَعْل" suffix="" />
				<ArabicLexical word="اَلْمُدَخِّنِينَ" lemma="مُدَخِّن" pos="مصرفة منتظمة" prefix="ال" root="دخن" pattern="مُفَعِّل" suffix="ينَ" />
			</annotation>
		</sentence>
		<sentence id="08972">
			<text>وَجَاءَ هذَا اَلطَّلَبُ اِسْتِجَابَةً لِدَعْوَةٍ يَتَبَنَّاهَا آلَانْ لَانْدِيرِسْ -اَلْمُتَحَدِّثُ بِاسْمِ حَمْلَةِ مُنَظَّمَةِ اَلصِّحَّةِ اَلْعَالَمِيَّةِ ضِدَّ اَلسَّجَائِرِ- وَالَّذِي كَانَ فِي اَلْمَاضِي نَجْمًا لِإِعْلَانَاتِ أَحَدِ أَصْنَافِ اَلسَّجَائِرِ اَلْأَمْرِيكِيَّةِ قَبْلَ أَنْ يُصَابَ بِسَرَطَانِ اَلرِّئَةِ مُنْذُ 12 عَامًا، وَهُوَ مَا دَفَعَهُ إِلَى تَبَنِّي اَلْحَمْلَةِ ضِدَّ اَلسَّجَائِرِ. </text>
			<annotation>
				<ArabicLexical word="وَجَاءَ" lemma="جَاءَ" pos="مصرفة منتظمة" prefix="وَ" root="جيأ" pattern="فَعلَ" suffix="" />
				<ArabicLexical word="هذَا" lemma="ذَا" pos="جامدة" prefix="" root="ذَا" pattern="هذَا" suffix="" />
				<ArabicLexical word="اَلطَّلَبُ" lemma="طَلَب" pos="مصرفة منتظمة" prefix="ال" root="طلب" pattern="فَعَل" suffix="" />
				<ArabicLexical word="اِسْتِجَابَةً" lemma="اسْتِجَابَة" pos="مصرفة منتظمة" prefix="" root="جوب" pattern="اِسْتِفَعالَ" suffix="ة" />
				<ArabicLexical word="لِدَعْوَةٍ" lemma="دَعْوَة" pos="مصرفة منتظمة" prefix="لِ" root="دعو" pattern="فَعْل" suffix="ة" />
				<ArabicLexical word="يَتَبَنَّاهَا" lemma="تَبَنَّى" pos="مصرفة منتظمة" prefix="ي" root="بنو" pattern="تَفَعَّل" suffix="هَا" />
				<ArabicLexical word="آلَانْ" lemma="آلَان" pos="غير عربية" prefix="" root="" pattern="" suffix="" />
				<ArabicLexical word="لَانْدِيرِسْ" lemma="" pos="غير عربية" prefix="" root="" pattern="" suffix="" />
				<ArabicLexical word="اَلْمُتَحَدِّثُ" lemma="مُتَحَدِّث" pos="مصرفة منتظمة" prefix="ال" root="حدث" pattern="مُتَفَعِّل" suffix="" />
				<ArabicLexical word="بِاسْمِ" lemma="اسْم" pos="استثناء صرفي" prefix="بِ" root="سمو" pattern="اِسْم" suffix="" />
				<ArabicLexical word="حَمْلَةِ" lemma="حَمْلَة" pos="مصرفة منتظمة" prefix="" root="حمل" pattern="فَعْل" suffix="ة" />
				<ArabicLexical word="مُنَظَّمَةِ" lemma="مُنَظَّمَة" pos="مصرفة منتظمة" prefix="" root="نظم" pattern="مُفَعَّل" suffix="ة" />
				<ArabicLexical word="اَلصِّحَّةِ" lemma="صِحَّة" pos="مصرفة منتظمة" prefix="ال" root="صحح" pattern="فِلّ" suffix="ة" />
				<ArabicLexical word="اَلْعَالَمِيَّةِ" lemma="عَالَمِيّ" pos="استثناء صرفي" prefix="ال" root="علم" pattern="عَالَم" suffix="يَّة" />
				<ArabicLexical word="ضِدَّ" lemma="ضِدّ" pos="مصرفة منتظمة" prefix="" root="ضدد" pattern="فِلّ" suffix="" />
				<ArabicLexical word="اَلسَّجَائِرِ" lemma="سِجَارَة" pos="مصرفة منتظمة" prefix="ال" root="سجر" pattern="فَعَائِل" suffix="" />
				<ArabicLexical word="وَالَّذِي" lemma="اَلَّذِي" pos="جامدة" prefix="وَال" root="اَلَّذِي" pattern="لَذِي" suffix="" />
				<ArabicLexical word="كَانَ" lemma="كَانَ" pos="مصرفة منتظمة" prefix="" root="كون" pattern="فَعلَ" suffix="" />
				<ArabicLexical word="فِي" lemma="فِي" pos="جامدة" prefix="" root="فِي" pattern="فِي" suffix="" />
				<ArabicLexical word="اَلْمَاضِي" lemma="مَاضِي" pos="مصرفة منتظمة" prefix="ال" root="مضي" pattern="فَاعِل" suffix="" />
				<ArabicLexical word="نَجْمًا" lemma="نَجْم" pos="مصرفة منتظمة" prefix="" root="نجم" pattern="فَعْل" suffix="" />
				<ArabicLexical word="لِإِعْلَانَاتِ" lemma="إِعْلَانَة" pos="مصرفة منتظمة" prefix="لِ" root="علن" pattern="إِفْعَال" suffix="ات" />
				<ArabicLexical word="أَحَدِ" lemma="أَحَد" pos="مصرفة منتظمة" prefix="" root="أحد" pattern="فَعَل" suffix="" />
				<ArabicLexical word="أَصْنَافِ" lemma="صِنْف" pos="مصرفة منتظمة" prefix="" root="صنف" pattern="أَفْعَال" suffix="" />
				<ArabicLexical word="اَلسَّجَائِرِ" lemma="سِجَارَة" pos="مصرفة منتظمة" prefix="ال" root="سجر" pattern="فَعَائِل" suffix="" />
				<ArabicLexical word="اَلْأَمْرِيكِيَّةِ" lemma="أَمِيرْكِيّ" pos="معربة" prefix="ال" root="أَمِرِيكَا" pattern="أَمْرِيكِ" suffix="يَّة" />
				<ArabicLexical word="قَبْلَ" lemma="قَبْلَ" pos="مصرفة منتظمة" prefix="" root="قبل" pattern="فَعْل" suffix="" />
				<ArabicLexical word="أَنْ" lemma="أَنْ" pos="جامدة" prefix="" root="أَنْ" pattern="أَنْ" suffix="" />
				<ArabicLexical word="يُصَابَ" lemma="أَصَابَ" pos="مصرفة منتظمة" prefix="يُ" root="صوب" pattern="أَفَعلَ" suffix="" />
				<ArabicLexical word="بِسَرَطَانِ" lemma="سَرَطَان" pos="مصرفة منتظمة" prefix="بِ" root="سرط" pattern="فَعَلَان" suffix="" />
				<ArabicLexical word="اَلرِّئَةِ" lemma="رِئَة" pos="استثناء صرفي" prefix="ال" root="رأي" pattern="رِئَ" suffix="ة" />
				<ArabicLexical word="مُنْذُ" lemma="مُنْذُ" pos="جامدة" prefix="" root="مُنْذُ" pattern="مُنْذُ" suffix="" />
				<ArabicLexical word="عَامًا" lemma="عَام" pos="مصرفة منتظمة" prefix="" root="عوم" pattern="فَعل" suffix="" />
				<ArabicLexical word="وَهُوَ" lemma="هُو" pos="جامدة" prefix="وَ" root="هُوَ" pattern="هُوَ" suffix="" />
				<ArabicLexical word="مَا" lemma="مَا" pos="جامدة" prefix="" root="اَلَّذِي" pattern="مَا" suffix="" />
				<ArabicLexical word="دَفَعَهُ" lemma="دَفَعَ" pos="مصرفة منتظمة" prefix="" root="دفع" pattern="فَعَلَ" suffix="ه" />
				<ArabicLexical word="إِلَى" lemma="إِلَى" pos="جامدة" prefix="" root="إِلَى" pattern="إِلَى" suffix="" />
				<ArabicLexical word="تَبَنِّي" lemma="تَبَنّ" pos="مصرفة منتظمة" prefix="" root="بنو" pattern="تَفَعِّل" suffix="" />
				<ArabicLexical word="اَلْحَمْلَةِ" lemma="حَمْلَة" pos="مصرفة منتظمة" prefix="ال" root="حمل" pattern="فَعْل" suffix="ة" />
				<ArabicLexical word="ضِدَّ" lemma="ضِدّ" pos="مصرفة منتظمة" prefix="" root="ضدد" pattern="فِلّ" suffix="" />
				<ArabicLexical word="اَلسَّجَائِرِ" lemma="سِجَارَة" pos="مصرفة منتظمة" prefix="ال" root="سجر" pattern="فَعَائِل" suffix="" />
			</annotation>
		</sentence>
		<sentence id="08973">
			<text>وَتُنْفِقُ اَلْحُكُومَةُ اَلْإِنْدُونِيسِيَّةُ 14.5 تِرِيلْيُونْ رُوبِيَّةْ 1.8 مِلْيَارِ دُولَارْ أَمْرِيكِيٍّ سَنَوِيًّا لِعِلَاجِ اَلْأَمْرَاضِ اَلَّتِي يُسَبِّبُهَا اَلتَّدْخِينُ، وَلَا تَحْصُلُ اَلْحُكُومَةُ إِلَّا عَلَى مَبْلَغِ 10 تِرِيلْيُونَاتِ رُوبَِيَّةْ فَقَطْ مِنْ اَلضَّرَائِبِ اَلَّتِي تَدْفَعُهَا شَرِكَاتُ اَلسَّجَائِرِ سَنَوِيًّا. </text>
			<annotation>
				<ArabicLexical word="وَتُنْفِقُ" lemma="أَنْفَقَ" pos="مصرفة منتظمة" prefix="وَت" root="نفق" pattern="أَفْعَلَ" suffix="" />
				<ArabicLexical word="اَلْحُكُومَةُ" lemma="حُكُومَة" pos="مصرفة منتظمة" prefix="ال" root="حكم" pattern="فُعُول" suffix="ة" />
				<ArabicLexical word="اَلْإِنْدُونِيسِيَّةُ" lemma="إِنْدُونِيسِيّ" pos="معربة" prefix="ال" root="إِنْدُونِيسْيَا" pattern="إِنْدُونِيسْ" suffix="يَّة" />
				<ArabicLexical word="تِرِيلْيُونْ" lemma="" pos="غير عربية" prefix="" root="" pattern="" suffix="" />
				<ArabicLexical word="رُوبِيَّةْ" lemma="" pos="غير عربية" prefix="" root="" pattern="" suffix="" />
				<ArabicLexical word="مِلْيَارِ" lemma="مِلْيَار" pos="معربة" prefix="" root="مِلْيَار" pattern="مِلْيَار" suffix="" />
				<ArabicLexical word="دُولَارْ" lemma="دُولَار" pos="غير عربية" prefix="" root="" pattern="" suffix="" />
				<ArabicLexical word="أَمْرِيكِيٍّ" lemma="أَمِيرْكِيّ" pos="معربة" prefix="" root="أَمِرِيكَا" pattern="أَمْرِيكِ" suffix="يّ" />
				<ArabicLexical word="سَنَوِيًّا" lemma="سَنَوِيّ" pos="استثناء صرفي" prefix="" root="سنه" pattern="سَنَوَ" suffix="يّ" />
				<ArabicLexical word="لِعِلَاجِ" lemma="عِلَاج" pos="مصرفة منتظمة" prefix="لِ" root="علج" pattern="فِعَال" suffix="" />
				<ArabicLexical word="اَلْأَمْرَاضِ" lemma="مَرَض" pos="مصرفة منتظمة" prefix="ال" root="مرض" pattern="أَفْعَال" suffix="" />
				<ArabicLexical word="اَلَّتِي" lemma="اَلَّذِي" pos="جامدة" prefix="ال" root="اَلَّذِي" pattern="لَتِي" suffix="" />
				<ArabicLexical word="يُسَبِّبُهَا" lemma="سَبَّبَ" pos="مصرفة منتظمة" prefix="ي" root="سبب" pattern="فَعَّلَ" suffix="هَا" />
				<ArabicLexical word="اَلتَّدْخِينُ" lemma="تَدْخِين" pos="مصرفة منتظمة" prefix="ال" root="دخن" pattern="تَفْعِيل" suffix="" />
				<ArabicLexical word="وَلَا" lemma="لَا" pos="جامدة" prefix="وَ" root="لَا" pattern="لَا" suffix="" />
				<ArabicLexical word="تَحْصُلُ" lemma="حَصَلَ" pos="مصرفة منتظمة" prefix="ت" root="حصل" pattern="فْعُل" suffix="" />
				<ArabicLexical word="اَلْحُكُومَةُ" lemma="حُكُومَة" pos="مصرفة منتظمة" prefix="ال" root="حكم" pattern="فُعُول" suffix="ة" />
				<ArabicLexical word="إِلَّا" lemma="إِلَّا" pos="جامدة" prefix="" root="إِلَّا" pattern="إِلَّا" suffix="" />
				<ArabicLexical word="عَلَى" lemma="عَلَى" pos="جامدة" prefix="" root="عَلَى" pattern="عَلَى" suffix="" />
				<ArabicLexical word="مَبْلَغِ" lemma="مَبْلَغ" pos="مصرفة منتظمة" prefix="" root="بلغ" pattern="مَفْعَل" suffix="" />
				<ArabicLexical word="تِرِيلْيُونَاتِ" lemma="" pos="غير عربية" prefix="" root="" pattern="" suffix="" />
				<ArabicLexical word="رُوبِيَّةْ" lemma="" pos="غير عربية" prefix="" root="" pattern="" suffix="" />
				<ArabicLexical word="فَقَطْ" lemma="فَقَطْ" pos="غير عربية" prefix="" root="" pattern="" suffix="" />
				<ArabicLexical word="مِنْ" lemma="مِنْ" pos="جامدة" prefix="" root="مِنْ" pattern="مِنْ" suffix="" />
				<ArabicLexical word="اَلضَّرَائِبِ" lemma="ضَرِيب" pos="مصرفة منتظمة" prefix="ال" root="ضرب" pattern="فَعَائِل" suffix="" />
				<ArabicLexical word="اَلَّتِي" lemma="اَلَّذِي" pos="جامدة" prefix="ال" root="اَلَّذِي" pattern="لَتِي" suffix="" />
				<ArabicLexical word="تَدْفَعُهَا" lemma="دَفَعَ" pos="مصرفة منتظمة" prefix="ت" root="دفع" pattern="فْعَل" suffix="هَا" />
				<ArabicLexical word="شَرِكَاتُ" lemma="شَرِكَة" pos="مصرفة منتظمة" prefix="" root="شرك" pattern="فَعِل" suffix="ات" />
				<ArabicLexical word="اَلسَّجَائِرِ" lemma="سِجَارَة" pos="مصرفة منتظمة" prefix="ال" root="سجر" pattern="فَعَائِل" suffix="" />
				<ArabicLexical word="سَنَوِيًّا" lemma="سَنَوِيّ" pos="استثناء صرفي" prefix="" root="سنه" pattern="سَنَوَ" suffix="يّ" />
			</annotation>
		</sentence>
		<sentence id="08974">
			<text>وَقَالَ مُدِيرُ اَلرَّقَابَةِ عَلَى اَلْأَطْعِمَةِ وَالْأَدْوِيَةِ: إِنَّ وِزَارَةَ اَلصِّحَّةِ اَلْإِنْدُونِيسِيَّةِ تُنْفِقُ مِنْ مِيزَانِيَّتِهَا عَلَى عِلَاجِ اَلْأَمْرَاضِ اَلنَّاتِجَةِ عَنْ اَلسَّجَائِرِ مَا يُعَادِلُ 8.5 أَضْعَافِ مَا تُنْفِقُهُ فِي اَلْمَجَالَاتِ اَلْأُخْرَى، مُشِيرًا إِلَى أَنَّ عَدَدَ اَلْمُدَخِّنِينَ بِالْبِلَادِ يَبْلُغُ 36 مِلْيُونَ مُدَخِّنٍ بِمَا يُعَادِلُ 60% مِنْ عَدَدِ اَلذُّكُورِ فَوْقَ سِنِّ 10 سَنَوَاتٍ، إِضَافَةً إِلَى 3 مَلَايِينِ مُدَخِّنَةٍ بِنِسْبَةِ 4% مِنْ إِجْمَالِيِّ اَلْإِنَاثِ فَوْقَ 10 سَنَوَاتٍ، وَقَالَ: إِنَّ هذَا اَلْعَدَدَ يُجَسِّدُ اَلذُّرْوَةَ اَلَّتِي وَصَلَتْ إِلَيْهَا اَلْمَأْسَاةُ حَيْثُ تَضَاعَفَتْ أَعْدَادُ اَلْمُدَخِّنِينَ خِلَالَ اَلسَّنَوَاتِ اَلْعَشْرِ اَلْأَخِيرَةِ بِنِسْبَةِ 44.1% لِتَصِلَ إِلَى هذَا اَلرَّقْمِ. </text>
			<annotation>
				<ArabicLexical word="وَقَالَ" lemma="قَالَ" pos="مصرفة منتظمة" prefix="وَ" root="قول" pattern="فَعلَ" suffix="" />
				<ArabicLexical word="مُدِيرُ" lemma="مُدِير" pos="مصرفة منتظمة" prefix="" root="دور" pattern="مُفِعل" suffix="" />
				<ArabicLexical word="اَلرَّقَابَةِ" lemma="رَقَابَة" pos="مصرفة منتظمة" prefix="ال" root="رقب" pattern="فَعَال" suffix="ة" />
				<ArabicLexical word="عَلَى" lemma="عَلَى" pos="جامدة" prefix="" root="عَلَى" pattern="عَلَى" suffix="" />
				<ArabicLexical word="اَلْأَطْعِمَةِ" lemma="طَعَام" pos="مصرفة منتظمة" prefix="ال" root="طعم" pattern="أَفْعِلَ" suffix="ة" />
				<ArabicLexical word="وَالْأَدْوِيَةِ" lemma="دَوَاء" pos="مصرفة منتظمة" prefix="وَال" root="دوي" pattern="أَفْعِلَ" suffix="ة" />
				<ArabicLexical word="إِنَّ" lemma="إِنَّ" pos="جامدة" prefix="" root="إِنَّ" pattern="إِنَّ" suffix="" />
				<ArabicLexical word="وِزَارَةَ" lemma="وِزَارَة" pos="مصرفة منتظمة" prefix="" root="وزر" pattern="فِعَال" suffix="ة" />
				<ArabicLexical word="اَلصِّحَّةِ" lemma="صِحَّة" pos="مصرفة منتظمة" prefix="ال" root="صحح" pattern="فِلّ" suffix="ة" />
				<ArabicLexical word="اَلْإِنْدُونِيسِيَّةِ" lemma="إِنْدُونِيسِيّ" pos="معربة" prefix="ال" root="إِنْدُونِيسْيَا" pattern="إِنْدُونِيسْ" suffix="يَّة" />
				<ArabicLexical word="تُنْفِقُ" lemma="أَنْفَقَ" pos="مصرفة منتظمة" prefix="ت" root="نفق" pattern="أَفْعَلَ" suffix="" />
				<ArabicLexical word="مِنْ" lemma="مِنْ" pos="جامدة" prefix="" root="مِنْ" pattern="مِنْ" suffix="" />
				<ArabicLexical word="مِيزَانِيَّتِهَا" lemma="مِيزَانِيَّة" pos="مصرفة منتظمة" prefix="" root="وزن" pattern="مِفعَال" suffix="يَّتهَا" />
				<ArabicLexical word="عَلَى" lemma="عَلَى" pos="جامدة" prefix="" root="عَلَى" pattern="عَلَى" suffix="" />
				<ArabicLexical word="عِلَاجِ" lemma="عِلَاج" pos="مصرفة منتظمة" prefix="" root="علج" pattern="فِعَال" suffix="" />
				<ArabicLexical word="اَلْأَمْرَاضِ" lemma="مَرَض" pos="مصرفة منتظمة" prefix="ال" root="مرض" pattern="أَفْعَال" suffix="" />
				<ArabicLexical word="اَلنَّاتِجَةِ" lemma="نَاتِج" pos="مصرفة منتظمة" prefix="ال" root="نتج" pattern="فَاعِل" suffix="ة" />
				<ArabicLexical word="عَنْ" lemma="عَنْ" pos="جامدة" prefix="" root="عَنْ" pattern="عَنْ" suffix="" />
				<ArabicLexical word="اَلسَّجَائِرِ" lemma="سِجَارَة" pos="مصرفة منتظمة" prefix="ال" root="سجر" pattern="فَعَائِل" suffix="" />
				<ArabicLexical word="مَا" lemma="مَا" pos="جامدة" prefix="" root="اَلَّذِي" pattern="مَا" suffix="" />
				<ArabicLexical word="يُعَادِلُ" lemma="عَادَلَ" pos="مصرفة منتظمة" prefix="ي" root="عدل" pattern="فَاعَلَ" suffix="" />
				<ArabicLexical word="أَضْعَافِ" lemma="ضِعْف" pos="مصرفة منتظمة" prefix="" root="ضعف" pattern="أَفْعَال" suffix="" />
				<ArabicLexical word="مَا" lemma="مَا" pos="جامدة" prefix="" root="اَلَّذِي" pattern="مَا" suffix="" />
				<ArabicLexical word="تُنْفِقُهُ" lemma="أَنْفَقَ" pos="مصرفة منتظمة" prefix="ت" root="نفق" pattern="أَفْعَلَ" suffix="ه" />
				<ArabicLexical word="فِي" lemma="فِي" pos="جامدة" prefix="" root="فِي" pattern="فِي" suffix="" />
				<ArabicLexical word="اَلْمَجَالَاتِ" lemma="مَجَال" pos="مصرفة منتظمة" prefix="ال" root="جول" pattern="مَفَعل" suffix="ات" />
				<ArabicLexical word="اَلْأُخْرَى" lemma="أُخْرَى" pos="مصرفة منتظمة" prefix="ال" root="أخر" pattern="فُعْلَى" suffix="" />
				<ArabicLexical word="مُشِيرًا" lemma="مُشِير" pos="مصرفة منتظمة" prefix="" root="شور" pattern="مُفِعل" suffix="" />
				<ArabicLexical word="إِلَى" lemma="إِلَى" pos="جامدة" prefix="" root="إِلَى" pattern="إِلَى" suffix="" />
				<ArabicLexical word="أَنَّ" lemma="أَنّ" pos="جامدة" prefix="" root="أَنَّ" pattern="أَنَّ" suffix="" />
				<ArabicLexical word="عَدَدَ" lemma="عَدَد" pos="مصرفة منتظمة" prefix="" root="عدد" pattern="فَعَل" suffix="" />
				<ArabicLexical word="اَلْمُدَخِّنِينَ" lemma="مُدَخِّن" pos="مصرفة منتظمة" prefix="ال" root="دخن" pattern="مُفَعِّل" suffix="ينَ" />
				<ArabicLexical word="بِالْبِلَادِ" lemma="بِلَاد" pos="مصرفة منتظمة" prefix="بِال" root="بلد" pattern="فِعَال" suffix="" />
				<ArabicLexical word="يَبْلُغُ" lemma="بَلَغَ" pos="مصرفة منتظمة" prefix="ي" root="بلغ" pattern="فْعُل" suffix="" />
				<ArabicLexical word="مِلْيُونَ" lemma="مِلْيُون" pos="معربة" prefix="" root="مِلْيُون" pattern="مِلْيُون" suffix="" />
				<ArabicLexical word="مُدَخِّنٍ" lemma="مُدَخِّن" pos="مصرفة منتظمة" prefix="" root="دخن" pattern="مُفَعِّل" suffix="" />
				<ArabicLexical word="بِمَا" lemma="مَا" pos="جامدة" prefix="بِ" root="اَلَّذِي" pattern="مَا" suffix="" />
				<ArabicLexical word="يُعَادِلُ" lemma="عَادَلَ" pos="مصرفة منتظمة" prefix="ي" root="عدل" pattern="فَاعَلَ" suffix="" />
				<ArabicLexical word="مِنْ" lemma="مِنْ" pos="جامدة" prefix="" root="مِنْ" pattern="مِنْ" suffix="" />
				<ArabicLexical word="عَدَدِ" lemma="عَدَد" pos="مصرفة منتظمة" prefix="" root="عدد" pattern="فَعَل" suffix="" />
				<ArabicLexical word="اَلذُّكُورِ" lemma="ذَكَر" pos="مصرفة منتظمة" prefix="ال" root="ذكر" pattern="فُعُول" suffix="" />
				<ArabicLexical word="فَوْقَ" lemma="فَوْق" pos="مصرفة منتظمة" prefix="" root="فوق" pattern="فَعْل" suffix="" />
				<ArabicLexical word="سِنِّ" lemma="سِنّ" pos="مصرفة منتظمة" prefix="" root="سنن" pattern="فِلّ" suffix="" />
				<ArabicLexical word="سَنَوَاتٍ" lemma="سَنَة" pos="استثناء صرفي" prefix="" root="سنه" pattern="سَنَوَ" suffix="ات" />
				<ArabicLexical word="إِضَافَةً" lemma="إِضَافَة" pos="مصرفة منتظمة" prefix="" root="ضيف" pattern="إِفَعالَ" suffix="ة" />
				<ArabicLexical word="إِلَى" lemma="إِلَى" pos="جامدة" prefix="" root="إِلَى" pattern="إِلَى" suffix="" />
				<ArabicLexical word="مَلَايِينِ" lemma="مِلْيُون" pos="معربة" prefix="" root="مِلْيُون" pattern="مَلَايِين" suffix="" />
				<ArabicLexical word="مُدَخِّنَةٍ" lemma="مُدَخِّن" pos="مصرفة منتظمة" prefix="" root="دخن" pattern="مُفَعِّل" suffix="ة" />
				<ArabicLexical word="بِنِسْبَةِ" lemma="نِسْبَة" pos="مصرفة منتظمة" prefix="بِ" root="نسب" pattern="فِعْل" suffix="ة" />
				<ArabicLexical word="مِنْ" lemma="مِنْ" pos="جامدة" prefix="" root="مِنْ" pattern="مِنْ" suffix="" />
				<ArabicLexical word="إِجْمَالِيِّ" lemma="إِجْمَالِيّ" pos="مصرفة منتظمة" prefix="" root="جمل" pattern="إِفْعَال" suffix="يّ" />
				<ArabicLexical word="اَلْإِنَاثِ" lemma="أُنْثَى" pos="مصرفة منتظمة" prefix="ال" root="أنث" pattern="فِعَال" suffix="" />
				<ArabicLexical word="فَوْقَ" lemma="فَوْق" pos="مصرفة منتظمة" prefix="" root="فوق" pattern="فَعْل" suffix="" />
				<ArabicLexical word="سَنَوَاتٍ" lemma="سَنَة" pos="استثناء صرفي" prefix="" root="سنه" pattern="سَنَوَ" suffix="ات" />
				<ArabicLexical word="وَقَالَ" lemma="قَالَ" pos="مصرفة منتظمة" prefix="وَ" root="قول" pattern="فَعلَ" suffix="" />
				<ArabicLexical word="إِنَّ" lemma="أَنَّ" pos="جامدة" prefix="" root="إِنَّ" pattern="إِنَّ" suffix="" />
				<ArabicLexical word="هذَا" lemma="ذَا" pos="جامدة" prefix="" root="ذَا" pattern="هذَا" suffix="" />
				<ArabicLexical word="اَلْعَدَدَ" lemma="عَدَد" pos="مصرفة منتظمة" prefix="ال" root="عدد" pattern="فَعَل" suffix="" />
				<ArabicLexical word="يُجَسِّدُ" lemma="جَسَّدَ" pos="مصرفة منتظمة" prefix="ي" root="جسد" pattern="فَعَّلَ" suffix="" />
				<ArabicLexical word="اَلذُّرْوَةَ" lemma="ذُرْوَة" pos="مصرفة منتظمة" prefix="ال" root="ذرو" pattern="فُعْل" suffix="ة" />
				<ArabicLexical word="اَلَّتِي" lemma="اَلَّذِي" pos="جامدة" prefix="ال" root="اَلَّذِي" pattern="لَتِي" suffix="" />
				<ArabicLexical word="وَصَلَتْ" lemma="وَصَلَ" pos="مصرفة منتظمة" prefix="" root="وصل" pattern="فَعَلَ" suffix="تْ" />
				<ArabicLexical word="إِلَيْهَا" lemma="إِلَى" pos="جامدة" prefix="" root="إِلَى" pattern="إِلَيْ" suffix="هَا" />
				<ArabicLexical word="اَلْمَأْسَاةُ" lemma="مَأْسَاة" pos="مصرفة منتظمة" prefix="ال" root="أسي" pattern="مَفْعَل" suffix="ة" />
				<ArabicLexical word="حَيْثُ" lemma="حَيْثُ" pos="جامدة" prefix="" root="حَيْثُ" pattern="حَيْثُ" suffix="" />
				<ArabicLexical word="تَضَاعَفَتْ" lemma="تَضَاعَفَ" pos="مصرفة منتظمة" prefix="" root="ضعف" pattern="تَفَاعَلَ" suffix="تْ" />
				<ArabicLexical word="أَعْدَادُ" lemma="عَدَد" pos="مصرفة منتظمة" prefix="" root="عدد" pattern="أَفْعَال" suffix="" />
				<ArabicLexical word="اَلْمُدَخِّنِينَ" lemma="مُدَخِّن" pos="مصرفة منتظمة" prefix="ال" root="دخن" pattern="مُفَعِّل" suffix="ينَ" />
				<ArabicLexical word="خِلَالَ" lemma="خِلَال" pos="مصرفة منتظمة" prefix="" root="خلل" pattern="فِعَال" suffix="" />
				<ArabicLexical word="اَلسَّنَوَاتِ" lemma="سَنَة" pos="استثناء صرفي" prefix="ال" root="سنه" pattern="سَنَوَ" suffix="ات" />
				<ArabicLexical word="اَلْعَشْرِ" lemma="عَشْر" pos="مصرفة منتظمة" prefix="ال" root="عشر" pattern="فَعْل" suffix="" />
				<ArabicLexical word="اَلْأَخِيرَةِ" lemma="أَخِير" pos="مصرفة منتظمة" prefix="ال" root="أخر" pattern="فَعِيل" suffix="ة" />
				<ArabicLexical word="بِنِسْبَةِ" lemma="نِسْبَة" pos="مصرفة منتظمة" prefix="بِ" root="نسب" pattern="فِعْل" suffix="ة" />
				<ArabicLexical word="لِتَصِلَ" lemma="وَصَلَ" pos="مصرفة منتظمة" prefix="لِت" root="وصل" pattern="فعِلْ" suffix="" />
				<ArabicLexical word="إِلَى" lemma="إِلَى" pos="جامدة" prefix="" root="إِلَى" pattern="إِلَى" suffix="" />
				<ArabicLexical word="هذَا" lemma="ذَا" pos="جامدة" prefix="" root="ذَا" pattern="هذَا" suffix="" />
				<ArabicLexical word="اَلرَّقْمِ" lemma="رَقْم" pos="مصرفة منتظمة" prefix="ال" root="رقم" pattern="فَعْل" suffix="" />
			</annotation>
		</sentence>
		<sentence id="08975">
			<text>وَأَدَانَ مَسْؤُولٌ فِي وِزَارَةِ اَلصِّحَّةِ اَلْإِنْدُونِيسِيَّةِ سَمَاحَ اَلْحُكُومَةِ بِانْتِشَارِ إِعْلَانَاتِ اَلسَّجَائِرِ فِي وَسَائِلِ اَلْإِعْلَامِ قَائِلًا: إِنَّ شَرِكَاتِ اَلسَّجَائِرِ بَدَأَتْ فِي صِيَاغَةِ إِعْلَانَاتٍ تُشَجِّعُ اَلشَّبَابَ وَالْفَتَيَاتِ مِنْ صِغَارِ اَلسِّنِّ عَلَى اَلتَّدْخِينِ، وَبَعْضُ هذِهِ اَلْإِعْلَانَاتِ لَا يَخْلُو مِنْ اَلْخَلَاعَةِ؛ حَيْثُ تَقُومُ فِيهَا اَلْفَتَيَاتُ بِخَلْعِ مَلَابِسِهِنَّ وَهُنَّ يُدَخِّنَّ اَلسَّجَائِرَ</text>
			<annotation>
				<ArabicLexical word="وَأَدَانَ" lemma="أَدَانَ" pos="مصرفة منتظمة" prefix="وَ" root="دين" pattern="أَفَعلَ" suffix="" />
				<ArabicLexical word="مَسْؤُولٌ" lemma="مَسْؤُول" pos="مصرفة منتظمة" prefix="" root="سأل" pattern="مَفْعُول" suffix="" />
				<ArabicLexical word="فِي" lemma="فِي" pos="جامدة" prefix="" root="فِي" pattern="فِي" suffix="" />
				<ArabicLexical word="وِزَارَةِ" lemma="وِزَارَة" pos="مصرفة منتظمة" prefix="" root="وزر" pattern="فِعَال" suffix="ة" />
				<ArabicLexical word="اَلصِّحَّةِ" lemma="صِحَّة" pos="مصرفة منتظمة" prefix="ال" root="صحح" pattern="فِلّ" suffix="ة" />
				<ArabicLexical word="اَلْإِنْدُونِيسِيَّةِ" lemma="إِنْدُونِيسِيّ" pos="معربة" prefix="ال" root="إِنْدُونِيسْيَا" pattern="إِنْدُونِيسْ" suffix="يَّة" />
				<ArabicLexical word="سَمَاحَ" lemma="سَمَاح" pos="مصرفة منتظمة" prefix="" root="سمح" pattern="فَعَال" suffix="" />
				<ArabicLexical word="اَلْحُكُومَةِ" lemma="حُكُومَة" pos="مصرفة منتظمة" prefix="ال" root="حكم" pattern="فُعُول" suffix="ة" />
				<ArabicLexical word="بِانْتِشَارِ" lemma="انْتِشَار" pos="مصرفة منتظمة" prefix="بِ" root="نشر" pattern="اِفْتِعَال" suffix="" />
				<ArabicLexical word="إِعْلَانَاتِ" lemma="إِعْلَان" pos="مصرفة منتظمة" prefix="" root="علن" pattern="إِفْعَال" suffix="ات" />
				<ArabicLexical word="اَلسَّجَائِرِ" lemma="سِجَارَة" pos="مصرفة منتظمة" prefix="ال" root="سجر" pattern="فَعَائِل" suffix="" />
				<ArabicLexical word="فِي" lemma="فِي" pos="جامدة" prefix="" root="فِي" pattern="فِي" suffix="" />
				<ArabicLexical word="وَسَائِلِ" lemma="وَسِيلَة" pos="مصرفة منتظمة" prefix="" root="وسل" pattern="فَعَائِل" suffix="" />
				<ArabicLexical word="اَلْإِعْلَامِ" lemma="إِعْلَام" pos="مصرفة منتظمة" prefix="ال" root="علم" pattern="إِفْعَال" suffix="" />
				<ArabicLexical word="قَائِلًا" lemma="قَائِل" pos="مصرفة منتظمة" prefix="" root="قول" pattern="فَاعِل" suffix="" />
				<ArabicLexical word="إِنَّ" lemma="أَنَّ" pos="جامدة" prefix="" root="إِنَّ" pattern="إِنَّ" suffix="" />
				<ArabicLexical word="شَرِكَاتِ" lemma="شَرِكَة" pos="مصرفة منتظمة" prefix="" root="شرك" pattern="فَعِل" suffix="ات" />
				<ArabicLexical word="اَلسَّجَائِرِ" lemma="سِجَارَة" pos="مصرفة منتظمة" prefix="ال" root="سجر" pattern="فَعَائِل" suffix="" />
				<ArabicLexical word="بَدَأَتْ" lemma="بَدَأَ" pos="مصرفة منتظمة" prefix="" root="بدأ" pattern="فَعَلَ" suffix="تْ" />
				<ArabicLexical word="فِي" lemma="فِي" pos="جامدة" prefix="" root="فِي" pattern="فِي" suffix="" />
				<ArabicLexical word="صِيَاغَةِ" lemma="صِيَاغَة" pos="مصرفة منتظمة" prefix="" root="صوغ" pattern="فِعَال" suffix="ة" />
				<ArabicLexical word="إِعْلَانَاتٍ" lemma="إِعْلَان" pos="مصرفة منتظمة" prefix="" root="علن" pattern="إِفْعَال" suffix="ات" />
				<ArabicLexical word="تُشَجِّعُ" lemma="شَجَّعَ" pos="مصرفة منتظمة" prefix="ت" root="شجع" pattern="فَعَّلَ" suffix="" />
				<ArabicLexical word="اَلشَّبَابَ" lemma="شَبَاب" pos="مصرفة منتظمة" prefix="ال" root="شبب" pattern="فَعَال" suffix="" />
				<ArabicLexical word="وَالْفَتَيَاتِ" lemma="فَتَاة" pos="مصرفة منتظمة" prefix="وَال" root="فتي" pattern="فَعَل" suffix="ات" />
				<ArabicLexical word="مِنْ" lemma="مِنْ" pos="جامدة" prefix="" root="مِنْ" pattern="مِنْ" suffix="" />
				<ArabicLexical word="صِغَارِ" lemma="صَغِيرَة" pos="مصرفة منتظمة" prefix="" root="صغر" pattern="فِعَال" suffix="" />
				<ArabicLexical word="اَلسِّنِّ" lemma="سِنّ" pos="مصرفة منتظمة" prefix="ال" root="سنن" pattern="فِلّ" suffix="" />
				<ArabicLexical word="عَلَى" lemma="عَلَى" pos="جامدة" prefix="" root="عَلَى" pattern="عَلَى" suffix="" />
				<ArabicLexical word="اَلتَّدْخِينِ" lemma="تَدْخِين" pos="مصرفة منتظمة" prefix="ال" root="دخن" pattern="تَفْعِيل" suffix="" />
				<ArabicLexical word="وَبَعْضُ" lemma="بَعْض" pos="مصرفة منتظمة" prefix="وَ" root="بعض" pattern="فَعْل" suffix="" />
				<ArabicLexical word="هذِهِ" lemma="ذَا" pos="جامدة" prefix="" root="ذَا" pattern="هذِهِ" suffix="" />
				<ArabicLexical word="اَلْإِعْلَانَاتِ" lemma="إِعْلَان" pos="مصرفة منتظمة" prefix="ال" root="علن" pattern="إِفْعَال" suffix="ات" />
				<ArabicLexical word="لَا" lemma="لَا" pos="جامدة" prefix="" root="لَا" pattern="لَا" suffix="" />
				<ArabicLexical word="يَخْلُو" lemma="خَلَا" pos="مصرفة منتظمة" prefix="ي" root="خلو" pattern="فْعُل" suffix="" />
				<ArabicLexical word="مِنْ" lemma="مِنْ" pos="جامدة" prefix="" root="مِنْ" pattern="مِنْ" suffix="" />
				<ArabicLexical word="اَلْخَلَاعَةِ" lemma="خَلَاعَة" pos="مصرفة منتظمة" prefix="ال" root="خلع" pattern="فَعَال" suffix="ة" />
				<ArabicLexical word="حَيْثُ" lemma="حَيْثُ" pos="جامدة" prefix="" root="حَيْثُ" pattern="حَيْثُ" suffix="" />
				<ArabicLexical word="تَقُومُ" lemma="قَامَ" pos="مصرفة منتظمة" prefix="ت" root="قوم" pattern="فُعل" suffix="" />
				<ArabicLexical word="فِيهَا" lemma="فِي" pos="جامدة" prefix="" root="فِي" pattern="فِي" suffix="هَا" />
				<ArabicLexical word="اَلْفَتَيَاتُ" lemma="فَتَاة" pos="مصرفة منتظمة" prefix="ال" root="فتي" pattern="فَعَل" suffix="ات" />
				<ArabicLexical word="بِخَلْعِ" lemma="خَلْع" pos="مصرفة منتظمة" prefix="بِ" root="خلع" pattern="فَعْل" suffix="" />
				<ArabicLexical word="مَلَابِسِهِنَّ" lemma="مَلْبَس" pos="مصرفة منتظمة" prefix="" root="لبس" pattern="مَفَاعِل" suffix="هنَّ" />
				<ArabicLexical word="وَهُنَّ" lemma="هَانَ" pos="جامدة" prefix="وَ" root="هُوَ" pattern="هُنَّ" suffix="" />
				<ArabicLexical word="يُدَخِّنَّ" lemma="دَخَّنَ" pos="مصرفة منتظمة" prefix="ي" root="دخن" pattern="فَعَّلَ" suffix="نَ" />
				<ArabicLexical word="اَلسَّجَائِرَ" lemma="سِجَارَة" pos="مصرفة منتظمة" prefix="ال" root="سجر" pattern="فَعَائِل" suffix="" />
			</annotation>
		</sentence>
	</FILE>
	</NEMLAR>