<NEMLAR><FILE name="GeneralNews" number="015">
		<sentence id="05995">
			<text>?اَلْمُتَنَبِّي يَسْتَغِيثُ عَلَى أَرْصِفَةِ بَغْدَادَ</text>
			<annotation>
				<ArabicLexical word="اَلْمُتَنَبِّي" lemma="مُتَنَبِّيّ" pos="مصرفة منتظمة" prefix="ال" root="نبو" pattern="مُتَفَعِّل" suffix="" />
				<ArabicLexical word="يَسْتَغِيثُ" lemma="اسْتَغَاثَ" pos="مصرفة منتظمة" prefix="ي" root="غوث" pattern="اِسْتَفِعلَ" suffix="" />
				<ArabicLexical word="عَلَى" lemma="عَلَى" pos="جامدة" prefix="" root="عَلَى" pattern="عَلَى" suffix="" />
				<ArabicLexical word="أَرْصِفَةِ" lemma="رَصِيف" pos="مصرفة منتظمة" prefix="" root="رصف" pattern="أَفْعِلَ" suffix="ة" />
				<ArabicLexical word="بَغْدَادَ" lemma="بَغْدَاد" pos="مصرفة منتظمة" prefix="" root="بغدد" pattern="فَعْلَال" suffix="" />
			</annotation>
		</sentence>
		<sentence id="05996">
			<text>بَغْدَادُ - نَدَى عِمْرَانَ - إِسْلَامْ أُونْ لَايْنْ.نِتْ/7-2-2002 </text>
			<annotation>
				<ArabicLexical word="بَغْدَادُ" lemma="بَغْدَاد" pos="مصرفة منتظمة" prefix="" root="بغدد" pattern="فَعْلَال" suffix="" />
				<ArabicLexical word="نَدَى" lemma="نَدَى" pos="مصرفة منتظمة" prefix="" root="ندي" pattern="فَعَل" suffix="" />
				<ArabicLexical word="عِمْرَانَ" lemma="عِمْرَان" pos="مصرفة منتظمة" prefix="" root="عمر" pattern="فِعْلَان" suffix="" />
				<ArabicLexical word="إِسْلَامْ" lemma="إِسْلَام" pos="غير عربية" prefix="" root="" pattern="" suffix="" />
				<ArabicLexical word="أُونْ" lemma="أُونْ" pos="غير عربية" prefix="" root="" pattern="" suffix="" />
				<ArabicLexical word="لَايْنْ" lemma="+" pos="غير عربية" prefix="" root="" pattern="" suffix="" />
				<ArabicLexical word="نِتْ" lemma="نِت" pos="غير عربية" prefix="" root="" pattern="" suffix="" />
			</annotation>
		</sentence>
		<sentence id="05997">
			<text>قَرِيبًا مِنْ اَلْقَشْلَةْ، حَيْثُ مَقَرُّ اَلْحَاكِمِ اَلْعُثْمَانِيِّ لِبَغْدَادَ قَبْلَ اِسْتِقْلَالِ اَلْعِرَاقِ عَامَ 1921، وَعَلَى مَقْرَبَةٍ مِنْ ضِفَّةِ اَلرَّصَافَةِ لِنَهْرِ دَجْلَةَ، مَا زَالَ سُوقُ اَلْكُتُبِ اَلَّذِي يُسَمَّى بِالسَّرَايْ حَالِيًّا بِشَارِعِ اَلْمُتَنَبِّي قَائِمًا حَتَّى اَلْيَوْمِ مُنْذُ مِئَاتِ اَلسِّنِينَ. وَقَدِيمًا كَانَ يُطْلَقُ عَلَى هذَا اَلسُّوقِ اِسْمُ سُوقِ اَلْوَرَّاقِينَ. </text>
			<annotation>
				<ArabicLexical word="قَرِيبًا" lemma="قَرِيب" pos="مصرفة منتظمة" prefix="" root="قرب" pattern="فَعِيل" suffix="" />
				<ArabicLexical word="مِنْ" lemma="مِنْ" pos="جامدة" prefix="" root="مِنْ" pattern="مِنْ" suffix="" />
				<ArabicLexical word="اَلْقَشْلَةْ" lemma="+" pos="غير عربية" prefix="" root="" pattern="" suffix="" />
				<ArabicLexical word="حَيْثُ" lemma="حَيْثُ" pos="جامدة" prefix="" root="حَيْثُ" pattern="حَيْثُ" suffix="" />
				<ArabicLexical word="مَقَرُّ" lemma="مَقَرّ" pos="مصرفة منتظمة" prefix="" root="قرر" pattern="مَفَلّ" suffix="" />
				<ArabicLexical word="اَلْحَاكِمِ" lemma="حَاكِم" pos="مصرفة منتظمة" prefix="ال" root="حكم" pattern="فَاعِل" suffix="" />
				<ArabicLexical word="اَلْعُثْمَانِيِّ" lemma="عُثْمَانِيّ" pos="مصرفة منتظمة" prefix="ال" root="عثم" pattern="فُعْلَان" suffix="يّ" />
				<ArabicLexical word="لِبَغْدَادَ" lemma="بَغْدَاد" pos="غير عربية" prefix="" root="" pattern="" suffix="" />
				<ArabicLexical word="قَبْلَ" lemma="قَبْلَ" pos="مصرفة منتظمة" prefix="" root="قبل" pattern="فَعْل" suffix="" />
				<ArabicLexical word="اِسْتِقْلَالِ" lemma="اسْتِقْلَال" pos="مصرفة منتظمة" prefix="" root="قلل" pattern="اِسْتِفْعَال" suffix="" />
				<ArabicLexical word="اَلْعِرَاقِ" lemma="عِرَاق" pos="مصرفة منتظمة" prefix="ال" root="عرق" pattern="فِعَال" suffix="" />
				<ArabicLexical word="عَامَ" lemma="عَام" pos="مصرفة منتظمة" prefix="" root="عوم" pattern="فَعل" suffix="" />
				<ArabicLexical word="وَعَلَى" lemma="عَلَى" pos="جامدة" prefix="وَ" root="عَلَى" pattern="عَلَى" suffix="" />
				<ArabicLexical word="مَقْرَبَةٍ" lemma="مَقْرَبَة" pos="مصرفة منتظمة" prefix="" root="قرب" pattern="مَفْعَل" suffix="ة" />
				<ArabicLexical word="مِنْ" lemma="مِنْ" pos="جامدة" prefix="" root="مِنْ" pattern="مِنْ" suffix="" />
				<ArabicLexical word="ضِفَّةِ" lemma="ضِفَّة" pos="مصرفة منتظمة" prefix="" root="ضفف" pattern="فِلّ" suffix="ة" />
				<ArabicLexical word="اَلرَّصَافَةِ" lemma="رَصَافَة" pos="مصرفة منتظمة" prefix="ال" root="رصف" pattern="فَعَال" suffix="ة" />
				<ArabicLexical word="لِنَهْرِ" lemma="نَهْر" pos="مصرفة منتظمة" prefix="لِ" root="نهر" pattern="فَعْل" suffix="" />
				<ArabicLexical word="دَجْلَةَ" lemma="دَجْلَة" pos="مصرفة منتظمة" prefix="" root="دجل" pattern="فَعْل" suffix="ة" />
				<ArabicLexical word="مَا" lemma="مَا" pos="جامدة" prefix="" root="مَا" pattern="مَا" suffix="" />
				<ArabicLexical word="زَالَ" lemma="زَالَ" pos="مصرفة منتظمة" prefix="" root="زيل" pattern="فَعلَ" suffix="" />
				<ArabicLexical word="سُوقُ" lemma="سُوق" pos="مصرفة منتظمة" prefix="" root="سوق" pattern="فُعل" suffix="" />
				<ArabicLexical word="اَلْكُتُبِ" lemma="كِتَاب" pos="مصرفة منتظمة" prefix="ال" root="كتب" pattern="فُعُل" suffix="" />
				<ArabicLexical word="اَلَّذِي" lemma="اَلَّذِي" pos="جامدة" prefix="ال" root="اَلَّذِي" pattern="لَذِي" suffix="" />
				<ArabicLexical word="يُسَمَّى" lemma="سَمَّى" pos="مصرفة منتظمة" prefix="يُ" root="سمو" pattern="فَعَّل" suffix="" />
				<ArabicLexical word="بِالسَّرَايْ" lemma="+" pos="غير عربية" prefix="" root="" pattern="" suffix="" />
				<ArabicLexical word="حَالِيًّا" lemma="حَالِيّ" pos="مصرفة منتظمة" prefix="" root="حول" pattern="فَعل" suffix="يّ" />
				<ArabicLexical word="بِشَارِعِ" lemma="شَارِع" pos="مصرفة منتظمة" prefix="بِ" root="شرع" pattern="فَاعِل" suffix="" />
				<ArabicLexical word="اَلْمُتَنَبِّي" lemma="مُتَنَبِّيّ" pos="مصرفة منتظمة" prefix="ال" root="نبو" pattern="مُتَفَعِّل" suffix="" />
				<ArabicLexical word="قَائِمًا" lemma="قَائِم" pos="مصرفة منتظمة" prefix="" root="قوم" pattern="فَاعِل" suffix="" />
				<ArabicLexical word="حَتَّى" lemma="حَتَّى" pos="جامدة" prefix="" root="حَتَّى" pattern="حَتَّى" suffix="" />
				<ArabicLexical word="اَلْيَوْمِ" lemma="يَوْم" pos="مصرفة منتظمة" prefix="ال" root="يوم" pattern="فَعْل" suffix="" />
				<ArabicLexical word="مُنْذُ" lemma="مُنْذُ" pos="جامدة" prefix="" root="مُنْذُ" pattern="مُنْذُ" suffix="" />
				<ArabicLexical word="مِئَاتِ" lemma="مِئَة" pos="استثناء صرفي" prefix="" root="مأي" pattern="مِئَ" suffix="ات" />
				<ArabicLexical word="اَلسِّنِينَ" lemma="سَنَة" pos="استثناء صرفي" prefix="ال" root="سنن" pattern="سِن" suffix="ينَ" />
				<ArabicLexical word="وَقَدِيمًا" lemma="قَدِيم" pos="مصرفة منتظمة" prefix="وَ" root="قدم" pattern="فَعِيل" suffix="" />
				<ArabicLexical word="كَانَ" lemma="كَانَ" pos="مصرفة منتظمة" prefix="" root="كون" pattern="فَعلَ" suffix="" />
				<ArabicLexical word="يُطْلَقُ" lemma="أَطْلَقَ" pos="مصرفة منتظمة" prefix="يُ" root="طلق" pattern="أَفْعَلَ" suffix="" />
				<ArabicLexical word="عَلَى" lemma="عَلَى" pos="جامدة" prefix="" root="عَلَى" pattern="عَلَى" suffix="" />
				<ArabicLexical word="هذَا" lemma="ذَا" pos="جامدة" prefix="" root="ذَا" pattern="هذَا" suffix="" />
				<ArabicLexical word="اَلسُّوقِ" lemma="سُوق" pos="مصرفة منتظمة" prefix="ال" root="سوق" pattern="فُعل" suffix="" />
				<ArabicLexical word="اِسْمُ" lemma="اسْم" pos="استثناء صرفي" prefix="" root="سمو" pattern="اِسْم" suffix="" />
				<ArabicLexical word="سُوقِ" lemma="سُوق" pos="مصرفة منتظمة" prefix="" root="سوق" pattern="فُعل" suffix="" />
				<ArabicLexical word="اَلْوَرَّاقِينَ" lemma="وَرَّاق" pos="مصرفة منتظمة" prefix="ال" root="ورق" pattern="فَعَّال" suffix="ينَ" />
			</annotation>
		</sentence>
		<sentence id="05998">
			<text> وَسُوقُ اَلْكُتُبِ فِي بَغْدَادَ اَلَّذِي قَامَ عَلَى أَنْقَاضِ سُوقِ اَلْوَرَّاقِينَ اَلْعَبَّاسِيِّ اَلشَّهِيرِ، تَحَوَّلَ فِي ظِلِّ اَلظُّرُوفِ اَلَّتِي يَعِيشُهَا اَلْعِرَاقُ بِسَبَبِ اَلْحِصَارِ اَلْمَفْرُوضِ عَلَيْهِ مُنْذُ 1991، إِلَى مَزَادَاتٍ لِلْكُتُبِ تُقَامُ فِي اَلْهَوَاءِ اَلطَّلْقِ كُلَّ يَوْمِ جُمُعَةٍ، حَيْثُ يُضْطَرُّ اَلْمُثَقَّفُونَ وَحَتَّى بَعْضُ اَلْأُدَبَاءِ إِلَى بَيْعِ كُتُبِهِمْ لِسَدِّ رَمَقِ اَلْعَيْشِ. </text>
			<annotation>
				<ArabicLexical word="وَسُوقُ" lemma="سُوق" pos="مصرفة منتظمة" prefix="وَ" root="سوق" pattern="فُعل" suffix="" />
				<ArabicLexical word="اَلْكُتُبِ" lemma="كِتَاب" pos="مصرفة منتظمة" prefix="ال" root="كتب" pattern="فُعُل" suffix="" />
				<ArabicLexical word="فِي" lemma="فِي" pos="جامدة" prefix="" root="فِي" pattern="فِي" suffix="" />
				<ArabicLexical word="بَغْدَادَ" lemma="بَغْدَاد" pos="مصرفة منتظمة" prefix="" root="بغدد" pattern="فَعْلَال" suffix="" />
				<ArabicLexical word="اَلَّذِي" lemma="اَلَّذِي" pos="جامدة" prefix="ال" root="اَلَّذِي" pattern="لَذِي" suffix="" />
				<ArabicLexical word="قَامَ" lemma="قَامَ" pos="مصرفة منتظمة" prefix="" root="قوم" pattern="فَعلَ" suffix="" />
				<ArabicLexical word="عَلَى" lemma="عَلَى" pos="جامدة" prefix="" root="عَلَى" pattern="عَلَى" suffix="" />
				<ArabicLexical word="أَنْقَاضِ" lemma="نِقْض" pos="مصرفة منتظمة" prefix="" root="نقض" pattern="أَفْعَال" suffix="" />
				<ArabicLexical word="سُوقِ" lemma="سُوق" pos="مصرفة منتظمة" prefix="" root="سوق" pattern="فُعل" suffix="" />
				<ArabicLexical word="اَلْوَرَّاقِينَ" lemma="وَرَّاق" pos="مصرفة منتظمة" prefix="ال" root="ورق" pattern="فَعَّال" suffix="ينَ" />
				<ArabicLexical word="اَلْعَبَّاسِيِّ" lemma="عَبَّاسِيّ" pos="مصرفة منتظمة" prefix="ال" root="عبس" pattern="فَعَّال" suffix="يّ" />
				<ArabicLexical word="اَلشَّهِيرِ" lemma="شَهِير" pos="مصرفة منتظمة" prefix="ال" root="شهر" pattern="فَعِيل" suffix="" />
				<ArabicLexical word="تَحَوَّلَ" lemma="تَحَوَّلَ" pos="مصرفة منتظمة" prefix="" root="حول" pattern="تَفَعَّلَ" suffix="" />
				<ArabicLexical word="فِي" lemma="فِي" pos="جامدة" prefix="" root="فِي" pattern="فِي" suffix="" />
				<ArabicLexical word="ظِلِّ" lemma="ظِلّ" pos="مصرفة منتظمة" prefix="" root="ظلل" pattern="فِلّ" suffix="" />
				<ArabicLexical word="اَلظُّرُوفِ" lemma="ظَرْف" pos="مصرفة منتظمة" prefix="ال" root="ظرف" pattern="فُعُول" suffix="" />
				<ArabicLexical word="اَلَّتِي" lemma="اَلَّذِي" pos="جامدة" prefix="ال" root="اَلَّذِي" pattern="لَتِي" suffix="" />
				<ArabicLexical word="يَعِيشُهَا" lemma="عَاشَ" pos="مصرفة منتظمة" prefix="ي" root="عيش" pattern="فِعل" suffix="هَا" />
				<ArabicLexical word="اَلْعِرَاقُ" lemma="عِرَاق" pos="مصرفة منتظمة" prefix="ال" root="عرق" pattern="فِعَال" suffix="" />
				<ArabicLexical word="بِسَبَبِ" lemma="سَبَب" pos="مصرفة منتظمة" prefix="بِ" root="سبب" pattern="فَعَل" suffix="" />
				<ArabicLexical word="اَلْحِصَارِ" lemma="حِصَار" pos="مصرفة منتظمة" prefix="ال" root="حصر" pattern="فِعَال" suffix="" />
				<ArabicLexical word="اَلْمَفْرُوضِ" lemma="مَفْرُوض" pos="مصرفة منتظمة" prefix="ال" root="فرض" pattern="مَفْعُول" suffix="" />
				<ArabicLexical word="عَلَيْهِ" lemma="عَلَى" pos="جامدة" prefix="" root="عَلَى" pattern="عَلَيْ" suffix="ه" />
				<ArabicLexical word="مُنْذُ" lemma="مُنْذُ" pos="جامدة" prefix="" root="مُنْذُ" pattern="مُنْذُ" suffix="" />
				<ArabicLexical word="إِلَى" lemma="إِلَى" pos="جامدة" prefix="" root="إِلَى" pattern="إِلَى" suffix="" />
				<ArabicLexical word="مَزَادَاتٍ" lemma="مَزَاد" pos="مصرفة منتظمة" prefix="" root="زيد" pattern="مَفَعل" suffix="ات" />
				<ArabicLexical word="لِلْكُتُبِ" lemma="كِتَاب" pos="مصرفة منتظمة" prefix="لِل" root="كتب" pattern="فُعُل" suffix="" />
				<ArabicLexical word="تُقَامُ" lemma="أَقَامَ" pos="مصرفة منتظمة" prefix="تُ" root="قوم" pattern="أَفَعلَ" suffix="" />
				<ArabicLexical word="فِي" lemma="فِي" pos="جامدة" prefix="" root="فِي" pattern="فِي" suffix="" />
				<ArabicLexical word="اَلْهَوَاءِ" lemma="هَوَاء" pos="مصرفة منتظمة" prefix="ال" root="هوي" pattern="فَعَال" suffix="" />
				<ArabicLexical word="اَلطَّلْقِ" lemma="طَلْق" pos="مصرفة منتظمة" prefix="ال" root="طلق" pattern="فَعْل" suffix="" />
				<ArabicLexical word="كُلَّ" lemma="كُلّ" pos="جامدة" prefix="" root="كُلّ" pattern="كُلّ" suffix="" />
				<ArabicLexical word="يَوْمِ" lemma="يَوْم" pos="مصرفة منتظمة" prefix="" root="يوم" pattern="فَعْل" suffix="" />
				<ArabicLexical word="جُمُعَةٍ" lemma="جُمُعَة" pos="مصرفة منتظمة" prefix="" root="جمع" pattern="فُعُل" suffix="ة" />
				<ArabicLexical word="حَيْثُ" lemma="حَيْثُ" pos="جامدة" prefix="" root="حَيْثُ" pattern="حَيْثُ" suffix="" />
				<ArabicLexical word="يُضْطَرُّ" lemma="اضْطَرَّ" pos="مصرفة منتظمة" prefix="يُ" root="ضرر" pattern="اِفْطَلَّ" suffix="" />
				<ArabicLexical word="اَلْمُثَقَّفُونَ" lemma="مُثَقَّف" pos="مصرفة منتظمة" prefix="ال" root="ثقف" pattern="مُفَعَّل" suffix="ونَ" />
				<ArabicLexical word="وَحَتَّى" lemma="حَتَّى" pos="جامدة" prefix="وَ" root="حَتَّى" pattern="حَتَّى" suffix="" />
				<ArabicLexical word="بَعْضُ" lemma="بَعْض" pos="مصرفة منتظمة" prefix="" root="بعض" pattern="فَعْل" suffix="" />
				<ArabicLexical word="اَلْأُدَبَاءِ" lemma="أَدِيب" pos="مصرفة منتظمة" prefix="ال" root="أدب" pattern="فُعَلَاء" suffix="" />
				<ArabicLexical word="إِلَى" lemma="إِلَى" pos="جامدة" prefix="" root="إِلَى" pattern="إِلَى" suffix="" />
				<ArabicLexical word="بَيْعِ" lemma="بَيْع" pos="مصرفة منتظمة" prefix="" root="بيع" pattern="فَعْل" suffix="" />
				<ArabicLexical word="كُتُبِهِمْ" lemma="كِتَاب" pos="مصرفة منتظمة" prefix="" root="كتب" pattern="فُعُل" suffix="همْ" />
				<ArabicLexical word="لِسَدِّ" lemma="سَدّ" pos="مصرفة منتظمة" prefix="لِ" root="سدد" pattern="فَلّ" suffix="" />
				<ArabicLexical word="رَمَقِ" lemma="رَمَق" pos="مصرفة منتظمة" prefix="" root="رمق" pattern="فَعَل" suffix="" />
				<ArabicLexical word="اَلْعَيْشِ" lemma="عَيْش" pos="مصرفة منتظمة" prefix="ال" root="عيش" pattern="فَعْل" suffix="" />
			</annotation>
		</sentence>
		<sentence id="05999">
			<text>وَرَغْمَ مُضِيِّ أَكْثَرَ مِنْ 40 سَنَةً عَلَى مَوْتِهِ، فَإِنَّنَا مَا زِلْنَا نَذْكُرُ حِكَايَةَ رَوْزَقِي مُحَمَّدِ شَاكِرٍ اَلَّذِي مَاتَ تَحْتَ كُتُبِهِ عِنْدَمَا اِنْهَارَتْ عَلَيْهِ بِرُفُوفِهَا اَلطَّوِيلَةِ، قَبْلَ أَنْ يَصِلَ إِلَى مُبْتَغَاهُ، وَهُوَ كِتَابٌ كَانَ رَوْزَقِي يُرِيدُ أَنْ يَسْتَلَّهُ مِنْ بَيْنِ اَلْأَكْدَاسِ اَلْكَثِيرَةِ اَلَّتِي كَانَتْ مَرْصُوصَةً فَوْقَ رُفُوفِ مَكْتَبَتِهِ اَلَّتِي تَقَعُ فِي سُوقِ اَلْوَرَّاقِينَ أَوْ اَلسَّرَايْ بِحَسْبِ تَسْمِيَتِهِ اَلْجَدِيدَةِ. وَهكَذَا أَصْبَحَ رَوْزَقِي -كَمَا قَالَ لَنَا اَلْجَاحِظُ فِي اَلْقَرْنِ اَلسَّابِعِ اَلْمِيلَادِيِّ- وَمِنْ اَلْكِتَابِ مَا قَتَلَ. </text>
			<annotation>
				<ArabicLexical word="وَرَغْمَ" lemma="رَغْم" pos="مصرفة منتظمة" prefix="وَ" root="رغم" pattern="فَعْل" suffix="" />
				<ArabicLexical word="مُضِيِّ" lemma="مُضِيّ" pos="مصرفة منتظمة" prefix="" root="مضي" pattern="فُعِلّ" suffix="" />
				<ArabicLexical word="أَكْثَرَ" lemma="أَكْثَر" pos="مصرفة منتظمة" prefix="" root="كثر" pattern="أَفْعَل" suffix="" />
				<ArabicLexical word="مِنْ" lemma="مِنْ" pos="جامدة" prefix="" root="مِنْ" pattern="مِنْ" suffix="" />
				<ArabicLexical word="سَنَةً" lemma="سَنَة" pos="استثناء صرفي" prefix="" root="سنه" pattern="سَنَ" suffix="ة" />
				<ArabicLexical word="عَلَى" lemma="عَلَى" pos="جامدة" prefix="" root="عَلَى" pattern="عَلَى" suffix="" />
				<ArabicLexical word="مَوْتِهِ" lemma="مَوْت" pos="مصرفة منتظمة" prefix="" root="موت" pattern="فَعْل" suffix="ه" />
				<ArabicLexical word="فَإِنَّنَا" lemma="إِنَّ" pos="جامدة" prefix="فَ" root="إِنَّ" pattern="إِنَّ" suffix="نَا" />
				<ArabicLexical word="مَا" lemma="مَا" pos="جامدة" prefix="" root="مَا" pattern="مَا" suffix="" />
				<ArabicLexical word="زِلْنَا" lemma="زَالَ" pos="مصرفة منتظمة" prefix="" root="زيل" pattern="فِعلْ" suffix="نَا" />
				<ArabicLexical word="نَذْكُرُ" lemma="ذَكَرَ" pos="مصرفة منتظمة" prefix="ن" root="ذكر" pattern="فْعُل" suffix="" />
				<ArabicLexical word="حِكَايَةَ" lemma="حِكَايَة" pos="مصرفة منتظمة" prefix="" root="حكي" pattern="فِعَال" suffix="ة" />
				<ArabicLexical word="رَوْزَقِي" lemma="" pos="غير عربية" prefix="" root="" pattern="" suffix="" />
				<ArabicLexical word="مُحَمَّدِ" lemma="مُحَمَّد" pos="مصرفة منتظمة" prefix="" root="حمد" pattern="مُفَعَّل" suffix="" />
				<ArabicLexical word="شَاكِرٍ" lemma="شَاكِر" pos="مصرفة منتظمة" prefix="" root="شكر" pattern="فَاعِل" suffix="" />
				<ArabicLexical word="اَلَّذِي" lemma="اَلَّذِي" pos="جامدة" prefix="ال" root="اَلَّذِي" pattern="لَذِي" suffix="" />
				<ArabicLexical word="مَاتَ" lemma="مَاتَ" pos="مصرفة منتظمة" prefix="" root="موت" pattern="فَعلَ" suffix="" />
				<ArabicLexical word="تَحْتَ" lemma="تَحْتَ" pos="جامدة" prefix="" root="تَحْتَ" pattern="تَحْتَ" suffix="" />
				<ArabicLexical word="كُتُبِهِ" lemma="كِتَاب" pos="مصرفة منتظمة" prefix="" root="كتب" pattern="فُعُل" suffix="ه" />
				<ArabicLexical word="عِنْدَمَا" lemma="عِنْدَ" pos="جامدة" prefix="" root="عِنْدَ" pattern="عِنْدَمَا" suffix="" />
				<ArabicLexical word="اِنْهَارَتْ" lemma="انْهَارَ" pos="مصرفة منتظمة" prefix="" root="هور" pattern="اِنْفَعلَ" suffix="تْ" />
				<ArabicLexical word="عَلَيْهِ" lemma="عَلَى" pos="جامدة" prefix="" root="عَلَى" pattern="عَلَيْ" suffix="ه" />
				<ArabicLexical word="بِرُفُوفِهَا" lemma="رَفّ" pos="مصرفة منتظمة" prefix="بِ" root="رفف" pattern="فُعُول" suffix="هَا" />
				<ArabicLexical word="اَلطَّوِيلَةِ" lemma="طَوِيل" pos="مصرفة منتظمة" prefix="ال" root="طول" pattern="فَعِيل" suffix="ة" />
				<ArabicLexical word="قَبْلَ" lemma="قَبْلَ" pos="مصرفة منتظمة" prefix="" root="قبل" pattern="فَعْل" suffix="" />
				<ArabicLexical word="أَنْ" lemma="أَنْ" pos="جامدة" prefix="" root="أَنْ" pattern="أَنْ" suffix="" />
				<ArabicLexical word="يَصِلَ" lemma="وَصَلَ" pos="مصرفة منتظمة" prefix="ي" root="وصل" pattern="فعِلْ" suffix="" />
				<ArabicLexical word="إِلَى" lemma="إِلَى" pos="جامدة" prefix="" root="إِلَى" pattern="إِلَى" suffix="" />
				<ArabicLexical word="مُبْتَغَاهُ" lemma="مُبْتَغَى" pos="مصرفة منتظمة" prefix="" root="بغي" pattern="مُفْتَعَل" suffix="ه" />
				<ArabicLexical word="وَهُوَ" lemma="هُوَ" pos="جامدة" prefix="وَ" root="هُوَ" pattern="هُوَ" suffix="" />
				<ArabicLexical word="كِتَابٌ" lemma="كِتَاب" pos="مصرفة منتظمة" prefix="" root="كتب" pattern="فِعَال" suffix="" />
				<ArabicLexical word="كَانَ" lemma="كَانَ" pos="مصرفة منتظمة" prefix="" root="كون" pattern="فَعلَ" suffix="" />
				<ArabicLexical word="رَوْزَقِي" lemma="" pos="غير عربية" prefix="" root="" pattern="" suffix="" />
				<ArabicLexical word="يُرِيدُ" lemma="أَرَادَ" pos="مصرفة منتظمة" prefix="ي" root="رود" pattern="أَفِعلَ" suffix="" />
				<ArabicLexical word="أَنْ" lemma="أَنْ" pos="جامدة" prefix="" root="أَنْ" pattern="أَنْ" suffix="" />
				<ArabicLexical word="يَسْتَلَّهُ" lemma="اسْتَلَّ" pos="مصرفة منتظمة" prefix="ي" root="سلل" pattern="اِفْتَلَّ" suffix="ه" />
				<ArabicLexical word="مِنْ" lemma="مِنْ" pos="جامدة" prefix="" root="مِنْ" pattern="مِنْ" suffix="" />
				<ArabicLexical word="بَيْنِ" lemma="بَيْن" pos="مصرفة منتظمة" prefix="" root="بين" pattern="فَعْل" suffix="" />
				<ArabicLexical word="اَلْأَكْدَاسِ" lemma="كُدْس" pos="مصرفة منتظمة" prefix="ال" root="كدس" pattern="أَفْعَال" suffix="" />
				<ArabicLexical word="اَلْكَثِيرَةِ" lemma="كَثِير" pos="مصرفة منتظمة" prefix="ال" root="كثر" pattern="فَعِيل" suffix="ة" />
				<ArabicLexical word="اَلَّتِي" lemma="اَلَّذِي" pos="جامدة" prefix="ال" root="اَلَّذِي" pattern="لَتِي" suffix="" />
				<ArabicLexical word="كَانَتْ" lemma="كَانَ" pos="مصرفة منتظمة" prefix="" root="كون" pattern="فَعلَ" suffix="تْ" />
				<ArabicLexical word="مَرْصُوصَةً" lemma="مَرْصُوص" pos="مصرفة منتظمة" prefix="" root="رصص" pattern="مَفْعُول" suffix="ة" />
				<ArabicLexical word="فَوْقَ" lemma="فَوْق" pos="مصرفة منتظمة" prefix="" root="فوق" pattern="فَعْل" suffix="" />
				<ArabicLexical word="رُفُوفِ" lemma="رَفّ" pos="مصرفة منتظمة" prefix="" root="رفف" pattern="فُعُول" suffix="" />
				<ArabicLexical word="مَكْتَبَتِهِ" lemma="مَكْتَبَة" pos="مصرفة منتظمة" prefix="" root="كتب" pattern="مَفْعَل" suffix="ته" />
				<ArabicLexical word="اَلَّتِي" lemma="اَلَّذِي" pos="جامدة" prefix="ال" root="اَلَّذِي" pattern="لَتِي" suffix="" />
				<ArabicLexical word="تَقَعُ" lemma="وَقَعَ" pos="مصرفة منتظمة" prefix="ت" root="وقع" pattern="فعَلْ" suffix="" />
				<ArabicLexical word="فِي" lemma="فِي" pos="جامدة" prefix="" root="فِي" pattern="فِي" suffix="" />
				<ArabicLexical word="سُوقِ" lemma="سُوق" pos="مصرفة منتظمة" prefix="" root="سوق" pattern="فُعل" suffix="" />
				<ArabicLexical word="اَلْوَرَّاقِينَ" lemma="وَرَّاق" pos="مصرفة منتظمة" prefix="ال" root="ورق" pattern="فَعَّال" suffix="ينَ" />
				<ArabicLexical word="أَوْ" lemma="أَوْ" pos="جامدة" prefix="" root="أَوْ" pattern="أَوْ" suffix="" />
				<ArabicLexical word="اَلسَّرَايْ" lemma="+" pos="غير عربية" prefix="" root="" pattern="" suffix="" />
				<ArabicLexical word="بِحَسْبِ" lemma="حَسْب" pos="مصرفة منتظمة" prefix="بِ" root="حسب" pattern="فَعْل" suffix="" />
				<ArabicLexical word="تَسْمِيَتِهِ" lemma="تَسْمِيَة" pos="مصرفة منتظمة" prefix="" root="سمو" pattern="تَفْعِلَ" suffix="ته" />
				<ArabicLexical word="اَلْجَدِيدَةِ" lemma="جَدِيد" pos="مصرفة منتظمة" prefix="ال" root="جدد" pattern="فَعِيل" suffix="ة" />
				<ArabicLexical word="وَهكَذَا" lemma="ذَا" pos="جامدة" prefix="وَ" root="ذَا" pattern="هكَذَا" suffix="" />
				<ArabicLexical word="أَصْبَحَ" lemma="أَصْبَحَ" pos="مصرفة منتظمة" prefix="" root="صبح" pattern="أَفْعَلَ" suffix="" />
				<ArabicLexical word="رَوْزَقِي" lemma="" pos="غير عربية" prefix="" root="" pattern="" suffix="" />
				<ArabicLexical word="كَمَا" lemma="مَا" pos="جامدة" prefix="كَ" root="اَلَّذِي" pattern="مَا" suffix="" />
				<ArabicLexical word="قَالَ" lemma="قَالَ" pos="مصرفة منتظمة" prefix="" root="قول" pattern="فَعلَ" suffix="" />
				<ArabicLexical word="لَنَا" lemma="لِي" pos="جامدة" prefix="" root="لِي" pattern="لَنَا" suffix="" />
				<ArabicLexical word="اَلْجَاحِظُ" lemma="جَاحِظ" pos="مصرفة منتظمة" prefix="ال" root="جحظ" pattern="فَاعِل" suffix="" />
				<ArabicLexical word="فِي" lemma="فِي" pos="جامدة" prefix="" root="فِي" pattern="فِي" suffix="" />
				<ArabicLexical word="اَلْقَرْنِ" lemma="قَرْن" pos="مصرفة منتظمة" prefix="ال" root="قرن" pattern="فَعْل" suffix="" />
				<ArabicLexical word="اَلسَّابِعِ" lemma="سَابِع" pos="مصرفة منتظمة" prefix="ال" root="سبع" pattern="فَاعِل" suffix="" />
				<ArabicLexical word="اَلْمِيلَادِيِّ" lemma="مِيلَادِيّ" pos="مصرفة منتظمة" prefix="ال" root="ولد" pattern="مِفعَال" suffix="يّ" />
				<ArabicLexical word="وَمِنْ" lemma="مِنْ" pos="جامدة" prefix="وَ" root="مِنْ" pattern="مِنْ" suffix="" />
				<ArabicLexical word="اَلْكِتَابِ" lemma="كِتَاب" pos="مصرفة منتظمة" prefix="ال" root="كتب" pattern="فِعَال" suffix="" />
				<ArabicLexical word="مَا" lemma="مَا" pos="جامدة" prefix="" root="مَا" pattern="مَا" suffix="" />
				<ArabicLexical word="قَتَلَ" lemma="قَتَلَ" pos="مصرفة منتظمة" prefix="" root="قتل" pattern="فَعَلَ" suffix="" />
			</annotation>
		</sentence>
		<sentence id="06000">
			<text>وَيَقُولُ أَحَدُ اَلشُّيُوخِ مِنْ رُوَّادِ سُوقِ اَلْكُتُبِ لإِسْلَامْ أُونْ لَايْنْ.نِتْ اَلْأَرْبِعَاءَ 6-2-2002: إِنَّ أَرْصِفَةَ اَلسُّوقِ تَئِنُّ كُلَّ يَوْمِ جُمُعَةٍ، فَهِيَ تَسْتَقْبِلُ اَلْعَشَرَاتِ مِنْ اَلزُّوَّارِ اَلْجُدُدِ اَلَّذِينَ لَا شَأْنَ لَهُمْ بِالثَّقَافَةِ، حَيْثُ تَحَوَّلَ اَلْكِتَابُ عِنْدَهُمْ إِلَى تِجَارَةٍ فَيَصْطَادُونَ ذَوِي اَلْحَاجَةِ، وَأُولئِكَ اَلَّذِينَ فَرَضَتْ عَلَيْهِمْ ظُرُوفُ اَلْحِصَارِ إِلَى بَيْعِ مَا يَمْلِكُونَهُ مِنْ اَلْكُتُبِ اَلنَّفِيسَةِ. </text>
			<annotation>
				<ArabicLexical word="وَيَقُولُ" lemma="قَالَ" pos="مصرفة منتظمة" prefix="وَي" root="قول" pattern="فُعل" suffix="" />
				<ArabicLexical word="أَحَدُ" lemma="أَحَد" pos="مصرفة منتظمة" prefix="" root="أحد" pattern="فَعَل" suffix="" />
				<ArabicLexical word="اَلشُّيُوخِ" lemma="شَيْخ" pos="مصرفة منتظمة" prefix="ال" root="شيخ" pattern="فُعُول" suffix="" />
				<ArabicLexical word="مِنْ" lemma="مِنْ" pos="جامدة" prefix="" root="مِنْ" pattern="مِنْ" suffix="" />
				<ArabicLexical word="رُوَّادِ" lemma="رَائِد" pos="مصرفة منتظمة" prefix="" root="رود" pattern="فُعَّال" suffix="" />
				<ArabicLexical word="سُوقِ" lemma="سُوق" pos="مصرفة منتظمة" prefix="" root="سوق" pattern="فُعل" suffix="" />
				<ArabicLexical word="اَلْكُتُبِ" lemma="كِتَاب" pos="مصرفة منتظمة" prefix="ال" root="كتب" pattern="فُعُل" suffix="" />
				<ArabicLexical word="ل" lemma="+" pos="غير عربية" prefix="" root="" pattern="" suffix="" />
				<ArabicLexical word="إِسْلَامْ" lemma="إِسْلَام" pos="غير عربية" prefix="" root="" pattern="" suffix="" />
				<ArabicLexical word="أُونْ" lemma="أُونْ" pos="غير عربية" prefix="" root="" pattern="" suffix="" />
				<ArabicLexical word="لَايْنْ" lemma="+" pos="غير عربية" prefix="" root="" pattern="" suffix="" />
				<ArabicLexical word="نِتْ" lemma="نِت" pos="غير عربية" prefix="" root="" pattern="" suffix="" />
				<ArabicLexical word="اَلْأَرْبِعَاءَ" lemma="أَرْبِعَاء" pos="استثناء صرفي" prefix="ال" root="ربع" pattern="أَرْبِعَاء" suffix="" />
				<ArabicLexical word="إِنَّ" lemma="أَنَّ" pos="جامدة" prefix="" root="إِنَّ" pattern="إِنَّ" suffix="" />
				<ArabicLexical word="أَرْصِفَةَ" lemma="رَصِيف" pos="مصرفة منتظمة" prefix="" root="رصف" pattern="أَفْعِلَ" suffix="ة" />
				<ArabicLexical word="اَلسُّوقِ" lemma="سُوق" pos="مصرفة منتظمة" prefix="ال" root="سوق" pattern="فُعل" suffix="" />
				<ArabicLexical word="تَئِنُّ" lemma="أَنَّ" pos="مصرفة منتظمة" prefix="ت" root="أنن" pattern="فِلّ" suffix="" />
				<ArabicLexical word="كُلَّ" lemma="كُلّ" pos="جامدة" prefix="" root="كُلّ" pattern="كُلّ" suffix="" />
				<ArabicLexical word="يَوْمِ" lemma="يَوْم" pos="مصرفة منتظمة" prefix="" root="يوم" pattern="فَعْل" suffix="" />
				<ArabicLexical word="جُمُعَةٍ" lemma="جُمُعَة" pos="مصرفة منتظمة" prefix="" root="جمع" pattern="فُعُل" suffix="ة" />
				<ArabicLexical word="فَهِيَ" lemma="هُوَ" pos="جامدة" prefix="فَ" root="هُوَ" pattern="هِيَ" suffix="" />
				<ArabicLexical word="تَسْتَقْبِلُ" lemma="اسْتَقْبَلَ" pos="مصرفة منتظمة" prefix="ت" root="قبل" pattern="اِسْتَفْعَلَ" suffix="" />
				<ArabicLexical word="اَلْعَشَرَاتِ" lemma="عَشْرَة" pos="مصرفة منتظمة" prefix="ال" root="عشر" pattern="فَعَل" suffix="ات" />
				<ArabicLexical word="مِنْ" lemma="مِنْ" pos="جامدة" prefix="" root="مِنْ" pattern="مِنْ" suffix="" />
				<ArabicLexical word="اَلزُّوَّارِ" lemma="زَائِر" pos="مصرفة منتظمة" prefix="ال" root="زور" pattern="فُعَّال" suffix="" />
				<ArabicLexical word="اَلْجُدُدِ" lemma="جَدِيد" pos="مصرفة منتظمة" prefix="ال" root="جدد" pattern="فُعُل" suffix="" />
				<ArabicLexical word="اَلَّذِينَ" lemma="اَلَّذِي" pos="جامدة" prefix="ال" root="اَلَّذِي" pattern="لَذِينَ" suffix="" />
				<ArabicLexical word="لَا" lemma="لَا" pos="جامدة" prefix="" root="لَا" pattern="لَا" suffix="" />
				<ArabicLexical word="شَأْنَ" lemma="شَأْن" pos="مصرفة منتظمة" prefix="" root="شأن" pattern="فَعْل" suffix="" />
				<ArabicLexical word="لَهُمْ" lemma="هُوَ" pos="جامدة" prefix="" root="لِي" pattern="لَهُمْ" suffix="" />
				<ArabicLexical word="بِالثَّقَافَةِ" lemma="ثَقَافَة" pos="مصرفة منتظمة" prefix="بِال" root="ثقف" pattern="فَعَال" suffix="ة" />
				<ArabicLexical word="حَيْثُ" lemma="حَيْثُ" pos="جامدة" prefix="" root="حَيْثُ" pattern="حَيْثُ" suffix="" />
				<ArabicLexical word="تَحَوَّلَ" lemma="تَحَوَّلَ" pos="مصرفة منتظمة" prefix="" root="حول" pattern="تَفَعَّلَ" suffix="" />
				<ArabicLexical word="اَلْكِتَابُ" lemma="كِتَاب" pos="مصرفة منتظمة" prefix="ال" root="كتب" pattern="فِعَال" suffix="" />
				<ArabicLexical word="عِنْدَهُمْ" lemma="عِنْدَ" pos="جامدة" prefix="" root="عِنْدَ" pattern="عِنْدَ" suffix="همْ" />
				<ArabicLexical word="إِلَى" lemma="إِلَى" pos="جامدة" prefix="" root="إِلَى" pattern="إِلَى" suffix="" />
				<ArabicLexical word="تِجَارَةٍ" lemma="تِجَارَة" pos="مصرفة منتظمة" prefix="" root="تجر" pattern="فِعَال" suffix="ة" />
				<ArabicLexical word="فَيَصْطَادُونَ" lemma="اصْطَادَ" pos="مصرفة منتظمة" prefix="فَي" root="صيد" pattern="اِفْطَعلَ" suffix="ونَ" />
				<ArabicLexical word="ذَوِي" lemma="ذُو" pos="جامدة" prefix="" root="ذُو" pattern="ذَو" suffix="ي" />
				<ArabicLexical word="اَلْحَاجَةِ" lemma="حَاجَة" pos="مصرفة منتظمة" prefix="ال" root="حوج" pattern="فَعل" suffix="ة" />
				<ArabicLexical word="وَأُولئِكَ" lemma="أُولَاءِ" pos="جامدة" prefix="وَ" root="أُولَاءِ" pattern="أُولءِ" suffix="كَ" />
				<ArabicLexical word="اَلَّذِينَ" lemma="اَلَّذِي" pos="جامدة" prefix="ال" root="اَلَّذِي" pattern="لَذِينَ" suffix="" />
				<ArabicLexical word="فَرَضَتْ" lemma="فَرَضَ" pos="مصرفة منتظمة" prefix="" root="فرض" pattern="فَعَلَ" suffix="تْ" />
				<ArabicLexical word="عَلَيْهِمْ" lemma="عَلَى" pos="جامدة" prefix="" root="عَلَى" pattern="عَلَيْ" suffix="همْ" />
				<ArabicLexical word="ظُرُوفُ" lemma="ظَرْف" pos="مصرفة منتظمة" prefix="" root="ظرف" pattern="فُعُول" suffix="" />
				<ArabicLexical word="اَلْحِصَارِ" lemma="حِصَار" pos="مصرفة منتظمة" prefix="ال" root="حصر" pattern="فِعَال" suffix="" />
				<ArabicLexical word="إِلَى" lemma="إِلَى" pos="جامدة" prefix="" root="إِلَى" pattern="إِلَى" suffix="" />
				<ArabicLexical word="بَيْعِ" lemma="بَيْع" pos="مصرفة منتظمة" prefix="" root="بيع" pattern="فَعْل" suffix="" />
				<ArabicLexical word="مَا" lemma="مَا" pos="جامدة" prefix="" root="اَلَّذِي" pattern="مَا" suffix="" />
				<ArabicLexical word="يَمْلِكُونَهُ" lemma="مَلَكَ" pos="مصرفة منتظمة" prefix="ي" root="ملك" pattern="فْعِل" suffix="ونَهُ" />
				<ArabicLexical word="مِنْ" lemma="مِنْ" pos="جامدة" prefix="" root="مِنْ" pattern="مِنْ" suffix="" />
				<ArabicLexical word="اَلْكُتُبِ" lemma="كِتَاب" pos="مصرفة منتظمة" prefix="ال" root="كتب" pattern="فُعُل" suffix="" />
				<ArabicLexical word="اَلنَّفِيسَةِ" lemma="نَفِيس" pos="مصرفة منتظمة" prefix="ال" root="نفس" pattern="فَعِيل" suffix="ة" />
			</annotation>
		</sentence>
		<sentence id="06001">
			<text>أَمَّا اَلْحَاجُّ عَبْدُ اَللّهِ رَؤُوفِ تَوْفِيقٍ (67 سَنَةً) اَلَّذِي يُعَدُّ مِنْ بَيْنِ أَقْدَمِ رُوَّادِ سُوقِ اَلْوَرَّاقِينَ بِشَارِعِ اَلْمُتَنَبِّي فَقَالَ: إِنَّهُ بَدَأَ بِالتَّرَدُّدِ عَلَى هذَا اَلسُّوقِ مُنْذُ أَرْبَعِينِيَّاتِ اَلْقَرْنِ اَلْعِشْرِينَ، حَيْثُ تَعَوَّدَ أَنْ يَقْضِيَ فِيهِ مُعْظَمَ أَيَّامِ اَلْجُمَعِ وَلَا يُغَادِرُهُ إِلَّا وَمَعَهُ مِنْ اَلْكُتُبِ مَا يُضِيفُهُ إِلَى مَكْتَبَتِهِ. </text>
			<annotation>
				<ArabicLexical word="أَمَّا" lemma="أَمَّا" pos="جامدة" prefix="" root="أَمَّا" pattern="أَمَّا" suffix="" />
				<ArabicLexical word="اَلْحَاجُّ" lemma="حَاجّ" pos="مصرفة منتظمة" prefix="ال" root="حجج" pattern="فَالّ" suffix="" />
				<ArabicLexical word="عَبْدُ" lemma="عَبْد" pos="مصرفة منتظمة" prefix="" root="عبد" pattern="فَعْل" suffix="" />
				<ArabicLexical word="اَللّهِ" lemma="الله" pos="استثناء صرفي" prefix="ال" root="أله" pattern="له" suffix="" />
				<ArabicLexical word="رَؤُوفِ" lemma="رَؤُوف" pos="مصرفة منتظمة" prefix="" root="رأف" pattern="فَعُول" suffix="" />
				<ArabicLexical word="تَوْفِيقٍ" lemma="تَوْفِيق" pos="مصرفة منتظمة" prefix="" root="وفق" pattern="تَفْعِيل" suffix="" />
				<ArabicLexical word="سَنَةً" lemma="سَنَة" pos="استثناء صرفي" prefix="" root="سنه" pattern="سَنَ" suffix="ة" />
				<ArabicLexical word="اَلَّذِي" lemma="اَلَّذِي" pos="جامدة" prefix="ال" root="اَلَّذِي" pattern="لَذِي" suffix="" />
				<ArabicLexical word="يُعَدُّ" lemma="أَعَدَّ" pos="مصرفة منتظمة" prefix="يُ" root="عدد" pattern="فَلّ" suffix="" />
				<ArabicLexical word="مِنْ" lemma="مِنْ" pos="جامدة" prefix="" root="مِنْ" pattern="مِنْ" suffix="" />
				<ArabicLexical word="بَيْنِ" lemma="بَيْن" pos="مصرفة منتظمة" prefix="" root="بين" pattern="فَعْل" suffix="" />
				<ArabicLexical word="أَقْدَمِ" lemma="أَقْدَم" pos="مصرفة منتظمة" prefix="" root="قدم" pattern="أَفْعَل" suffix="" />
				<ArabicLexical word="رُوَّادِ" lemma="رَائِد" pos="مصرفة منتظمة" prefix="" root="رود" pattern="فُعَّال" suffix="" />
				<ArabicLexical word="سُوقِ" lemma="سُوق" pos="مصرفة منتظمة" prefix="" root="سوق" pattern="فُعل" suffix="" />
				<ArabicLexical word="اَلْوَرَّاقِينَ" lemma="وَرَّاق" pos="مصرفة منتظمة" prefix="ال" root="ورق" pattern="فَعَّال" suffix="ينَ" />
				<ArabicLexical word="بِشَارِعِ" lemma="شَارِع" pos="مصرفة منتظمة" prefix="بِ" root="شرع" pattern="فَاعِل" suffix="" />
				<ArabicLexical word="اَلْمُتَنَبِّي" lemma="مُتَنَبِّيّ" pos="مصرفة منتظمة" prefix="ال" root="نبو" pattern="مُتَفَعِّل" suffix="" />
				<ArabicLexical word="فَقَالَ" lemma="قَالَ" pos="مصرفة منتظمة" prefix="فَ" root="قول" pattern="فَعلَ" suffix="" />
				<ArabicLexical word="إِنَّهُ" lemma="أَنَّ" pos="جامدة" prefix="" root="إِنَّ" pattern="إِنَّ" suffix="ه" />
				<ArabicLexical word="بَدَأَ" lemma="بَدَأَ" pos="مصرفة منتظمة" prefix="" root="بدأ" pattern="فَعَلَ" suffix="" />
				<ArabicLexical word="بِالتَّرَدُّدِ" lemma="تَرَدُّد" pos="مصرفة منتظمة" prefix="بِال" root="ردد" pattern="تَفَعُّل" suffix="" />
				<ArabicLexical word="عَلَى" lemma="عَلَى" pos="جامدة" prefix="" root="عَلَى" pattern="عَلَى" suffix="" />
				<ArabicLexical word="هذَا" lemma="ذَا" pos="جامدة" prefix="" root="ذَا" pattern="هذَا" suffix="" />
				<ArabicLexical word="اَلسُّوقِ" lemma="سُوق" pos="مصرفة منتظمة" prefix="ال" root="سوق" pattern="فُعل" suffix="" />
				<ArabicLexical word="مُنْذُ" lemma="مُنْذُ" pos="جامدة" prefix="" root="مُنْذُ" pattern="مُنْذُ" suffix="" />
				<ArabicLexical word="أَرْبَعِينِيَّاتِ" lemma="أَرْبَعِينِيّ" pos="غير عربية" prefix="" root="" pattern="" suffix="" />
				<ArabicLexical word="اَلْقَرْنِ" lemma="قَرْن" pos="مصرفة منتظمة" prefix="ال" root="قرن" pattern="فَعْل" suffix="" />
				<ArabicLexical word="اَلْعِشْرِينَ" lemma="عِشْرِين" pos="استثناء صرفي" prefix="ال" root="عشر" pattern="عِشْر" suffix="ينَ" />
				<ArabicLexical word="حَيْثُ" lemma="حَيْثُ" pos="جامدة" prefix="" root="حَيْثُ" pattern="حَيْثُ" suffix="" />
				<ArabicLexical word="تَعَوَّدَ" lemma="تَعَوَّدَ" pos="مصرفة منتظمة" prefix="" root="عود" pattern="تَفَعَّلَ" suffix="" />
				<ArabicLexical word="أَنْ" lemma="أَنْ" pos="جامدة" prefix="" root="أَنْ" pattern="أَنْ" suffix="" />
				<ArabicLexical word="يَقْضِيَ" lemma="قَضَى" pos="مصرفة منتظمة" prefix="ي" root="قضي" pattern="فْعِل" suffix="" />
				<ArabicLexical word="فِيهِ" lemma="فِي" pos="جامدة" prefix="" root="فِي" pattern="فِي" suffix="ه" />
				<ArabicLexical word="مُعْظَمَ" lemma="مُعْظَم" pos="مصرفة منتظمة" prefix="" root="عظم" pattern="مُفْعَل" suffix="" />
				<ArabicLexical word="أَيَّامِ" lemma="يَوْم" pos="استثناء صرفي" prefix="" root="يوم" pattern="أَيَّام" suffix="" />
				<ArabicLexical word="اَلْجُمَعِ" lemma="جُمْع" pos="مصرفة منتظمة" prefix="ال" root="جمع" pattern="فُعَل" suffix="" />
				<ArabicLexical word="وَلَا" lemma="لَا" pos="جامدة" prefix="وَ" root="لَا" pattern="لَا" suffix="" />
				<ArabicLexical word="يُغَادِرُهُ" lemma="غَادَرَ" pos="مصرفة منتظمة" prefix="ي" root="غدر" pattern="فَاعَلَ" suffix="ه" />
				<ArabicLexical word="إِلَّا" lemma="إِلَّا" pos="جامدة" prefix="" root="إِلَّا" pattern="إِلَّا" suffix="" />
				<ArabicLexical word="وَمَعَهُ" lemma="مَعَ" pos="جامدة" prefix="وَ" root="مَعَ" pattern="مَعَ" suffix="ه" />
				<ArabicLexical word="مِنْ" lemma="مِنْ" pos="جامدة" prefix="" root="مِنْ" pattern="مِنْ" suffix="" />
				<ArabicLexical word="اَلْكُتُبِ" lemma="كِتَاب" pos="مصرفة منتظمة" prefix="ال" root="كتب" pattern="فُعُل" suffix="" />
				<ArabicLexical word="مَا" lemma="مَا" pos="جامدة" prefix="" root="اَلَّذِي" pattern="مَا" suffix="" />
				<ArabicLexical word="يُضِيفُهُ" lemma="أَضَافَ" pos="مصرفة منتظمة" prefix="ي" root="ضيف" pattern="أَفِعلَ" suffix="ه" />
				<ArabicLexical word="إِلَى" lemma="إِلَى" pos="جامدة" prefix="" root="إِلَى" pattern="إِلَى" suffix="" />
				<ArabicLexical word="مَكْتَبَتِهِ" lemma="مَكْتَبَة" pos="مصرفة منتظمة" prefix="" root="كتب" pattern="مَفْعَل" suffix="ته" />
			</annotation>
		</sentence>
		<sentence id="06002">
			<text>وَأَضَافَ اَلْحَاجُّ تَوْفِيقٌ أَنَّ مَكْتَبَاتِ اَلسُّوقِ كَانَتْ خِلَالَ اَلْخَمْسِينِيَّاتِ تَحْوِي آلَافَ اَلْكُتُبِ مُخْتَلِفَةِ اَلْمَصَادِرِ وَالطَّبَعَاتِ، وَلِدُورِ نَشْرٍ عَرَبِيَّةٍ وَعَالَمِيَّةٍ مَعْرُوفَةٍ، فُسُوقُ اَلْوَرَّاقِينَ كَانَ مِنْ أَعْظَمِ أَسْوَاقِ اَلْكُتُبِ فِي اَلْعَالَمِ اَلْعَرَبِيِّ أَوْ رُبَّمَا مِنْ بَيْنِ أَنْدَرِ وَأَبْرَزِ أَسْوَاقِ اَلْعَالَمِ.</text>
			<annotation>
				<ArabicLexical word="وَأَضَافَ" lemma="أَضَافَ" pos="مصرفة منتظمة" prefix="وَ" root="ضيف" pattern="أَفَعلَ" suffix="" />
				<ArabicLexical word="اَلْحَاجُّ" lemma="حَاجّ" pos="مصرفة منتظمة" prefix="ال" root="حجج" pattern="فَالّ" suffix="" />
				<ArabicLexical word="تَوْفِيقٌ" lemma="تَوْفِيق" pos="مصرفة منتظمة" prefix="" root="وفق" pattern="تَفْعِيل" suffix="" />
				<ArabicLexical word="أَنَّ" lemma="أَنَّ" pos="جامدة" prefix="" root="أَنَّ" pattern="أَنَّ" suffix="" />
				<ArabicLexical word="مَكْتَبَاتِ" lemma="مَكْتَبَة" pos="مصرفة منتظمة" prefix="" root="كتب" pattern="مَفْعَل" suffix="ات" />
				<ArabicLexical word="اَلسُّوقِ" lemma="سُوق" pos="مصرفة منتظمة" prefix="ال" root="سوق" pattern="فُعل" suffix="" />
				<ArabicLexical word="كَانَتْ" lemma="كَانَ" pos="مصرفة منتظمة" prefix="" root="كون" pattern="فَعلَ" suffix="تْ" />
				<ArabicLexical word="خِلَالَ" lemma="خِلَال" pos="مصرفة منتظمة" prefix="" root="خلل" pattern="فِعَال" suffix="" />
				<ArabicLexical word="اَلْخَمْسِينِيَّاتِ" lemma="خَمْسِينِيّ" pos="غير عربية" prefix="" root="" pattern="" suffix="" />
				<ArabicLexical word="تَحْوِي" lemma="حَوَى" pos="مصرفة منتظمة" prefix="ت" root="حوي" pattern="فْعِل" suffix="" />
				<ArabicLexical word="آلَافَ" lemma="أَلْف" pos="مصرفة منتظمة" prefix="" root="ألف" pattern="أَفعَال" suffix="" />
				<ArabicLexical word="اَلْكُتُبِ" lemma="كِتَاب" pos="مصرفة منتظمة" prefix="ال" root="كتب" pattern="فُعُل" suffix="" />
				<ArabicLexical word="مُخْتَلِفَةِ" lemma="مُخْتَلِف" pos="مصرفة منتظمة" prefix="" root="خلف" pattern="مُفْتَعِل" suffix="ة" />
				<ArabicLexical word="اَلْمَصَادِرِ" lemma="مَصْدَر" pos="مصرفة منتظمة" prefix="ال" root="صدر" pattern="مَفَاعِل" suffix="" />
				<ArabicLexical word="وَالطَّبَعَاتِ" lemma="طَبْعَة" pos="مصرفة منتظمة" prefix="وَال" root="طبع" pattern="فَعَل" suffix="ات" />
				<ArabicLexical word="وَلِدُورِ" lemma="دَار" pos="مصرفة منتظمة" prefix="وَلِ" root="دور" pattern="فُعل" suffix="" />
				<ArabicLexical word="نَشْرٍ" lemma="نَشْر" pos="مصرفة منتظمة" prefix="" root="نشر" pattern="فَعْل" suffix="" />
				<ArabicLexical word="عَرَبِيَّةٍ" lemma="عَرَبِيّ" pos="مصرفة منتظمة" prefix="" root="عرب" pattern="فَعَل" suffix="يَّة" />
				<ArabicLexical word="وَعَالَمِيَّةٍ" lemma="عَالَمِيّ" pos="استثناء صرفي" prefix="وَ" root="علم" pattern="عَالَم" suffix="يَّة" />
				<ArabicLexical word="مَعْرُوفَةٍ" lemma="مَعْرُوف" pos="مصرفة منتظمة" prefix="" root="عرف" pattern="مَفْعُول" suffix="ة" />
				<ArabicLexical word="فُسُوقُ" lemma="فُسُوق" pos="مصرفة منتظمة" prefix="" root="فسق" pattern="فُعُول" suffix="" />
				<ArabicLexical word="اَلْوَرَّاقِينَ" lemma="وَرَّاق" pos="مصرفة منتظمة" prefix="ال" root="ورق" pattern="فَعَّال" suffix="ينَ" />
				<ArabicLexical word="كَانَ" lemma="كَانَ" pos="مصرفة منتظمة" prefix="" root="كون" pattern="فَعلَ" suffix="" />
				<ArabicLexical word="مِنْ" lemma="مِنْ" pos="جامدة" prefix="" root="مِنْ" pattern="مِنْ" suffix="" />
				<ArabicLexical word="أَعْظَمِ" lemma="أَعْظَم" pos="مصرفة منتظمة" prefix="" root="عظم" pattern="أَفْعَل" suffix="" />
				<ArabicLexical word="أَسْوَاقِ" lemma="سُوق" pos="مصرفة منتظمة" prefix="" root="سوق" pattern="أَفْعَال" suffix="" />
				<ArabicLexical word="اَلْكُتُبِ" lemma="كِتَاب" pos="مصرفة منتظمة" prefix="ال" root="كتب" pattern="فُعُل" suffix="" />
				<ArabicLexical word="فِي" lemma="فِي" pos="جامدة" prefix="" root="فِي" pattern="فِي" suffix="" />
				<ArabicLexical word="اَلْعَالَمِ" lemma="عَالَم" pos="استثناء صرفي" prefix="ال" root="علم" pattern="عَالَم" suffix="" />
				<ArabicLexical word="اَلْعَرَبِيِّ" lemma="عَرَبِيّ" pos="مصرفة منتظمة" prefix="ال" root="عرب" pattern="فَعَل" suffix="يّ" />
				<ArabicLexical word="أَوْ" lemma="أَوْ" pos="جامدة" prefix="" root="أَوْ" pattern="أَوْ" suffix="" />
				<ArabicLexical word="رُبَّمَا" lemma="رُبَّ" pos="جامدة" prefix="" root="رُبَّ" pattern="رُبَّمَا" suffix="" />
				<ArabicLexical word="مِنْ" lemma="مِنْ" pos="جامدة" prefix="" root="مِنْ" pattern="مِنْ" suffix="" />
				<ArabicLexical word="بَيْنِ" lemma="بَيْن" pos="مصرفة منتظمة" prefix="" root="بين" pattern="فَعْل" suffix="" />
				<ArabicLexical word="أَنْدَرِ" lemma="أَنْدَر" pos="مصرفة منتظمة" prefix="" root="ندر" pattern="أَفْعَل" suffix="" />
				<ArabicLexical word="وَأَبْرَزِ" lemma="أَبْرَز" pos="مصرفة منتظمة" prefix="وَ" root="برز" pattern="أَفْعَل" suffix="" />
				<ArabicLexical word="أَسْوَاقِ" lemma="سُوق" pos="مصرفة منتظمة" prefix="" root="سوق" pattern="أَفْعَال" suffix="" />
				<ArabicLexical word="اَلْعَالَمِ" lemma="عَالَم" pos="استثناء صرفي" prefix="ال" root="علم" pattern="عَالَم" suffix="" />
			</annotation>
		</sentence>
		<sentence id="06003">
			<text>وَرَغْمَ أَنَّ اَلثَّقَافَةَ اَلرَّصِينَةَ صَارَتْ مِنْ مُقْتَنَيَاتِ اَلْمَاضِي لَدَى قِطَاعٍ كَبِيرٍ مِنْ أَبْنَاءِ اَلْجِيلِ اَلَّذِينَ دَاهَمَتْهُمْ اَلْعَوْلَمَةُ، فَإِنَّ شُبَّانًا فِي مُقْتَبَلِ اَلْعُمُرِ تَرَاهُمْ فِي سُوقِ اَلْكُتُبِ مَا زَالُوا يَقِفُونَ أَمَامَ أَغَانِي أَبِي اَلْفَرَجِ اَلْأَصْفَهَانِيِّ وَيَتَأَمَّلُونَ كَثِيرًا عِنْدَمَا يَتَصَفَّحُونَ أَلْفِيَّةَ اِبْنِ مَالِكٍ وَهِيَ تُعْرَضُ عَلَى أَحَدِ جَوَانِبِ أَرْصِفَةِ شَارِعِ اَلْمُتَنَبِّي. </text>
			<annotation>
				<ArabicLexical word="وَرَغْمَ" lemma="رَغْم" pos="مصرفة منتظمة" prefix="وَ" root="رغم" pattern="فَعْل" suffix="" />
				<ArabicLexical word="أَنَّ" lemma="أَنَّ" pos="جامدة" prefix="" root="أَنَّ" pattern="أَنَّ" suffix="" />
				<ArabicLexical word="اَلثَّقَافَةَ" lemma="ثَقَافَة" pos="مصرفة منتظمة" prefix="ال" root="ثقف" pattern="فَعَال" suffix="ة" />
				<ArabicLexical word="اَلرَّصِينَةَ" lemma="رَصِين" pos="مصرفة منتظمة" prefix="ال" root="رصن" pattern="فَعِيل" suffix="ة" />
				<ArabicLexical word="صَارَتْ" lemma="صَارَ" pos="مصرفة منتظمة" prefix="" root="صير" pattern="فَعلَ" suffix="تْ" />
				<ArabicLexical word="مِنْ" lemma="مِنْ" pos="جامدة" prefix="" root="مِنْ" pattern="مِنْ" suffix="" />
				<ArabicLexical word="مُقْتَنَيَاتِ" lemma="مُقْتَنَاة" pos="مصرفة منتظمة" prefix="" root="قني" pattern="مُفْتَعَل" suffix="ات" />
				<ArabicLexical word="اَلْمَاضِي" lemma="مَاضِي" pos="مصرفة منتظمة" prefix="ال" root="مضي" pattern="فَاعِل" suffix="" />
				<ArabicLexical word="لَدَى" lemma="لَدَى" pos="جامدة" prefix="" root="لَدَى" pattern="لَدَى" suffix="" />
				<ArabicLexical word="قِطَاعٍ" lemma="قِطَاع" pos="مصرفة منتظمة" prefix="" root="قطع" pattern="فِعَال" suffix="" />
				<ArabicLexical word="كَبِيرٍ" lemma="كَبِير" pos="مصرفة منتظمة" prefix="" root="كبر" pattern="فَعِيل" suffix="" />
				<ArabicLexical word="مِنْ" lemma="مِنْ" pos="جامدة" prefix="" root="مِنْ" pattern="مِنْ" suffix="" />
				<ArabicLexical word="أَبْنَاءِ" lemma="ابْن" pos="مصرفة منتظمة" prefix="" root="بنو" pattern="أَفْعَال" suffix="" />
				<ArabicLexical word="اَلْجِيلِ" lemma="جِيل" pos="مصرفة منتظمة" prefix="ال" root="جول" pattern="فِعل" suffix="" />
				<ArabicLexical word="اَلَّذِينَ" lemma="اَلَّذِي" pos="جامدة" prefix="ال" root="اَلَّذِي" pattern="لَذِينَ" suffix="" />
				<ArabicLexical word="دَاهَمَتْهُمْ" lemma="دَاهَمَ" pos="مصرفة منتظمة" prefix="" root="دهم" pattern="فَاعَلَ" suffix="تْهُمْ" />
				<ArabicLexical word="اَلْعَوْلَمَةُ" lemma="عَوْلَمَة" pos="مصرفة منتظمة" prefix="ال" root="عولم" pattern="فَعْلَل" suffix="ة" />
				<ArabicLexical word="فَإِنَّ" lemma="أَنَّ" pos="جامدة" prefix="فَ" root="إِنَّ" pattern="إِنَّ" suffix="" />
				<ArabicLexical word="شُبَّانًا" lemma="شَابّ" pos="غير عربية" prefix="" root="" pattern="" suffix="" />
				<ArabicLexical word="فِي" lemma="فِي" pos="جامدة" prefix="" root="فِي" pattern="فِي" suffix="" />
				<ArabicLexical word="مُقْتَبَلِ" lemma="مُقْتَبَل" pos="مصرفة منتظمة" prefix="" root="قبل" pattern="مُفْتَعَل" suffix="" />
				<ArabicLexical word="اَلْعُمُرِ" lemma="عُمُر" pos="مصرفة منتظمة" prefix="ال" root="عمر" pattern="فُعُل" suffix="" />
				<ArabicLexical word="تَرَاهُمْ" lemma="رَأَى" pos="استثناء صرفي" prefix="ت" root="رأي" pattern="رَا" suffix="همْ" />
				<ArabicLexical word="فِي" lemma="فِي" pos="جامدة" prefix="" root="فِي" pattern="فِي" suffix="" />
				<ArabicLexical word="سُوقِ" lemma="سُوق" pos="مصرفة منتظمة" prefix="" root="سوق" pattern="فُعل" suffix="" />
				<ArabicLexical word="اَلْكُتُبِ" lemma="كِتَاب" pos="مصرفة منتظمة" prefix="ال" root="كتب" pattern="فُعُل" suffix="" />
				<ArabicLexical word="مَا" lemma="مَا" pos="جامدة" prefix="" root="مَا" pattern="مَا" suffix="" />
				<ArabicLexical word="زَالُوا" lemma="زَالَ" pos="مصرفة منتظمة" prefix="" root="زيل" pattern="فَعلَ" suffix="وا" />
				<ArabicLexical word="يَقِفُونَ" lemma="وَقَفَ" pos="مصرفة منتظمة" prefix="ي" root="وقف" pattern="فعِلْ" suffix="ونَ" />
				<ArabicLexical word="أَمَامَ" lemma="أَمَامَ" pos="مصرفة منتظمة" prefix="" root="أمم" pattern="فَعَال" suffix="" />
				<ArabicLexical word="أَغَانِي" lemma="أُغْنِيَة" pos="مصرفة منتظمة" prefix="" root="غني" pattern="أَفَاعِل" suffix="" />
				<ArabicLexical word="أَبِي" lemma="بِي" pos="استثناء صرفي" prefix="" root="أبو" pattern="أَبِي" suffix="" />
				<ArabicLexical word="اَلْفَرَجِ" lemma="فَرَج" pos="مصرفة منتظمة" prefix="ال" root="فرج" pattern="فَعَل" suffix="" />
				<ArabicLexical word="اَلْأَصْفَهَانِيِّ" lemma="أَصْفَهَانِيّ" pos="غير عربية" prefix="" root="" pattern="" suffix="" />
				<ArabicLexical word="وَيَتَأَمَّلُونَ" lemma="تَأَمَّلَ" pos="مصرفة منتظمة" prefix="وَي" root="أمل" pattern="تَفَعَّلَ" suffix="ونَ" />
				<ArabicLexical word="كَثِيرًا" lemma="كَثِير" pos="مصرفة منتظمة" prefix="" root="كثر" pattern="فَعِيل" suffix="" />
				<ArabicLexical word="عِنْدَمَا" lemma="عِنْدَ" pos="جامدة" prefix="" root="عِنْدَ" pattern="عِنْدَمَا" suffix="" />
				<ArabicLexical word="يَتَصَفَّحُونَ" lemma="تَصَفَّحَ" pos="مصرفة منتظمة" prefix="ي" root="صفح" pattern="تَفَعَّلَ" suffix="ونَ" />
				<ArabicLexical word="أَلْفِيَّةَ" lemma="أَلْفِيّ" pos="مصرفة منتظمة" prefix="" root="ألف" pattern="فَعْل" suffix="يَّة" />
				<ArabicLexical word="اِبْنِ" lemma="ابْن" pos="استثناء صرفي" prefix="" root="بنو" pattern="اِبْن" suffix="" />
				<ArabicLexical word="مَالِكٍ" lemma="مَالِك" pos="مصرفة منتظمة" prefix="" root="ملك" pattern="فَاعِل" suffix="" />
				<ArabicLexical word="وَهِيَ" lemma="هُوَ" pos="جامدة" prefix="وَ" root="هُوَ" pattern="هِيَ" suffix="" />
				<ArabicLexical word="تُعْرَضُ" lemma="عَرَضَ" pos="مصرفة منتظمة" prefix="تُ" root="عرض" pattern="فْعَل" suffix="" />
				<ArabicLexical word="عَلَى" lemma="عَلَى" pos="جامدة" prefix="" root="عَلَى" pattern="عَلَى" suffix="" />
				<ArabicLexical word="أَحَدِ" lemma="أَحَد" pos="مصرفة منتظمة" prefix="" root="أحد" pattern="فَعَل" suffix="" />
				<ArabicLexical word="جَوَانِبِ" lemma="جَانِب" pos="مصرفة منتظمة" prefix="" root="جنب" pattern="فَوَاعِل" suffix="" />
				<ArabicLexical word="أَرْصِفَةِ" lemma="رَصِيف" pos="مصرفة منتظمة" prefix="" root="رصف" pattern="أَفْعِلَ" suffix="ة" />
				<ArabicLexical word="شَارِعِ" lemma="شَارِع" pos="مصرفة منتظمة" prefix="" root="شرع" pattern="فَاعِل" suffix="" />
				<ArabicLexical word="اَلْمُتَنَبِّي" lemma="مُتَنَبِّيّ" pos="مصرفة منتظمة" prefix="ال" root="نبو" pattern="مُتَفَعِّل" suffix="" />
			</annotation>
		</sentence>
		<sentence id="06004">
			<text>وَمِنْ أَشْهَرِ بَائِعِي اَلْكُتُبِ بِالسُّوقِ: قَاسِمُ مُحَمَّدِ رَجَبٍ، وَعَبْدُ اَلرَّحْمنِ حَيَاوِي، وَمَحْمُودُ حِلْمِيٍّ وَصَادِقٌ اَلْقَامُوسِيُّ وَحُسَيْنٌ اَلْفُلْفُيُّ، وَآخَرُونَ غَيْرُهُمْ طَالَهُمْ اَلْمَوْتُ، كَانَ آخِرَهُمْ هَاشِمُ حَسَنٍ، وَتَقْتَرِنُ أَسْمَاؤُهُمْ بِاسْمِ اَلسُّوقِ. </text>
			<annotation>
				<ArabicLexical word="وَمِنْ" lemma="مِنْ" pos="جامدة" prefix="وَ" root="مِنْ" pattern="مِنْ" suffix="" />
				<ArabicLexical word="أَشْهَرِ" lemma="أَشْهَر" pos="مصرفة منتظمة" prefix="" root="شهر" pattern="أَفْعَل" suffix="" />
				<ArabicLexical word="بَائِعِي" lemma="بَائِعِيّ" pos="مصرفة منتظمة" prefix="" root="بيع" pattern="فَاعِل" suffix="ي" />
				<ArabicLexical word="اَلْكُتُبِ" lemma="كِتَاب" pos="مصرفة منتظمة" prefix="ال" root="كتب" pattern="فُعُل" suffix="" />
				<ArabicLexical word="بِالسُّوقِ" lemma="سُوق" pos="مصرفة منتظمة" prefix="بِال" root="سوق" pattern="فُعل" suffix="" />
				<ArabicLexical word="قَاسِمُ" lemma="قَاسِم" pos="مصرفة منتظمة" prefix="" root="قسم" pattern="فَاعِل" suffix="" />
				<ArabicLexical word="مُحَمَّدِ" lemma="مُحَمَّد" pos="مصرفة منتظمة" prefix="" root="حمد" pattern="مُفَعَّل" suffix="" />
				<ArabicLexical word="رَجَبٍ" lemma="رَجَب" pos="مصرفة منتظمة" prefix="" root="رجب" pattern="فَعَل" suffix="" />
				<ArabicLexical word="وَعَبْدُ" lemma="عَبْد" pos="مصرفة منتظمة" prefix="وَ" root="عبد" pattern="فَعْل" suffix="" />
				<ArabicLexical word="اَلرَّحْمنِ" lemma="رَحْمَن" pos="استثناء صرفي" prefix="ال" root="رحم" pattern="رَحْمن" suffix="" />
				<ArabicLexical word="حَيَاوِي" lemma="حَيَاوِيّ" pos="غير عربية" prefix="" root="" pattern="" suffix="" />
				<ArabicLexical word="وَمَحْمُودُ" lemma="مَحْمُود" pos="مصرفة منتظمة" prefix="وَ" root="حمد" pattern="مَفْعُول" suffix="" />
				<ArabicLexical word="حِلْمِيٍّ" lemma="حِلْم" pos="مصرفة منتظمة" prefix="" root="حلم" pattern="فِعْل" suffix="يّ" />
				<ArabicLexical word="وَصَادِقٌ" lemma="صَادِق" pos="مصرفة منتظمة" prefix="وَ" root="صدق" pattern="فَاعِل" suffix="" />
				<ArabicLexical word="اَلْقَامُوسِيُّ" lemma="قَامُوسِيّ" pos="مصرفة منتظمة" prefix="ال" root="قمس" pattern="فَاعُول" suffix="يّ" />
				<ArabicLexical word="وَحُسَيْنٌ" lemma="حُسَيْن" pos="مصرفة منتظمة" prefix="وَ" root="حسن" pattern="فُعَيْل" suffix="" />
				<ArabicLexical word="اَلْفُلْفُيُّ" lemma="+" pos="غير عربية" prefix="" root="" pattern="" suffix="" />
				<ArabicLexical word="وَآخَرُونَ" lemma="آخَر" pos="مصرفة منتظمة" prefix="وَ" root="أخر" pattern="أَفعَل" suffix="ونَ" />
				<ArabicLexical word="غَيْرُهُمْ" lemma="غَيْر" pos="مصرفة منتظمة" prefix="" root="غير" pattern="فَعْل" suffix="همْ" />
				<ArabicLexical word="طَالَهُمْ" lemma="طَالَ" pos="مصرفة منتظمة" prefix="" root="طول" pattern="فَعلَ" suffix="همْ" />
				<ArabicLexical word="اَلْمَوْتُ" lemma="مَوْت" pos="مصرفة منتظمة" prefix="ال" root="موت" pattern="فَعْل" suffix="" />
				<ArabicLexical word="كَانَ" lemma="كَانَ" pos="مصرفة منتظمة" prefix="" root="كون" pattern="فَعلَ" suffix="" />
				<ArabicLexical word="آخِرَهُمْ" lemma="آخِر" pos="مصرفة منتظمة" prefix="" root="أخر" pattern="فَاعِل" suffix="همْ" />
				<ArabicLexical word="هَاشِمُ" lemma="هَاشِم" pos="مصرفة منتظمة" prefix="" root="هشم" pattern="فَاعِل" suffix="" />
				<ArabicLexical word="حَسَنٍ" lemma="حَسَن" pos="مصرفة منتظمة" prefix="" root="حسن" pattern="فَعَل" suffix="" />
				<ArabicLexical word="وَتَقْتَرِنُ" lemma="اقْتَرَنَ" pos="مصرفة منتظمة" prefix="وَت" root="قرن" pattern="اِفْتَعَلَ" suffix="" />
				<ArabicLexical word="أَسْمَاؤُهُمْ" lemma="اسْم" pos="مصرفة منتظمة" prefix="" root="سمو" pattern="أَفْعَال" suffix="همْ" />
				<ArabicLexical word="بِاسْمِ" lemma="اسْم" pos="استثناء صرفي" prefix="بِ" root="سمو" pattern="اِسْم" suffix="" />
				<ArabicLexical word="اَلسُّوقِ" lemma="سُوق" pos="مصرفة منتظمة" prefix="ال" root="سوق" pattern="فُعل" suffix="" />
			</annotation>
		</sentence>
		<sentence id="06005">
			<text>مَعْرُوفٌ أَنَّ سُوقَ اَلسَّرَايْ قَامَ عَلَى أَنْقَاضِ سُوقِ اَلْوَرَّاقِينَ اَلْعَبَّاسِيِّ اَلشَّهِيرِ اَلَّذِي جَمَعَ هُولَاكُو اَلْقَائِدُ اَلْمَغُولِيُّ -اَلَّذِي غَزَا بَغْدَادَ فِي سِبْتَمْبِرَ عَامَ 1258 - أَكْثَرَ مِنْ 200 أَلْفِ كِتَابٍ مِنْهُ لِيُلْقِيَهَا دَفْعَةً وَاحِدَةً فِي نَهْرِ دَجْلَةَ.. أَمَّا اَلْآنَ فَقَدْ يَنْتَابُكَ اَلْحُزْنُ؛ إِذْ لَا تَجِدُ اَلْيَوْمَ دَاخِلَ هذَا اَلسُّوقِ سِوَى بِضْعَةِ كُتُبٍ لَمْ تَصِلْ إِلَيْهَا يَدُ اَلتَّجْدِيدِ بَعْدُ</text>
			<annotation>
				<ArabicLexical word="مَعْرُوفٌ" lemma="مَعْرُوف" pos="مصرفة منتظمة" prefix="" root="عرف" pattern="مَفْعُول" suffix="" />
				<ArabicLexical word="أَنَّ" lemma="أَنَّ" pos="جامدة" prefix="" root="أَنَّ" pattern="أَنَّ" suffix="" />
				<ArabicLexical word="سُوقَ" lemma="سُوق" pos="مصرفة منتظمة" prefix="" root="سوق" pattern="فُعل" suffix="" />
				<ArabicLexical word="اَلسَّرَايْ" lemma="+" pos="غير عربية" prefix="" root="" pattern="" suffix="" />
				<ArabicLexical word="قَامَ" lemma="قَامَ" pos="مصرفة منتظمة" prefix="" root="قوم" pattern="فَعلَ" suffix="" />
				<ArabicLexical word="عَلَى" lemma="عَلَى" pos="جامدة" prefix="" root="عَلَى" pattern="عَلَى" suffix="" />
				<ArabicLexical word="أَنْقَاضِ" lemma="نِقْض" pos="مصرفة منتظمة" prefix="" root="نقض" pattern="أَفْعَال" suffix="" />
				<ArabicLexical word="سُوقِ" lemma="سُوق" pos="مصرفة منتظمة" prefix="" root="سوق" pattern="فُعل" suffix="" />
				<ArabicLexical word="اَلْوَرَّاقِينَ" lemma="وَرَّاق" pos="مصرفة منتظمة" prefix="ال" root="ورق" pattern="فَعَّال" suffix="ينَ" />
				<ArabicLexical word="اَلْعَبَّاسِيِّ" lemma="عَبَّاسِيّ" pos="مصرفة منتظمة" prefix="ال" root="عبس" pattern="فَعَّال" suffix="يّ" />
				<ArabicLexical word="اَلشَّهِيرِ" lemma="شَهِير" pos="مصرفة منتظمة" prefix="ال" root="شهر" pattern="فَعِيل" suffix="" />
				<ArabicLexical word="اَلَّذِي" lemma="اَلَّذِي" pos="جامدة" prefix="ال" root="اَلَّذِي" pattern="لَذِي" suffix="" />
				<ArabicLexical word="جَمَعَ" lemma="جَمَعَ" pos="مصرفة منتظمة" prefix="" root="جمع" pattern="فَعَلَ" suffix="" />
				<ArabicLexical word="هُولَاكُو" lemma="+" pos="غير عربية" prefix="" root="" pattern="" suffix="" />
				<ArabicLexical word="اَلْقَائِدُ" lemma="قَائِد" pos="مصرفة منتظمة" prefix="ال" root="قود" pattern="فَاعِل" suffix="" />
				<ArabicLexical word="اَلْمَغُولِيُّ" lemma="مَغُولِيّ" pos="غير عربية" prefix="" root="" pattern="" suffix="" />
				<ArabicLexical word="اَلَّذِي" lemma="اَلَّذِي" pos="جامدة" prefix="ال" root="اَلَّذِي" pattern="لَذِي" suffix="" />
				<ArabicLexical word="غَزَا" lemma="غَزَا" pos="مصرفة منتظمة" prefix="" root="غزو" pattern="فَعَل" suffix="" />
				<ArabicLexical word="بَغْدَادَ" lemma="بَغْدَاد" pos="مصرفة منتظمة" prefix="" root="بغدد" pattern="فَعْلَال" suffix="" />
				<ArabicLexical word="فِي" lemma="فِي" pos="جامدة" prefix="" root="فِي" pattern="فِي" suffix="" />
				<ArabicLexical word="سِبْتَمْبِرَ" lemma="سِبْتَمْبِر" pos="معربة" prefix="" root="سِبْتَمْبِر" pattern="سِبْتَمْبِر" suffix="" />
				<ArabicLexical word="عَامَ" lemma="عَام" pos="مصرفة منتظمة" prefix="" root="عوم" pattern="فَعل" suffix="" />
				<ArabicLexical word="أَكْثَرَ" lemma="أَكْثَر" pos="مصرفة منتظمة" prefix="" root="كثر" pattern="أَفْعَل" suffix="" />
				<ArabicLexical word="مِنْ" lemma="مِنْ" pos="جامدة" prefix="" root="مِنْ" pattern="مِنْ" suffix="" />
				<ArabicLexical word="أَلْفِ" lemma="أَلْف" pos="مصرفة منتظمة" prefix="" root="ألف" pattern="فَعْل" suffix="" />
				<ArabicLexical word="كِتَابٍ" lemma="كِتَاب" pos="مصرفة منتظمة" prefix="" root="كتب" pattern="فِعَال" suffix="" />
				<ArabicLexical word="مِنْهُ" lemma="مِنْ" pos="جامدة" prefix="" root="مِنْ" pattern="مِنْ" suffix="ه" />
				<ArabicLexical word="لِيُلْقِيَهَا" lemma="أَلْقَى" pos="مصرفة منتظمة" prefix="لِي" root="لقي" pattern="أَفْعِل" suffix="هَا" />
				<ArabicLexical word="دَفْعَةً" lemma="دَفْعَة" pos="مصرفة منتظمة" prefix="" root="دفع" pattern="فَعْل" suffix="ة" />
				<ArabicLexical word="وَاحِدَةً" lemma="وَاحِد" pos="مصرفة منتظمة" prefix="" root="وحد" pattern="فَاعِل" suffix="ة" />
				<ArabicLexical word="فِي" lemma="فِي" pos="جامدة" prefix="" root="فِي" pattern="فِي" suffix="" />
				<ArabicLexical word="نَهْرِ" lemma="نَهْر" pos="مصرفة منتظمة" prefix="" root="نهر" pattern="فَعْل" suffix="" />
				<ArabicLexical word="دَجْلَةَ" lemma="دَجْلَة" pos="مصرفة منتظمة" prefix="" root="دجل" pattern="فَعْل" suffix="ة" />
				<ArabicLexical word="أَمَّا" lemma="أَمَّا" pos="جامدة" prefix="" root="أَمَّا" pattern="أَمَّا" suffix="" />
				<ArabicLexical word="اَلْآنَ" lemma="آن" pos="مصرفة منتظمة" prefix="ال" root="أون" pattern="فَعل" suffix="" />
				<ArabicLexical word="فَقَدْ" lemma="قَدْ" pos="جامدة" prefix="فَ" root="قَدْ" pattern="قَدْ" suffix="" />
				<ArabicLexical word="يَنْتَابُكَ" lemma="انْتَابَ" pos="مصرفة منتظمة" prefix="ي" root="نوب" pattern="اِفْتَعلَ" suffix="كَ" />
				<ArabicLexical word="اَلْحُزْنُ" lemma="حُزْن" pos="مصرفة منتظمة" prefix="ال" root="حزن" pattern="فُعْل" suffix="" />
				<ArabicLexical word="إِذْ" lemma="إِذْ" pos="جامدة" prefix="" root="إِذْ" pattern="إِذْ" suffix="" />
				<ArabicLexical word="لَا" lemma="لَا" pos="جامدة" prefix="" root="لَا" pattern="لَا" suffix="" />
				<ArabicLexical word="تَجِدُ" lemma="وَجَدَ" pos="مصرفة منتظمة" prefix="ت" root="وجد" pattern="فعِلْ" suffix="" />
				<ArabicLexical word="اَلْيَوْمَ" lemma="يَوْم" pos="مصرفة منتظمة" prefix="ال" root="يوم" pattern="فَعْل" suffix="" />
				<ArabicLexical word="دَاخِلَ" lemma="دَاخِل" pos="مصرفة منتظمة" prefix="" root="دخل" pattern="فَاعِل" suffix="" />
				<ArabicLexical word="هذَا" lemma="ذَا" pos="جامدة" prefix="" root="ذَا" pattern="هذَا" suffix="" />
				<ArabicLexical word="اَلسُّوقِ" lemma="سُوق" pos="مصرفة منتظمة" prefix="ال" root="سوق" pattern="فُعل" suffix="" />
				<ArabicLexical word="سِوَى" lemma="سِوَى" pos="مصرفة منتظمة" prefix="" root="سوي" pattern="فِعَل" suffix="" />
				<ArabicLexical word="بِضْعَةِ" lemma="بِضْع" pos="مصرفة منتظمة" prefix="" root="بضع" pattern="فِعْل" suffix="ة" />
				<ArabicLexical word="كُتُبٍ" lemma="كِتَاب" pos="مصرفة منتظمة" prefix="" root="كتب" pattern="فُعُل" suffix="" />
				<ArabicLexical word="لَمْ" lemma="لَمْ" pos="جامدة" prefix="" root="لَمْ" pattern="لَمْ" suffix="" />
				<ArabicLexical word="تَصِلْ" lemma="وَصَلَ" pos="مصرفة منتظمة" prefix="ت" root="وصل" pattern="فعِلْ" suffix="" />
				<ArabicLexical word="إِلَيْهَا" lemma="إِلَى" pos="جامدة" prefix="" root="إِلَى" pattern="إِلَيْ" suffix="هَا" />
				<ArabicLexical word="يَدُ" lemma="يَد" pos="استثناء صرفي" prefix="" root="يدي" pattern="يَد" suffix="" />
				<ArabicLexical word="اَلتَّجْدِيدِ" lemma="تَجْدِيد" pos="مصرفة منتظمة" prefix="ال" root="جدد" pattern="تَفْعِيل" suffix="" />
				<ArabicLexical word="بَعْدُ" lemma="بَعْد" pos="مصرفة منتظمة" prefix="" root="بعد" pattern="فَعْل" suffix="" />
			</annotation>
		</sentence>
	</FILE>
	</NEMLAR>