<NEMLAR><FILE name="GeneralNews" number="037">
		<sentence id="06285">
			<text>?دَعْوَةٌ لِإِنْقَاذِ فَنِّ اَلْخَطِّ اَلْعَرَبِيِّ</text>
			<annotation>
				<ArabicLexical word="دَعْوَةٌ" lemma="دَعْوَة" pos="مصرفة منتظمة" prefix="" root="دعو" pattern="فَعْل" suffix="ة" />
				<ArabicLexical word="لِإِنْقَاذِ" lemma="إِنْقَاذ" pos="مصرفة منتظمة" prefix="لِ" root="نقذ" pattern="إِفْعَال" suffix="" />
				<ArabicLexical word="فَنِّ" lemma="فَنّ" pos="مصرفة منتظمة" prefix="" root="فنن" pattern="فَلّ" suffix="" />
				<ArabicLexical word="اَلْخَطِّ" lemma="خَطّ" pos="مصرفة منتظمة" prefix="ال" root="خطط" pattern="فَلّ" suffix="" />
				<ArabicLexical word="اَلْعَرَبِيِّ" lemma="عَرَبِيّ" pos="مصرفة منتظمة" prefix="ال" root="عرب" pattern="فَعَل" suffix="يّ" />
			</annotation>
		</sentence>
		<sentence id="06286">
			<text>اَلْقَاهِرَةُ -وِكَالَاتٌ</text>
			<annotation>
				<ArabicLexical word="اَلْقَاهِرَةُ" lemma="قَاهِرَة" pos="مصرفة منتظمة" prefix="ال" root="قهر" pattern="فَاعِل" suffix="ة" />
				<ArabicLexical word="وِكَالَاتٌ" lemma="وِكَالَة" pos="مصرفة منتظمة" prefix="" root="وكل" pattern="فِعَال" suffix="ات" />
			</annotation>
		</sentence>
		<sentence id="06287">
			<text>دَعَا فَنَّانُونَ وَنُقَّادٌ مُشَارِكُونَ فِي مَعْرِضِ اَلْخَطِّ اَلْعَرَبِيِّ بِالْقَاهِرَةِ اَلْحُكُومَاتِ اَلْعَرَبِيَّةَ إِلَى اَلتَّحَرُّكِ لِإِنْقَاذِ فَنِّ اَلْخَطِّ اَلْعَرَبِيِّ وَالِارْتِقَاءِ بِهِ فِي عَصْرٍ طَغَتْ فِيهِ أَجْهِزَةُ اَلْكُمْبِيُوتَرْ وَالْمَطَابِعُ اَلْحَدِيثَةُ عَلَى عَالَمِ اَلنَّشْرِ. </text>
			<annotation>
				<ArabicLexical word="دَعَا" lemma="دَعَا" pos="مصرفة منتظمة" prefix="" root="دعو" pattern="فَعَل" suffix="" />
				<ArabicLexical word="فَنَّانُونَ" lemma="فَنَّان" pos="مصرفة منتظمة" prefix="" root="فنن" pattern="فَعَّال" suffix="ونَ" />
				<ArabicLexical word="وَنُقَّادٌ" lemma="نَاقِد" pos="مصرفة منتظمة" prefix="وَ" root="نقد" pattern="فُعَّال" suffix="" />
				<ArabicLexical word="مُشَارِكُونَ" lemma="مُشَارِك" pos="مصرفة منتظمة" prefix="" root="شرك" pattern="مُفَاعِل" suffix="ونَ" />
				<ArabicLexical word="فِي" lemma="فِي" pos="جامدة" prefix="" root="فِي" pattern="فِي" suffix="" />
				<ArabicLexical word="مَعْرِضِ" lemma="مَعْرِض" pos="مصرفة منتظمة" prefix="" root="عرض" pattern="مَفْعِل" suffix="" />
				<ArabicLexical word="اَلْخَطِّ" lemma="خَطّ" pos="مصرفة منتظمة" prefix="ال" root="خطط" pattern="فَلّ" suffix="" />
				<ArabicLexical word="اَلْعَرَبِيِّ" lemma="عَرَبِيّ" pos="مصرفة منتظمة" prefix="ال" root="عرب" pattern="فَعَل" suffix="يّ" />
				<ArabicLexical word="بِالْقَاهِرَةِ" lemma="قَاهِرَة" pos="مصرفة منتظمة" prefix="بِال" root="قهر" pattern="فَاعِل" suffix="ة" />
				<ArabicLexical word="اَلْحُكُومَاتِ" lemma="حُكُومَة" pos="مصرفة منتظمة" prefix="ال" root="حكم" pattern="فُعُول" suffix="ات" />
				<ArabicLexical word="اَلْعَرَبِيَّةَ" lemma="عَرَبِيّ" pos="مصرفة منتظمة" prefix="ال" root="عرب" pattern="فَعَل" suffix="يَّة" />
				<ArabicLexical word="إِلَى" lemma="إِلَى" pos="جامدة" prefix="" root="إِلَى" pattern="إِلَى" suffix="" />
				<ArabicLexical word="اَلتَّحَرُّكِ" lemma="تَحَرُّك" pos="مصرفة منتظمة" prefix="ال" root="حرك" pattern="تَفَعُّل" suffix="" />
				<ArabicLexical word="لِإِنْقَاذِ" lemma="إِنْقَاذ" pos="مصرفة منتظمة" prefix="لِ" root="نقذ" pattern="إِفْعَال" suffix="" />
				<ArabicLexical word="فَنِّ" lemma="فَنّ" pos="مصرفة منتظمة" prefix="" root="فنن" pattern="فَلّ" suffix="" />
				<ArabicLexical word="اَلْخَطِّ" lemma="خَطّ" pos="مصرفة منتظمة" prefix="ال" root="خطط" pattern="فَلّ" suffix="" />
				<ArabicLexical word="اَلْعَرَبِيِّ" lemma="عَرَبِيّ" pos="مصرفة منتظمة" prefix="ال" root="عرب" pattern="فَعَل" suffix="يّ" />
				<ArabicLexical word="وَالِارْتِقَاءِ" lemma="ارْتِقَاء" pos="مصرفة منتظمة" prefix="وَال" root="رقي" pattern="اِفْتِعَال" suffix="" />
				<ArabicLexical word="بِهِ" lemma="بِي" pos="جامدة" prefix="" root="بِي" pattern="بِهِ" suffix="" />
				<ArabicLexical word="فِي" lemma="فِي" pos="جامدة" prefix="" root="فِي" pattern="فِي" suffix="" />
				<ArabicLexical word="عَصْرٍ" lemma="عَصْر" pos="مصرفة منتظمة" prefix="" root="عصر" pattern="فَعْل" suffix="" />
				<ArabicLexical word="طَغَتْ" lemma="طَغَى" pos="مصرفة منتظمة" prefix="" root="طغي" pattern="فَعَل" suffix="تْ" />
				<ArabicLexical word="فِيهِ" lemma="فِي" pos="جامدة" prefix="" root="فِي" pattern="فِي" suffix="ه" />
				<ArabicLexical word="أَجْهِزَةُ" lemma="جِهَاز" pos="مصرفة منتظمة" prefix="" root="جهز" pattern="أَفْعِلَ" suffix="ة" />
				<ArabicLexical word="اَلْكُمْبِيُوتَرْ" lemma="كُمْبِيُوتَر" pos="غير عربية" prefix="" root="" pattern="" suffix="" />
				<ArabicLexical word="وَالْمَطَابِعُ" lemma="مَطْبَع" pos="مصرفة منتظمة" prefix="وَال" root="طبع" pattern="مَفَاعِل" suffix="" />
				<ArabicLexical word="اَلْحَدِيثَةُ" lemma="حَدِيث" pos="مصرفة منتظمة" prefix="ال" root="حدث" pattern="فَعِيل" suffix="ة" />
				<ArabicLexical word="عَلَى" lemma="عَلَى" pos="جامدة" prefix="" root="عَلَى" pattern="عَلَى" suffix="" />
				<ArabicLexical word="عَالَمِ" lemma="عَالَم" pos="استثناء صرفي" prefix="" root="علم" pattern="عَالَم" suffix="" />
				<ArabicLexical word="اَلنَّشْرِ" lemma="نَشْر" pos="مصرفة منتظمة" prefix="ال" root="نشر" pattern="فَعْل" suffix="" />
			</annotation>
		</sentence>
		<sentence id="06288">
			<text>وَطَالَبَ اَلْمُشَارِكُونَ فِي نَدْوَةٍ أُقِيمَتْ عَلَى هَامِشِ اَلْمَعْرِضِ، وَهُوَ اَلْأَوَّلُ مِنْ نَوْعِهِ اَلَّذِي تُنَظِّمُهُ وِزَارَةُ اَلثَّقَافَةِ اَلْمِصْرِيَّةُ بِإِنْشَاءِ جَائِزَةٍ عَرَبِيَّةٍ سَنَوِيَّةٍ لِتَشْجِيعِ اَلْخَطَّاطِينَ اَلْعَرَبِ وَاكْتِشَافِ اَلْمَوَاهِبِ اَلْجَدِيدَةِ فِي هذَا اَلْمَجَالِ. </text>
			<annotation>
				<ArabicLexical word="وَطَالَبَ" lemma="طَالَبَ" pos="مصرفة منتظمة" prefix="وَ" root="طلب" pattern="فَاعَلَ" suffix="" />
				<ArabicLexical word="اَلْمُشَارِكُونَ" lemma="مُشَارِك" pos="مصرفة منتظمة" prefix="ال" root="شرك" pattern="مُفَاعِل" suffix="ونَ" />
				<ArabicLexical word="فِي" lemma="فِي" pos="جامدة" prefix="" root="فِي" pattern="فِي" suffix="" />
				<ArabicLexical word="نَدْوَةٍ" lemma="نَدْوَة" pos="مصرفة منتظمة" prefix="" root="ندو" pattern="فَعْل" suffix="ة" />
				<ArabicLexical word="أُقِيمَتْ" lemma="أَقَامَ" pos="مصرفة منتظمة" prefix="" root="قوم" pattern="أُفِعلَ" suffix="تْ" />
				<ArabicLexical word="عَلَى" lemma="عَلَى" pos="جامدة" prefix="" root="عَلَى" pattern="عَلَى" suffix="" />
				<ArabicLexical word="هَامِشِ" lemma="هَامِش" pos="مصرفة منتظمة" prefix="" root="همش" pattern="فَاعِل" suffix="" />
				<ArabicLexical word="اَلْمَعْرِضِ" lemma="مَعْرِض" pos="مصرفة منتظمة" prefix="ال" root="عرض" pattern="مَفْعِل" suffix="" />
				<ArabicLexical word="وَهُوَ" lemma="هُوَ" pos="جامدة" prefix="وَ" root="هُوَ" pattern="هُوَ" suffix="" />
				<ArabicLexical word="اَلْأَوَّلُ" lemma="أَوَّل" pos="استثناء صرفي" prefix="ال" root="أول" pattern="أَوَّل" suffix="" />
				<ArabicLexical word="مِنْ" lemma="مِنْ" pos="جامدة" prefix="" root="مِنْ" pattern="مِنْ" suffix="" />
				<ArabicLexical word="نَوْعِهِ" lemma="نَوْع" pos="مصرفة منتظمة" prefix="" root="نوع" pattern="فَعْل" suffix="ه" />
				<ArabicLexical word="اَلَّذِي" lemma="اَلَّذِي" pos="جامدة" prefix="ال" root="اَلَّذِي" pattern="لَذِي" suffix="" />
				<ArabicLexical word="تُنَظِّمُهُ" lemma="نَظَّمَ" pos="مصرفة منتظمة" prefix="ت" root="نظم" pattern="فَعَّلَ" suffix="ه" />
				<ArabicLexical word="وِزَارَةُ" lemma="وِزَارَة" pos="مصرفة منتظمة" prefix="" root="وزر" pattern="فِعَال" suffix="ة" />
				<ArabicLexical word="اَلثَّقَافَةِ" lemma="ثَقَافَة" pos="مصرفة منتظمة" prefix="ال" root="ثقف" pattern="فَعَال" suffix="ة" />
				<ArabicLexical word="اَلْمِصْرِيَّةُ" lemma="مِصْرِيّ" pos="مصرفة منتظمة" prefix="ال" root="مصر" pattern="فِعْل" suffix="يَّة" />
				<ArabicLexical word="بِإِنْشَاءِ" lemma="إِنْشَاء" pos="مصرفة منتظمة" prefix="بِ" root="نشأ" pattern="إِفْعَال" suffix="" />
				<ArabicLexical word="جَائِزَةٍ" lemma="جَائِزَة" pos="مصرفة منتظمة" prefix="" root="جوز" pattern="فَاعِل" suffix="ة" />
				<ArabicLexical word="عَرَبِيَّةٍ" lemma="عَرَبِيّ" pos="مصرفة منتظمة" prefix="" root="عرب" pattern="فَعَل" suffix="يَّة" />
				<ArabicLexical word="سَنَوِيَّةٍ" lemma="سَنَوِيّ" pos="استثناء صرفي" prefix="" root="سنه" pattern="سَنَوَ" suffix="يَّة" />
				<ArabicLexical word="لِتَشْجِيعِ" lemma="تَشْجِيع" pos="مصرفة منتظمة" prefix="لِ" root="شجع" pattern="تَفْعِيل" suffix="" />
				<ArabicLexical word="اَلْخَطَّاطِينَ" lemma="خَطَّاط" pos="مصرفة منتظمة" prefix="ال" root="خطط" pattern="فَعَّال" suffix="ينَ" />
				<ArabicLexical word="اَلْعَرَبِ" lemma="عَرَب" pos="مصرفة منتظمة" prefix="ال" root="عرب" pattern="فَعَل" suffix="" />
				<ArabicLexical word="وَاكْتِشَافِ" lemma="اكْتِشَاف" pos="مصرفة منتظمة" prefix="وَ" root="كشف" pattern="اِفْتِعَال" suffix="" />
				<ArabicLexical word="اَلْمَوَاهِبِ" lemma="مَوْهِبَة" pos="مصرفة منتظمة" prefix="ال" root="وهب" pattern="مَفَاعِل" suffix="" />
				<ArabicLexical word="اَلْجَدِيدَةِ" lemma="جَدِيد" pos="مصرفة منتظمة" prefix="ال" root="جدد" pattern="فَعِيل" suffix="ة" />
				<ArabicLexical word="فِي" lemma="فِي" pos="جامدة" prefix="" root="فِي" pattern="فِي" suffix="" />
				<ArabicLexical word="هذَا" lemma="ذَا" pos="جامدة" prefix="" root="ذَا" pattern="هذَا" suffix="" />
				<ArabicLexical word="اَلْمَجَالِ" lemma="مَجَال" pos="مصرفة منتظمة" prefix="ال" root="جول" pattern="مَفَعل" suffix="" />
			</annotation>
		</sentence>
		<sentence id="06289">
			<text>وَقَالَ مُحَمَّدُ أَبُو طَالِبٍ اَلْمُسْتَشَارُ اَلْفَنِّيُّ لِمُؤَسَّسَةِ دَارِ اَلْهِلَالِ: أَتَمَنَّى أَنْ نَرَى قَرِيبًا مُسَابَقَةً عَرَبِيَّةً سَنَوِيَّةً لِتَشْجِيعِ اَلْخَطَّاطِينَ اَلْعَرَبِ وَاكْتِشَافِ اَلْمَوْهُوبِينَ، مُشَدِّدًا عَلَى أَهَمِّيَّةِ اَلتَّعَامُلِ مَعَ اَلْخَطِّ اَلْعَرَبِيِّ كَلَوْنٍ مِنْ أَلْوَانِ اَلْفَنِّ اَلتَّشْكِيلِيِّ. </text>
			<annotation>
				<ArabicLexical word="وَقَالَ" lemma="قَالَ" pos="مصرفة منتظمة" prefix="وَ" root="قول" pattern="فَعلَ" suffix="" />
				<ArabicLexical word="مُحَمَّدُ" lemma="مُحَمَّد" pos="مصرفة منتظمة" prefix="" root="حمد" pattern="مُفَعَّل" suffix="" />
				<ArabicLexical word="أَبُو" lemma="أَب" pos="استثناء صرفي" prefix="" root="أبو" pattern="أَبُو" suffix="" />
				<ArabicLexical word="طَالِبٍ" lemma="طَالِب" pos="مصرفة منتظمة" prefix="" root="طلب" pattern="فَاعِل" suffix="" />
				<ArabicLexical word="اَلْمُسْتَشَارُ" lemma="مُسْتَشَار" pos="مصرفة منتظمة" prefix="ال" root="شور" pattern="مُسْتَفَعل" suffix="" />
				<ArabicLexical word="اَلْفَنِّيُّ" lemma="فَنِّيّ" pos="مصرفة منتظمة" prefix="ال" root="فنن" pattern="فَلّ" suffix="يّ" />
				<ArabicLexical word="لِمُؤَسَّسَةِ" lemma="مُؤَسَّسَة" pos="مصرفة منتظمة" prefix="لِ" root="أسس" pattern="مُفَعَّل" suffix="ة" />
				<ArabicLexical word="دَارِ" lemma="دَار" pos="مصرفة منتظمة" prefix="" root="دور" pattern="فَعل" suffix="" />
				<ArabicLexical word="اَلْهِلَالِ" lemma="هِلَال" pos="مصرفة منتظمة" prefix="ال" root="هلل" pattern="فِعَال" suffix="" />
				<ArabicLexical word="أَتَمَنَّى" lemma="تَمَنَّى" pos="مصرفة منتظمة" prefix="أ" root="مني" pattern="تَفَعَّل" suffix="" />
				<ArabicLexical word="أَنْ" lemma="أَنْ" pos="جامدة" prefix="" root="أَنْ" pattern="أَنْ" suffix="" />
				<ArabicLexical word="نَرَى" lemma="رَأَى" pos="استثناء صرفي" prefix="ن" root="رأي" pattern="رَى" suffix="" />
				<ArabicLexical word="قَرِيبًا" lemma="قَرِيب" pos="مصرفة منتظمة" prefix="" root="قرب" pattern="فَعِيل" suffix="" />
				<ArabicLexical word="مُسَابَقَةً" lemma="مُسَابَقَة" pos="مصرفة منتظمة" prefix="" root="سبق" pattern="مُفَاعَل" suffix="ة" />
				<ArabicLexical word="عَرَبِيَّةً" lemma="عَرَبِيّ" pos="مصرفة منتظمة" prefix="" root="عرب" pattern="فَعَل" suffix="يَّة" />
				<ArabicLexical word="سَنَوِيَّةً" lemma="سَنَوِيّ" pos="استثناء صرفي" prefix="" root="سنه" pattern="سَنَوَ" suffix="يَّة" />
				<ArabicLexical word="لِتَشْجِيعِ" lemma="تَشْجِيع" pos="مصرفة منتظمة" prefix="لِ" root="شجع" pattern="تَفْعِيل" suffix="" />
				<ArabicLexical word="اَلْخَطَّاطِينَ" lemma="خَطَّاط" pos="مصرفة منتظمة" prefix="ال" root="خطط" pattern="فَعَّال" suffix="ينَ" />
				<ArabicLexical word="اَلْعَرَبِ" lemma="عَرَب" pos="مصرفة منتظمة" prefix="ال" root="عرب" pattern="فَعَل" suffix="" />
				<ArabicLexical word="وَاكْتِشَافِ" lemma="اكْتِشَاف" pos="مصرفة منتظمة" prefix="وَ" root="كشف" pattern="اِفْتِعَال" suffix="" />
				<ArabicLexical word="اَلْمَوْهُوبِينَ" lemma="مَوْهُوب" pos="مصرفة منتظمة" prefix="ال" root="وهب" pattern="مَفْعُول" suffix="ينَ" />
				<ArabicLexical word="مُشَدِّدًا" lemma="مُشَدِّد" pos="مصرفة منتظمة" prefix="" root="شدد" pattern="مُفَعِّل" suffix="" />
				<ArabicLexical word="عَلَى" lemma="عَلَى" pos="جامدة" prefix="" root="عَلَى" pattern="عَلَى" suffix="" />
				<ArabicLexical word="أَهَمِّيَّةِ" lemma="أَهَمِّيَّة" pos="مصرفة منتظمة" prefix="" root="همم" pattern="أَفَلّ" suffix="يَّة" />
				<ArabicLexical word="اَلتَّعَامُلِ" lemma="تَعَامُل" pos="مصرفة منتظمة" prefix="ال" root="عمل" pattern="تَفَاعُل" suffix="" />
				<ArabicLexical word="مَعَ" lemma="مَعَ" pos="جامدة" prefix="" root="مَعَ" pattern="مَعَ" suffix="" />
				<ArabicLexical word="اَلْخَطِّ" lemma="خَطّ" pos="مصرفة منتظمة" prefix="ال" root="خطط" pattern="فَلّ" suffix="" />
				<ArabicLexical word="اَلْعَرَبِيِّ" lemma="عَرَبِيّ" pos="مصرفة منتظمة" prefix="ال" root="عرب" pattern="فَعَل" suffix="يّ" />
				<ArabicLexical word="كَلَوْنٍ" lemma="لَوْن" pos="مصرفة منتظمة" prefix="كَ" root="لون" pattern="فَعْل" suffix="" />
				<ArabicLexical word="مِنْ" lemma="مِنْ" pos="جامدة" prefix="" root="مِنْ" pattern="مِنْ" suffix="" />
				<ArabicLexical word="أَلْوَانِ" lemma="لَوْن" pos="مصرفة منتظمة" prefix="" root="لون" pattern="أَفْعَال" suffix="" />
				<ArabicLexical word="اَلْفَنِّ" lemma="فَنّ" pos="مصرفة منتظمة" prefix="ال" root="فنن" pattern="فَلّ" suffix="" />
				<ArabicLexical word="اَلتَّشْكِيلِيِّ" lemma="تَشْكِيلِيّ" pos="مصرفة منتظمة" prefix="ال" root="شكل" pattern="تَفْعِيل" suffix="يّ" />
			</annotation>
		</sentence>
		<sentence id="06290">
			<text>وَأَضَافَ أَبُو طَالِبٍ إِنَّ اَلْقُرْآنَ اَلْكَرِيمَ لَعِبَ دَوْرًا مُهِمًّا فِي اَلْمَاضِي فِي اَلْحِفَاظِ عَلَى جَمَالِيَّاتِ اَلْخَطِّ اَلْعَرَبِيِّ، اَلَّتِي قَالَ: إِنَّهَا بَدَأَتْ تَتَدَهْوَرُ فِي اَلْفَتْرَةِ اَلْأَخِيرَةِ عَلَى اَلْمُسْتَوَيَيْنِ اَلْمِهْنِيِّ وَالْإِبْدَاعِيِّ نَتِيجَةً لِعِدَّةِ عَوَامِلَ عَلَى رَأْسِهَا وَسَائِلُ اَلْإِعْلَامِ اَلْمَطْبُوعَةُ. </text>
			<annotation>
				<ArabicLexical word="وَأَضَافَ" lemma="أَضَافَ" pos="مصرفة منتظمة" prefix="وَ" root="ضيف" pattern="أَفَعلَ" suffix="" />
				<ArabicLexical word="أَبُو" lemma="أَب" pos="استثناء صرفي" prefix="" root="أبو" pattern="أَبُو" suffix="" />
				<ArabicLexical word="طَالِبٍ" lemma="طَالِب" pos="مصرفة منتظمة" prefix="" root="طلب" pattern="فَاعِل" suffix="" />
				<ArabicLexical word="إِنَّ" lemma="أَنَّ" pos="جامدة" prefix="" root="إِنَّ" pattern="إِنَّ" suffix="" />
				<ArabicLexical word="اَلْقُرْآنَ" lemma="قُرْآن" pos="مصرفة منتظمة" prefix="ال" root="قرأ" pattern="فُعْلَان" suffix="" />
				<ArabicLexical word="اَلْكَرِيمَ" lemma="كَرِيم" pos="مصرفة منتظمة" prefix="ال" root="كرم" pattern="فَعِيل" suffix="" />
				<ArabicLexical word="لَعِبَ" lemma="لَعِبَ" pos="مصرفة منتظمة" prefix="" root="لعب" pattern="فَعِلَ" suffix="" />
				<ArabicLexical word="دَوْرًا" lemma="دَوْر" pos="مصرفة منتظمة" prefix="" root="دور" pattern="فَعْل" suffix="" />
				<ArabicLexical word="مُهِمًّا" lemma="مُهِمّ" pos="مصرفة منتظمة" prefix="" root="همم" pattern="مُفِلّ" suffix="" />
				<ArabicLexical word="فِي" lemma="فِي" pos="جامدة" prefix="" root="فِي" pattern="فِي" suffix="" />
				<ArabicLexical word="اَلْمَاضِي" lemma="مَاضِي" pos="مصرفة منتظمة" prefix="ال" root="مضي" pattern="فَاعِل" suffix="" />
				<ArabicLexical word="فِي" lemma="فِي" pos="جامدة" prefix="" root="فِي" pattern="فِي" suffix="" />
				<ArabicLexical word="اَلْحِفَاظِ" lemma="حِفَاظ" pos="مصرفة منتظمة" prefix="ال" root="حفظ" pattern="فِعَال" suffix="" />
				<ArabicLexical word="عَلَى" lemma="عَلَى" pos="جامدة" prefix="" root="عَلَى" pattern="عَلَى" suffix="" />
				<ArabicLexical word="جَمَالِيَّاتِ" lemma="جَمَالِيّ" pos="مصرفة منتظمة" prefix="" root="جمل" pattern="فَعَال" suffix="يَّات" />
				<ArabicLexical word="اَلْخَطِّ" lemma="خَطّ" pos="مصرفة منتظمة" prefix="ال" root="خطط" pattern="فَلّ" suffix="" />
				<ArabicLexical word="اَلْعَرَبِيِّ" lemma="عَرَبِيّ" pos="مصرفة منتظمة" prefix="ال" root="عرب" pattern="فَعَل" suffix="يّ" />
				<ArabicLexical word="اَلَّتِي" lemma="اَلَّذِي" pos="جامدة" prefix="ال" root="اَلَّذِي" pattern="لَتِي" suffix="" />
				<ArabicLexical word="قَالَ" lemma="قَالَ" pos="مصرفة منتظمة" prefix="" root="قول" pattern="فَعلَ" suffix="" />
				<ArabicLexical word="إِنَّهَا" lemma="أَنَّ" pos="جامدة" prefix="" root="إِنَّ" pattern="إِنَّ" suffix="هَا" />
				<ArabicLexical word="بَدَأَتْ" lemma="بَدَأَ" pos="مصرفة منتظمة" prefix="" root="بدأ" pattern="فَعَلَ" suffix="تْ" />
				<ArabicLexical word="تَتَدَهْوَرُ" lemma="تَدَهْوَرَ" pos="مصرفة منتظمة" prefix="ت" root="دهور" pattern="تَفَعْلَلَ" suffix="" />
				<ArabicLexical word="فِي" lemma="فِي" pos="جامدة" prefix="" root="فِي" pattern="فِي" suffix="" />
				<ArabicLexical word="اَلْفَتْرَةِ" lemma="فَتْرَة" pos="مصرفة منتظمة" prefix="ال" root="فتر" pattern="فَعْل" suffix="ة" />
				<ArabicLexical word="اَلْأَخِيرَةِ" lemma="أَخِير" pos="مصرفة منتظمة" prefix="ال" root="أخر" pattern="فَعِيل" suffix="ة" />
				<ArabicLexical word="عَلَى" lemma="عَلَى" pos="جامدة" prefix="" root="عَلَى" pattern="عَلَى" suffix="" />
				<ArabicLexical word="اَلْمُسْتَوَيَيْنِ" lemma="مُسْتَوًى" pos="مصرفة منتظمة" prefix="ال" root="سوي" pattern="مُفْتَعَل" suffix="يْنِ" />
				<ArabicLexical word="اَلْمِهْنِيِّ" lemma="مِهْنِيّ" pos="مصرفة منتظمة" prefix="ال" root="مهن" pattern="فِعْل" suffix="يّ" />
				<ArabicLexical word="وَالْإِبْدَاعِيِّ" lemma="إِبْدَاعِيّ" pos="مصرفة منتظمة" prefix="وَال" root="بدع" pattern="إِفْعَال" suffix="يّ" />
				<ArabicLexical word="نَتِيجَةً" lemma="نَتِيجَة" pos="مصرفة منتظمة" prefix="" root="نتج" pattern="فَعِيل" suffix="ة" />
				<ArabicLexical word="لِعِدَّةِ" lemma="عِدَّة" pos="مصرفة منتظمة" prefix="لِ" root="عدد" pattern="فِلّ" suffix="ة" />
				<ArabicLexical word="عَوَامِلَ" lemma="عَامِل" pos="مصرفة منتظمة" prefix="" root="عمل" pattern="فَوَاعِل" suffix="" />
				<ArabicLexical word="عَلَى" lemma="عَلَى" pos="جامدة" prefix="" root="عَلَى" pattern="عَلَى" suffix="" />
				<ArabicLexical word="رَأْسِهَا" lemma="رَأْس" pos="مصرفة منتظمة" prefix="" root="رأس" pattern="فَعْل" suffix="هَا" />
				<ArabicLexical word="وَسَائِلُ" lemma="وَسِيلَة" pos="مصرفة منتظمة" prefix="" root="وسل" pattern="فَعَائِل" suffix="" />
				<ArabicLexical word="اَلْإِعْلَامِ" lemma="إِعْلَام" pos="مصرفة منتظمة" prefix="ال" root="علم" pattern="إِفْعَال" suffix="" />
				<ArabicLexical word="اَلْمَطْبُوعَةُ" lemma="مَطْبُوع" pos="مصرفة منتظمة" prefix="ال" root="طبع" pattern="مَفْعُول" suffix="ة" />
			</annotation>
		</sentence>
		<sentence id="06291">
			<text>وَأَكَّدَ أَنَّهُ فِي اَلْمَاضِي كَانَ اَلْفَنَّانُ يُبْدِعُ وَيَجْتَهِدُ لِوَضْعِ هذَا اَلنَّصِّ اَلرُّوحِيِّ فِي أَجْمَلِ صُورَةٍ.. وَالْآنَ يَجْرِي نَسْخُ اَلْكِتَابَاتِ اَلْقَدِيمَةِ.. وَلَمْ يُكْتَبْ اَلنَّصُّ اَلْقُرْآنِيُّ مُنْذُ سَنَوَاتٍ طَوِيلَةٍ.</text>
			<annotation>
				<ArabicLexical word="وَأَكَّدَ" lemma="أَكَّدَ" pos="مصرفة منتظمة" prefix="وَ" root="أكد" pattern="فَعَّلَ" suffix="" />
				<ArabicLexical word="أَنَّهُ" lemma="أَنَّ" pos="جامدة" prefix="" root="أَنَّ" pattern="أَنَّ" suffix="ه" />
				<ArabicLexical word="فِي" lemma="فِي" pos="جامدة" prefix="" root="فِي" pattern="فِي" suffix="" />
				<ArabicLexical word="اَلْمَاضِي" lemma="مَاضِي" pos="مصرفة منتظمة" prefix="ال" root="مضي" pattern="فَاعِل" suffix="" />
				<ArabicLexical word="كَانَ" lemma="كَانَ" pos="مصرفة منتظمة" prefix="" root="كون" pattern="فَعلَ" suffix="" />
				<ArabicLexical word="اَلْفَنَّانُ" lemma="فَنَّان" pos="مصرفة منتظمة" prefix="ال" root="فنن" pattern="فَعَّال" suffix="" />
				<ArabicLexical word="يُبْدِعُ" lemma="أَبْدَعَ" pos="مصرفة منتظمة" prefix="ي" root="بدع" pattern="أَفْعَلَ" suffix="" />
				<ArabicLexical word="وَيَجْتَهِدُ" lemma="اجْتَهَدَ" pos="مصرفة منتظمة" prefix="وَي" root="جهد" pattern="اِفْتَعَلَ" suffix="" />
				<ArabicLexical word="لِوَضْعِ" lemma="وَضْع" pos="مصرفة منتظمة" prefix="لِ" root="وضع" pattern="فَعْل" suffix="" />
				<ArabicLexical word="هذَا" lemma="ذَا" pos="جامدة" prefix="" root="ذَا" pattern="هذَا" suffix="" />
				<ArabicLexical word="اَلنَّصِّ" lemma="نَصّ" pos="مصرفة منتظمة" prefix="ال" root="نصص" pattern="فَلّ" suffix="" />
				<ArabicLexical word="اَلرُّوحِيِّ" lemma="رُوحِيّ" pos="مصرفة منتظمة" prefix="ال" root="روح" pattern="فُعل" suffix="يّ" />
				<ArabicLexical word="فِي" lemma="فِي" pos="جامدة" prefix="" root="فِي" pattern="فِي" suffix="" />
				<ArabicLexical word="أَجْمَلِ" lemma="أَجْمَل" pos="مصرفة منتظمة" prefix="" root="جمل" pattern="أَفْعَل" suffix="" />
				<ArabicLexical word="صُورَةٍ" lemma="صُورَة" pos="مصرفة منتظمة" prefix="" root="صور" pattern="فُعل" suffix="ة" />
				<ArabicLexical word="وَالْآنَ" lemma="آن" pos="مصرفة منتظمة" prefix="وَال" root="أون" pattern="فَعل" suffix="" />
				<ArabicLexical word="يَجْرِي" lemma="جَرَى" pos="مصرفة منتظمة" prefix="ي" root="جري" pattern="فْعِل" suffix="" />
				<ArabicLexical word="نَسْخُ" lemma="سَخُوَ" pos="مصرفة منتظمة" prefix="" root="نسخ" pattern="فَعْل" suffix="" />
				<ArabicLexical word="اَلْكِتَابَاتِ" lemma="كِتَابَة" pos="مصرفة منتظمة" prefix="ال" root="كتب" pattern="فِعَال" suffix="ات" />
				<ArabicLexical word="اَلْقَدِيمَةِ" lemma="قَدِيم" pos="مصرفة منتظمة" prefix="ال" root="قدم" pattern="فَعِيل" suffix="ة" />
				<ArabicLexical word="وَلَمْ" lemma="لَمْ" pos="جامدة" prefix="وَ" root="لَمْ" pattern="لَمْ" suffix="" />
				<ArabicLexical word="يُكْتَبْ" lemma="كَتَبَ" pos="مصرفة منتظمة" prefix="يُ" root="كتب" pattern="فْعَل" suffix="" />
				<ArabicLexical word="اَلنَّصُّ" lemma="نَصّ" pos="مصرفة منتظمة" prefix="ال" root="نصص" pattern="فَلّ" suffix="" />
				<ArabicLexical word="اَلْقُرْآنِيُّ" lemma="قُرْآنِيّ" pos="مصرفة منتظمة" prefix="ال" root="قرأ" pattern="فُعْلَان" suffix="يّ" />
				<ArabicLexical word="مُنْذُ" lemma="مُنْذُ" pos="جامدة" prefix="" root="مُنْذُ" pattern="مُنْذُ" suffix="" />
				<ArabicLexical word="سَنَوَاتٍ" lemma="سَنَة" pos="استثناء صرفي" prefix="" root="سنه" pattern="سَنَوَ" suffix="ات" />
				<ArabicLexical word="طَوِيلَةٍ" lemma="طَوِيل" pos="مصرفة منتظمة" prefix="" root="طول" pattern="فَعِيل" suffix="ة" />
			</annotation>
		</sentence>
		<sentence id="06292">
			<text>وَأَشَارَ أَبُو طَالِبٍ إِلَى أَنَّ عَامِلَ اَلسُّرْعَةِ اَلَّذِي يَتَّسِمُ بِهِ اَلْعَمَلُ فِي اَلصِّحَافَةِ أَثَّرَ بِشَكْلٍ سَلْبِيٍّ عَلَى اَلْخَطِّ اَلْعَرَبِيِّ حَيْثُ لَمْ تُرَاعَ غَالِبًا قَوَاعِدُ كِتَابَةِ اَلْخُطُوطِ اَلْمُسْتَخْدَمَةِ. </text>
			<annotation>
				<ArabicLexical word="وَأَشَارَ" lemma="أَشَارَ" pos="مصرفة منتظمة" prefix="وَ" root="شور" pattern="أَفَعلَ" suffix="" />
				<ArabicLexical word="أَبُو" lemma="أَب" pos="استثناء صرفي" prefix="" root="أبو" pattern="أَبُو" suffix="" />
				<ArabicLexical word="طَالِبٍ" lemma="طَالِب" pos="مصرفة منتظمة" prefix="" root="طلب" pattern="فَاعِل" suffix="" />
				<ArabicLexical word="إِلَى" lemma="إِلَى" pos="جامدة" prefix="" root="إِلَى" pattern="إِلَى" suffix="" />
				<ArabicLexical word="أَنَّ" lemma="أَنَّ" pos="جامدة" prefix="" root="أَنَّ" pattern="أَنَّ" suffix="" />
				<ArabicLexical word="عَامِلَ" lemma="عَامِل" pos="مصرفة منتظمة" prefix="" root="عمل" pattern="فَاعِل" suffix="" />
				<ArabicLexical word="اَلسُّرْعَةِ" lemma="سُرْعَة" pos="مصرفة منتظمة" prefix="ال" root="سرع" pattern="فُعْل" suffix="ة" />
				<ArabicLexical word="اَلَّذِي" lemma="اَلَّذِي" pos="جامدة" prefix="ال" root="اَلَّذِي" pattern="لَذِي" suffix="" />
				<ArabicLexical word="يَتَّسِمُ" lemma="اتَّسَمَ" pos="مصرفة منتظمة" prefix="ي" root="وسم" pattern="اِفَّعَلَ" suffix="" />
				<ArabicLexical word="بِهِ" lemma="بِي" pos="جامدة" prefix="" root="بِي" pattern="بِهِ" suffix="" />
				<ArabicLexical word="اَلْعَمَلُ" lemma="عَمَل" pos="مصرفة منتظمة" prefix="ال" root="عمل" pattern="فَعَل" suffix="" />
				<ArabicLexical word="فِي" lemma="فِي" pos="جامدة" prefix="" root="فِي" pattern="فِي" suffix="" />
				<ArabicLexical word="اَلصِّحَافَةِ" lemma="صِحَافَة" pos="مصرفة منتظمة" prefix="ال" root="صحف" pattern="فِعَال" suffix="ة" />
				<ArabicLexical word="أَثَّرَ" lemma="أَثَّرَ" pos="مصرفة منتظمة" prefix="" root="أثر" pattern="فَعَّلَ" suffix="" />
				<ArabicLexical word="بِشَكْلٍ" lemma="شَكْل" pos="مصرفة منتظمة" prefix="بِ" root="شكل" pattern="فَعْل" suffix="" />
				<ArabicLexical word="سَلْبِيٍّ" lemma="سَلْبِيّ" pos="مصرفة منتظمة" prefix="" root="سلب" pattern="فَعْل" suffix="يّ" />
				<ArabicLexical word="عَلَى" lemma="عَلَى" pos="جامدة" prefix="" root="عَلَى" pattern="عَلَى" suffix="" />
				<ArabicLexical word="اَلْخَطِّ" lemma="خَطّ" pos="مصرفة منتظمة" prefix="ال" root="خطط" pattern="فَلّ" suffix="" />
				<ArabicLexical word="اَلْعَرَبِيِّ" lemma="عَرَبِيّ" pos="مصرفة منتظمة" prefix="ال" root="عرب" pattern="فَعَل" suffix="يّ" />
				<ArabicLexical word="حَيْثُ" lemma="حَيْثُ" pos="جامدة" prefix="" root="حَيْثُ" pattern="حَيْثُ" suffix="" />
				<ArabicLexical word="لَمْ" lemma="لَمْ" pos="جامدة" prefix="" root="لَمْ" pattern="لَمْ" suffix="" />
				<ArabicLexical word="تُرَاعَ" lemma="رَاعَى" pos="مصرفة منتظمة" prefix="تُ" root="رعي" pattern="فَاعَل" suffix="" />
				<ArabicLexical word="غَالِبًا" lemma="غَالِب" pos="مصرفة منتظمة" prefix="" root="غلب" pattern="فَاعِل" suffix="" />
				<ArabicLexical word="قَوَاعِدُ" lemma="قَاعِدَة" pos="مصرفة منتظمة" prefix="" root="قعد" pattern="فَوَاعِل" suffix="" />
				<ArabicLexical word="كِتَابَةِ" lemma="كِتَابَة" pos="مصرفة منتظمة" prefix="" root="كتب" pattern="فِعَال" suffix="ة" />
				<ArabicLexical word="اَلْخُطُوطِ" lemma="خَطّ" pos="مصرفة منتظمة" prefix="ال" root="خطط" pattern="فُعُول" suffix="" />
				<ArabicLexical word="اَلْمُسْتَخْدَمَةِ" lemma="مُسْتَخْدَم" pos="مصرفة منتظمة" prefix="ال" root="خدم" pattern="مُسْتَفْعَل" suffix="ة" />
			</annotation>
		</sentence>
		<sentence id="06293">
			<text>وَأَعْرَبَ أَبُو طَالِبٍ عَنْ أَمَلِهِ فِي إِنْشَاءِ أَكَادِيمِيَّةٍ خَاصَّةٍ لِلْفُنُونِ اَلْعَرَبِيَّةِ وَالْإِسْلَامِيَّةِ لِتَدْرِيسِ فُنُونِ اَلْخَطِّ اَلْعَرَبِيِّ وَفُنُونِ تَجْلِيدِ اَلْكِتَابِ اَلْعَرَبِيِّ وَالْخَزَفِ اَلْعَرَبِيِّ وَالْمُنَمْنَمَاتِ وَغَيْرِهَا مِنْ اَلْفُنُونِ مُشَدِّدًا عَلَى أَنَّ ذلِكَ كَفِيلٌ بِتَأْسِيسِ هُوِيَّةٍ خَاصَّةٍ لِلْفَنِّ اَلْعَرَبِيِّ وَالْإِسْلَامِيِّ فِي ظِلِّ عَالَمٍ تَذُوبُ فِيهِ اَلْهُوِيَّاتُ. </text>
			<annotation>
				<ArabicLexical word="وَأَعْرَبَ" lemma="أَعْرَبَ" pos="مصرفة منتظمة" prefix="وَ" root="عرب" pattern="أَفْعَلَ" suffix="" />
				<ArabicLexical word="أَبُو" lemma="أَب" pos="استثناء صرفي" prefix="" root="أبو" pattern="أَبُو" suffix="" />
				<ArabicLexical word="طَالِبٍ" lemma="طَالِب" pos="مصرفة منتظمة" prefix="" root="طلب" pattern="فَاعِل" suffix="" />
				<ArabicLexical word="عَنْ" lemma="عَنْ" pos="جامدة" prefix="" root="عَنْ" pattern="عَنْ" suffix="" />
				<ArabicLexical word="أَمَلِهِ" lemma="أَمَل" pos="مصرفة منتظمة" prefix="" root="أمل" pattern="فَعَل" suffix="ه" />
				<ArabicLexical word="فِي" lemma="فِي" pos="جامدة" prefix="" root="فِي" pattern="فِي" suffix="" />
				<ArabicLexical word="إِنْشَاءِ" lemma="إِنْشَاء" pos="مصرفة منتظمة" prefix="" root="نشأ" pattern="إِفْعَال" suffix="" />
				<ArabicLexical word="أَكَادِيمِيَّةٍ" lemma="أَكَادِيمِيّ" pos="معربة" prefix="" root="أَكَادِيمْيَا" pattern="أَكَادِيمِ" suffix="يَّة" />
				<ArabicLexical word="خَاصَّةٍ" lemma="خَاصَّة" pos="مصرفة منتظمة" prefix="" root="خصص" pattern="فَالّ" suffix="ة" />
				<ArabicLexical word="لِلْفُنُونِ" lemma="فَنّ" pos="مصرفة منتظمة" prefix="لِل" root="فنن" pattern="فُعُول" suffix="" />
				<ArabicLexical word="اَلْعَرَبِيَّةِ" lemma="عَرَبِيّ" pos="مصرفة منتظمة" prefix="ال" root="عرب" pattern="فَعَل" suffix="يَّة" />
				<ArabicLexical word="وَالْإِسْلَامِيَّةِ" lemma="إِسْلَامِيّ" pos="مصرفة منتظمة" prefix="وَال" root="سلم" pattern="إِفْعَال" suffix="يَّة" />
				<ArabicLexical word="لِتَدْرِيسِ" lemma="تَدْرِيس" pos="مصرفة منتظمة" prefix="لِ" root="درس" pattern="تَفْعِيل" suffix="" />
				<ArabicLexical word="فُنُونِ" lemma="فَنّ" pos="مصرفة منتظمة" prefix="" root="فنن" pattern="فُعُول" suffix="" />
				<ArabicLexical word="اَلْخَطِّ" lemma="خَطّ" pos="مصرفة منتظمة" prefix="ال" root="خطط" pattern="فَلّ" suffix="" />
				<ArabicLexical word="اَلْعَرَبِيِّ" lemma="عَرَبِيّ" pos="مصرفة منتظمة" prefix="ال" root="عرب" pattern="فَعَل" suffix="يّ" />
				<ArabicLexical word="وَفُنُونِ" lemma="فَنّ" pos="مصرفة منتظمة" prefix="وَ" root="فنن" pattern="فُعُول" suffix="" />
				<ArabicLexical word="تَجْلِيدِ" lemma="تَجْلِيد" pos="مصرفة منتظمة" prefix="" root="جلد" pattern="تَفْعِيل" suffix="" />
				<ArabicLexical word="اَلْكِتَابِ" lemma="كِتَاب" pos="مصرفة منتظمة" prefix="ال" root="كتب" pattern="فِعَال" suffix="" />
				<ArabicLexical word="اَلْعَرَبِيِّ" lemma="عَرَبِيّ" pos="مصرفة منتظمة" prefix="ال" root="عرب" pattern="فَعَل" suffix="يّ" />
				<ArabicLexical word="وَالْخَزَفِ" lemma="خَزَف" pos="مصرفة منتظمة" prefix="وَال" root="خزف" pattern="فَعَل" suffix="" />
				<ArabicLexical word="اَلْعَرَبِيِّ" lemma="عَرَبِيّ" pos="مصرفة منتظمة" prefix="ال" root="عرب" pattern="فَعَل" suffix="يّ" />
				<ArabicLexical word="وَالْمُنَمْنَمَاتِ" lemma="مُنَمْنَم" pos="مصرفة منتظمة" prefix="وَال" root="نمنم" pattern="مُفَعْلَل" suffix="ات" />
				<ArabicLexical word="وَغَيْرِهَا" lemma="غَيْر" pos="مصرفة منتظمة" prefix="وَ" root="غير" pattern="فَعْل" suffix="هَا" />
				<ArabicLexical word="مِنْ" lemma="مِنْ" pos="جامدة" prefix="" root="مِنْ" pattern="مِنْ" suffix="" />
				<ArabicLexical word="اَلْفُنُونِ" lemma="فَنّ" pos="مصرفة منتظمة" prefix="ال" root="فنن" pattern="فُعُول" suffix="" />
				<ArabicLexical word="مُشَدِّدًا" lemma="مُشَدِّد" pos="مصرفة منتظمة" prefix="" root="شدد" pattern="مُفَعِّل" suffix="" />
				<ArabicLexical word="عَلَى" lemma="عَلَى" pos="جامدة" prefix="" root="عَلَى" pattern="عَلَى" suffix="" />
				<ArabicLexical word="أَنَّ" lemma="أَنَّ" pos="جامدة" prefix="" root="أَنَّ" pattern="أَنَّ" suffix="" />
				<ArabicLexical word="ذلِكَ" lemma="ذَا" pos="جامدة" prefix="" root="ذَا" pattern="ذلِ" suffix="كَ" />
				<ArabicLexical word="كَفِيلٌ" lemma="كَفِيل" pos="مصرفة منتظمة" prefix="" root="كفل" pattern="فَعِيل" suffix="" />
				<ArabicLexical word="بِتَأْسِيسِ" lemma="تَأْسِيس" pos="مصرفة منتظمة" prefix="بِ" root="أسس" pattern="تَفْعِيل" suffix="" />
				<ArabicLexical word="هُوِيَّةٍ" lemma="هُوِيَّة" pos="جامدة" prefix="" root="هُوَ" pattern="هُوَ" suffix="يَّة" />
				<ArabicLexical word="خَاصَّةٍ" lemma="خَاصّ" pos="مصرفة منتظمة" prefix="" root="خصص" pattern="فَالّ" suffix="ة" />
				<ArabicLexical word="لِلْفَنِّ" lemma="فَنّ" pos="مصرفة منتظمة" prefix="لِل" root="فنن" pattern="فَلّ" suffix="" />
				<ArabicLexical word="اَلْعَرَبِيِّ" lemma="عَرَبِيّ" pos="مصرفة منتظمة" prefix="ال" root="عرب" pattern="فَعَل" suffix="يّ" />
				<ArabicLexical word="وَالْإِسْلَامِيِّ" lemma="إِسْلَامِيّ" pos="مصرفة منتظمة" prefix="وَال" root="سلم" pattern="إِفْعَال" suffix="يّ" />
				<ArabicLexical word="فِي" lemma="فِي" pos="جامدة" prefix="" root="فِي" pattern="فِي" suffix="" />
				<ArabicLexical word="ظِلِّ" lemma="ظِلّ" pos="مصرفة منتظمة" prefix="" root="ظلل" pattern="فِلّ" suffix="" />
				<ArabicLexical word="عَالَمٍ" lemma="عَالَم" pos="استثناء صرفي" prefix="" root="علم" pattern="عَالَم" suffix="" />
				<ArabicLexical word="تَذُوبُ" lemma="ذَابَ" pos="مصرفة منتظمة" prefix="ت" root="ذوب" pattern="فُعل" suffix="" />
				<ArabicLexical word="فِيهِ" lemma="فِي" pos="جامدة" prefix="" root="فِي" pattern="فِي" suffix="ه" />
				<ArabicLexical word="اَلْهُوِيَّاتُ" lemma="هُوِيَّة" pos="جامدة" prefix="ال" root="هُوَ" pattern="هُوَ" suffix="يَّات" />
			</annotation>
		</sentence>
		<sentence id="06294">
			<text>وَحَمَّلَ اَلْفَنَّانُ مُنِيرٌ اَلشَّعْرَانِيُّ جَامِعَةَ اَلدُّوَلِ اَلْعَرَبِيَّةِ مَسْؤُولِيَّةَ قِيَادَةِ اَلْجُهُودِ اَلْهَادِفَةِ إِلَى اَلِارْتِقَاءِ بِالْخَطِّ اَلْعَرَبِيِّ قَائِلًا اَلْجَامِعَةُ اَلْعَرَبِيَّةُ تُنْفِقُ حَالِيًّا مَبَالِغَ طَائِلَةً عَلَى نَشَاطَاتٍ ثَقَافِيَّةٍ لَيْسَ لَهَا أَيُّ أَهَمِّيَّةٍ.. وَعَلَيْهَا أَنْ تَهْتَمَّ أَوَّلًا بِهذَا اَلْفَنِّ اَلْعَرَبِيِّ. </text>
			<annotation>
				<ArabicLexical word="وَحَمَّلَ" lemma="حَمَّلَ" pos="مصرفة منتظمة" prefix="وَ" root="حمل" pattern="فَعَّلَ" suffix="" />
				<ArabicLexical word="اَلْفَنَّانُ" lemma="فَنَّان" pos="مصرفة منتظمة" prefix="ال" root="فنن" pattern="فَعَّال" suffix="" />
				<ArabicLexical word="مُنِيرٌ" lemma="مُنِير" pos="مصرفة منتظمة" prefix="" root="نور" pattern="مُفِعل" suffix="" />
				<ArabicLexical word="اَلشَّعْرَانِيُّ" lemma="شَعْرَانِيّ" pos="مصرفة منتظمة" prefix="ال" root="شعر" pattern="فَعْلَان" suffix="يّ" />
				<ArabicLexical word="جَامِعَةَ" lemma="جَامِعَة" pos="مصرفة منتظمة" prefix="" root="جمع" pattern="فَاعِل" suffix="ة" />
				<ArabicLexical word="اَلدُّوَلِ" lemma="دَوْلَة" pos="مصرفة منتظمة" prefix="ال" root="دول" pattern="فُعَل" suffix="" />
				<ArabicLexical word="اَلْعَرَبِيَّةِ" lemma="عَرَبِيّ" pos="مصرفة منتظمة" prefix="ال" root="عرب" pattern="فَعَل" suffix="يَّة" />
				<ArabicLexical word="مَسْؤُولِيَّةَ" lemma="مَسْؤُولِيَّة" pos="مصرفة منتظمة" prefix="" root="سأل" pattern="مَفْعُول" suffix="يَّة" />
				<ArabicLexical word="قِيَادَةِ" lemma="قِيَادَة" pos="مصرفة منتظمة" prefix="" root="قود" pattern="فِعَال" suffix="ة" />
				<ArabicLexical word="اَلْجُهُودِ" lemma="جُهْد" pos="مصرفة منتظمة" prefix="ال" root="جهد" pattern="فُعُول" suffix="" />
				<ArabicLexical word="اَلْهَادِفَةِ" lemma="هَادِف" pos="مصرفة منتظمة" prefix="ال" root="هدف" pattern="فَاعِل" suffix="ة" />
				<ArabicLexical word="إِلَى" lemma="إِلَى" pos="جامدة" prefix="" root="إِلَى" pattern="إِلَى" suffix="" />
				<ArabicLexical word="اَلِارْتِقَاءِ" lemma="ارْتِقَاء" pos="مصرفة منتظمة" prefix="ال" root="رقي" pattern="اِفْتِعَال" suffix="" />
				<ArabicLexical word="بِالْخَطِّ" lemma="خَطّ" pos="مصرفة منتظمة" prefix="بِال" root="خطط" pattern="فَلّ" suffix="" />
				<ArabicLexical word="اَلْعَرَبِيِّ" lemma="عَرَبِيّ" pos="مصرفة منتظمة" prefix="ال" root="عرب" pattern="فَعَل" suffix="يّ" />
				<ArabicLexical word="قَائِلًا" lemma="قَائِل" pos="مصرفة منتظمة" prefix="" root="قول" pattern="فَاعِل" suffix="" />
				<ArabicLexical word="اَلْجَامِعَةُ" lemma="جَامِعَة" pos="مصرفة منتظمة" prefix="ال" root="جمع" pattern="فَاعِل" suffix="ة" />
				<ArabicLexical word="اَلْعَرَبِيَّةُ" lemma="عَرَبِيّ" pos="مصرفة منتظمة" prefix="ال" root="عرب" pattern="فَعَل" suffix="يَّة" />
				<ArabicLexical word="تُنْفِقُ" lemma="أَنْفَقَ" pos="مصرفة منتظمة" prefix="ت" root="نفق" pattern="أَفْعَلَ" suffix="" />
				<ArabicLexical word="حَالِيًّا" lemma="حَالِيّ" pos="مصرفة منتظمة" prefix="" root="حول" pattern="فَعل" suffix="يّ" />
				<ArabicLexical word="مَبَالِغَ" lemma="مَبْلَغ" pos="مصرفة منتظمة" prefix="" root="بلغ" pattern="مَفَاعِل" suffix="" />
				<ArabicLexical word="طَائِلَةً" lemma="طَائِل" pos="مصرفة منتظمة" prefix="" root="طول" pattern="فَاعِل" suffix="ة" />
				<ArabicLexical word="عَلَى" lemma="عَلَى" pos="جامدة" prefix="" root="عَلَى" pattern="عَلَى" suffix="" />
				<ArabicLexical word="نَشَاطَاتٍ" lemma="نَشَاط" pos="مصرفة منتظمة" prefix="" root="نشط" pattern="فَعَال" suffix="ات" />
				<ArabicLexical word="ثَقَافِيَّةٍ" lemma="ثَقَافِيّ" pos="مصرفة منتظمة" prefix="" root="ثقف" pattern="فَعَال" suffix="يَّة" />
				<ArabicLexical word="لَيْسَ" lemma="لَيْسَ" pos="جامدة" prefix="" root="لَيْسَ" pattern="لَيْسَ" suffix="" />
				<ArabicLexical word="لَهَا" lemma="لِي" pos="جامدة" prefix="" root="لِي" pattern="لَهَا" suffix="" />
				<ArabicLexical word="أَيُّ" lemma="أَيّ" pos="جامدة" prefix="" root="أَيّ" pattern="أَيّ" suffix="" />
				<ArabicLexical word="أَهَمِّيَّةٍ" lemma="أَهَمِّيَّة" pos="مصرفة منتظمة" prefix="" root="همم" pattern="أَفَلّ" suffix="يَّة" />
				<ArabicLexical word="وَعَلَيْهَا" lemma="عَلَى" pos="جامدة" prefix="وَ" root="عَلَى" pattern="عَلَيْ" suffix="هَا" />
				<ArabicLexical word="أَنْ" lemma="أَنْ" pos="جامدة" prefix="" root="أَنْ" pattern="أَنْ" suffix="" />
				<ArabicLexical word="تَهْتَمَّ" lemma="اهْتَمَّ" pos="مصرفة منتظمة" prefix="ت" root="همم" pattern="اِفْتَلَّ" suffix="" />
				<ArabicLexical word="أَوَّلًا" lemma="أَوَّل" pos="استثناء صرفي" prefix="" root="أول" pattern="أَوَّل" suffix="" />
				<ArabicLexical word="بِهذَا" lemma="ذَا" pos="جامدة" prefix="بِ" root="ذَا" pattern="هذَا" suffix="" />
				<ArabicLexical word="اَلْفَنِّ" lemma="فَنّ" pos="مصرفة منتظمة" prefix="ال" root="فنن" pattern="فَلّ" suffix="" />
				<ArabicLexical word="اَلْعَرَبِيِّ" lemma="عَرَبِيّ" pos="مصرفة منتظمة" prefix="ال" root="عرب" pattern="فَعَل" suffix="يّ" />
			</annotation>
		</sentence>
		<sentence id="06295">
			<text>وَافْتُتِحَ اَلْمَعْرِضُ اَلِاثْنَيْنِ اَلْمَاضِيَ بِقَصْرِ اَلْفُنُونِ بِأَرْضِ اَلْأُوبِرَا بِالْقَاهِرَةِ، وَيَسْتَمِرُّ حَتَّى اَلْعِشْرِينَ مِنْ شَهْرِ أُغُسْطُسَ اَلْجَارِي. وَيَضُمُّ اَلْمَعْرِضُ 503 أَعْمَالٍ مِنْ إِبْدَاعِ 142 فَنَّانًا بَيْنَهَا 80 عَمَلًا مِنْ خَبِيئَةِ رُوَّادِ فَنِّ اَلْخَطِّ اَلْعَرَبِيِّ اَلَّتِي عُثِرَ عَلَيْهَا بِوِكَالَةِ اَلْغُورِيِّ بِالْقَاهِرَةِ، وَيَرْجِعُ تَارِيخُهَا إِلَى مَا بَيْنَ عَامِ 1558 وَعَامِ 1916 بِالْإِضَافَةِ إِلَى 29 عَمَلًا نَادِرًا مِنْ مُقْتَنَيَاتِ مَتْحَفِ اَلْجَزِيرَةِ</text>
			<annotation>
				<ArabicLexical word="وَافْتُتِحَ" lemma="افْتَتَحَ" pos="مصرفة منتظمة" prefix="وَ" root="فتح" pattern="اِفْتُعِلَ" suffix="" />
				<ArabicLexical word="اَلْمَعْرِضُ" lemma="مَعْرِض" pos="مصرفة منتظمة" prefix="ال" root="عرض" pattern="مَفْعِل" suffix="" />
				<ArabicLexical word="اَلِاثْنَيْنِ" lemma="اثْنَيْن" pos="استثناء صرفي" prefix="ال" root="ثني" pattern="اِثْن" suffix="يْنِ" />
				<ArabicLexical word="اَلْمَاضِيَ" lemma="مَاضٍ" pos="مصرفة منتظمة" prefix="ال" root="مضي" pattern="فَاعِل" suffix="" />
				<ArabicLexical word="بِقَصْرِ" lemma="قَصْر" pos="مصرفة منتظمة" prefix="بِ" root="قصر" pattern="فَعْل" suffix="" />
				<ArabicLexical word="اَلْفُنُونِ" lemma="فَنّ" pos="مصرفة منتظمة" prefix="ال" root="فنن" pattern="فُعُول" suffix="" />
				<ArabicLexical word="بِأَرْضِ" lemma="أَرْض" pos="مصرفة منتظمة" prefix="بِ" root="أرض" pattern="فَعْل" suffix="" />
				<ArabicLexical word="اَلْأُوبِرَا" lemma="أُوبِرَا" pos="غير عربية" prefix="" root="" pattern="" suffix="" />
				<ArabicLexical word="بِالْقَاهِرَةِ" lemma="قَاهِرَة" pos="مصرفة منتظمة" prefix="بِال" root="قهر" pattern="فَاعِل" suffix="ة" />
				<ArabicLexical word="وَيَسْتَمِرُّ" lemma="اسْتَمَرَّ" pos="مصرفة منتظمة" prefix="وَي" root="مرر" pattern="اِسْتَفَلَّ" suffix="" />
				<ArabicLexical word="حَتَّى" lemma="حَتَّى" pos="جامدة" prefix="" root="حَتَّى" pattern="حَتَّى" suffix="" />
				<ArabicLexical word="اَلْعِشْرِينَ" lemma="عِشْرِين" pos="استثناء صرفي" prefix="ال" root="عشر" pattern="عِشْر" suffix="ينَ" />
				<ArabicLexical word="مِنْ" lemma="مِنْ" pos="جامدة" prefix="" root="مِنْ" pattern="مِنْ" suffix="" />
				<ArabicLexical word="شَهْرِ" lemma="شَهْر" pos="مصرفة منتظمة" prefix="" root="شهر" pattern="فَعْل" suffix="" />
				<ArabicLexical word="أُغُسْطُسَ" lemma="أُغُسْطُس" pos="معربة" prefix="" root="أُغُسْطُس" pattern="أُغُسْطُس" suffix="" />
				<ArabicLexical word="اَلْجَارِي" lemma="جَارِيّ" pos="مصرفة منتظمة" prefix="ال" root="جري" pattern="فَاعِل" suffix="" />
				<ArabicLexical word="وَيَضُمُّ" lemma="ضَمَّ" pos="مصرفة منتظمة" prefix="وَي" root="ضمم" pattern="فُلّ" suffix="" />
				<ArabicLexical word="اَلْمَعْرِضُ" lemma="مَعْرِض" pos="مصرفة منتظمة" prefix="ال" root="عرض" pattern="مَفْعِل" suffix="" />
				<ArabicLexical word="أَعْمَالٍ" lemma="عَمَل" pos="مصرفة منتظمة" prefix="" root="عمل" pattern="أَفْعَال" suffix="" />
				<ArabicLexical word="مِنْ" lemma="مِنْ" pos="جامدة" prefix="" root="مِنْ" pattern="مِنْ" suffix="" />
				<ArabicLexical word="إِبْدَاعِ" lemma="إِبْدَاع" pos="مصرفة منتظمة" prefix="" root="بدع" pattern="إِفْعَال" suffix="" />
				<ArabicLexical word="فَنَّانًا" lemma="فَنَّان" pos="مصرفة منتظمة" prefix="" root="فنن" pattern="فَعَّال" suffix="" />
				<ArabicLexical word="بَيْنَهَا" lemma="بَيْنَ" pos="مصرفة منتظمة" prefix="" root="بين" pattern="فَعْل" suffix="هَا" />
				<ArabicLexical word="عَمَلًا" lemma="عَمَل" pos="مصرفة منتظمة" prefix="" root="عمل" pattern="فَعَل" suffix="" />
				<ArabicLexical word="مِنْ" lemma="مِنْ" pos="جامدة" prefix="" root="مِنْ" pattern="مِنْ" suffix="" />
				<ArabicLexical word="خَبِيئَةِ" lemma="خَبِيء" pos="مصرفة منتظمة" prefix="" root="خبأ" pattern="فَعِيل" suffix="ة" />
				<ArabicLexical word="رُوَّادِ" lemma="رَائِد" pos="مصرفة منتظمة" prefix="" root="رود" pattern="فُعَّال" suffix="" />
				<ArabicLexical word="فَنِّ" lemma="فَنّ" pos="مصرفة منتظمة" prefix="" root="فنن" pattern="فَلّ" suffix="" />
				<ArabicLexical word="اَلْخَطِّ" lemma="خَطّ" pos="مصرفة منتظمة" prefix="ال" root="خطط" pattern="فَلّ" suffix="" />
				<ArabicLexical word="اَلْعَرَبِيِّ" lemma="عَرَبِيّ" pos="مصرفة منتظمة" prefix="ال" root="عرب" pattern="فَعَل" suffix="يّ" />
				<ArabicLexical word="اَلَّتِي" lemma="اَلَّذِي" pos="جامدة" prefix="ال" root="اَلَّذِي" pattern="لَتِي" suffix="" />
				<ArabicLexical word="عُثِرَ" lemma="عَثَرَ" pos="مصرفة منتظمة" prefix="" root="عثر" pattern="فُعِلَ" suffix="" />
				<ArabicLexical word="عَلَيْهَا" lemma="عَلَى" pos="جامدة" prefix="" root="عَلَى" pattern="عَلَيْ" suffix="هَا" />
				<ArabicLexical word="بِوِكَالَةِ" lemma="وِكَالَة" pos="مصرفة منتظمة" prefix="بِ" root="وكل" pattern="فِعَال" suffix="ة" />
				<ArabicLexical word="اَلْغُورِيِّ" lemma="-" pos="مصرفة منتظمة" prefix="ال" root="غور" pattern="فُعل" suffix="يّ" />
				<ArabicLexical word="بِالْقَاهِرَةِ" lemma="قَاهِرَة" pos="مصرفة منتظمة" prefix="بِال" root="قهر" pattern="فَاعِل" suffix="ة" />
				<ArabicLexical word="وَيَرْجِعُ" lemma="رَجَعَ" pos="مصرفة منتظمة" prefix="وَي" root="رجع" pattern="فْعِل" suffix="" />
				<ArabicLexical word="تَارِيخُهَا" lemma="تَارِيخ" pos="استثناء صرفي" prefix="" root="أرخ" pattern="تَارِيخ" suffix="هَا" />
				<ArabicLexical word="إِلَى" lemma="إِلَى" pos="جامدة" prefix="" root="إِلَى" pattern="إِلَى" suffix="" />
				<ArabicLexical word="مَا" lemma="مَا" pos="جامدة" prefix="" root="اَلَّذِي" pattern="مَا" suffix="" />
				<ArabicLexical word="بَيْنَ" lemma="بَيْنَ" pos="مصرفة منتظمة" prefix="" root="بين" pattern="فَعْل" suffix="" />
				<ArabicLexical word="عَامِ" lemma="عَام" pos="مصرفة منتظمة" prefix="" root="عوم" pattern="فَعل" suffix="" />
				<ArabicLexical word="وَعَامِ" lemma="عَام" pos="مصرفة منتظمة" prefix="وَ" root="عوم" pattern="فَعل" suffix="" />
				<ArabicLexical word="بِالْإِضَافَةِ" lemma="إِضَافَة" pos="مصرفة منتظمة" prefix="بِال" root="ضيف" pattern="إِفَعالَ" suffix="ة" />
				<ArabicLexical word="إِلَى" lemma="إِلَى" pos="جامدة" prefix="" root="إِلَى" pattern="إِلَى" suffix="" />
				<ArabicLexical word="عَمَلًا" lemma="عَمَل" pos="مصرفة منتظمة" prefix="" root="عمل" pattern="فَعَل" suffix="" />
				<ArabicLexical word="نَادِرًا" lemma="نَادِر" pos="مصرفة منتظمة" prefix="" root="ندر" pattern="فَاعِل" suffix="" />
				<ArabicLexical word="مِنْ" lemma="مِنْ" pos="جامدة" prefix="" root="مِنْ" pattern="مِنْ" suffix="" />
				<ArabicLexical word="مُقْتَنَيَاتِ" lemma="مُقْتَنَاة" pos="مصرفة منتظمة" prefix="" root="قني" pattern="مُفْتَعَل" suffix="ات" />
				<ArabicLexical word="مَتْحَفِ" lemma="مَتْحَف" pos="مصرفة منتظمة" prefix="" root="تحف" pattern="مَفْعَل" suffix="" />
				<ArabicLexical word="اَلْجَزِيرَةِ" lemma="جَزِيرَة" pos="مصرفة منتظمة" prefix="ال" root="جزر" pattern="فَعِيل" suffix="ة" />
			</annotation>
		</sentence>
	</FILE>
	</NEMLAR>