<NEMLAR><FILE name="GeneralNews" number="079">
		<sentence id="07283">
			<text>?بَنَاتُ اَلْخَلِيجِ.. يَكْشِفْنَ أَسْرَارَهُ</text>
			<annotation>
				<ArabicLexical word="بَنَاتُ" lemma="ابْن" pos="استثناء صرفي" prefix="" root="بنو" pattern="بَنَ" suffix="ات" />
				<ArabicLexical word="اَلْخَلِيجِ" lemma="خَلِيج" pos="مصرفة منتظمة" prefix="ال" root="خلج" pattern="فَعِيل" suffix="" />
				<ArabicLexical word="يَكْشِفْنَ" lemma="كَشَفَ" pos="مصرفة منتظمة" prefix="ي" root="كشف" pattern="فْعِل" suffix="نَ" />
				<ArabicLexical word="أَسْرَارَهُ" lemma="سِرّ" pos="مصرفة منتظمة" prefix="" root="سرر" pattern="أَفْعَال" suffix="ه" />
			</annotation>
		</sentence>
		<sentence id="07284">
			<text>اَلدَّوْحَةُ- حُسَامُ اَلدِّينِ اَلسَّيِّدُ- إِسْلَامُ أُونْ لَايْنْ.نِتْ/1-4-2001</text>
			<annotation>
				<ArabicLexical word="اَلدَّوْحَةُ" lemma="دَوْحَة" pos="مصرفة منتظمة" prefix="ال" root="دوح" pattern="فَعْل" suffix="ة" />
				<ArabicLexical word="حُسَامُ" lemma="حُسَام" pos="مصرفة منتظمة" prefix="" root="حسم" pattern="فُعَال" suffix="" />
				<ArabicLexical word="اَلدِّينِ" lemma="دِين" pos="مصرفة منتظمة" prefix="ال" root="دين" pattern="فِعل" suffix="" />
				<ArabicLexical word="اَلسَّيِّدُ" lemma="سَيِّد" pos="مصرفة منتظمة" prefix="ال" root="سود" pattern="فَعِّل" suffix="" />
				<ArabicLexical word="إِسْلَامُ" lemma="إِسْلَام" pos="مصرفة منتظمة" prefix="" root="سلم" pattern="إِفْعَال" suffix="" />
				<ArabicLexical word="أُونْ" lemma="أُونْ" pos="غير عربية" prefix="" root="" pattern="" suffix="" />
				<ArabicLexical word="لَايْنْ" lemma="+" pos="غير عربية" prefix="" root="" pattern="" suffix="" />
				<ArabicLexical word="نِتْ" lemma="نِت" pos="غير عربية" prefix="" root="" pattern="" suffix="" />
			</annotation>
		</sentence>
		<sentence id="07285">
			<text>رَفَضَتْ رِحَابُ أَنْ يَلْتَقِطَ لَهَا أَيٌّ مِنْ اَلْمُصَوِّرِينَ اَلْحَاضِرِينَ صُورَةً فُوتُوغِرَافِيَّةً، لكِنَّهَا عَلَى كُلِّ حَالٍ كَانَتْ أَشْجَعَ قَلِيلًا مِنْ رَفِيقَاتِهَا اَلثَّلَاثِ اَلْأُخْرَيَاتِ، حَيْثُ تَوَسَّطَتْ قَاعَةَ اَلْعَرْضِ لِتُجِيبَ عَلَى أَسْئِلَةِ اَلْجُمْهُورِ اَلَّذِي اِحْتَشَدَ لِمُشَاهَدَةِ أَفْلَامِ اَلْمُخْرِجَاتِ اَلْإِمَارَاتِيَّاتِ اَلْأَرْبَعَةِ، اَللَّاتِي حَضَرْنَ لِعَرْضِهَا فِي اَلْعَاصِمَةِ اَلْقَطَرِيَّةِ اَلدَّوْحَةِ فِي شَهْرِ مَارِسَ اَلْمَاضِي لِأَوَّلِ مَرَّةٍ.</text>
			<annotation>
				<ArabicLexical word="رَفَضَتْ" lemma="رَفَضَ" pos="مصرفة منتظمة" prefix="" root="رفض" pattern="فَعَلَ" suffix="تْ" />
				<ArabicLexical word="رِحَابُ" lemma="رَحْب" pos="مصرفة منتظمة" prefix="" root="رحب" pattern="فِعَال" suffix="" />
				<ArabicLexical word="أَنْ" lemma="أَنْ" pos="جامدة" prefix="" root="أَنْ" pattern="أَنْ" suffix="" />
				<ArabicLexical word="يَلْتَقِطَ" lemma="الْتَقَطَ" pos="مصرفة منتظمة" prefix="ي" root="لقط" pattern="اِفْتَعَلَ" suffix="" />
				<ArabicLexical word="لَهَا" lemma="لِي" pos="جامدة" prefix="" root="لِي" pattern="لَهَا" suffix="" />
				<ArabicLexical word="أَيٌّ" lemma="أَيّ" pos="جامدة" prefix="" root="أَيّ" pattern="أَيّ" suffix="" />
				<ArabicLexical word="مِنْ" lemma="مِنْ" pos="جامدة" prefix="" root="مِنْ" pattern="مِنْ" suffix="" />
				<ArabicLexical word="اَلْمُصَوِّرِينَ" lemma="مُصَوِّر" pos="مصرفة منتظمة" prefix="ال" root="صور" pattern="مُفَعِّل" suffix="ينَ" />
				<ArabicLexical word="اَلْحَاضِرِينَ" lemma="حَاضِر" pos="مصرفة منتظمة" prefix="ال" root="حضر" pattern="فَاعِل" suffix="ينَ" />
				<ArabicLexical word="صُورَةً" lemma="صُورَة" pos="مصرفة منتظمة" prefix="" root="صور" pattern="فُعل" suffix="ة" />
				<ArabicLexical word="فُوتُوغْرَافِيَّةً" lemma="فُوتُوغْرَافِيّ" pos="غير عربية" prefix="" root="" pattern="" suffix="" />
				<ArabicLexical word="لكِنَّهَا" lemma="لَكِنَّ" pos="جامدة" prefix="" root="لكِنَّ" pattern="لكِنَّ" suffix="هَا" />
				<ArabicLexical word="عَلَى" lemma="عَلَى" pos="جامدة" prefix="" root="عَلَى" pattern="عَلَى" suffix="" />
				<ArabicLexical word="كُلِّ" lemma="كُلّ" pos="جامدة" prefix="" root="كُلّ" pattern="كُلّ" suffix="" />
				<ArabicLexical word="حَالٍ" lemma="حَال" pos="مصرفة منتظمة" prefix="" root="حول" pattern="فَعل" suffix="" />
				<ArabicLexical word="كَانَتْ" lemma="كَانَ" pos="مصرفة منتظمة" prefix="" root="كون" pattern="فَعلَ" suffix="تْ" />
				<ArabicLexical word="أَشْجَعَ" lemma="أَشْجَع" pos="مصرفة منتظمة" prefix="" root="شجع" pattern="أَفْعَل" suffix="" />
				<ArabicLexical word="قَلِيلًا" lemma="قَلِيل" pos="مصرفة منتظمة" prefix="" root="قلل" pattern="فَعِيل" suffix="" />
				<ArabicLexical word="مِنْ" lemma="مِنْ" pos="جامدة" prefix="" root="مِنْ" pattern="مِنْ" suffix="" />
				<ArabicLexical word="رَفِيقَاتِهَا" lemma="رَفِيق" pos="مصرفة منتظمة" prefix="" root="رفق" pattern="فَعِيل" suffix="اتهَا" />
				<ArabicLexical word="اَلثَّلَاثِ" lemma="ثَلَاث" pos="مصرفة منتظمة" prefix="ال" root="ثلث" pattern="فَعَال" suffix="" />
				<ArabicLexical word="اَلْأُخْرَيَاتِ" lemma="أُخْرَى" pos="مصرفة منتظمة" prefix="ال" root="أخر" pattern="فُعْلَى" suffix="ات" />
				<ArabicLexical word="حَيْثُ" lemma="حَيْثُ" pos="جامدة" prefix="" root="حَيْثُ" pattern="حَيْثُ" suffix="" />
				<ArabicLexical word="تَوَسَّطَتْ" lemma="تَوَسَّطَ" pos="مصرفة منتظمة" prefix="" root="وسط" pattern="تَفَعَّلَ" suffix="تْ" />
				<ArabicLexical word="قَاعَةَ" lemma="قَاعَة" pos="مصرفة منتظمة" prefix="" root="قوع" pattern="فَعل" suffix="ة" />
				<ArabicLexical word="اَلْعَرْضِ" lemma="عَرْض" pos="مصرفة منتظمة" prefix="ال" root="عرض" pattern="فَعْل" suffix="" />
				<ArabicLexical word="لِتُجِيبَ" lemma="أَجَابَ" pos="مصرفة منتظمة" prefix="لِت" root="جوب" pattern="أَفِعلَ" suffix="" />
				<ArabicLexical word="عَلَى" lemma="عَلَى" pos="جامدة" prefix="" root="عَلَى" pattern="عَلَى" suffix="" />
				<ArabicLexical word="أَسْئِلَةِ" lemma="سُؤَال" pos="مصرفة منتظمة" prefix="" root="سأل" pattern="أَفْعِلَ" suffix="ة" />
				<ArabicLexical word="اَلْجُمْهُورِ" lemma="جُمْهُور" pos="مصرفة منتظمة" prefix="ال" root="جمهر" pattern="فُعْلُول" suffix="" />
				<ArabicLexical word="اَلَّذِي" lemma="اَلَّذِي" pos="جامدة" prefix="ال" root="اَلَّذِي" pattern="لَذِي" suffix="" />
				<ArabicLexical word="اِحْتَشَدَ" lemma="احْتَشَدَ" pos="مصرفة منتظمة" prefix="" root="حشد" pattern="اِفْتَعَلَ" suffix="" />
				<ArabicLexical word="لِمُشَاهَدَةِ" lemma="مُشَاهَدَة" pos="مصرفة منتظمة" prefix="لِ" root="شهد" pattern="مُفَاعَل" suffix="ة" />
				<ArabicLexical word="أَفْلَامِ" lemma="فِيلْم" pos="معربة" prefix="" root="فِيلْم" pattern="أَفْلَام" suffix="" />
				<ArabicLexical word="اَلْمُخْرِجَاتِ" lemma="مُخْرِج" pos="مصرفة منتظمة" prefix="ال" root="خرج" pattern="مُفْعِل" suffix="ات" />
				<ArabicLexical word="اَلْإِمَارَاتِيَّاتِ" lemma="إِمَارَاتِيّ" pos="غير عربية" prefix="" root="" pattern="" suffix="" />
				<ArabicLexical word="اَلْأَرْبَعَةِ" lemma="أَرْبَع" pos="استثناء صرفي" prefix="ال" root="ربع" pattern="أَرْبَع" suffix="ة" />
				<ArabicLexical word="اَللَّاتِي" lemma="اَلَّذِي" pos="جامدة" prefix="ال" root="اَلَّذِي" pattern="لَاتِي" suffix="" />
				<ArabicLexical word="حَضَرْنَ" lemma="حَضَرَ" pos="مصرفة منتظمة" prefix="" root="حضر" pattern="فَعَلَ" suffix="نَ" />
				<ArabicLexical word="لِعَرْضِهَا" lemma="عَرْض" pos="مصرفة منتظمة" prefix="لِ" root="عرض" pattern="فَعْل" suffix="هَا" />
				<ArabicLexical word="فِي" lemma="فِي" pos="جامدة" prefix="" root="فِي" pattern="فِي" suffix="" />
				<ArabicLexical word="اَلْعَاصِمَةِ" lemma="عَاصِمَة" pos="مصرفة منتظمة" prefix="ال" root="عصم" pattern="فَاعِل" suffix="ة" />
				<ArabicLexical word="اَلْقَطَرِيَّةِ" lemma="قَطَرِيّ" pos="غير عربية" prefix="" root="" pattern="" suffix="" />
				<ArabicLexical word="اَلدَّوْحَةِ" lemma="دَوْحَة" pos="مصرفة منتظمة" prefix="ال" root="دوح" pattern="فَعْل" suffix="ة" />
				<ArabicLexical word="فِي" lemma="فِي" pos="جامدة" prefix="" root="فِي" pattern="فِي" suffix="" />
				<ArabicLexical word="شَهْرِ" lemma="شَهْر" pos="مصرفة منتظمة" prefix="" root="شهر" pattern="فَعْل" suffix="" />
				<ArabicLexical word="مَارِسَ" lemma="مَارِس" pos="معربة" prefix="" root="مَارِس" pattern="مَارِس" suffix="" />
				<ArabicLexical word="اَلْمَاضِي" lemma="مَاضٍ" pos="مصرفة منتظمة" prefix="ال" root="مضي" pattern="فَاعِل" suffix="" />
				<ArabicLexical word="لِأَوَّلِ" lemma="أَوَّل" pos="استثناء صرفي" prefix="لِ" root="أول" pattern="أَوَّل" suffix="" />
				<ArabicLexical word="مَرَّةٍ" lemma="مَرَّة" pos="مصرفة منتظمة" prefix="" root="مرر" pattern="فَلّ" suffix="ة" />
			</annotation>
		</sentence>
		<sentence id="07286">
			<text>اِسْتَطَاعَتْ اَلْمُخْرِجَاتُ اَلشَّابَّاتُ أَنْ يَنْفُذْنَ مُبَاشَرَةً مِنْ خِلَالِ أَفْلَامِهِنَّ لِمُشْكِلَاتِ اَلْمُجْتَمَعِ اَلْخَلِيجِيِّ، وَيَفْتَحْنَ خِزَانَةَ أَسْرَارِهِ عَلَى اَلْمَلَأِ؛ فَفِي فِيلْمِ اَلزَّوْجَةُ أَوْ اَلسَّيَّارَةُ تَتَعَرَّضُ اَلْمُخْرِجَةُ لِمُشْكِلَةِ اَلِاهْتِمَامَاتِ اَلْمُخْتَلِفَةِ اَلَّتِي تَظْهَرُ أَحْيَانًا فِي اَلْمُجْتَمَعِ نَتِيجَةَ اَلْفَرَاغِ وَالثَّرَاءِ: اَلزَّوْجُ مُولَعٌ بِالسَّيَّارَاتِ اَلسَّرِيعَةِ مِثْلِ اَلْفِيرَارِي وَالْبُورْشْ، يُعْطِي كُلَّ وَقْتِهِ وَاهْتِمَامِهِ لِسَيَّارَتِهِ، يَغْسِلُهَا وَيُجَفِّفُهَا وَيَتَفَحَّصُهَا بِاسْتِمْرَارٍ، وَالْبَقِيَّةُ اَلْأُخْرَى مِنْ وَقْتِهِ تَذْهَبُ فِي اَلتَّجَوُّلِ عَلَى غَيْرِ هُدَى بِسَيَّارَتِهِ فِي اَلشَّوَارِعِ اَلْفَارِغَةِ، وَالِانْتِظَارِ أَمَامَ اَلْمُولْ لِتَبْتَسِمَ لَهُ اَلْفَتَيَاتُ اَلْمُعْجَبَاتُ.. بِسَيَّارَتِهِ طَبْعًا، تَحْتَجُّ اَلزَّوْجَةُ وَتَغَارُ مِنْ اَلسَّيَّارَةِ، تَتَصَاعَدُ اَلْمَشَاكِلُ بَيْنَهُمَا، لَمْ يَكُنْ هُنَاكَ مَفَرٌّ مِنْ اَلْمُوَاجَهَةِ وَالِاخْتِيَارِ: إِمَّا أَنَا أَوْ اَلسَّيَّارَةُ.. صَرَخَتْ اَلزَّوْجَةُ، وَصَمَتَ اَلزَّوْجُ وَتَوَجَّهَ مُبَاشَرَةً نَحْوَ اَلْبَابِ خَارِجًا، وَعَلَى طَرِيقَةِ اَلْأَفْلَامِ اَلْإِيطَالِيَّةِ اَلْهَزْلِيَّةِ اَلْمَعْرُوفَةِ بِاسْمِ أَفْلَامِ اَلْإِسْبَاجِيتِي تَضَعُ اَلْمُخْرِجَةُ مَشْهَدَ اَلنِّهَايَةِ.. اَلزَّوْجُ يُقَرِّرُ حَسْمَ اَلصِّرَاعِ (اَلِاخْتِيَارَ) يَتَوَجَّهُ مُبَاشَرَةً لِأَقْرَبِ وِكَالَةٍ لِبَيْعِ سَيَّارَتِهِ.. وَيَشْتَرِي أُخْرَى جَدِيدَةً!!</text>
			<annotation>
				<ArabicLexical word="اِسْتَطَاعَتْ" lemma="اسْتَطَاعَ" pos="مصرفة منتظمة" prefix="" root="طوع" pattern="اِسْتَفَعلَ" suffix="تْ" />
				<ArabicLexical word="اَلْمُخْرِجَاتُ" lemma="مُخْرِج" pos="مصرفة منتظمة" prefix="ال" root="خرج" pattern="مُفْعِل" suffix="ات" />
				<ArabicLexical word="اَلشَّابَّاتُ" lemma="شَابّ" pos="مصرفة منتظمة" prefix="ال" root="شبب" pattern="فَالّ" suffix="ات" />
				<ArabicLexical word="أَنْ" lemma="أَنْ" pos="جامدة" prefix="" root="أَنْ" pattern="أَنْ" suffix="" />
				<ArabicLexical word="يَنْفُذْنَ" lemma="نَفَذَ" pos="مصرفة منتظمة" prefix="ي" root="نفذ" pattern="فْعُل" suffix="نَ" />
				<ArabicLexical word="مُبَاشَرَةً" lemma="مُبَاشَرَة" pos="مصرفة منتظمة" prefix="" root="بشر" pattern="مُفَاعَل" suffix="ة" />
				<ArabicLexical word="مِنْ" lemma="مِنْ" pos="جامدة" prefix="" root="مِنْ" pattern="مِنْ" suffix="" />
				<ArabicLexical word="خِلَالِ" lemma="خِلَال" pos="مصرفة منتظمة" prefix="" root="خلل" pattern="فِعَال" suffix="" />
				<ArabicLexical word="أَفْلَامِهِنَّ" lemma="فِيلْم" pos="معربة" prefix="" root="فِيلْم" pattern="أَفْلَام" suffix="هنَّ" />
				<ArabicLexical word="لِمُشْكِلَاتِ" lemma="مُشْكِل" pos="مصرفة منتظمة" prefix="لِ" root="شكل" pattern="مُفْعِل" suffix="ات" />
				<ArabicLexical word="اَلْمُجْتَمَعِ" lemma="مُجْتَمَع" pos="مصرفة منتظمة" prefix="ال" root="جمع" pattern="مُفْتَعَل" suffix="" />
				<ArabicLexical word="اَلْخَلِيجِيِّ" lemma="خَلِيجِيّ" pos="مصرفة منتظمة" prefix="ال" root="خلج" pattern="فَعِيل" suffix="يّ" />
				<ArabicLexical word="وَيَفْتَحْنَ" lemma="فَتَحَ" pos="مصرفة منتظمة" prefix="وَي" root="فتح" pattern="فْعَل" suffix="نَ" />
				<ArabicLexical word="خِزَانَةَ" lemma="خِزَانَة" pos="مصرفة منتظمة" prefix="" root="خزن" pattern="فِعَال" suffix="ة" />
				<ArabicLexical word="أَسْرَارِهِ" lemma="سِرّ" pos="مصرفة منتظمة" prefix="" root="سرر" pattern="أَفْعَال" suffix="ه" />
				<ArabicLexical word="عَلَى" lemma="عَلَى" pos="جامدة" prefix="" root="عَلَى" pattern="عَلَى" suffix="" />
				<ArabicLexical word="اَلْمَلَأِ" lemma="مَلَأ" pos="مصرفة منتظمة" prefix="ال" root="ملأ" pattern="فَعَل" suffix="" />
				<ArabicLexical word="فَفِي" lemma="فِي" pos="جامدة" prefix="فَ" root="فِي" pattern="فِي" suffix="" />
				<ArabicLexical word="فِيلْمِ" lemma="فِيلْم" pos="معربة" prefix="" root="فِيلْم" pattern="فِيلْم" suffix="" />
				<ArabicLexical word="اَلزَّوْجَةُ" lemma="زَوْج" pos="مصرفة منتظمة" prefix="ال" root="زوج" pattern="فَعْل" suffix="ة" />
				<ArabicLexical word="أَوْ" lemma="أَوْ" pos="جامدة" prefix="" root="أَوْ" pattern="أَوْ" suffix="" />
				<ArabicLexical word="اَلسَّيَّارَةُ" lemma="سَيَّارَة" pos="مصرفة منتظمة" prefix="ال" root="سير" pattern="فَعَّال" suffix="ة" />
				<ArabicLexical word="تَتَعَرَّضُ" lemma="تَعَرَّضَ" pos="مصرفة منتظمة" prefix="ت" root="عرض" pattern="تَفَعَّلَ" suffix="" />
				<ArabicLexical word="اَلْمُخْرِجَةُ" lemma="مُخْرِج" pos="مصرفة منتظمة" prefix="ال" root="خرج" pattern="مُفْعِل" suffix="ة" />
				<ArabicLexical word="لِمُشْكِلَةِ" lemma="مُشْكِل" pos="مصرفة منتظمة" prefix="لِ" root="شكل" pattern="مُفْعِل" suffix="ة" />
				<ArabicLexical word="اَلِاهْتِمَامَاتِ" lemma="اهْتِمَام" pos="مصرفة منتظمة" prefix="ال" root="همم" pattern="اِفْتِعَال" suffix="ات" />
				<ArabicLexical word="اَلْمُخْتَلِفَةِ" lemma="مُخْتَلِف" pos="مصرفة منتظمة" prefix="ال" root="خلف" pattern="مُفْتَعِل" suffix="ة" />
				<ArabicLexical word="اَلَّتِي" lemma="اَلَّذِي" pos="جامدة" prefix="ال" root="اَلَّذِي" pattern="لَتِي" suffix="" />
				<ArabicLexical word="تَظْهَرُ" lemma="ظَهَرَ" pos="مصرفة منتظمة" prefix="ت" root="ظهر" pattern="فْعَل" suffix="" />
				<ArabicLexical word="أَحْيَانًا" lemma="حِين" pos="مصرفة منتظمة" prefix="" root="حين" pattern="أَفْعَال" suffix="" />
				<ArabicLexical word="فِي" lemma="فِي" pos="جامدة" prefix="" root="فِي" pattern="فِي" suffix="" />
				<ArabicLexical word="اَلْمُجْتَمَعِ" lemma="مُجْتَمَع" pos="مصرفة منتظمة" prefix="ال" root="جمع" pattern="مُفْتَعَل" suffix="" />
				<ArabicLexical word="نَتِيجَةَ" lemma="نَتِيجَة" pos="مصرفة منتظمة" prefix="" root="نتج" pattern="فَعِيل" suffix="ة" />
				<ArabicLexical word="اَلْفَرَاغِ" lemma="فَرَاغ" pos="مصرفة منتظمة" prefix="ال" root="فرغ" pattern="فَعَال" suffix="" />
				<ArabicLexical word="وَالثَّرَاءِ" lemma="ثَرَاء" pos="مصرفة منتظمة" prefix="وَال" root="ثرو" pattern="فَعَال" suffix="" />
				<ArabicLexical word="اَلزَّوْجُ" lemma="زَوْج" pos="مصرفة منتظمة" prefix="ال" root="زوج" pattern="فَعْل" suffix="" />
				<ArabicLexical word="مُولَعٌ" lemma="مُولَع" pos="مصرفة منتظمة" prefix="" root="ولع" pattern="مُفعَل" suffix="" />
				<ArabicLexical word="بِالسَّيَّارَاتِ" lemma="سَيَّارَة" pos="مصرفة منتظمة" prefix="بِال" root="سير" pattern="فَعَّال" suffix="ات" />
				<ArabicLexical word="اَلسَّرِيعَةِ" lemma="سَرِيع" pos="مصرفة منتظمة" prefix="ال" root="سرع" pattern="فَعِيل" suffix="ة" />
				<ArabicLexical word="مِثْلِ" lemma="مِثْل" pos="مصرفة منتظمة" prefix="" root="مثل" pattern="فِعْل" suffix="" />
				<ArabicLexical word="اَلْفِيرَارِي" lemma="+" pos="غير عربية" prefix="" root="" pattern="" suffix="" />
				<ArabicLexical word="وَالْبُورْشْ" lemma="+" pos="غير عربية" prefix="" root="" pattern="" suffix="" />
				<ArabicLexical word="يُعْطِي" lemma="أَعْطَى" pos="مصرفة منتظمة" prefix="ي" root="عطو" pattern="أَفْعِل" suffix="" />
				<ArabicLexical word="كُلَّ" lemma="كُلّ" pos="جامدة" prefix="" root="كُلّ" pattern="كُلّ" suffix="" />
				<ArabicLexical word="وَقْتِهِ" lemma="وَقْت" pos="مصرفة منتظمة" prefix="" root="وقت" pattern="فَعْل" suffix="ه" />
				<ArabicLexical word="وَاهْتِمَامِهِ" lemma="اهْتِمَام" pos="مصرفة منتظمة" prefix="وَ" root="همم" pattern="اِفْتِعَال" suffix="ه" />
				<ArabicLexical word="لِسَيَّارَتِهِ" lemma="سَيَّارَة" pos="مصرفة منتظمة" prefix="لِ" root="سير" pattern="فَعَّال" suffix="ته" />
				<ArabicLexical word="يَغْسِلُهَا" lemma="غَسَلَ" pos="مصرفة منتظمة" prefix="ي" root="غسل" pattern="فْعِل" suffix="هَا" />
				<ArabicLexical word="وَيُجَفِّفُهَا" lemma="جَفَّفَ" pos="مصرفة منتظمة" prefix="وَي" root="جفف" pattern="فَعَّلَ" suffix="هَا" />
				<ArabicLexical word="وَيَتَفَحَّصُهَا" lemma="تَفَحَّصَ" pos="مصرفة منتظمة" prefix="وَي" root="فحص" pattern="تَفَعَّلَ" suffix="هَا" />
				<ArabicLexical word="بِاسْتِمْرَارٍ" lemma="اسْتِمْرَار" pos="مصرفة منتظمة" prefix="بِ" root="مرر" pattern="اِسْتِفْعَال" suffix="" />
				<ArabicLexical word="وَالْبَقِيَّةُ" lemma="بَقِيَّة" pos="مصرفة منتظمة" prefix="وَال" root="بقي" pattern="فَعِلّ" suffix="ة" />
				<ArabicLexical word="اَلْأُخْرَى" lemma="أُخْرَى" pos="مصرفة منتظمة" prefix="ال" root="أخر" pattern="فُعْلَى" suffix="" />
				<ArabicLexical word="مِنْ" lemma="مِنْ" pos="جامدة" prefix="" root="مِنْ" pattern="مِنْ" suffix="" />
				<ArabicLexical word="وَقْتِهِ" lemma="وَقْت" pos="مصرفة منتظمة" prefix="" root="وقت" pattern="فَعْل" suffix="ه" />
				<ArabicLexical word="تَذْهَبُ" lemma="ذَهَبَ" pos="مصرفة منتظمة" prefix="ت" root="ذهب" pattern="فْعَل" suffix="" />
				<ArabicLexical word="فِي" lemma="فِي" pos="جامدة" prefix="" root="فِي" pattern="فِي" suffix="" />
				<ArabicLexical word="اَلتَّجَوُّلِ" lemma="تَجَوُّل" pos="مصرفة منتظمة" prefix="ال" root="جول" pattern="تَفَعُّل" suffix="" />
				<ArabicLexical word="عَلَى" lemma="عَلَى" pos="جامدة" prefix="" root="عَلَى" pattern="عَلَى" suffix="" />
				<ArabicLexical word="غَيْرِ" lemma="غَيْر" pos="مصرفة منتظمة" prefix="" root="غير" pattern="فَعْل" suffix="" />
				<ArabicLexical word="هُدَى" lemma="هُدًى" pos="مصرفة منتظمة" prefix="" root="هدي" pattern="فُعَل" suffix="" />
				<ArabicLexical word="بِسَيَّارَتِهِ" lemma="سَيَّارَة" pos="مصرفة منتظمة" prefix="بِ" root="سير" pattern="فَعَّال" suffix="ته" />
				<ArabicLexical word="فِي" lemma="فِي" pos="جامدة" prefix="" root="فِي" pattern="فِي" suffix="" />
				<ArabicLexical word="اَلشَّوَارِعِ" lemma="شَارِع" pos="مصرفة منتظمة" prefix="ال" root="شرع" pattern="فَوَاعِل" suffix="" />
				<ArabicLexical word="اَلْفَارِغَةِ" lemma="فَارِغ" pos="مصرفة منتظمة" prefix="ال" root="فرغ" pattern="فَاعِل" suffix="ة" />
				<ArabicLexical word="وَالِانْتِظَارِ" lemma="انْتِظَار" pos="مصرفة منتظمة" prefix="وَال" root="نظر" pattern="اِفْتِعَال" suffix="" />
				<ArabicLexical word="أَمَامَ" lemma="أَمَامَ" pos="مصرفة منتظمة" prefix="" root="أمم" pattern="فَعَال" suffix="" />
				<ArabicLexical word="اَلْمُولْ" lemma="+" pos="غير عربية" prefix="" root="" pattern="" suffix="" />
				<ArabicLexical word="لِتَبْتَسِمَ" lemma="ابْتَسَمَ" pos="مصرفة منتظمة" prefix="لِت" root="بسم" pattern="اِفْتَعَلَ" suffix="" />
				<ArabicLexical word="لَهُ" lemma="لِي" pos="جامدة" prefix="" root="لِي" pattern="لَهُ" suffix="" />
				<ArabicLexical word="اَلْفَتَيَاتُ" lemma="فَتَاة" pos="مصرفة منتظمة" prefix="ال" root="فتي" pattern="فَعَل" suffix="ات" />
				<ArabicLexical word="اَلْمُعْجَبَاتُ" lemma="مُعْجَب" pos="مصرفة منتظمة" prefix="ال" root="عجب" pattern="مُفْعَل" suffix="ات" />
				<ArabicLexical word="بِسَيَّارَتِهِ" lemma="سَيَّارَة" pos="مصرفة منتظمة" prefix="بِ" root="سير" pattern="فَعَّال" suffix="ته" />
				<ArabicLexical word="طَبْعًا" lemma="طَبْع" pos="مصرفة منتظمة" prefix="" root="طبع" pattern="فَعْل" suffix="" />
				<ArabicLexical word="تَحْتَجُّ" lemma="احْتَجَّ" pos="مصرفة منتظمة" prefix="ت" root="حجج" pattern="اِفْتَلَّ" suffix="" />
				<ArabicLexical word="اَلزَّوْجَةُ" lemma="زَوْجَة" pos="مصرفة منتظمة" prefix="ال" root="زوج" pattern="فَعْل" suffix="ة" />
				<ArabicLexical word="وَتَغَارُ" lemma="غَارَ" pos="مصرفة منتظمة" prefix="وَت" root="غير" pattern="فَعل" suffix="" />
				<ArabicLexical word="مِنْ" lemma="مِنْ" pos="جامدة" prefix="" root="مِنْ" pattern="مِنْ" suffix="" />
				<ArabicLexical word="اَلسَّيَّارَةِ" lemma="سَيَّارَة" pos="مصرفة منتظمة" prefix="ال" root="سير" pattern="فَعَّال" suffix="ة" />
				<ArabicLexical word="تَتَصَاعَدُ" lemma="تَصَاعَدَ" pos="مصرفة منتظمة" prefix="ت" root="صعد" pattern="تَفَاعَلَ" suffix="" />
				<ArabicLexical word="اَلْمَشَاكِلُ" lemma="مَشْكَل" pos="مصرفة منتظمة" prefix="ال" root="شكل" pattern="مَفَاعِل" suffix="" />
				<ArabicLexical word="بَيْنَهُمَا" lemma="بَيْنَ" pos="مصرفة منتظمة" prefix="" root="بين" pattern="فَعْل" suffix="همَا" />
				<ArabicLexical word="لَمْ" lemma="لَمْ" pos="جامدة" prefix="" root="لَمْ" pattern="لَمْ" suffix="" />
				<ArabicLexical word="يَكُنْ" lemma="كَانَ" pos="مصرفة منتظمة" prefix="ي" root="كون" pattern="فُعلْ" suffix="" />
				<ArabicLexical word="هُنَاكَ" lemma="هُنَا" pos="جامدة" prefix="" root="هُنَا" pattern="هُنَاكَ" suffix="" />
				<ArabicLexical word="مَفَرٌّ" lemma="مَفَرّ" pos="مصرفة منتظمة" prefix="" root="فرر" pattern="مَفَلّ" suffix="" />
				<ArabicLexical word="مِنْ" lemma="مِنْ" pos="جامدة" prefix="" root="مِنْ" pattern="مِنْ" suffix="" />
				<ArabicLexical word="اَلْمُوَاجَهَةِ" lemma="مُوَاجَهَة" pos="مصرفة منتظمة" prefix="ال" root="وجه" pattern="مُفَاعَل" suffix="ة" />
				<ArabicLexical word="وَالِاخْتِيَارِ" lemma="اخْتِيَار" pos="مصرفة منتظمة" prefix="وَال" root="خير" pattern="اِفْتِعَال" suffix="" />
				<ArabicLexical word="إِمَّا" lemma="إِنْ" pos="جامدة" prefix="" root="إِنْ" pattern="إِمَّا" suffix="" />
				<ArabicLexical word="أَنَا" lemma="أَنَا" pos="جامدة" prefix="" root="أَنَا" pattern="أَنَا" suffix="" />
				<ArabicLexical word="أَوْ" lemma="أَوْ" pos="جامدة" prefix="" root="أَوْ" pattern="أَوْ" suffix="" />
				<ArabicLexical word="اَلسَّيَّارَةُ" lemma="سَيَّارَة" pos="مصرفة منتظمة" prefix="ال" root="سير" pattern="فَعَّال" suffix="ة" />
				<ArabicLexical word="صَرَخَتْ" lemma="صَرَخَ" pos="مصرفة منتظمة" prefix="" root="صرخ" pattern="فَعَلَ" suffix="تْ" />
				<ArabicLexical word="اَلزَّوْجَةُ" lemma="زَوْجَة" pos="مصرفة منتظمة" prefix="ال" root="زوج" pattern="فَعْل" suffix="ة" />
				<ArabicLexical word="وَصَمَتَ" lemma="صَمَتَ" pos="مصرفة منتظمة" prefix="وَ" root="صمت" pattern="فَعَلَ" suffix="" />
				<ArabicLexical word="اَلزَّوْجُ" lemma="زَوْج" pos="مصرفة منتظمة" prefix="ال" root="زوج" pattern="فَعْل" suffix="" />
				<ArabicLexical word="وَتَوَجَّهَ" lemma="تَوَجَّهَ" pos="مصرفة منتظمة" prefix="وَ" root="وجه" pattern="تَفَعَّلَ" suffix="" />
				<ArabicLexical word="مُبَاشَرَةً" lemma="مُبَاشَرَة" pos="مصرفة منتظمة" prefix="" root="بشر" pattern="مُفَاعَل" suffix="ة" />
				<ArabicLexical word="نَحْوَ" lemma="نَحْو" pos="مصرفة منتظمة" prefix="" root="نحو" pattern="فَعْل" suffix="" />
				<ArabicLexical word="اَلْبَابِ" lemma="بَاب" pos="مصرفة منتظمة" prefix="ال" root="بوب" pattern="فَعل" suffix="" />
				<ArabicLexical word="خَارِجًا" lemma="خَارِج" pos="مصرفة منتظمة" prefix="" root="خرج" pattern="فَاعِل" suffix="" />
				<ArabicLexical word="وَعَلَى" lemma="عَلَى" pos="جامدة" prefix="وَ" root="عَلَى" pattern="عَلَى" suffix="" />
				<ArabicLexical word="طَرِيقَةِ" lemma="طَرِيقَة" pos="مصرفة منتظمة" prefix="" root="طرق" pattern="فَعِيل" suffix="ة" />
				<ArabicLexical word="اَلْأَفْلَامِ" lemma="فِيلْم" pos="معربة" prefix="ال" root="فِيلْم" pattern="أَفْلَام" suffix="" />
				<ArabicLexical word="اَلْإِيطَالِيَّةِ" lemma="إِيطَالِيّ" pos="غير عربية" prefix="" root="" pattern="" suffix="" />
				<ArabicLexical word="اَلْهَزْلِيَّةِ" lemma="هَزْلِيّ" pos="مصرفة منتظمة" prefix="ال" root="هزل" pattern="فَعْل" suffix="يَّة" />
				<ArabicLexical word="اَلْمَعْرُوفَةِ" lemma="مَعْرُوف" pos="مصرفة منتظمة" prefix="ال" root="عرف" pattern="مَفْعُول" suffix="ة" />
				<ArabicLexical word="بِاسْمِ" lemma="اسْم" pos="استثناء صرفي" prefix="بِ" root="سمو" pattern="اِسْم" suffix="" />
				<ArabicLexical word="أَفْلَامِ" lemma="فِيلْم" pos="معربة" prefix="" root="فِيلْم" pattern="أَفْلَام" suffix="" />
				<ArabicLexical word="اَلْإِسْبَاجِيتِي" lemma="+" pos="غير عربية" prefix="" root="" pattern="" suffix="" />
				<ArabicLexical word="تَضَعُ" lemma="وَضَعَ" pos="مصرفة منتظمة" prefix="ت" root="وضع" pattern="فعَلْ" suffix="" />
				<ArabicLexical word="اَلْمُخْرِجَةُ" lemma="مُخْرِج" pos="مصرفة منتظمة" prefix="ال" root="خرج" pattern="مُفْعِل" suffix="ة" />
				<ArabicLexical word="مَشْهَدَ" lemma="مَشْهَد" pos="مصرفة منتظمة" prefix="" root="شهد" pattern="مَفْعَل" suffix="" />
				<ArabicLexical word="اَلنِّهَايَةِ" lemma="نِهَايَة" pos="مصرفة منتظمة" prefix="ال" root="نهي" pattern="فِعَال" suffix="ة" />
				<ArabicLexical word="اَلزَّوْجُ" lemma="زَوْج" pos="مصرفة منتظمة" prefix="ال" root="زوج" pattern="فَعْل" suffix="" />
				<ArabicLexical word="يُقَرِّرُ" lemma="قَرَّرَ" pos="مصرفة منتظمة" prefix="ي" root="قرر" pattern="فَعَّلَ" suffix="" />
				<ArabicLexical word="حَسْمَ" lemma="حَسْم" pos="مصرفة منتظمة" prefix="" root="حسم" pattern="فَعْل" suffix="" />
				<ArabicLexical word="اَلصِّرَاعِ" lemma="صِرَاع" pos="مصرفة منتظمة" prefix="ال" root="صرع" pattern="فِعَال" suffix="" />
				<ArabicLexical word="اَلِاخْتِيَارَ" lemma="اخْتِيَار" pos="مصرفة منتظمة" prefix="ال" root="خير" pattern="اِفْتِعَال" suffix="" />
				<ArabicLexical word="يَتَوَجَّهُ" lemma="تَوَجَّهَ" pos="مصرفة منتظمة" prefix="ي" root="وجه" pattern="تَفَعَّلَ" suffix="" />
				<ArabicLexical word="مُبَاشَرَةً" lemma="مُبَاشَرَة" pos="مصرفة منتظمة" prefix="" root="بشر" pattern="مُفَاعَل" suffix="ة" />
				<ArabicLexical word="لِأَقْرَبِ" lemma="أَقْرَب" pos="مصرفة منتظمة" prefix="لِ" root="قرب" pattern="أَفْعَل" suffix="" />
				<ArabicLexical word="وِكَالَةٍ" lemma="وِكَالَة" pos="مصرفة منتظمة" prefix="" root="وكل" pattern="فِعَال" suffix="ة" />
				<ArabicLexical word="لِبَيْعِ" lemma="بَيْع" pos="مصرفة منتظمة" prefix="لِ" root="بيع" pattern="فَعْل" suffix="" />
				<ArabicLexical word="سَيَّارَتِهِ" lemma="سَيَّارَة" pos="مصرفة منتظمة" prefix="" root="سير" pattern="فَعَّال" suffix="ته" />
				<ArabicLexical word="وَيَشْتَرِي" lemma="اشْتَرَى" pos="مصرفة منتظمة" prefix="وَي" root="شري" pattern="اِفْتَعِل" suffix="" />
				<ArabicLexical word="أُخْرَى" lemma="أُخْرَى" pos="مصرفة منتظمة" prefix="" root="أخر" pattern="فُعْلَى" suffix="" />
				<ArabicLexical word="جَدِيدَةً" lemma="جَدِيد" pos="مصرفة منتظمة" prefix="" root="جدد" pattern="فَعِيل" suffix="ة" />
			</annotation>
		</sentence>
		<sentence id="07287">
			<text>اَلْحَلُّ عَلَى اَلطَّرِيقَةِ اَلْعَرَبِيَّةِ كَمَا تَضَعُهُ اَلْمُخْرِجَةُ اَلْإِمَارَاتِيَّةُ، فِي إِشَارَةٍ سِيَاسِيَّةٍ وَاضِحَةٍ لَمْ تَكُنْ تَقْصِدُهَا كَمَا تَقُولُ؛ لِأَنَّهَا فَقَطْ أَرَادَتْ أَنْ تُعَبِّرَ عَنْ مُشْكِلَاتِ مُجْتَمَعِهَا وَخُصُوصًا مُشْكِلَاتِ مُجْتَمَعِ اَلنِّسَاءِ اَلْمُغْلَقِ.</text>
			<annotation>
				<ArabicLexical word="اَلْحَلُّ" lemma="حَلّ" pos="مصرفة منتظمة" prefix="ال" root="حلل" pattern="فَلّ" suffix="" />
				<ArabicLexical word="عَلَى" lemma="عَلَى" pos="جامدة" prefix="" root="عَلَى" pattern="عَلَى" suffix="" />
				<ArabicLexical word="اَلطَّرِيقَةِ" lemma="طَرِيقَة" pos="مصرفة منتظمة" prefix="ال" root="طرق" pattern="فَعِيل" suffix="ة" />
				<ArabicLexical word="اَلْعَرَبِيَّةِ" lemma="عَرَبِيّ" pos="مصرفة منتظمة" prefix="ال" root="عرب" pattern="فَعَل" suffix="يَّة" />
				<ArabicLexical word="كَمَا" lemma="مَا" pos="جامدة" prefix="كَ" root="اَلَّذِي" pattern="مَا" suffix="" />
				<ArabicLexical word="تَضَعُهُ" lemma="وَضَعَ" pos="مصرفة منتظمة" prefix="ت" root="وضع" pattern="فعَلْ" suffix="ه" />
				<ArabicLexical word="اَلْمُخْرِجَةُ" lemma="مُخْرِج" pos="مصرفة منتظمة" prefix="ال" root="خرج" pattern="مُفْعِل" suffix="ة" />
				<ArabicLexical word="اَلْإِمَارَاتِيَّةُ" lemma="إِمَارَاتِيّ" pos="غير عربية" prefix="" root="" pattern="" suffix="" />
				<ArabicLexical word="فِي" lemma="فِي" pos="جامدة" prefix="" root="فِي" pattern="فِي" suffix="" />
				<ArabicLexical word="إِشَارَةٍ" lemma="إِشَارَة" pos="مصرفة منتظمة" prefix="" root="شور" pattern="إِفَعالَ" suffix="ة" />
				<ArabicLexical word="سِيَاسِيَّةٍ" lemma="سِيَاسِيّ" pos="مصرفة منتظمة" prefix="" root="سوس" pattern="فِعَال" suffix="يَّة" />
				<ArabicLexical word="وَاضِحَةٍ" lemma="وَاضِح" pos="مصرفة منتظمة" prefix="" root="وضح" pattern="فَاعِل" suffix="ة" />
				<ArabicLexical word="لَمْ" lemma="لَمْ" pos="جامدة" prefix="" root="لَمْ" pattern="لَمْ" suffix="" />
				<ArabicLexical word="تَكُنْ" lemma="كَانَ" pos="مصرفة منتظمة" prefix="ت" root="كون" pattern="فُعلْ" suffix="" />
				<ArabicLexical word="تَقْصِدُهَا" lemma="قَصَدَ" pos="مصرفة منتظمة" prefix="ت" root="قصد" pattern="فْعِل" suffix="هَا" />
				<ArabicLexical word="كَمَا" lemma="مَا" pos="جامدة" prefix="كَ" root="اَلَّذِي" pattern="مَا" suffix="" />
				<ArabicLexical word="تَقُولُ" lemma="قَالَ" pos="مصرفة منتظمة" prefix="ت" root="قول" pattern="فُعل" suffix="" />
				<ArabicLexical word="لِأَنَّهَا" lemma="أَنَّ" pos="جامدة" prefix="لِ" root="أَنَّ" pattern="أَنَّ" suffix="هَا" />
				<ArabicLexical word="فَقَطْ" lemma="فَقَطْ" pos="غير عربية" prefix="" root="" pattern="" suffix="" />
				<ArabicLexical word="أَرَادَتْ" lemma="أَرَادَ" pos="مصرفة منتظمة" prefix="" root="رود" pattern="أَفَعلَ" suffix="تْ" />
				<ArabicLexical word="أَنْ" lemma="أَنْ" pos="جامدة" prefix="" root="أَنْ" pattern="أَنْ" suffix="" />
				<ArabicLexical word="تُعَبِّرَ" lemma="عَبَّرَ" pos="مصرفة منتظمة" prefix="ت" root="عبر" pattern="فَعَّلَ" suffix="" />
				<ArabicLexical word="عَنْ" lemma="عَنْ" pos="جامدة" prefix="" root="عَنْ" pattern="عَنْ" suffix="" />
				<ArabicLexical word="مُشْكِلَاتِ" lemma="مُشْكِل" pos="مصرفة منتظمة" prefix="" root="شكل" pattern="مُفْعِل" suffix="ات" />
				<ArabicLexical word="مُجْتَمَعِهَا" lemma="مُجْتَمَع" pos="مصرفة منتظمة" prefix="" root="جمع" pattern="مُفْتَعَل" suffix="هَا" />
				<ArabicLexical word="وَخُصُوصًا" lemma="خُصُوص" pos="مصرفة منتظمة" prefix="وَ" root="خصص" pattern="فُعُول" suffix="" />
				<ArabicLexical word="مُشْكِلَاتِ" lemma="مُشْكِل" pos="مصرفة منتظمة" prefix="" root="شكل" pattern="مُفْعِل" suffix="ات" />
				<ArabicLexical word="مُجْتَمَعِ" lemma="مُجْتَمَع" pos="مصرفة منتظمة" prefix="" root="جمع" pattern="مُفْتَعَل" suffix="" />
				<ArabicLexical word="اَلنِّسَاءِ" lemma="نِسَاء" pos="مصرفة منتظمة" prefix="ال" root="نسو" pattern="فِعَال" suffix="" />
				<ArabicLexical word="اَلْمُغْلَقِ" lemma="مُغْلَق" pos="مصرفة منتظمة" prefix="ال" root="غلق" pattern="مُفْعَل" suffix="" />
			</annotation>
		</sentence>
		<sentence id="07288">
			<text>اَلْمُخْرِجَاتُ اَلْأَرْبَعَةُ يَعْتَبِرْنَ أَنْفُسَهُنَّ طَلِيعَةَ اَلسِّينَمَائِيَّاتِ اَلْإِمَارَاتِيَّاتِ، وَهُنَّ قَرَّرْنَ تَكْوِينَ شَرِكَةٍ لِلْإِنْتَاجِ اَلسِّينَمَائِيِّ عَقِبَ تَخَرُّجِهِنَّ هذَا اَلْعَامَ فِي كُلِّيَّةِ اَلتِّقْنِيَّةِ لِلْبَنَاتِ بِأَبِي ظَبْيٍ لِتَكُونَ بِذلِكَ اَلشَّرِكَةَ اَلْأُولَى مِنْ نَوْعِهَا فِي دَوْلَةِ اَلْإِمَارَاتِ.</text>
			<annotation>
				<ArabicLexical word="اَلْمُخْرِجَاتُ" lemma="مُخْرِج" pos="مصرفة منتظمة" prefix="ال" root="خرج" pattern="مُفْعِل" suffix="ات" />
				<ArabicLexical word="اَلْأَرْبَعَةُ" lemma="أَرْبَع" pos="استثناء صرفي" prefix="ال" root="ربع" pattern="أَرْبَع" suffix="ة" />
				<ArabicLexical word="يَعْتَبِرْنَ" lemma="اعْتَبَرَ" pos="مصرفة منتظمة" prefix="ي" root="عبر" pattern="اِفْتَعَلَ" suffix="نَ" />
				<ArabicLexical word="أَنْفُسَهُنَّ" lemma="نَفْس" pos="مصرفة منتظمة" prefix="" root="نفس" pattern="أَفْعُل" suffix="هنَّ" />
				<ArabicLexical word="طَلِيعَةَ" lemma="طَلِيعَة" pos="مصرفة منتظمة" prefix="" root="طلع" pattern="فَعِيل" suffix="ة" />
				<ArabicLexical word="اَلسِّينِمَائِيَّاتِ" lemma="سِينِمَائِيّ" pos="غير عربية" prefix="" root="" pattern="" suffix="" />
				<ArabicLexical word="اَلْإِمَارَاتِيَّاتِ" lemma="إِمَارَاتِيّ" pos="غير عربية" prefix="" root="" pattern="" suffix="" />
				<ArabicLexical word="وَهُنَّ" lemma="هُوَ" pos="جامدة" prefix="وَ" root="هُوَ" pattern="هُنَّ" suffix="" />
				<ArabicLexical word="قَرَّرْنَ" lemma="قَرَّرَ" pos="مصرفة منتظمة" prefix="" root="قرر" pattern="فَعَّلَ" suffix="نَ" />
				<ArabicLexical word="تَكْوِينَ" lemma="تَكْوِين" pos="مصرفة منتظمة" prefix="" root="كون" pattern="تَفْعِيل" suffix="" />
				<ArabicLexical word="شَرِكَةٍ" lemma="شَرِكَة" pos="مصرفة منتظمة" prefix="" root="شرك" pattern="فَعِل" suffix="ة" />
				<ArabicLexical word="لِلْإِنْتَاجِ" lemma="إِنْتَاج" pos="مصرفة منتظمة" prefix="لِل" root="نتج" pattern="إِفْعَال" suffix="" />
				<ArabicLexical word="اَلسِّينِمَائِيِّ" lemma="سِينِمَائِيّ" pos="غير عربية" prefix="" root="" pattern="" suffix="" />
				<ArabicLexical word="عَقِبَ" lemma="عَقِب" pos="مصرفة منتظمة" prefix="" root="عقب" pattern="فَعِل" suffix="" />
				<ArabicLexical word="تَخَرُّجِهِنَّ" lemma="تَخَرُّج" pos="مصرفة منتظمة" prefix="" root="خرج" pattern="تَفَعُّل" suffix="هنَّ" />
				<ArabicLexical word="هذَا" lemma="ذَا" pos="جامدة" prefix="" root="ذَا" pattern="هذَا" suffix="" />
				<ArabicLexical word="اَلْعَامَ" lemma="عَام" pos="مصرفة منتظمة" prefix="ال" root="عوم" pattern="فَعل" suffix="" />
				<ArabicLexical word="فِي" lemma="فِي" pos="جامدة" prefix="" root="فِي" pattern="فِي" suffix="" />
				<ArabicLexical word="كُلِّيَّةِ" lemma="كُلِّيَّة" pos="جامدة" prefix="" root="كُلّ" pattern="كُلّ" suffix="يَّة" />
				<ArabicLexical word="اَلتِّقْنِيَّةِ" lemma="تِقْنِيّ" pos="مصرفة منتظمة" prefix="ال" root="تقن" pattern="فِعْل" suffix="يَّة" />
				<ArabicLexical word="لِلْبَنَاتِ" lemma="ابْن" pos="استثناء صرفي" prefix="لِل" root="بنو" pattern="بَنَ" suffix="ات" />
				<ArabicLexical word="بِأَبِي" lemma="أَبِيّ" pos="استثناء صرفي" prefix="بِ" root="أبو" pattern="أَبِي" suffix="" />
				<ArabicLexical word="ظَبْيٍ" lemma="ظَبْي" pos="مصرفة منتظمة" prefix="" root="ظبي" pattern="فَعْل" suffix="" />
				<ArabicLexical word="لِتَكُونَ" lemma="كَانَ" pos="مصرفة منتظمة" prefix="لِت" root="كون" pattern="فُعل" suffix="" />
				<ArabicLexical word="بِذلِكَ" lemma="ذَا" pos="جامدة" prefix="بِ" root="ذَا" pattern="ذلِ" suffix="كَ" />
				<ArabicLexical word="اَلشَّرِكَةَ" lemma="شَرِكَة" pos="مصرفة منتظمة" prefix="ال" root="شرك" pattern="فَعِل" suffix="ة" />
				<ArabicLexical word="اَلْأُولَى" lemma="أَوَّل" pos="مصرفة منتظمة" prefix="ال" root="أول" pattern="فُعلَى" suffix="" />
				<ArabicLexical word="مِنْ" lemma="مِنْ" pos="جامدة" prefix="" root="مِنْ" pattern="مِنْ" suffix="" />
				<ArabicLexical word="نَوْعِهَا" lemma="نَوْع" pos="مصرفة منتظمة" prefix="" root="نوع" pattern="فَعْل" suffix="هَا" />
				<ArabicLexical word="فِي" lemma="فِي" pos="جامدة" prefix="" root="فِي" pattern="فِي" suffix="" />
				<ArabicLexical word="دَوْلَةِ" lemma="دَوْلَة" pos="مصرفة منتظمة" prefix="" root="دول" pattern="فَعْل" suffix="ة" />
				<ArabicLexical word="اَلْإِمَارَاتِ" lemma="إِمَارَة" pos="مصرفة منتظمة" prefix="ال" root="أمر" pattern="فِعَال" suffix="ات" />
			</annotation>
		</sentence>
		<sentence id="07289">
			<text>اَلْمُخْرِجَةُ رِحَابُ لَمْ تَسْتَطِعْ اَلْإِجَابَةَ عَلَى سُؤَالٍ مِنْ أَحَدِ اَلنُّقَّادِ عِنْدَمَا طَلَبَ مِنْهَا أَنْ تُفَسِّرَ لِمَاذَا اَلْفِيلْمُ نَاطِقٌ بِالْإِنْجِلِيزِيَّةِ، طَالَمَا هُوَ عَنْ مُشْكِلَاتِ اَلْمُجْتَمَعِ اَلْخَلِيجِيِّ، وَالْعَامِلُونَ بِهِ جَمِيعًا إِمَارَاتِيُّونَ؟!</text>
			<annotation>
				<ArabicLexical word="اَلْمُخْرِجَةُ" lemma="مُخْرِج" pos="مصرفة منتظمة" prefix="ال" root="خرج" pattern="مُفْعِل" suffix="ة" />
				<ArabicLexical word="رِحَابُ" lemma="رَحْب" pos="مصرفة منتظمة" prefix="" root="رحب" pattern="فِعَال" suffix="" />
				<ArabicLexical word="لَمْ" lemma="لَمْ" pos="جامدة" prefix="" root="لَمْ" pattern="لَمْ" suffix="" />
				<ArabicLexical word="تَسْتَطِعْ" lemma="اسْتَطَاعَ" pos="مصرفة منتظمة" prefix="ت" root="طوع" pattern="اِسْتَفَعلْ" suffix="" />
				<ArabicLexical word="اَلْإِجَابَةَ" lemma="إِجَابَة" pos="مصرفة منتظمة" prefix="ال" root="جوب" pattern="إِفَعالَ" suffix="ة" />
				<ArabicLexical word="عَلَى" lemma="عَلَى" pos="جامدة" prefix="" root="عَلَى" pattern="عَلَى" suffix="" />
				<ArabicLexical word="سُؤَالٍ" lemma="سُؤَال" pos="مصرفة منتظمة" prefix="" root="سأل" pattern="فُعَال" suffix="" />
				<ArabicLexical word="مِنْ" lemma="مِنْ" pos="جامدة" prefix="" root="مِنْ" pattern="مِنْ" suffix="" />
				<ArabicLexical word="أَحَدِ" lemma="أَحَد" pos="مصرفة منتظمة" prefix="" root="أحد" pattern="فَعَل" suffix="" />
				<ArabicLexical word="اَلنُّقَّادِ" lemma="نَاقِد" pos="مصرفة منتظمة" prefix="ال" root="نقد" pattern="فُعَّال" suffix="" />
				<ArabicLexical word="عِنْدَمَا" lemma="عِنْدَ" pos="جامدة" prefix="" root="عِنْدَ" pattern="عِنْدَمَا" suffix="" />
				<ArabicLexical word="طَلَبَ" lemma="طَلَبَ" pos="مصرفة منتظمة" prefix="" root="طلب" pattern="فَعَلَ" suffix="" />
				<ArabicLexical word="مِنْهَا" lemma="مِنْ" pos="جامدة" prefix="" root="مِنْ" pattern="مِنْ" suffix="هَا" />
				<ArabicLexical word="أَنْ" lemma="أَنْ" pos="جامدة" prefix="" root="أَنْ" pattern="أَنْ" suffix="" />
				<ArabicLexical word="تُفَسِّرَ" lemma="فَسَّرَ" pos="مصرفة منتظمة" prefix="ت" root="فسر" pattern="فَعَّلَ" suffix="" />
				<ArabicLexical word="لِمَاذَا" lemma="مَاذَا" pos="جامدة" prefix="لِ" root="مَا" pattern="مَاذَا" suffix="" />
				<ArabicLexical word="اَلْفِيلْمُ" lemma="فِيلْم" pos="معربة" prefix="ال" root="فِيلْم" pattern="فِيلْم" suffix="" />
				<ArabicLexical word="نَاطِقٌ" lemma="نَاطِق" pos="مصرفة منتظمة" prefix="" root="نطق" pattern="فَاعِل" suffix="" />
				<ArabicLexical word="بِالْإِنْجِلِيزِيَّةِ" lemma="إِنْجِلِيزِيّ" pos="معربة" prefix="بِال" root="إِنْجِلْتِرَا" pattern="إِنْجِلِيز" suffix="يَّة" />
				<ArabicLexical word="طَالَمَا" lemma="طَالَمَا" pos="استثناء صرفي" prefix="" root="طول" pattern="طَالَمَا" suffix="" />
				<ArabicLexical word="هُوَ" lemma="هُوَ" pos="جامدة" prefix="" root="هُوَ" pattern="هُوَ" suffix="" />
				<ArabicLexical word="عَنْ" lemma="عَنْ" pos="جامدة" prefix="" root="عَنْ" pattern="عَنْ" suffix="" />
				<ArabicLexical word="مُشْكِلَاتِ" lemma="مُشْكِل" pos="مصرفة منتظمة" prefix="" root="شكل" pattern="مُفْعِل" suffix="ات" />
				<ArabicLexical word="اَلْمُجْتَمَعِ" lemma="مُجْتَمَع" pos="مصرفة منتظمة" prefix="ال" root="جمع" pattern="مُفْتَعَل" suffix="" />
				<ArabicLexical word="اَلْخَلِيجِيِّ" lemma="خَلِيجِيّ" pos="مصرفة منتظمة" prefix="ال" root="خلج" pattern="فَعِيل" suffix="يّ" />
				<ArabicLexical word="وَالْعَامِلُونَ" lemma="عَامِل" pos="مصرفة منتظمة" prefix="وَال" root="عمل" pattern="فَاعِل" suffix="ونَ" />
				<ArabicLexical word="بِهِ" lemma="بِي" pos="جامدة" prefix="" root="بِي" pattern="بِهِ" suffix="" />
				<ArabicLexical word="جَمِيعًا" lemma="جَمِيع" pos="مصرفة منتظمة" prefix="" root="جمع" pattern="فَعِيل" suffix="" />
				<ArabicLexical word="إِمَارَاتِيُّونَ" lemma="إِمَارَاتِيّ" pos="غير عربية" prefix="" root="" pattern="" suffix="" />
			</annotation>
		</sentence>
		<sentence id="07290">
			<text>رَدَّتْ اَلْمُخْرِجَةُ بِاقْتِضَابٍ: إِنَّ اَلْمُمَثِّلِينَ جَمِيعًا يُجِيدُونَ اَلْإِنْجِلِيزِيَّةَ؛ لِذلِكَ فَضَّلْتُ أَنْ تَكُونَ هِيَ لُغَةُ اَلْحِوَارِ مُبَاشَرَةً، بَدَلًا مِنْ أَنْ نَضْطَرَّ لِوَضْعِ شَرِيطٍ مَكْتُوبٍ لِلتَّرْجَمَةِ عَلَى اَلْفِيلْمِ!!</text>
			<annotation>
				<ArabicLexical word="رَدَّتْ" lemma="رَدَّ" pos="مصرفة منتظمة" prefix="" root="ردد" pattern="فَلَّ" suffix="تْ" />
				<ArabicLexical word="اَلْمُخْرِجَةُ" lemma="مُخْرِج" pos="مصرفة منتظمة" prefix="ال" root="خرج" pattern="مُفْعِل" suffix="ة" />
				<ArabicLexical word="بِاقْتِضَابٍ" lemma="اقْتِضَاب" pos="مصرفة منتظمة" prefix="بِ" root="قضب" pattern="اِفْتِعَال" suffix="" />
				<ArabicLexical word="إِنَّ" lemma="أَنَّ" pos="جامدة" prefix="" root="إِنَّ" pattern="إِنَّ" suffix="" />
				<ArabicLexical word="اَلْمُمَثِّلِينَ" lemma="مُمَثِّل" pos="مصرفة منتظمة" prefix="ال" root="مثل" pattern="مُفَعِّل" suffix="ينَ" />
				<ArabicLexical word="جَمِيعًا" lemma="جَمِيع" pos="مصرفة منتظمة" prefix="" root="جمع" pattern="فَعِيل" suffix="" />
				<ArabicLexical word="يُجِيدُونَ" lemma="أَجَادَ" pos="مصرفة منتظمة" prefix="ي" root="جود" pattern="أَفِعلَ" suffix="ونَ" />
				<ArabicLexical word="اَلْإِنْجِلِيزِيَّةَ" lemma="إِنْجِلِيزِيّ" pos="معربة" prefix="ال" root="إِنْجِلْتِرَا" pattern="إِنْجِلِيز" suffix="يَّة" />
				<ArabicLexical word="لِذلِكَ" lemma="ذَا" pos="جامدة" prefix="لِ" root="ذَا" pattern="ذلِ" suffix="كَ" />
				<ArabicLexical word="فَضَّلْتُ" lemma="فَضَّلَ" pos="مصرفة منتظمة" prefix="" root="فضل" pattern="فَعَّلَ" suffix="تُ" />
				<ArabicLexical word="أَنْ" lemma="أَنْ" pos="جامدة" prefix="" root="أَنْ" pattern="أَنْ" suffix="" />
				<ArabicLexical word="تَكُونَ" lemma="كَانَ" pos="مصرفة منتظمة" prefix="ت" root="كون" pattern="فُعل" suffix="" />
				<ArabicLexical word="هِيَ" lemma="هُوَ" pos="جامدة" prefix="" root="هُوَ" pattern="هِيَ" suffix="" />
				<ArabicLexical word="لُغَةُ" lemma="لُغَة" pos="استثناء صرفي" prefix="" root="لغو" pattern="لُغَ" suffix="ة" />
				<ArabicLexical word="اَلْحِوَارِ" lemma="حِوَار" pos="مصرفة منتظمة" prefix="ال" root="حور" pattern="فِعَال" suffix="" />
				<ArabicLexical word="مُبَاشَرَةً" lemma="مُبَاشَرَة" pos="مصرفة منتظمة" prefix="" root="بشر" pattern="مُفَاعَل" suffix="ة" />
				<ArabicLexical word="بَدَلًا" lemma="بَدَل" pos="مصرفة منتظمة" prefix="" root="بدل" pattern="فَعَل" suffix="" />
				<ArabicLexical word="مِنْ" lemma="مِنْ" pos="جامدة" prefix="" root="مِنْ" pattern="مِنْ" suffix="" />
				<ArabicLexical word="أَنْ" lemma="أَنْ" pos="جامدة" prefix="" root="أَنْ" pattern="أَنْ" suffix="" />
				<ArabicLexical word="نَضْطَرَّ" lemma="اضْطَرَّ" pos="مصرفة منتظمة" prefix="ن" root="ضرر" pattern="اِفْطَلَّ" suffix="" />
				<ArabicLexical word="لِوَضْعِ" lemma="وَضْع" pos="مصرفة منتظمة" prefix="لِ" root="وضع" pattern="فَعْل" suffix="" />
				<ArabicLexical word="شَرِيطٍ" lemma="شَرِيط" pos="مصرفة منتظمة" prefix="" root="شرط" pattern="فَعِيل" suffix="" />
				<ArabicLexical word="مَكْتُوبٍ" lemma="مَكْتُوب" pos="مصرفة منتظمة" prefix="" root="كتب" pattern="مَفْعُول" suffix="" />
				<ArabicLexical word="لِلتَّرْجَمَةِ" lemma="تَرْجَمَة" pos="مصرفة منتظمة" prefix="لِل" root="ترجم" pattern="فَعْلَل" suffix="ة" />
				<ArabicLexical word="عَلَى" lemma="عَلَى" pos="جامدة" prefix="" root="عَلَى" pattern="عَلَى" suffix="" />
				<ArabicLexical word="اَلْفِيلْمِ" lemma="فِيلْم" pos="معربة" prefix="ال" root="فِيلْم" pattern="فِيلْم" suffix="" />
			</annotation>
		</sentence>
		<sentence id="07291">
			<text>وَعَلَّقَ اَلْبَعْضُ عَلَى ذلِكَ أَنَّهُ يَعْكِسُ أَزْمَةً أُخْرَى رُبَّمَا لَمْ تَنْتَبِهْ لَهَا اَلْمُخْرِجَةُ بَعْدُ، وَهِيَ أَزْمَةُ اَلتَّوَجُّهِ بِالْخِطَابِ وَالرِّسَالَةِ دَائِمًا لِلْغَرْبِ، فَضْلًا عَنْ اِكْتِسَابِ اَلْمَعَارِفِ مِنْهُ دُونَ تَمْحِيصٍ؛ حَيْثُ إِنَّ مُدَرِّسَةَ اَلْبَنَاتِ اَلْأَرْبَعَةِ وَالْمُشْرِفَةَ عَلَى إِنْتَاجِ اَلْأَفْلَامِ سَيِّدَةٌ إِنْجِلِيزِيَّةٌ، وَرَغْمَ تَأْكِيدِ اَلْمُخْرِجَاتِ اَلْإِمَارَاتِيَّاتِ عَلَى إِصْرَارِهِنَّ عَلَى اَلِالْتِزَامِ بِمُشْكِلَاتِ اَلْمُجْتَمَعِ اَلْمَحَلِّيِّ، فَإِنَّ تَأْثِيرَ اَلْمُعَلِّمَةِ اَلْأَجْنَبِيَّةِ كَانَ وَاضِحًا عَلَى طَرِيقَةِ تَنَاوُلِ اَلْقَضَايَا وَالتَّعْبِيرِ اَلْبَصَرِيِّ اَلسِّينَمَائِيِّ عَنْهَا.</text>
			<annotation>
				<ArabicLexical word="وَعَلَّقَ" lemma="عَلَّقَ" pos="مصرفة منتظمة" prefix="وَ" root="علق" pattern="فَعَّلَ" suffix="" />
				<ArabicLexical word="اَلْبَعْضُ" lemma="بَعْض" pos="مصرفة منتظمة" prefix="ال" root="بعض" pattern="فَعْل" suffix="" />
				<ArabicLexical word="عَلَى" lemma="عَلَى" pos="جامدة" prefix="" root="عَلَى" pattern="عَلَى" suffix="" />
				<ArabicLexical word="ذلِكَ" lemma="ذَا" pos="جامدة" prefix="" root="ذَا" pattern="ذلِ" suffix="كَ" />
				<ArabicLexical word="أَنَّهُ" lemma="أَنَّ" pos="جامدة" prefix="" root="أَنَّ" pattern="أَنَّ" suffix="ه" />
				<ArabicLexical word="يَعْكِسُ" lemma="عَكَسَ" pos="مصرفة منتظمة" prefix="ي" root="عكس" pattern="فْعِل" suffix="" />
				<ArabicLexical word="أَزْمَةً" lemma="أَزْمَة" pos="مصرفة منتظمة" prefix="" root="أزم" pattern="فَعْل" suffix="ة" />
				<ArabicLexical word="أُخْرَى" lemma="أُخْرَى" pos="مصرفة منتظمة" prefix="" root="أخر" pattern="فُعْلَى" suffix="" />
				<ArabicLexical word="رُبَّمَا" lemma="رُبَّ" pos="جامدة" prefix="" root="رُبَّ" pattern="رُبَّمَا" suffix="" />
				<ArabicLexical word="لَمْ" lemma="لَمْ" pos="جامدة" prefix="" root="لَمْ" pattern="لَمْ" suffix="" />
				<ArabicLexical word="تَنْتَبِهْ" lemma="انْتَبَهَ" pos="مصرفة منتظمة" prefix="ت" root="نبه" pattern="اِفْتَعَلَ" suffix="" />
				<ArabicLexical word="لَهَا" lemma="لِي" pos="جامدة" prefix="" root="لِي" pattern="لَهَا" suffix="" />
				<ArabicLexical word="اَلْمُخْرِجَةُ" lemma="مُخْرِج" pos="مصرفة منتظمة" prefix="ال" root="خرج" pattern="مُفْعِل" suffix="ة" />
				<ArabicLexical word="بَعْدُ" lemma="بَعْد" pos="مصرفة منتظمة" prefix="" root="بعد" pattern="فَعْل" suffix="" />
				<ArabicLexical word="وَهِيَ" lemma="وَهِيَ" pos="جامدة" prefix="وَ" root="هُوَ" pattern="هِيَ" suffix="" />
				<ArabicLexical word="أَزْمَةُ" lemma="أَزْمَة" pos="مصرفة منتظمة" prefix="" root="أزم" pattern="فَعْل" suffix="ة" />
				<ArabicLexical word="اَلتَّوَجُّهِ" lemma="تَوَجُّه" pos="مصرفة منتظمة" prefix="ال" root="وجه" pattern="تَفَعُّل" suffix="" />
				<ArabicLexical word="بِالْخِطَابِ" lemma="خِطَاب" pos="مصرفة منتظمة" prefix="بِال" root="خطب" pattern="فِعَال" suffix="" />
				<ArabicLexical word="وَالرِّسَالَةِ" lemma="رِسَالَة" pos="مصرفة منتظمة" prefix="وَال" root="رسل" pattern="فِعَال" suffix="ة" />
				<ArabicLexical word="دَائِمًا" lemma="دَائِم" pos="مصرفة منتظمة" prefix="" root="دوم" pattern="فَاعِل" suffix="" />
				<ArabicLexical word="لِلْغَرْبِ" lemma="غَرْب" pos="مصرفة منتظمة" prefix="لِل" root="غرب" pattern="فَعْل" suffix="" />
				<ArabicLexical word="فَضْلًا" lemma="فَضْل" pos="مصرفة منتظمة" prefix="" root="فضل" pattern="فَعْل" suffix="" />
				<ArabicLexical word="عَنْ" lemma="عَنْ" pos="جامدة" prefix="" root="عَنْ" pattern="عَنْ" suffix="" />
				<ArabicLexical word="اِكْتِسَابِ" lemma="اكْتِسَاب" pos="مصرفة منتظمة" prefix="" root="كسب" pattern="اِفْتِعَال" suffix="" />
				<ArabicLexical word="اَلْمَعَارِفِ" lemma="مَعْرِفَة" pos="مصرفة منتظمة" prefix="ال" root="عرف" pattern="مَفَاعِل" suffix="" />
				<ArabicLexical word="مِنْهُ" lemma="مِنْ" pos="جامدة" prefix="" root="مِنْ" pattern="مِنْ" suffix="ه" />
				<ArabicLexical word="دُونَ" lemma="دُون" pos="جامدة" prefix="" root="دُونَ" pattern="دُونَ" suffix="" />
				<ArabicLexical word="تَمْحِيصٍ" lemma="تَمْحِيص" pos="مصرفة منتظمة" prefix="" root="محص" pattern="تَفْعِيل" suffix="" />
				<ArabicLexical word="حَيْثُ" lemma="حَيْثُ" pos="جامدة" prefix="" root="حَيْثُ" pattern="حَيْثُ" suffix="" />
				<ArabicLexical word="إِنَّ" lemma="أَنَّ" pos="جامدة" prefix="" root="إِنَّ" pattern="إِنَّ" suffix="" />
				<ArabicLexical word="مُدَرِّسَةَ" lemma="مُدَرِّس" pos="مصرفة منتظمة" prefix="" root="درس" pattern="مُفَعِّل" suffix="ة" />
				<ArabicLexical word="اَلْبَنَاتِ" lemma="ابْن" pos="استثناء صرفي" prefix="ال" root="بنو" pattern="بَنَ" suffix="ات" />
				<ArabicLexical word="اَلْأَرْبَعَةِ" lemma="أَرْبَع" pos="استثناء صرفي" prefix="ال" root="ربع" pattern="أَرْبَع" suffix="ة" />
				<ArabicLexical word="وَالْمُشْرِفَةَ" lemma="مُشْرِف" pos="مصرفة منتظمة" prefix="وَال" root="شرف" pattern="مُفْعِل" suffix="ة" />
				<ArabicLexical word="عَلَى" lemma="عَلَى" pos="جامدة" prefix="" root="عَلَى" pattern="عَلَى" suffix="" />
				<ArabicLexical word="إِنْتَاجِ" lemma="إِنْتَاج" pos="مصرفة منتظمة" prefix="" root="نتج" pattern="إِفْعَال" suffix="" />
				<ArabicLexical word="اَلْأَفْلَامِ" lemma="فِيلْم" pos="معربة" prefix="ال" root="فِيلْم" pattern="أَفْلَام" suffix="" />
				<ArabicLexical word="سَيِّدَةٌ" lemma="سَيِّدَة" pos="مصرفة منتظمة" prefix="" root="سود" pattern="فَعِّل" suffix="ة" />
				<ArabicLexical word="إِنْجِلِيزِيَّةٌ" lemma="إِنْجِلِيزِيّ" pos="معربة" prefix="" root="إِنْجِلْتِرَا" pattern="إِنْجِلِيز" suffix="يَّة" />
				<ArabicLexical word="وَرَغْمَ" lemma="رَغْم" pos="مصرفة منتظمة" prefix="وَ" root="رغم" pattern="فَعْل" suffix="" />
				<ArabicLexical word="تَأْكِيدِ" lemma="تَأْكِيد" pos="مصرفة منتظمة" prefix="" root="أكد" pattern="تَفْعِيل" suffix="" />
				<ArabicLexical word="اَلْمُخْرِجَاتِ" lemma="مُخْرِج" pos="مصرفة منتظمة" prefix="ال" root="خرج" pattern="مُفْعِل" suffix="ات" />
				<ArabicLexical word="اَلْإِمَارَاتِيَّاتِ" lemma="إِمَارَاتِيّ" pos="غير عربية" prefix="" root="" pattern="" suffix="" />
				<ArabicLexical word="عَلَى" lemma="عَلَى" pos="جامدة" prefix="" root="عَلَى" pattern="عَلَى" suffix="" />
				<ArabicLexical word="إِصْرَارِهِنَّ" lemma="إِصْرَار" pos="مصرفة منتظمة" prefix="" root="صرر" pattern="إِفْعَال" suffix="هنَّ" />
				<ArabicLexical word="عَلَى" lemma="عَلَى" pos="جامدة" prefix="" root="عَلَى" pattern="عَلَى" suffix="" />
				<ArabicLexical word="اَلِالْتِزَامِ" lemma="الْتِزَام" pos="مصرفة منتظمة" prefix="ال" root="لزم" pattern="اِفْتِعَال" suffix="" />
				<ArabicLexical word="بِمُشْكِلَاتِ" lemma="مُشْكِل" pos="مصرفة منتظمة" prefix="بِ" root="شكل" pattern="مُفْعِل" suffix="ات" />
				<ArabicLexical word="اَلْمُجْتَمَعِ" lemma="مُجْتَمَع" pos="مصرفة منتظمة" prefix="ال" root="جمع" pattern="مُفْتَعَل" suffix="" />
				<ArabicLexical word="اَلْمَحَلِّيِّ" lemma="مَحَلِّيّ" pos="مصرفة منتظمة" prefix="ال" root="حلل" pattern="مَفَلّ" suffix="يّ" />
				<ArabicLexical word="فَإِنَّ" lemma="أَنَّ" pos="جامدة" prefix="فَ" root="إِنَّ" pattern="إِنَّ" suffix="" />
				<ArabicLexical word="تَأْثِيرَ" lemma="تَأْثِير" pos="مصرفة منتظمة" prefix="" root="أثر" pattern="تَفْعِيل" suffix="" />
				<ArabicLexical word="اَلْمُعَلِّمَةِ" lemma="مُعَلِّم" pos="مصرفة منتظمة" prefix="ال" root="علم" pattern="مُفَعِّل" suffix="ة" />
				<ArabicLexical word="اَلْأَجْنَبِيَّةِ" lemma="أَجْنَبِيّ" pos="مصرفة منتظمة" prefix="ال" root="جنب" pattern="أَفْعَل" suffix="يَّة" />
				<ArabicLexical word="كَانَ" lemma="كَانَ" pos="مصرفة منتظمة" prefix="" root="كون" pattern="فَعلَ" suffix="" />
				<ArabicLexical word="وَاضِحًا" lemma="وَاضِح" pos="مصرفة منتظمة" prefix="" root="وضح" pattern="فَاعِل" suffix="" />
				<ArabicLexical word="عَلَى" lemma="عَلَى" pos="جامدة" prefix="" root="عَلَى" pattern="عَلَى" suffix="" />
				<ArabicLexical word="طَرِيقَةِ" lemma="طَرِيقَة" pos="مصرفة منتظمة" prefix="" root="طرق" pattern="فَعِيل" suffix="ة" />
				<ArabicLexical word="تَنَاوُلِ" lemma="تَنَاوُل" pos="مصرفة منتظمة" prefix="" root="نول" pattern="تَفَاعُل" suffix="" />
				<ArabicLexical word="اَلْقَضَايَا" lemma="قَضِيَّة" pos="مصرفة منتظمة" prefix="ال" root="قضي" pattern="فَعَالَا" suffix="" />
				<ArabicLexical word="وَالتَّعْبِيرِ" lemma="تَعْبِير" pos="مصرفة منتظمة" prefix="وَال" root="عبر" pattern="تَفْعِيل" suffix="" />
				<ArabicLexical word="اَلْبَصَرِيِّ" lemma="بَصَرِيّ" pos="مصرفة منتظمة" prefix="ال" root="بصر" pattern="فَعَل" suffix="يّ" />
				<ArabicLexical word="اَلسِّينِمَائِيِّ" lemma="سِينِمَائِيّ" pos="غير عربية" prefix="" root="" pattern="" suffix="" />
				<ArabicLexical word="عَنْهَا" lemma="عَنْ" pos="جامدة" prefix="" root="عَنْ" pattern="عَنْ" suffix="هَا" />
			</annotation>
		</sentence>
		<sentence id="07292">
			<text>مُغَازَلَاتُ اَلْبَنَاتِ</text>
			<annotation>
				<ArabicLexical word="مُغَازَلَاتُ" lemma="مُغَازَلَة" pos="مصرفة منتظمة" prefix="" root="غزل" pattern="مُفَاعَل" suffix="ات" />
				<ArabicLexical word="اَلْبَنَاتِ" lemma="ابْن" pos="استثناء صرفي" prefix="ال" root="بنو" pattern="بَنَ" suffix="ات" />
			</annotation>
		</sentence>
		<sentence id="07293">
			<text>اَلْفِيلْمُ اَلْآخَرُ اَلَّذِي سَارَ عَلَى دَرْبِ اَلْمُكَاشَفَةِ لِمُشْكِلَاتِ اَلْمُجْتَمَعِ اَلْخَلِيجِيِّ هُوَ اَلْمُكَالَمَةُ اَلْأَخِيرَةُ وَهُوَ أَقْرَبُ لِلْمُونُودِرَامَا اَلْمَسْرَحِيَّةِ (عَرْضٌ بِمُمَثِّلٍ وَاحِدٍ) مِنْهُ إِلَى اَلْفِيلْمِ اَلسِّينَمَائِيِّ.</text>
			<annotation>
				<ArabicLexical word="اَلْفِيلْمُ" lemma="فِيلْم" pos="معربة" prefix="ال" root="فِيلْم" pattern="فِيلْم" suffix="" />
				<ArabicLexical word="اَلْآخَرُ" lemma="آخَر" pos="مصرفة منتظمة" prefix="ال" root="أخر" pattern="أَفعَل" suffix="" />
				<ArabicLexical word="اَلَّذِي" lemma="اَلَّذِي" pos="جامدة" prefix="ال" root="اَلَّذِي" pattern="لَذِي" suffix="" />
				<ArabicLexical word="سَارَ" lemma="سَارَ" pos="مصرفة منتظمة" prefix="" root="سير" pattern="فَعلَ" suffix="" />
				<ArabicLexical word="عَلَى" lemma="عَلَى" pos="جامدة" prefix="" root="عَلَى" pattern="عَلَى" suffix="" />
				<ArabicLexical word="دَرْبِ" lemma="دَرْب" pos="مصرفة منتظمة" prefix="" root="درب" pattern="فَعْل" suffix="" />
				<ArabicLexical word="اَلْمُكَاشَفَةِ" lemma="مُكَاشَفَة" pos="مصرفة منتظمة" prefix="ال" root="كشف" pattern="مُفَاعَل" suffix="ة" />
				<ArabicLexical word="لِمُشْكِلَاتِ" lemma="مُشْكِل" pos="مصرفة منتظمة" prefix="لِ" root="شكل" pattern="مُفْعِل" suffix="ات" />
				<ArabicLexical word="اَلْمُجْتَمَعِ" lemma="مُجْتَمَع" pos="مصرفة منتظمة" prefix="ال" root="جمع" pattern="مُفْتَعَل" suffix="" />
				<ArabicLexical word="اَلْخَلِيجِيِّ" lemma="خَلِيجِيّ" pos="مصرفة منتظمة" prefix="ال" root="خلج" pattern="فَعِيل" suffix="يّ" />
				<ArabicLexical word="هُوَ" lemma="هُوَ" pos="جامدة" prefix="" root="هُوَ" pattern="هُوَ" suffix="" />
				<ArabicLexical word="اَلْمُكَالَمَةُ" lemma="مُكَالَمَة" pos="مصرفة منتظمة" prefix="ال" root="كلم" pattern="مُفَاعَل" suffix="ة" />
				<ArabicLexical word="اَلْأَخِيرَةُ" lemma="أَخِير" pos="مصرفة منتظمة" prefix="ال" root="أخر" pattern="فَعِيل" suffix="ة" />
				<ArabicLexical word="وَهُوَ" lemma="هُوَ" pos="جامدة" prefix="وَ" root="هُوَ" pattern="هُوَ" suffix="" />
				<ArabicLexical word="أَقْرَبُ" lemma="أَقْرَب" pos="مصرفة منتظمة" prefix="" root="قرب" pattern="أَفْعَل" suffix="" />
				<ArabicLexical word="لِلْمُونُودِرَامَا" lemma="" pos="غير عربية" prefix="" root="" pattern="" suffix="" />
				<ArabicLexical word="اَلْمَسْرَحِيَّةِ" lemma="مَسْرَحِيَّة" pos="مصرفة منتظمة" prefix="ال" root="سرح" pattern="مَفْعَل" suffix="يَّة" />
				<ArabicLexical word="عَرْضٌ" lemma="عَرْض" pos="مصرفة منتظمة" prefix="" root="عرض" pattern="فَعْل" suffix="" />
				<ArabicLexical word="بِمُمَثِّلٍ" lemma="مُمَثِّل" pos="مصرفة منتظمة" prefix="بِ" root="مثل" pattern="مُفَعِّل" suffix="" />
				<ArabicLexical word="وَاحِدٍ" lemma="وَاحِد" pos="مصرفة منتظمة" prefix="" root="وحد" pattern="فَاعِل" suffix="" />
				<ArabicLexical word="مِنْهُ" lemma="مِنْ" pos="جامدة" prefix="" root="مِنْ" pattern="مِنْ" suffix="ه" />
				<ArabicLexical word="إِلَى" lemma="إِلَى" pos="جامدة" prefix="" root="إِلَى" pattern="إِلَى" suffix="" />
				<ArabicLexical word="اَلْفِيلْمِ" lemma="فِيلْم" pos="معربة" prefix="ال" root="فِيلْم" pattern="فِيلْم" suffix="" />
				<ArabicLexical word="اَلسِّينِمَائِيِّ" lemma="سِينِمَائِيّ" pos="غير عربية" prefix="" root="" pattern="" suffix="" />
			</annotation>
		</sentence>
		<sentence id="07294">
			<text>مُمَثِّلٌ يَجْلِسُ عَلَى سَرِيرِهِ فِي غُرْفَتِهِ، يَدُقُّ تِلِيفُونُهُ اَلْجَوَّالُ، لَا تَسْمَعُ اَلصَّوْتَ عَلَى اَلطَّرَفِ اَلْآخَرِ، فَقَطْ رُدُودُ اَلْمُمَثِّلِ لِتَعْرِفَ أَنَّ اَلَّتِي تُحَدِّثُهُ هِيَ اَلْفَتَاةُ اَلَّتِي صَادَقَهَا مُنْذُ مُدَّةٍ وَوَعَدَهَا بِالْخِطْبَةِ، اَلْآنَ يَتَنَصَّلُ مِنْ وَعْدِهِ لَهَا، وَيُخْبِرُهَا أَنَّهُ لَا يَثِقُ أَنَّهَا لَا تَتَكَلَّمُ مَعَ اَلْعَشَرَاتِ غَيْرِهِ، وَيُنْهِي اَلْمُكَالَمَةَ بِإِلْقَاءِ اَلْجَوَّالِ بَعِيدًا عَلَى اَلْأَرْضِ، ثُمَّ يَخْلُدُ لِلنَّوْمِ.</text>
			<annotation>
				<ArabicLexical word="مُمَثِّلٌ" lemma="مُمَثِّل" pos="مصرفة منتظمة" prefix="" root="مثل" pattern="مُفَعِّل" suffix="" />
				<ArabicLexical word="يَجْلِسُ" lemma="جَلَسَ" pos="مصرفة منتظمة" prefix="ي" root="جلس" pattern="فْعِل" suffix="" />
				<ArabicLexical word="عَلَى" lemma="عَلَى" pos="جامدة" prefix="" root="عَلَى" pattern="عَلَى" suffix="" />
				<ArabicLexical word="سَرِيرِهِ" lemma="سَرِير" pos="مصرفة منتظمة" prefix="" root="سرر" pattern="فَعِيل" suffix="ه" />
				<ArabicLexical word="فِي" lemma="فِي" pos="جامدة" prefix="" root="فِي" pattern="فِي" suffix="" />
				<ArabicLexical word="غُرْفَتِهِ" lemma="غُرْفَة" pos="مصرفة منتظمة" prefix="" root="غرف" pattern="فُعْل" suffix="ته" />
				<ArabicLexical word="يَدُقُّ" lemma="دَقَّ" pos="مصرفة منتظمة" prefix="ي" root="دقق" pattern="فُلّ" suffix="" />
				<ArabicLexical word="تِلِيفُونُهُ" lemma="تِلِيفُون" pos="غير عربية" prefix="" root="" pattern="" suffix="" />
				<ArabicLexical word="اَلْجَوَّالُ" lemma="جَوَّال" pos="مصرفة منتظمة" prefix="ال" root="جول" pattern="فَعَّال" suffix="" />
				<ArabicLexical word="لَا" lemma="لَا" pos="جامدة" prefix="" root="لَا" pattern="لَا" suffix="" />
				<ArabicLexical word="تَسْمَعُ" lemma="سَمِعَ" pos="مصرفة منتظمة" prefix="ت" root="سمع" pattern="فْعَل" suffix="" />
				<ArabicLexical word="اَلصَّوْتَ" lemma="صَوْت" pos="مصرفة منتظمة" prefix="ال" root="صوت" pattern="فَعْل" suffix="" />
				<ArabicLexical word="عَلَى" lemma="عَلَى" pos="جامدة" prefix="" root="عَلَى" pattern="عَلَى" suffix="" />
				<ArabicLexical word="اَلطَّرَفِ" lemma="طَرَف" pos="مصرفة منتظمة" prefix="ال" root="طرف" pattern="فَعَل" suffix="" />
				<ArabicLexical word="اَلْآخَرِ" lemma="آخَر" pos="مصرفة منتظمة" prefix="ال" root="أخر" pattern="أَفعَل" suffix="" />
				<ArabicLexical word="فَقَطْ" lemma="فَقَطْ" pos="غير عربية" prefix="" root="" pattern="" suffix="" />
				<ArabicLexical word="رُدُودُ" lemma="رَدّ" pos="مصرفة منتظمة" prefix="" root="ردد" pattern="فُعُول" suffix="" />
				<ArabicLexical word="اَلْمُمَثِّلِ" lemma="مُمَثِّل" pos="مصرفة منتظمة" prefix="ال" root="مثل" pattern="مُفَعِّل" suffix="" />
				<ArabicLexical word="لِتَعْرِفَ" lemma="عَرَفَ" pos="مصرفة منتظمة" prefix="لِت" root="عرف" pattern="فْعِل" suffix="" />
				<ArabicLexical word="أَنَّ" lemma="أَنَّ" pos="جامدة" prefix="" root="أَنَّ" pattern="أَنَّ" suffix="" />
				<ArabicLexical word="اَلَّتِي" lemma="اَلَّذِي" pos="جامدة" prefix="ال" root="اَلَّذِي" pattern="لَتِي" suffix="" />
				<ArabicLexical word="تُحَدِّثُهُ" lemma="حَدَّثَ" pos="مصرفة منتظمة" prefix="ت" root="حدث" pattern="فَعَّلَ" suffix="ه" />
				<ArabicLexical word="هِيَ" lemma="هُوَ" pos="جامدة" prefix="" root="هُوَ" pattern="هِيَ" suffix="" />
				<ArabicLexical word="اَلْفَتَاةُ" lemma="فَتَاة" pos="مصرفة منتظمة" prefix="ال" root="فتي" pattern="فَعَل" suffix="ة" />
				<ArabicLexical word="اَلَّتِي" lemma="اَلَّذِي" pos="جامدة" prefix="ال" root="اَلَّذِي" pattern="لَتِي" suffix="" />
				<ArabicLexical word="صَادَقَهَا" lemma="صَادَقَ" pos="مصرفة منتظمة" prefix="" root="صدق" pattern="فَاعَلَ" suffix="هَا" />
				<ArabicLexical word="مُنْذُ" lemma="مُنْذُ" pos="جامدة" prefix="" root="مُنْذُ" pattern="مُنْذُ" suffix="" />
				<ArabicLexical word="مُدَّةٍ" lemma="مُدَّة" pos="مصرفة منتظمة" prefix="" root="مدد" pattern="فُلّ" suffix="ة" />
				<ArabicLexical word="وَوَعَدَهَا" lemma="وَعَدَ" pos="مصرفة منتظمة" prefix="وَ" root="وعد" pattern="فَعَلَ" suffix="هَا" />
				<ArabicLexical word="بِالْخِطْبَةِ" lemma="خِطْبَة" pos="مصرفة منتظمة" prefix="بِال" root="خطب" pattern="فِعْل" suffix="ة" />
				<ArabicLexical word="اَلْآنَ" lemma="آن" pos="مصرفة منتظمة" prefix="ال" root="أون" pattern="فَعل" suffix="" />
				<ArabicLexical word="يَتَنَصَّلُ" lemma="تَنَصَّلَ" pos="مصرفة منتظمة" prefix="ي" root="نصل" pattern="تَفَعَّلَ" suffix="" />
				<ArabicLexical word="مِنْ" lemma="مِنْ" pos="جامدة" prefix="" root="مِنْ" pattern="مِنْ" suffix="" />
				<ArabicLexical word="وَعْدِهِ" lemma="وَعْد" pos="مصرفة منتظمة" prefix="" root="وعد" pattern="فَعْل" suffix="ه" />
				<ArabicLexical word="لَهَا" lemma="لِي" pos="جامدة" prefix="" root="لِي" pattern="لَهَا" suffix="" />
				<ArabicLexical word="وَيُخْبِرُهَا" lemma="أَخْبَرَ" pos="مصرفة منتظمة" prefix="وَي" root="خبر" pattern="أَفْعَلَ" suffix="هَا" />
				<ArabicLexical word="أَنَّهُ" lemma="أَنَّ" pos="جامدة" prefix="" root="أَنَّ" pattern="أَنَّ" suffix="ه" />
				<ArabicLexical word="لَا" lemma="لَا" pos="جامدة" prefix="" root="لَا" pattern="لَا" suffix="" />
				<ArabicLexical word="يَثِقُ" lemma="وَثِقَ" pos="مصرفة منتظمة" prefix="ي" root="وثق" pattern="فعِلْ" suffix="" />
				<ArabicLexical word="أَنَّهَا" lemma="أَنَّ" pos="جامدة" prefix="" root="أَنَّ" pattern="أَنَّ" suffix="هَا" />
				<ArabicLexical word="لَا" lemma="لَا" pos="جامدة" prefix="" root="لَا" pattern="لَا" suffix="" />
				<ArabicLexical word="تَتَكَلَّمُ" lemma="تَكَلَّمَ" pos="مصرفة منتظمة" prefix="ت" root="كلم" pattern="تَفَعَّلَ" suffix="" />
				<ArabicLexical word="مَعَ" lemma="مَعَ" pos="جامدة" prefix="" root="مَعَ" pattern="مَعَ" suffix="" />
				<ArabicLexical word="اَلْعَشَرَاتِ" lemma="عَشْرَة" pos="مصرفة منتظمة" prefix="ال" root="عشر" pattern="فَعَل" suffix="ات" />
				<ArabicLexical word="غَيْرِهِ" lemma="غَيْر" pos="مصرفة منتظمة" prefix="" root="غير" pattern="فَعْل" suffix="ه" />
				<ArabicLexical word="وَيُنْهِي" lemma="أَنْهَى" pos="مصرفة منتظمة" prefix="وَي" root="نهي" pattern="أَفْعِل" suffix="" />
				<ArabicLexical word="اَلْمُكَالَمَةَ" lemma="مُكَالَمَة" pos="مصرفة منتظمة" prefix="ال" root="كلم" pattern="مُفَاعَل" suffix="ة" />
				<ArabicLexical word="بِإِلْقَاءِ" lemma="إِلْقَاء" pos="مصرفة منتظمة" prefix="بِ" root="لقي" pattern="إِفْعَال" suffix="" />
				<ArabicLexical word="اَلْجَوَّالِ" lemma="جَوَّال" pos="مصرفة منتظمة" prefix="ال" root="جول" pattern="فَعَّال" suffix="" />
				<ArabicLexical word="بَعِيدًا" lemma="بَعِيد" pos="مصرفة منتظمة" prefix="" root="بعد" pattern="فَعِيل" suffix="" />
				<ArabicLexical word="عَلَى" lemma="عَلَى" pos="جامدة" prefix="" root="عَلَى" pattern="عَلَى" suffix="" />
				<ArabicLexical word="اَلْأَرْضِ" lemma="أَرْض" pos="مصرفة منتظمة" prefix="ال" root="أرض" pattern="فَعْل" suffix="" />
				<ArabicLexical word="ثُمَّ" lemma="ثُمَّ" pos="جامدة" prefix="" root="ثُمَّ" pattern="ثُمَّ" suffix="" />
				<ArabicLexical word="يَخْلُدُ" lemma="خَلَدَ" pos="مصرفة منتظمة" prefix="ي" root="خلد" pattern="فْعُل" suffix="" />
				<ArabicLexical word="لِلنَّوْمِ" lemma="نَوْم" pos="مصرفة منتظمة" prefix="لِل" root="نوم" pattern="فَعْل" suffix="" />
			</annotation>
		</sentence>
		<sentence id="07295">
			<text>اَلْفِيلْمُ يُنَاقِشُ ظَاهِرَةَ اَلْمُغَازَلَاتِ بَيْنَ اَلشَّبَابِ، وَتَبَادُلَ أَرْقَامِ اَلتِّلِيفُونَاتِ بِإِلْقَائِهَا مِنْ نَوَافِذِ اَلسَّيَّارَاتِ اَلْمُتَجَاوِرَةِ بَيْنَ أَيِّ فَتَى وَأَيَّةِ فَتَاةٍ تَسْمَحُ بِذلِكَ، وَالْمُشْكِلَاتِ اَلْمُتَرَتِّبَةَ عَلَى هذَا اَلسُّلُوكِ غَيْرِ اَلْمَقْبُولِ اِجْتِمَاعِيًّا، وَرَغْمَ بِدَائِيَّةِ اَلْفِيلْمِ مِنْ اَلنَّاحِيَةِ اَلْفَنِّيَّةِ وَالتِّقْنِيَّةِ، إِلَّا أَنَّهُ مُحَاوَلَةٌ أُخْرَى لِتَنَاوُلِ مُشْكِلَاتِ اَلْمُجْتَمَعِ مِنْ دَاخِلِهِ، بَدَلًا مِنْ عُيُونِ اَلْغَرْبِ اَلنَّاقِدَةِ وَالْمَفْرُوضَةِ أَحْيَانًا.</text>
			<annotation>
				<ArabicLexical word="اَلْفِيلْمُ" lemma="فِيلْم" pos="معربة" prefix="ال" root="فِيلْم" pattern="فِيلْم" suffix="" />
				<ArabicLexical word="يُنَاقِشُ" lemma="نَاقَشَ" pos="مصرفة منتظمة" prefix="ي" root="نقش" pattern="فَاعَلَ" suffix="" />
				<ArabicLexical word="ظَاهِرَةَ" lemma="ظَاهِرَة" pos="مصرفة منتظمة" prefix="" root="ظهر" pattern="فَاعِل" suffix="ة" />
				<ArabicLexical word="اَلْمُغَازَلَاتِ" lemma="مُغَازَلَة" pos="مصرفة منتظمة" prefix="ال" root="غزل" pattern="مُفَاعَل" suffix="ات" />
				<ArabicLexical word="بَيْنَ" lemma="بَيْن" pos="مصرفة منتظمة" prefix="" root="بين" pattern="فَعْل" suffix="" />
				<ArabicLexical word="اَلشَّبَابِ" lemma="شَبَاب" pos="مصرفة منتظمة" prefix="ال" root="شبب" pattern="فَعَال" suffix="" />
				<ArabicLexical word="وَتَبَادُلَ" lemma="تَبَادُل" pos="مصرفة منتظمة" prefix="وَ" root="بدل" pattern="تَفَاعُل" suffix="" />
				<ArabicLexical word="أَرْقَامِ" lemma="أَرْقَام" pos="مصرفة منتظمة" prefix="" root="رقم" pattern="أَفْعَال" suffix="" />
				<ArabicLexical word="اَلتِّلِيفُونَاتِ" lemma="تِلِيفُون" pos="غير عربية" prefix="" root="" pattern="" suffix="" />
				<ArabicLexical word="بِإِلْقَائِهَا" lemma="إِلْقَاء" pos="مصرفة منتظمة" prefix="بِ" root="لقي" pattern="إِفْعَال" suffix="هَا" />
				<ArabicLexical word="مِنْ" lemma="مِنْ" pos="جامدة" prefix="" root="مِنْ" pattern="مِنْ" suffix="" />
				<ArabicLexical word="نَوَافِذِ" lemma="نَافِذَة" pos="مصرفة منتظمة" prefix="" root="نفذ" pattern="فَوَاعِل" suffix="" />
				<ArabicLexical word="اَلسَّيَّارَاتِ" lemma="سَيَّارَة" pos="مصرفة منتظمة" prefix="ال" root="سير" pattern="فَعَّال" suffix="ات" />
				<ArabicLexical word="اَلْمُتَجَاوِرَةِ" lemma="مُتَجَاوِر" pos="مصرفة منتظمة" prefix="ال" root="جور" pattern="مُتَفَاعِل" suffix="ة" />
				<ArabicLexical word="بَيْنَ" lemma="بَيْنَ" pos="مصرفة منتظمة" prefix="" root="بين" pattern="فَعْل" suffix="" />
				<ArabicLexical word="أَيِّ" lemma="أَيّ" pos="جامدة" prefix="" root="أَيّ" pattern="أَيّ" suffix="" />
				<ArabicLexical word="فَتَى" lemma="فَتَى" pos="مصرفة منتظمة" prefix="" root="فتي" pattern="فَعَل" suffix="" />
				<ArabicLexical word="وَأَيَّةِ" lemma="أَيّ" pos="جامدة" prefix="وَ" root="أَيّ" pattern="أَيّ" suffix="ة" />
				<ArabicLexical word="فَتَاةٍ" lemma="فَتَاة" pos="مصرفة منتظمة" prefix="" root="فتي" pattern="فَعَل" suffix="ة" />
				<ArabicLexical word="تَسْمَحُ" lemma="سَمَحَ" pos="مصرفة منتظمة" prefix="ت" root="سمح" pattern="فْعَل" suffix="" />
				<ArabicLexical word="بِذلِكَ" lemma="ذَا" pos="جامدة" prefix="بِ" root="ذَا" pattern="ذلِ" suffix="كَ" />
				<ArabicLexical word="وَالْمُشْكِلَاتِ" lemma="مُشْكِل" pos="مصرفة منتظمة" prefix="وَال" root="شكل" pattern="مُفْعِل" suffix="ات" />
				<ArabicLexical word="اَلْمُتَرَتِّبَةَ" lemma="مُتَرَتِّب" pos="مصرفة منتظمة" prefix="ال" root="رتب" pattern="مُتَفَعِّل" suffix="ة" />
				<ArabicLexical word="عَلَى" lemma="عَلَى" pos="جامدة" prefix="" root="عَلَى" pattern="عَلَى" suffix="" />
				<ArabicLexical word="هذَا" lemma="ذَا" pos="جامدة" prefix="" root="ذَا" pattern="هذَا" suffix="" />
				<ArabicLexical word="اَلسُّلُوكِ" lemma="سُلُوك" pos="مصرفة منتظمة" prefix="ال" root="سلك" pattern="فُعُول" suffix="" />
				<ArabicLexical word="غَيْرِ" lemma="غَيْر" pos="مصرفة منتظمة" prefix="" root="غير" pattern="فَعْل" suffix="" />
				<ArabicLexical word="اَلْمَقْبُولِ" lemma="مَقْبُول" pos="مصرفة منتظمة" prefix="ال" root="قبل" pattern="مَفْعُول" suffix="" />
				<ArabicLexical word="اِجْتِمَاعِيًّا" lemma="اجْتِمَاعِيّ" pos="مصرفة منتظمة" prefix="" root="جمع" pattern="اِفْتِعَال" suffix="يّ" />
				<ArabicLexical word="وَرَغْمَ" lemma="رَغْم" pos="مصرفة منتظمة" prefix="وَ" root="رغم" pattern="فَعْل" suffix="" />
				<ArabicLexical word="بِدَائِيَّةِ" lemma="بِدَائِيّ" pos="مصرفة منتظمة" prefix="" root="بدأ" pattern="فِعَال" suffix="يَّة" />
				<ArabicLexical word="اَلْفِيلْمِ" lemma="فِيلْم" pos="معربة" prefix="ال" root="فِيلْم" pattern="فِيلْم" suffix="" />
				<ArabicLexical word="مِنْ" lemma="مِنْ" pos="جامدة" prefix="" root="مِنْ" pattern="مِنْ" suffix="" />
				<ArabicLexical word="اَلنَّاحِيَةِ" lemma="نَاحِيَة" pos="مصرفة منتظمة" prefix="ال" root="نحو" pattern="فَاعِل" suffix="ة" />
				<ArabicLexical word="اَلْفَنِّيَّةِ" lemma="فَنِّيّ" pos="مصرفة منتظمة" prefix="ال" root="فنن" pattern="فَلّ" suffix="يَّة" />
				<ArabicLexical word="وَالتِّقْنِيَّةِ" lemma="تِقْنِيّ" pos="مصرفة منتظمة" prefix="وَال" root="تقن" pattern="فِعْل" suffix="يَّة" />
				<ArabicLexical word="إِلَّا" lemma="إِلَّا" pos="جامدة" prefix="" root="إِلَّا" pattern="إِلَّا" suffix="" />
				<ArabicLexical word="أَنَّهُ" lemma="أَنَّ" pos="جامدة" prefix="" root="أَنَّ" pattern="أَنَّ" suffix="ه" />
				<ArabicLexical word="مُحَاوَلَةٌ" lemma="مُحَاوَلَة" pos="مصرفة منتظمة" prefix="" root="حول" pattern="مُفَاعَل" suffix="ة" />
				<ArabicLexical word="أُخْرَى" lemma="أُخْرَى" pos="مصرفة منتظمة" prefix="" root="أخر" pattern="فُعْلَى" suffix="" />
				<ArabicLexical word="لِتَنَاوُلِ" lemma="تَنَاوُل" pos="مصرفة منتظمة" prefix="لِ" root="نول" pattern="تَفَاعُل" suffix="" />
				<ArabicLexical word="مُشْكِلَاتِ" lemma="مُشْكِل" pos="مصرفة منتظمة" prefix="" root="شكل" pattern="مُفْعِل" suffix="ات" />
				<ArabicLexical word="اَلْمُجْتَمَعِ" lemma="مُجْتَمَع" pos="مصرفة منتظمة" prefix="ال" root="جمع" pattern="مُفْتَعَل" suffix="" />
				<ArabicLexical word="مِنْ" lemma="مِنْ" pos="جامدة" prefix="" root="مِنْ" pattern="مِنْ" suffix="" />
				<ArabicLexical word="دَاخِلِهِ" lemma="دَاخِل" pos="مصرفة منتظمة" prefix="" root="دخل" pattern="فَاعِل" suffix="ه" />
				<ArabicLexical word="بَدَلًا" lemma="بَدَل" pos="مصرفة منتظمة" prefix="" root="بدل" pattern="فَعَل" suffix="" />
				<ArabicLexical word="مِنْ" lemma="مِنْ" pos="جامدة" prefix="" root="مِنْ" pattern="مِنْ" suffix="" />
				<ArabicLexical word="عُيُونِ" lemma="عَيْن" pos="مصرفة منتظمة" prefix="" root="عين" pattern="فُعُول" suffix="" />
				<ArabicLexical word="اَلْغَرْبِ" lemma="غَرْب" pos="مصرفة منتظمة" prefix="ال" root="غرب" pattern="فَعْل" suffix="" />
				<ArabicLexical word="اَلنَّاقِدَةِ" lemma="نَاقِد" pos="مصرفة منتظمة" prefix="ال" root="نقد" pattern="فَاعِل" suffix="ة" />
				<ArabicLexical word="وَالْمَفْرُوضَةِ" lemma="مَفْرُوض" pos="مصرفة منتظمة" prefix="وَال" root="فرض" pattern="مَفْعُول" suffix="ة" />
				<ArabicLexical word="أَحْيَانًا" lemma="حِين" pos="مصرفة منتظمة" prefix="" root="حين" pattern="أَفْعَال" suffix="" />
			</annotation>
		</sentence>
		<sentence id="07296">
			<text>اَلْمُخْرِجَاتُ اَلْأَرْبَعَةُ أَعْلَنَّ اِسْتِمْرَارَهُنَّ عَلَى هذَا اَلدَّرْبِ. وَأَكَّدَتْ رِحَابُ أَنَّ فِيلْمَهَا اَلْمُقْبِلَ عَنْ اَلْهُنُودِ اَلْآسْيَوِيِّينَ فِي مُجْتَمَعِ اَلْخَلِيجِ بِاعْتِبَارِهِمْ جُزْءًا مِنْ هذَا اَلْمُجْتَمَعِ</text>
			<annotation>
				<ArabicLexical word="اَلْمُخْرِجَاتُ" lemma="مُخْرِج" pos="مصرفة منتظمة" prefix="ال" root="خرج" pattern="مُفْعِل" suffix="ات" />
				<ArabicLexical word="اَلْأَرْبَعَةُ" lemma="أَرْبَع" pos="استثناء صرفي" prefix="ال" root="ربع" pattern="أَرْبَع" suffix="ة" />
				<ArabicLexical word="أَعْلَنَّ" lemma="أَعْلَنَ" pos="مصرفة منتظمة" prefix="" root="علن" pattern="أَفْعَلَ" suffix="نَ" />
				<ArabicLexical word="اِسْتِمْرَارَهُنَّ" lemma="اسْتِمْرَار" pos="مصرفة منتظمة" prefix="" root="مرر" pattern="اِسْتِفْعَال" suffix="هنَّ" />
				<ArabicLexical word="عَلَى" lemma="عَلَى" pos="جامدة" prefix="" root="عَلَى" pattern="عَلَى" suffix="" />
				<ArabicLexical word="هذَا" lemma="ذَا" pos="جامدة" prefix="" root="ذَا" pattern="هذَا" suffix="" />
				<ArabicLexical word="اَلدَّرْبِ" lemma="دَرْب" pos="مصرفة منتظمة" prefix="ال" root="درب" pattern="فَعْل" suffix="" />
				<ArabicLexical word="وَأَكَّدَتْ" lemma="أَكَّدَ" pos="مصرفة منتظمة" prefix="وَ" root="أكد" pattern="فَعَّلَ" suffix="تْ" />
				<ArabicLexical word="رِحَابُ" lemma="رَحْب" pos="مصرفة منتظمة" prefix="" root="رحب" pattern="فِعَال" suffix="" />
				<ArabicLexical word="أَنَّ" lemma="أَنَّ" pos="جامدة" prefix="" root="أَنَّ" pattern="أَنَّ" suffix="" />
				<ArabicLexical word="فِيلْمَهَا" lemma="فِيلْم" pos="معربة" prefix="" root="فِيلْم" pattern="فِيلْم" suffix="هَا" />
				<ArabicLexical word="اَلْمُقْبِلَ" lemma="مُقْبِل" pos="مصرفة منتظمة" prefix="ال" root="قبل" pattern="مُفْعِل" suffix="" />
				<ArabicLexical word="عَنْ" lemma="عَنْ" pos="جامدة" prefix="" root="عَنْ" pattern="عَنْ" suffix="" />
				<ArabicLexical word="اَلْهُنُودِ" lemma="هُنُود" pos="مصرفة منتظمة" prefix="ال" root="هند" pattern="فُعُول" suffix="" />
				<ArabicLexical word="اَلْآسْيَوِيِّينَ" lemma="آسْيَوِيّ" pos="معربة" prefix="ال" root="آسْيَا" pattern="آسْيَوِ" suffix="يِّينَ" />
				<ArabicLexical word="فِي" lemma="فِي" pos="جامدة" prefix="" root="فِي" pattern="فِي" suffix="" />
				<ArabicLexical word="مُجْتَمَعِ" lemma="مُجْتَمَع" pos="مصرفة منتظمة" prefix="" root="جمع" pattern="مُفْتَعَل" suffix="" />
				<ArabicLexical word="اَلْخَلِيجِ" lemma="خَلِيج" pos="مصرفة منتظمة" prefix="ال" root="خلج" pattern="فَعِيل" suffix="" />
				<ArabicLexical word="بِاعْتِبَارِهِمْ" lemma="اعْتِبَار" pos="مصرفة منتظمة" prefix="بِ" root="عبر" pattern="اِفْتِعَال" suffix="همْ" />
				<ArabicLexical word="جُزْءًا" lemma="جُزْء" pos="مصرفة منتظمة" prefix="" root="جزأ" pattern="فُعْل" suffix="" />
				<ArabicLexical word="مِنْ" lemma="مِنْ" pos="جامدة" prefix="" root="مِنْ" pattern="مِنْ" suffix="" />
				<ArabicLexical word="هذَا" lemma="ذَا" pos="جامدة" prefix="" root="ذَا" pattern="هذَا" suffix="" />
				<ArabicLexical word="اَلْمُجْتَمَعِ" lemma="مُجْتَمَع" pos="مصرفة منتظمة" prefix="ال" root="جمع" pattern="مُفْتَعَل" suffix="" />
			</annotation>
		</sentence>
	</FILE>
	</NEMLAR>