<NEMLAR><FILE name="GeneralNews" number="152">
		<sentence id="09133">
			<text>?أَئِمَّةُ بُرُونَايْ يَرْفُضُونَ اَلِاحْتِفَالَ بِعِيدِ اَلْحُبِّ</text>
			<annotation>
				<ArabicLexical word="أَئِمَّةُ" lemma="إِمَام" pos="مصرفة منتظمة" prefix="" root="أمم" pattern="أَفِلَّ" suffix="ة" />
				<ArabicLexical word="بُرُونَايْ" lemma="" pos="غير عربية" prefix="" root="" pattern="" suffix="" />
				<ArabicLexical word="يَرْفُضُونَ" lemma="رَفَضَ" pos="مصرفة منتظمة" prefix="ي" root="رفض" pattern="فْعُل" suffix="ونَ" />
				<ArabicLexical word="اَلِاحْتِفَالَ" lemma="احْتِفَال" pos="مصرفة منتظمة" prefix="ال" root="حفل" pattern="اِفْتِعَال" suffix="" />
				<ArabicLexical word="بِعِيدِ" lemma="عِيد" pos="مصرفة منتظمة" prefix="بِ" root="عود" pattern="فِعل" suffix="" />
				<ArabicLexical word="اَلْحُبِّ" lemma="حُبّ" pos="مصرفة منتظمة" prefix="ال" root="حبب" pattern="فُلّ" suffix="" />
			</annotation>
		</sentence>
		<sentence id="09134">
			<text>إِيمَانُ مُحَمَّدٍ- وِكَالَاتٌ- إِسْلَامُ أُونْ لَايِنْ.نِتْ/3-2-2002 </text>
			<annotation>
				<ArabicLexical word="إِيمَانُ" lemma="إِيمَان" pos="مصرفة منتظمة" prefix="" root="أمن" pattern="إِفعَال" suffix="" />
				<ArabicLexical word="مُحَمَّدٍ" lemma="مُحَمَّد" pos="مصرفة منتظمة" prefix="" root="حمد" pattern="مُفَعَّل" suffix="" />
				<ArabicLexical word="وِكَالَاتٌ" lemma="وِكَالَة" pos="مصرفة منتظمة" prefix="" root="وكل" pattern="فِعَال" suffix="ات" />
				<ArabicLexical word="إِسْلَامُ" lemma="إِسْلَام" pos="مصرفة منتظمة" prefix="" root="سلم" pattern="إِفْعَال" suffix="" />
				<ArabicLexical word="أُونْ" lemma="أُونْ" pos="غير عربية" prefix="" root="" pattern="" suffix="" />
				<ArabicLexical word="لَايِنْ" lemma="لايَنَ" pos="غير عربية" prefix="" root="" pattern="" suffix="" />
				<ArabicLexical word="نِتْ" lemma="نِت" pos="غير عربية" prefix="" root="" pattern="" suffix="" />
			</annotation>
		</sentence>
		<sentence id="09135">
			<text> </text>
			<annotation>
			</annotation>
		</sentence>
		<sentence id="09136">
			<text> </text>
			<annotation>
			</annotation>
		</sentence>
		<sentence id="09137">
			<text>حَذَّرَ أَئِمَّةٌ مُسْلِمُونَ بِسَلْطَنَةِ بُرُونَايْ اَلْوَاقِعَةِ جَنُوبَ شَرْقِ آسْيَا مُسْلِمِي اَلْبِلَادِ مِنْ اَلِاحْتِفَالِ بِعِيدِ اَلْحُبِّ، أَوْ مَا يُسَمَّى بِعِيدِ فَالَانْتِينْ، مُشِيرِينَ إِلَى أَنَّ اِتِّبَاعَ اَلْأَعْيَادِ غَيْرِ اَلْإِسْلَامِيَّةِ قَدْ يُؤَدِّي إِلَى تَشْوِيهِ اَلْقِيَمِ اَلْأَخْلَاقِيَّةِ وَإِضْعَافِ اَلْأُمَّةِ اَلْإِسْلَامِيَّةِ. </text>
			<annotation>
				<ArabicLexical word="حَذَّرَ" lemma="حَذَّرَ" pos="مصرفة منتظمة" prefix="" root="حذر" pattern="فَعَّلَ" suffix="" />
				<ArabicLexical word="أَئِمَّةٌ" lemma="إِمَام" pos="مصرفة منتظمة" prefix="" root="أمم" pattern="أَفِلَّ" suffix="ة" />
				<ArabicLexical word="مُسْلِمُونَ" lemma="مُسْلِم" pos="مصرفة منتظمة" prefix="" root="سلم" pattern="مُفْعِل" suffix="ونَ" />
				<ArabicLexical word="بِسَلْطَنَةِ" lemma="سَلْطَنَة" pos="مصرفة منتظمة" prefix="بِ" root="سلطن" pattern="فَعْلَل" suffix="ة" />
				<ArabicLexical word="بُرُونَايْ" lemma="" pos="غير عربية" prefix="" root="" pattern="" suffix="" />
				<ArabicLexical word="اَلْوَاقِعَةِ" lemma="وَاقِع" pos="مصرفة منتظمة" prefix="ال" root="وقع" pattern="فَاعِل" suffix="ة" />
				<ArabicLexical word="جَنُوبَ" lemma="جَنُوب" pos="مصرفة منتظمة" prefix="" root="جنب" pattern="فَعُول" suffix="" />
				<ArabicLexical word="شَرْقِ" lemma="شَرْق" pos="مصرفة منتظمة" prefix="" root="شرق" pattern="فَعْل" suffix="" />
				<ArabicLexical word="آسْيَا" lemma="آسْيَا" pos="معربة" prefix="" root="آسْيَا" pattern="آسْيَا" suffix="" />
				<ArabicLexical word="مُسْلِمِي" lemma="مُسْلِم" pos="مصرفة منتظمة" prefix="" root="سلم" pattern="مُفْعِل" suffix="ي" />
				<ArabicLexical word="اَلْبِلَادِ" lemma="بِلَاد" pos="مصرفة منتظمة" prefix="ال" root="بلد" pattern="فِعَال" suffix="" />
				<ArabicLexical word="مِنْ" lemma="مِنْ" pos="جامدة" prefix="" root="مِنْ" pattern="مِنْ" suffix="" />
				<ArabicLexical word="اَلِاحْتِفَالِ" lemma="احْتِفَال" pos="مصرفة منتظمة" prefix="ال" root="حفل" pattern="اِفْتِعَال" suffix="" />
				<ArabicLexical word="بِعِيدِ" lemma="عِيد" pos="مصرفة منتظمة" prefix="بِ" root="عود" pattern="فِعل" suffix="" />
				<ArabicLexical word="اَلْحُبِّ" lemma="حُبّ" pos="مصرفة منتظمة" prefix="ال" root="حبب" pattern="فُلّ" suffix="" />
				<ArabicLexical word="أَوْ" lemma="أَوْ" pos="جامدة" prefix="" root="أَوْ" pattern="أَوْ" suffix="" />
				<ArabicLexical word="مَا" lemma="مَا" pos="جامدة" prefix="" root="اَلَّذِي" pattern="مَا" suffix="" />
				<ArabicLexical word="يُسَمَّى" lemma="سَمَّى" pos="مصرفة منتظمة" prefix="يُ" root="سمو" pattern="فَعَّل" suffix="" />
				<ArabicLexical word="بِعِيدِ" lemma="عِيد" pos="مصرفة منتظمة" prefix="بِ" root="عود" pattern="فِعل" suffix="" />
				<ArabicLexical word="فَالَانْتِينْ" lemma="" pos="غير عربية" prefix="" root="" pattern="" suffix="" />
				<ArabicLexical word="مُشِيرِينَ" lemma="مُشِير" pos="مصرفة منتظمة" prefix="" root="شور" pattern="مُفِعل" suffix="ينَ" />
				<ArabicLexical word="إِلَى" lemma="إِلَى" pos="جامدة" prefix="" root="إِلَى" pattern="إِلَى" suffix="" />
				<ArabicLexical word="أَنَّ" lemma="أَنَّ" pos="جامدة" prefix="" root="أَنَّ" pattern="أَنَّ" suffix="" />
				<ArabicLexical word="اِتِّبَاعَ" lemma="اتِّبَاع" pos="مصرفة منتظمة" prefix="" root="تبع" pattern="اِفِّعَال" suffix="" />
				<ArabicLexical word="اَلْأَعْيَادِ" lemma="عِيد" pos="غير عربية" prefix="" root="" pattern="" suffix="" />
				<ArabicLexical word="غَيْرِ" lemma="غَيْر" pos="مصرفة منتظمة" prefix="" root="غير" pattern="فَعْل" suffix="" />
				<ArabicLexical word="اَلْإِسْلَامِيَّةِ" lemma="إِسْلَامِيّ" pos="مصرفة منتظمة" prefix="ال" root="سلم" pattern="إِفْعَال" suffix="يَّة" />
				<ArabicLexical word="قَدْ" lemma="قَدْ" pos="جامدة" prefix="" root="قَدْ" pattern="قَدْ" suffix="" />
				<ArabicLexical word="يُؤَدِّي" lemma="أَدَّى" pos="مصرفة منتظمة" prefix="ي" root="أدي" pattern="فَعِّل" suffix="" />
				<ArabicLexical word="إِلَى" lemma="إِلَى" pos="جامدة" prefix="" root="إِلَى" pattern="إِلَى" suffix="" />
				<ArabicLexical word="تَشْوِيهِ" lemma="تَشْوِيه" pos="مصرفة منتظمة" prefix="" root="شوه" pattern="تَفْعِيل" suffix="" />
				<ArabicLexical word="اَلْقِيَمِ" lemma="قِيمَة" pos="مصرفة منتظمة" prefix="ال" root="قوم" pattern="فِعَل" suffix="" />
				<ArabicLexical word="اَلْأَخْلَاقِيَّةِ" lemma="أَخْلَاقِيّ" pos="مصرفة منتظمة" prefix="ال" root="خلق" pattern="أَفْعَال" suffix="يَّة" />
				<ArabicLexical word="وَإِضْعَافِ" lemma="إِضْعَاف" pos="مصرفة منتظمة" prefix="وَ" root="ضعف" pattern="إِفْعَال" suffix="" />
				<ArabicLexical word="اَلْأُمَّةِ" lemma="أُمَّة" pos="مصرفة منتظمة" prefix="ال" root="أمم" pattern="فُلّ" suffix="ة" />
				<ArabicLexical word="اَلْإِسْلَامِيَّةِ" lemma="إِسْلَامِيّ" pos="مصرفة منتظمة" prefix="ال" root="سلم" pattern="إِفْعَال" suffix="يَّة" />
			</annotation>
		</sentence>
		<sentence id="09138">
			<text>وَنَقَلَتْ وِكَالَةُ اَلْأَنْبَاءِ اَلْفَرَنْسِيَّةُ عَنْ أَئِمَّةٍ لَمْ تَذْكُرْ أَسْمَاءَهُمْ اَلْأَحَدَ 3-2-2002 قَوْلَهُمْ: يَجِبُ أَنْ نَتَذَكَّرَ اِسْتِمْرَارَ اَلْمُحَاوَلَاتِ اَلَّتِي تَقُومُ بِهَا بَعْضُ اَلْعَنَاصِرِ لِإِضْعَافِ اَلْأُمَّةِ اَلْإِسْلَامِيَّةِ وَالسَّعْيِ لِلْقَضَاءِ عَلَى اَلدِّينِ اَلْإِسْلَامِيِّ، وَأَشَارَ هؤُلَاءِ اَلْأَئِمَّةُ إِلَى أَنَّ اَلْبَعْضَ يُحَاوِلُ بِكُلِّ اَلطُّرُقِ اَلْمُمْكِنَةِ إِضْعَافَ أُمَّتِنَا، خَاصَّةً اَلْجِيلَ اَلْجَدِيدَ مِنْ اَلشَّبَابِ، وَذلِكَ مِنْ خِلَالِ غَرْسِ اَلْقِيَمِ اَلسَّلْبِيَّةِ فِي أَذْهَانِهِمْ مِثْلِ اَلِاحْتِفَالِ بِعِيدِ اَلْحُبِّ. </text>
			<annotation>
				<ArabicLexical word="وَنَقَلَتْ" lemma="نَقَلَ" pos="مصرفة منتظمة" prefix="وَ" root="نقل" pattern="فَعَلَ" suffix="تْ" />
				<ArabicLexical word="وِكَالَةُ" lemma="وِكَالَة" pos="مصرفة منتظمة" prefix="" root="وكل" pattern="فِعَال" suffix="ة" />
				<ArabicLexical word="اَلْأَنْبَاءِ" lemma="نَبَأ" pos="مصرفة منتظمة" prefix="ال" root="نبأ" pattern="أَفْعَال" suffix="" />
				<ArabicLexical word="اَلْفَرَنْسِيَّةُ" lemma="فَرَنْسِيّ" pos="غير عربية" prefix="" root="" pattern="" suffix="" />
				<ArabicLexical word="عَنْ" lemma="عَنْ" pos="جامدة" prefix="" root="عَنْ" pattern="عَنْ" suffix="" />
				<ArabicLexical word="أَئِمَّةٍ" lemma="إِمَام" pos="مصرفة منتظمة" prefix="" root="أمم" pattern="أَفِلَّ" suffix="ة" />
				<ArabicLexical word="لَمْ" lemma="لَمْ" pos="جامدة" prefix="" root="لَمْ" pattern="لَمْ" suffix="" />
				<ArabicLexical word="تَذْكُرْ" lemma="ذَكَرَ" pos="مصرفة منتظمة" prefix="ت" root="ذكر" pattern="فْعُل" suffix="" />
				<ArabicLexical word="أَسْمَاءَهُمْ" lemma="اسْم" pos="مصرفة منتظمة" prefix="" root="سمو" pattern="أَفْعَال" suffix="همْ" />
				<ArabicLexical word="اَلْأَحَدَ" lemma="أَحَد" pos="مصرفة منتظمة" prefix="ال" root="أحد" pattern="فَعَل" suffix="" />
				<ArabicLexical word="قَوْلَهُمْ" lemma="قَوْل" pos="مصرفة منتظمة" prefix="" root="قول" pattern="فَعْل" suffix="همْ" />
				<ArabicLexical word="يَجِبُ" lemma="وَجَبَ" pos="مصرفة منتظمة" prefix="ي" root="وجب" pattern="فعِلْ" suffix="" />
				<ArabicLexical word="أَنْ" lemma="أَنْ" pos="جامدة" prefix="" root="أَنْ" pattern="أَنْ" suffix="" />
				<ArabicLexical word="نَتَذَكَّرَ" lemma="تَذَكَّرَ" pos="مصرفة منتظمة" prefix="ن" root="ذكر" pattern="تَفَعَّلَ" suffix="" />
				<ArabicLexical word="اِسْتِمْرَارَ" lemma="اسْتِمْرَار" pos="مصرفة منتظمة" prefix="" root="مرر" pattern="اِسْتِفْعَال" suffix="" />
				<ArabicLexical word="اَلْمُحَاوَلَاتِ" lemma="مُحَاوَلَة" pos="مصرفة منتظمة" prefix="ال" root="حول" pattern="مُفَاعَل" suffix="ات" />
				<ArabicLexical word="اَلَّتِي" lemma="اَلَّذِي" pos="جامدة" prefix="ال" root="اَلَّذِي" pattern="لَتِي" suffix="" />
				<ArabicLexical word="تَقُومُ" lemma="قَامَ" pos="مصرفة منتظمة" prefix="ت" root="قوم" pattern="فُعل" suffix="" />
				<ArabicLexical word="بِهَا" lemma="بِي" pos="جامدة" prefix="" root="بِي" pattern="بِهَا" suffix="" />
				<ArabicLexical word="بَعْضُ" lemma="بَعْض" pos="مصرفة منتظمة" prefix="" root="بعض" pattern="فَعْل" suffix="" />
				<ArabicLexical word="اَلْعَنَاصِرِ" lemma="عُنْصُر" pos="مصرفة منتظمة" prefix="ال" root="عنصر" pattern="فَعَالِل" suffix="" />
				<ArabicLexical word="لِإِضْعَافِ" lemma="إِضْعَاف" pos="مصرفة منتظمة" prefix="لِ" root="ضعف" pattern="إِفْعَال" suffix="" />
				<ArabicLexical word="اَلْأُمَّةِ" lemma="أُمَّة" pos="مصرفة منتظمة" prefix="ال" root="أمم" pattern="فُلّ" suffix="ة" />
				<ArabicLexical word="اَلْإِسْلَامِيَّةِ" lemma="إِسْلَامِيّ" pos="مصرفة منتظمة" prefix="ال" root="سلم" pattern="إِفْعَال" suffix="يَّة" />
				<ArabicLexical word="وَالسَّعْيِ" lemma="سَعْي" pos="مصرفة منتظمة" prefix="وَال" root="سعي" pattern="فَعْل" suffix="" />
				<ArabicLexical word="لِلْقَضَاءِ" lemma="قَضَاء" pos="مصرفة منتظمة" prefix="لِل" root="قضي" pattern="فَعَال" suffix="" />
				<ArabicLexical word="عَلَى" lemma="عَلَى" pos="جامدة" prefix="" root="عَلَى" pattern="عَلَى" suffix="" />
				<ArabicLexical word="اَلدِّينِ" lemma="دِين" pos="مصرفة منتظمة" prefix="ال" root="دين" pattern="فِعل" suffix="" />
				<ArabicLexical word="اَلْإِسْلَامِيِّ" lemma="إِسْلَامِيّ" pos="مصرفة منتظمة" prefix="ال" root="سلم" pattern="إِفْعَال" suffix="يّ" />
				<ArabicLexical word="وَأَشَارَ" lemma="أَشَارَ" pos="مصرفة منتظمة" prefix="وَ" root="شور" pattern="أَفَعلَ" suffix="" />
				<ArabicLexical word="هؤُلَاءِ" lemma="أُولَاءِ" pos="جامدة" prefix="" root="أُولَاءِ" pattern="هؤُلَاءِ" suffix="" />
				<ArabicLexical word="اَلْأَئِمَّةُ" lemma="إِمَام" pos="مصرفة منتظمة" prefix="ال" root="أمم" pattern="أَفِلَّ" suffix="ة" />
				<ArabicLexical word="إِلَى" lemma="إِلَى" pos="جامدة" prefix="" root="إِلَى" pattern="إِلَى" suffix="" />
				<ArabicLexical word="أَنَّ" lemma="أَنَّ" pos="جامدة" prefix="" root="أَنَّ" pattern="أَنَّ" suffix="" />
				<ArabicLexical word="اَلْبَعْضَ" lemma="بَعْض" pos="مصرفة منتظمة" prefix="ال" root="بعض" pattern="فَعْل" suffix="" />
				<ArabicLexical word="يُحَاوِلُ" lemma="حَاوَلَ" pos="مصرفة منتظمة" prefix="ي" root="حول" pattern="فَاعَلَ" suffix="" />
				<ArabicLexical word="بِكُلِّ" lemma="كُلّ" pos="جامدة" prefix="بِ" root="كُلّ" pattern="كُلّ" suffix="" />
				<ArabicLexical word="اَلطُّرُقِ" lemma="طَرِيق" pos="مصرفة منتظمة" prefix="ال" root="طرق" pattern="فُعُل" suffix="" />
				<ArabicLexical word="اَلْمُمْكِنَةِ" lemma="مُمْكِن" pos="مصرفة منتظمة" prefix="ال" root="مكن" pattern="مُفْعِل" suffix="ة" />
				<ArabicLexical word="إِضْعَافَ" lemma="إِضْعَاف" pos="مصرفة منتظمة" prefix="" root="ضعف" pattern="إِفْعَال" suffix="" />
				<ArabicLexical word="أُمَّتِنَا" lemma="أُمَّة" pos="مصرفة منتظمة" prefix="" root="أمم" pattern="فُلّ" suffix="تنَا" />
				<ArabicLexical word="خَاصَّةً" lemma="خَاصَّة" pos="مصرفة منتظمة" prefix="" root="خصص" pattern="فَالّ" suffix="ة" />
				<ArabicLexical word="اَلْجِيلَ" lemma="جِيل" pos="مصرفة منتظمة" prefix="ال" root="جول" pattern="فِعل" suffix="" />
				<ArabicLexical word="اَلْجَدِيدَ" lemma="جَدِيد" pos="مصرفة منتظمة" prefix="ال" root="جدد" pattern="فَعِيل" suffix="" />
				<ArabicLexical word="مِنْ" lemma="مِنْ" pos="جامدة" prefix="" root="مِنْ" pattern="مِنْ" suffix="" />
				<ArabicLexical word="اَلشَّبَابِ" lemma="شَبَاب" pos="مصرفة منتظمة" prefix="ال" root="شبب" pattern="فَعَال" suffix="" />
				<ArabicLexical word="وَذلِكَ" lemma="ذَا" pos="جامدة" prefix="وَ" root="ذَا" pattern="ذلِ" suffix="كَ" />
				<ArabicLexical word="مِنْ" lemma="مِنْ" pos="جامدة" prefix="" root="مِنْ" pattern="مِنْ" suffix="" />
				<ArabicLexical word="خِلَالِ" lemma="خِلَال" pos="مصرفة منتظمة" prefix="" root="خلل" pattern="فِعَال" suffix="" />
				<ArabicLexical word="غَرْسِ" lemma="غَرْس" pos="مصرفة منتظمة" prefix="" root="غرس" pattern="فَعْل" suffix="" />
				<ArabicLexical word="اَلْقِيَمِ" lemma="قِيمَة" pos="مصرفة منتظمة" prefix="ال" root="قوم" pattern="فِعَل" suffix="" />
				<ArabicLexical word="اَلسَّلْبِيَّةِ" lemma="سَلْبِيّ" pos="مصرفة منتظمة" prefix="ال" root="سلب" pattern="فَعْل" suffix="يَّة" />
				<ArabicLexical word="فِي" lemma="فِي" pos="جامدة" prefix="" root="فِي" pattern="فِي" suffix="" />
				<ArabicLexical word="أَذْهَانِهِمْ" lemma="ذِهْن" pos="مصرفة منتظمة" prefix="" root="ذهن" pattern="أَفْعَال" suffix="همْ" />
				<ArabicLexical word="مِثْلِ" lemma="مِثْل" pos="مصرفة منتظمة" prefix="" root="مثل" pattern="فِعْل" suffix="" />
				<ArabicLexical word="اَلِاحْتِفَالِ" lemma="احْتِفَال" pos="مصرفة منتظمة" prefix="ال" root="حفل" pattern="اِفْتِعَال" suffix="" />
				<ArabicLexical word="بِعِيدِ" lemma="عِيد" pos="مصرفة منتظمة" prefix="بِ" root="عود" pattern="فِعل" suffix="" />
				<ArabicLexical word="اَلْحُبِّ" lemma="حُبّ" pos="مصرفة منتظمة" prefix="ال" root="حبب" pattern="فُلّ" suffix="" />
			</annotation>
		</sentence>
		<sentence id="09139">
			<text>وَقَالَ اَلْأَئِمَّةُ: مِنْ اَلْأَفْضَلِ لَنَا كَمُسْلِمِينَ أَنْ نُقَوِّيَ عَلَاقَتَنَا بِاللّهِ وَأَنْ نَحْتَفِلَ بِحُبِّنَا لَهُ مِنْ خِلَالِ أَدَاءِ اَلْأَعْمَالِ اَلطَّيِّبَةِ اَلَّتِي سَتُؤَدِّي بِدَوْرِهَا إِلَى تَقْوِيَةِ حُبِّنَا لِبَعْضِنَا اَلْبَعْضِ وَلِأُسَرِنَا وَالْأُمَّةِ اَلْإِسْلَامِيَّةِ بِأَسْرِهَا. </text>
			<annotation>
				<ArabicLexical word="وَقَالَ" lemma="قَالَ" pos="مصرفة منتظمة" prefix="وَ" root="قول" pattern="فَعلَ" suffix="" />
				<ArabicLexical word="اَلْأَئِمَّةُ" lemma="إِمَام" pos="مصرفة منتظمة" prefix="ال" root="أمم" pattern="أَفِلَّ" suffix="ة" />
				<ArabicLexical word="مِنْ" lemma="مِنْ" pos="جامدة" prefix="" root="مِنْ" pattern="مِنْ" suffix="" />
				<ArabicLexical word="اَلْأَفْضَلِ" lemma="أَفْضَل" pos="مصرفة منتظمة" prefix="ال" root="فضل" pattern="أَفْعَل" suffix="" />
				<ArabicLexical word="لَنَا" lemma="لِي" pos="جامدة" prefix="" root="لِي" pattern="لَنَا" suffix="" />
				<ArabicLexical word="كَمُسْلِمِينَ" lemma="مُسْلِم" pos="مصرفة منتظمة" prefix="كَ" root="سلم" pattern="مُفْعِل" suffix="ينَ" />
				<ArabicLexical word="أَنْ" lemma="أَنْ" pos="جامدة" prefix="" root="أَنْ" pattern="أَنْ" suffix="" />
				<ArabicLexical word="نُقَوِّيَ" lemma="قَوَّى" pos="مصرفة منتظمة" prefix="ن" root="قوي" pattern="فَعِّل" suffix="" />
				<ArabicLexical word="عَلَاقَتَنَا" lemma="عَلَاقَة" pos="مصرفة منتظمة" prefix="" root="علق" pattern="فَعَال" suffix="تنَا" />
				<ArabicLexical word="بِاللّهِ" lemma="الله" pos="استثناء صرفي" prefix="بِال" root="أله" pattern="له" suffix="" />
				<ArabicLexical word="وَأَنْ" lemma="أَنْ" pos="جامدة" prefix="وَ" root="أَنْ" pattern="أَنْ" suffix="" />
				<ArabicLexical word="نَحْتَفِلَ" lemma="احْتَفَلَ" pos="مصرفة منتظمة" prefix="ن" root="حفل" pattern="اِفْتَعَلَ" suffix="" />
				<ArabicLexical word="بِحُبِّنَا" lemma="حُبّ" pos="مصرفة منتظمة" prefix="بِ" root="حبب" pattern="فُلّ" suffix="نَا" />
				<ArabicLexical word="لَهُ" lemma="لِي" pos="جامدة" prefix="" root="لِي" pattern="لَهُ" suffix="" />
				<ArabicLexical word="مِنْ" lemma="مِنْ" pos="جامدة" prefix="" root="مِنْ" pattern="مِنْ" suffix="" />
				<ArabicLexical word="خِلَالِ" lemma="خِلَال" pos="مصرفة منتظمة" prefix="" root="خلل" pattern="فِعَال" suffix="" />
				<ArabicLexical word="أَدَاءِ" lemma="أَدَاء" pos="مصرفة منتظمة" prefix="" root="أدي" pattern="فَعَال" suffix="" />
				<ArabicLexical word="اَلْأَعْمَالِ" lemma="عَمَل" pos="مصرفة منتظمة" prefix="ال" root="عمل" pattern="أَفْعَال" suffix="" />
				<ArabicLexical word="اَلطَّيِّبَةِ" lemma="طَيِّب" pos="مصرفة منتظمة" prefix="ال" root="طيب" pattern="فَعِّل" suffix="ة" />
				<ArabicLexical word="اَلَّتِي" lemma="اَلَّذِي" pos="جامدة" prefix="ال" root="اَلَّذِي" pattern="لَتِي" suffix="" />
				<ArabicLexical word="سَتُؤَدِّي" lemma="أَدَّى" pos="مصرفة منتظمة" prefix="سَت" root="أدي" pattern="فَعِّل" suffix="" />
				<ArabicLexical word="بِدَوْرِهَا" lemma="دَوْر" pos="مصرفة منتظمة" prefix="بِ" root="دور" pattern="فَعْل" suffix="هَا" />
				<ArabicLexical word="إِلَى" lemma="إِلَى" pos="جامدة" prefix="" root="إِلَى" pattern="إِلَى" suffix="" />
				<ArabicLexical word="تَقْوِيَةِ" lemma="تَقْوِيَة" pos="مصرفة منتظمة" prefix="" root="قوي" pattern="تَفْعِلَ" suffix="ة" />
				<ArabicLexical word="حُبِّنَا" lemma="حُبّ" pos="مصرفة منتظمة" prefix="" root="حبب" pattern="فُلّ" suffix="نَا" />
				<ArabicLexical word="لِبَعْضِنَا" lemma="بَعْض" pos="مصرفة منتظمة" prefix="لِ" root="بعض" pattern="فَعْل" suffix="نَا" />
				<ArabicLexical word="اَلْبَعْضِ" lemma="بَعْض" pos="مصرفة منتظمة" prefix="ال" root="بعض" pattern="فَعْل" suffix="" />
				<ArabicLexical word="وَلِأُسَرِنَا" lemma="أُسْرَة" pos="مصرفة منتظمة" prefix="وَلِ" root="أسر" pattern="فُعَل" suffix="نَا" />
				<ArabicLexical word="وَالْأُمَّةِ" lemma="أُمَّة" pos="مصرفة منتظمة" prefix="وَال" root="أمم" pattern="فُلّ" suffix="ة" />
				<ArabicLexical word="اَلْإِسْلَامِيَّةِ" lemma="إِسْلَامِيّ" pos="مصرفة منتظمة" prefix="ال" root="سلم" pattern="إِفْعَال" suffix="يَّة" />
				<ArabicLexical word="بِأَسْرِهَا" lemma="أَسْر" pos="مصرفة منتظمة" prefix="بِ" root="أسر" pattern="فَعْل" suffix="هَا" />
			</annotation>
		</sentence>
		<sentence id="09140">
			<text>يُشَارُ إِلَى أَنَّ سَلْطَنَةَ بُرُونَايْ بَدَأَتْ -مِثْلَهَا مِثْلَ اَلدُّوَلِ اَلْآسْيَوِيَّةِ- فِي اَلْآوِنَةِ اَلْأَخِيرَةِ تَحْتَفِلُ بِعِيدِ اَلْحُبِّ فِي 14 فِبْرَايِرَ مِنْ كُلِّ عَامٍ بِشَكْلٍ غَيْرِ رَسْمِيٍّ؛ حَيْثُ اِعْتَادَتْ بَعْضُ اَلْفَنَادِقِ فِي اَلسَّلْطَنَةِ اَلِاحْتِفَالَ بِهذَا اَلْعِيدِ، كَمَا تَقُومُ بِخَفْضِ أَسْعَارِ اَلْغُرَفِ لِلْفَرْدَيْنِ. </text>
			<annotation>
				<ArabicLexical word="يُشَارُ" lemma="أَشَارَ" pos="مصرفة منتظمة" prefix="يُ" root="شور" pattern="أَفَعلَ" suffix="" />
				<ArabicLexical word="إِلَى" lemma="إِلَى" pos="جامدة" prefix="" root="إِلَى" pattern="إِلَى" suffix="" />
				<ArabicLexical word="أَنَّ" lemma="أَنَّ" pos="جامدة" prefix="" root="أَنَّ" pattern="أَنَّ" suffix="" />
				<ArabicLexical word="سَلْطَنَةَ" lemma="سَلْطَنَة" pos="مصرفة منتظمة" prefix="" root="سلطن" pattern="فَعْلَل" suffix="ة" />
				<ArabicLexical word="بُرُونَايْ" lemma="" pos="غير عربية" prefix="" root="" pattern="" suffix="" />
				<ArabicLexical word="بَدَأَتْ" lemma="بَدَأَ" pos="مصرفة منتظمة" prefix="" root="بدأ" pattern="فَعَلَ" suffix="تْ" />
				<ArabicLexical word="مِثْلَهَا" lemma="مِثْل" pos="مصرفة منتظمة" prefix="" root="مثل" pattern="فِعْل" suffix="هَا" />
				<ArabicLexical word="مِثْلَ" lemma="مِثْل" pos="مصرفة منتظمة" prefix="" root="مثل" pattern="فِعْل" suffix="" />
				<ArabicLexical word="اَلدُّوَلِ" lemma="دَوْلَة" pos="مصرفة منتظمة" prefix="ال" root="دول" pattern="فُعَل" suffix="" />
				<ArabicLexical word="اَلْآسْيَوِيَّةِ" lemma="آسْيَوِيّ" pos="معربة" prefix="ال" root="آسْيَا" pattern="آسْيَوِ" suffix="يَّة" />
				<ArabicLexical word="فِي" lemma="فِي" pos="جامدة" prefix="" root="فِي" pattern="فِي" suffix="" />
				<ArabicLexical word="اَلْآوِنَةِ" lemma="أَوَان" pos="استثناء صرفي" prefix="ال" root="أون" pattern="آوِنَ" suffix="ة" />
				<ArabicLexical word="اَلْأَخِيرَةِ" lemma="أَخِير" pos="مصرفة منتظمة" prefix="ال" root="أخر" pattern="فَعِيل" suffix="ة" />
				<ArabicLexical word="تَحْتَفِلُ" lemma="احْتَفَلَ" pos="مصرفة منتظمة" prefix="ت" root="حفل" pattern="اِفْتَعَلَ" suffix="" />
				<ArabicLexical word="بِعِيدِ" lemma="عِيد" pos="مصرفة منتظمة" prefix="بِ" root="عود" pattern="فِعل" suffix="" />
				<ArabicLexical word="اَلْحُبِّ" lemma="حُبّ" pos="مصرفة منتظمة" prefix="ال" root="حبب" pattern="فُلّ" suffix="" />
				<ArabicLexical word="فِي" lemma="فِي" pos="جامدة" prefix="" root="فِي" pattern="فِي" suffix="" />
				<ArabicLexical word="فِبْرَايِرَ" lemma="فِبْرَايِر" pos="معربة" prefix="" root="فِبْرَايِر" pattern="فِبْرَايِر" suffix="" />
				<ArabicLexical word="مِنْ" lemma="مِنْ" pos="جامدة" prefix="" root="مِنْ" pattern="مِنْ" suffix="" />
				<ArabicLexical word="كُلِّ" lemma="كُلّ" pos="جامدة" prefix="" root="كُلّ" pattern="كُلّ" suffix="" />
				<ArabicLexical word="عَامٍ" lemma="عَام" pos="مصرفة منتظمة" prefix="" root="عوم" pattern="فَعل" suffix="" />
				<ArabicLexical word="بِشَكْلٍ" lemma="شَكْل" pos="مصرفة منتظمة" prefix="بِ" root="شكل" pattern="فَعْل" suffix="" />
				<ArabicLexical word="غَيْرِ" lemma="غَيْر" pos="مصرفة منتظمة" prefix="" root="غير" pattern="فَعْل" suffix="" />
				<ArabicLexical word="رَسْمِيٍّ" lemma="رَسْمِيّ" pos="مصرفة منتظمة" prefix="" root="رسم" pattern="فَعْل" suffix="يّ" />
				<ArabicLexical word="حَيْثُ" lemma="حَيْثُ" pos="جامدة" prefix="" root="حَيْثُ" pattern="حَيْثُ" suffix="" />
				<ArabicLexical word="اِعْتَادَتْ" lemma="اعْتَادَ" pos="مصرفة منتظمة" prefix="" root="عود" pattern="اِفْتَعلَ" suffix="تْ" />
				<ArabicLexical word="بَعْضُ" lemma="بَعْض" pos="مصرفة منتظمة" prefix="" root="بعض" pattern="فَعْل" suffix="" />
				<ArabicLexical word="اَلْفَنَادِقِ" lemma="فُنْدُق" pos="مصرفة منتظمة" prefix="ال" root="فندق" pattern="فَعَالِل" suffix="" />
				<ArabicLexical word="فِي" lemma="فِي" pos="جامدة" prefix="" root="فِي" pattern="فِي" suffix="" />
				<ArabicLexical word="اَلسَّلْطَنَةِ" lemma="سَلْطَنَة" pos="مصرفة منتظمة" prefix="ال" root="سلطن" pattern="فَعْلَل" suffix="ة" />
				<ArabicLexical word="اَلِاحْتِفَالَ" lemma="احْتِفَال" pos="مصرفة منتظمة" prefix="ال" root="حفل" pattern="اِفْتِعَال" suffix="" />
				<ArabicLexical word="بِهذَا" lemma="ذَا" pos="جامدة" prefix="بِ" root="ذَا" pattern="هذَا" suffix="" />
				<ArabicLexical word="اَلْعِيدِ" lemma="عِيد" pos="مصرفة منتظمة" prefix="ال" root="عود" pattern="فِعل" suffix="" />
				<ArabicLexical word="كَمَا" lemma="مَا" pos="جامدة" prefix="كَ" root="اَلَّذِي" pattern="مَا" suffix="" />
				<ArabicLexical word="تَقُومُ" lemma="قَامَ" pos="مصرفة منتظمة" prefix="ت" root="قوم" pattern="فُعل" suffix="" />
				<ArabicLexical word="بِخَفْضِ" lemma="خَفْض" pos="مصرفة منتظمة" prefix="بِ" root="خفض" pattern="فَعْل" suffix="" />
				<ArabicLexical word="أَسْعَارِ" lemma="سِعْر" pos="مصرفة منتظمة" prefix="" root="سعر" pattern="أَفْعَال" suffix="" />
				<ArabicLexical word="اَلْغُرَفِ" lemma="غُرْفَة" pos="مصرفة منتظمة" prefix="ال" root="غرف" pattern="فُعَل" suffix="" />
				<ArabicLexical word="لِلْفَرْدَيْنِ" lemma="فَرْد" pos="مصرفة منتظمة" prefix="لِل" root="فرد" pattern="فَعْل" suffix="يْنِ" />
			</annotation>
		</sentence>
		<sentence id="09141">
			<text>قِصَّةُ عِيدِ اَلْحُبِّ</text>
			<annotation>
				<ArabicLexical word="قِصَّةُ" lemma="قِصَّة" pos="مصرفة منتظمة" prefix="" root="قصص" pattern="فِلّ" suffix="ة" />
				<ArabicLexical word="عِيدِ" lemma="عِيد" pos="مصرفة منتظمة" prefix="" root="عود" pattern="فِعل" suffix="" />
				<ArabicLexical word="اَلْحُبِّ" lemma="حُبّ" pos="مصرفة منتظمة" prefix="ال" root="حبب" pattern="فُلّ" suffix="" />
			</annotation>
		</sentence>
		<sentence id="09142">
			<text>وَتَرْجِعُ قِصَّةُ اَلِاحْتِفَالِ بِعِيدِ اَلْحُبِّ إِلَى اَلرُّومَانْ اَلْوَثَنِيِّينَ قَبْلَ مَا يَزِيدُ عَنْ سَبْعَةَ عَشَرَ قَرْنًا، حَيْثُ كَانُوا يَحْتَفِلُونَ بِهِ تَعْبِيرًا عَنْ اَلْحُبِّ اَلْإِلهِيِّ، إِلَّا أَنَّهُمْ عِنْدَمَا اِعْتَنَقُوا اَلنَّصْرَانِيَّةَ أَبْقَوْا عَلَى اَلِاحْتِفَالِ بِعِيدِ اَلْحُبِّ اَلسَّابِقِ ذِكْرُهُ، لكِنْ نَقَلُوهُ مِنْ مَفْهُومِهِ اَلْوَثَنِيِّ (اَلْحُبِّ اَلْإِلهِيِّ) إِلَى مَفْهُومٍ آخَرَ يُعَبَّرُ عَنْهُ بِاسْمِ شُهَدَاءِ اَلْحُبِّ، مُمَثَّلًا فِي اَلْقِدِّيسِ فَالَانْتِينْ اَلَّذِي كَانَ يَدْعُو إِلَى اَلْحُبِّ وَالسَّلَامِ وَمَاتَ فِي سَبِيلِ ذلِكَ إِثْرَ تَعْذِيبِ اَلْقَائِدِ اَلْقُوطِيِّ كُلُودْيُوسْ لَهُ حَوَالَيْ عَامِ 296 م، وَفْقَ اَلتَّفْسِيرِ اَلْغَرْبِيِّ. </text>
			<annotation>
				<ArabicLexical word="وَتَرْجِعُ" lemma="رَجَعَ" pos="مصرفة منتظمة" prefix="وَت" root="رجع" pattern="فْعِل" suffix="" />
				<ArabicLexical word="قِصَّةُ" lemma="قِصَّة" pos="مصرفة منتظمة" prefix="" root="قصص" pattern="فِلّ" suffix="ة" />
				<ArabicLexical word="اَلِاحْتِفَالِ" lemma="احْتِفَال" pos="مصرفة منتظمة" prefix="ال" root="حفل" pattern="اِفْتِعَال" suffix="" />
				<ArabicLexical word="بِعِيدِ" lemma="عِيد" pos="مصرفة منتظمة" prefix="بِ" root="عود" pattern="فِعل" suffix="" />
				<ArabicLexical word="اَلْحُبِّ" lemma="حُبّ" pos="مصرفة منتظمة" prefix="ال" root="حبب" pattern="فُلّ" suffix="" />
				<ArabicLexical word="إِلَى" lemma="إِلَى" pos="جامدة" prefix="" root="إِلَى" pattern="إِلَى" suffix="" />
				<ArabicLexical word="اَلرُّومَانْ" lemma="رُومَان" pos="غير عربية" prefix="" root="" pattern="" suffix="" />
				<ArabicLexical word="اَلْوَثَنِيِّينَ" lemma="وَثَنِيّ" pos="مصرفة منتظمة" prefix="ال" root="وثن" pattern="فَعَل" suffix="يِّينَ" />
				<ArabicLexical word="قَبْلَ" lemma="قَبْلَ" pos="مصرفة منتظمة" prefix="" root="قبل" pattern="فَعْل" suffix="" />
				<ArabicLexical word="مَا" lemma="مَا" pos="جامدة" prefix="" root="اَلَّذِي" pattern="مَا" suffix="" />
				<ArabicLexical word="يَزِيدُ" lemma="زَادَ" pos="مصرفة منتظمة" prefix="ي" root="زيد" pattern="فِعل" suffix="" />
				<ArabicLexical word="عَنْ" lemma="عَنْ" pos="جامدة" prefix="" root="عَنْ" pattern="عَنْ" suffix="" />
				<ArabicLexical word="سَبْعَةَ" lemma="سَبْع" pos="مصرفة منتظمة" prefix="" root="سبع" pattern="فَعْل" suffix="ة" />
				<ArabicLexical word="عَشَرَ" lemma="عَشَرَ" pos="مصرفة منتظمة" prefix="" root="عشر" pattern="فَعَل" suffix="" />
				<ArabicLexical word="قَرْنًا" lemma="قَرْن" pos="مصرفة منتظمة" prefix="" root="قرن" pattern="فَعْل" suffix="" />
				<ArabicLexical word="حَيْثُ" lemma="حَيْثُ" pos="جامدة" prefix="" root="حَيْثُ" pattern="حَيْثُ" suffix="" />
				<ArabicLexical word="كَانُوا" lemma="كَانَ" pos="مصرفة منتظمة" prefix="" root="كون" pattern="فَعلَ" suffix="وا" />
				<ArabicLexical word="يَحْتَفِلُونَ" lemma="احْتَفَلَ" pos="مصرفة منتظمة" prefix="ي" root="حفل" pattern="اِفْتَعَلَ" suffix="ونَ" />
				<ArabicLexical word="بِهِ" lemma="بِي" pos="جامدة" prefix="" root="بِي" pattern="بِهِ" suffix="" />
				<ArabicLexical word="تَعْبِيرًا" lemma="تَعْبِير" pos="مصرفة منتظمة" prefix="" root="عبر" pattern="تَفْعِيل" suffix="" />
				<ArabicLexical word="عَنْ" lemma="عَنْ" pos="جامدة" prefix="" root="عَنْ" pattern="عَنْ" suffix="" />
				<ArabicLexical word="اَلْحُبِّ" lemma="حُبّ" pos="مصرفة منتظمة" prefix="ال" root="حبب" pattern="فُلّ" suffix="" />
				<ArabicLexical word="اَلْإِلهِيِّ" lemma="إِلَهِيّ" pos="استثناء صرفي" prefix="ال" root="أله" pattern="إِله" suffix="يّ" />
				<ArabicLexical word="إِلَّا" lemma="إِلَّا" pos="جامدة" prefix="" root="إِلَّا" pattern="إِلَّا" suffix="" />
				<ArabicLexical word="أَنَّهُمْ" lemma="أَنَّ" pos="جامدة" prefix="" root="أَنَّ" pattern="أَنَّ" suffix="همْ" />
				<ArabicLexical word="عِنْدَمَا" lemma="عِنْدَ" pos="جامدة" prefix="" root="عِنْدَ" pattern="عِنْدَمَا" suffix="" />
				<ArabicLexical word="اِعْتَنَقُوا" lemma="اعْتَنَقَ" pos="مصرفة منتظمة" prefix="" root="عنق" pattern="اِفْتَعَلَ" suffix="وا" />
				<ArabicLexical word="اَلنَّصْرَانِيَّةَ" lemma="نَصْرَانِيَّة" pos="مصرفة منتظمة" prefix="ال" root="نصر" pattern="فَعْلَان" suffix="يَّة" />
				<ArabicLexical word="أَبْقَوْا" lemma="أَبْقَى" pos="مصرفة منتظمة" prefix="" root="بقي" pattern="أَفْعَل" suffix="وا" />
				<ArabicLexical word="عَلَى" lemma="عَلَى" pos="جامدة" prefix="" root="عَلَى" pattern="عَلَى" suffix="" />
				<ArabicLexical word="اَلِاحْتِفَالِ" lemma="احْتِفَال" pos="مصرفة منتظمة" prefix="ال" root="حفل" pattern="اِفْتِعَال" suffix="" />
				<ArabicLexical word="بِعِيدِ" lemma="عِيد" pos="مصرفة منتظمة" prefix="بِ" root="عود" pattern="فِعل" suffix="" />
				<ArabicLexical word="اَلْحُبِّ" lemma="حُبّ" pos="مصرفة منتظمة" prefix="ال" root="حبب" pattern="فُلّ" suffix="" />
				<ArabicLexical word="اَلسَّابِقِ" lemma="سَابِق" pos="مصرفة منتظمة" prefix="ال" root="سبق" pattern="فَاعِل" suffix="" />
				<ArabicLexical word="ذِكْرُهُ" lemma="ذِكْر" pos="مصرفة منتظمة" prefix="" root="ذكر" pattern="فِعْل" suffix="ه" />
				<ArabicLexical word="لكِنْ" lemma="كَانَ" pos="جامدة" prefix="" root="لكِنْ" pattern="لكِنْ" suffix="" />
				<ArabicLexical word="نَقَلُوهُ" lemma="نَقَلَ" pos="مصرفة منتظمة" prefix="" root="نقل" pattern="فَعَلَ" suffix="وهُ" />
				<ArabicLexical word="مِنْ" lemma="مِنْ" pos="جامدة" prefix="" root="مِنْ" pattern="مِنْ" suffix="" />
				<ArabicLexical word="مَفْهُومِهِ" lemma="مَفْهُوم" pos="مصرفة منتظمة" prefix="" root="فهم" pattern="مَفْعُول" suffix="ه" />
				<ArabicLexical word="اَلْوَثَنِيِّ" lemma="وَثَنِيّ" pos="مصرفة منتظمة" prefix="ال" root="وثن" pattern="فَعَل" suffix="يّ" />
				<ArabicLexical word="اَلْحُبِّ" lemma="حُبّ" pos="مصرفة منتظمة" prefix="ال" root="حبب" pattern="فُلّ" suffix="" />
				<ArabicLexical word="اَلْإِلهِيِّ" lemma="إِلَهِيّ" pos="استثناء صرفي" prefix="ال" root="أله" pattern="إِله" suffix="يّ" />
				<ArabicLexical word="إِلَى" lemma="إِلَى" pos="جامدة" prefix="" root="إِلَى" pattern="إِلَى" suffix="" />
				<ArabicLexical word="مَفْهُومٍ" lemma="مَفْهُوم" pos="مصرفة منتظمة" prefix="" root="فهم" pattern="مَفْعُول" suffix="" />
				<ArabicLexical word="آخَرَ" lemma="آخَر" pos="مصرفة منتظمة" prefix="" root="أخر" pattern="أَفعَل" suffix="" />
				<ArabicLexical word="يُعَبَّرُ" lemma="عَبَّرَ" pos="مصرفة منتظمة" prefix="يُ" root="عبر" pattern="فَعَّلَ" suffix="" />
				<ArabicLexical word="عَنْهُ" lemma="عَنْ" pos="جامدة" prefix="" root="عَنْ" pattern="عَنْ" suffix="ه" />
				<ArabicLexical word="بِاسْمِ" lemma="اسْم" pos="استثناء صرفي" prefix="بِ" root="سمو" pattern="اِسْم" suffix="" />
				<ArabicLexical word="شُهَدَاءِ" lemma="شَهِيد" pos="مصرفة منتظمة" prefix="" root="شهد" pattern="فُعَلَاء" suffix="" />
				<ArabicLexical word="اَلْحُبِّ" lemma="حُبّ" pos="مصرفة منتظمة" prefix="ال" root="حبب" pattern="فُلّ" suffix="" />
				<ArabicLexical word="مُمَثَّلًا" lemma="مُمَثَّل" pos="مصرفة منتظمة" prefix="" root="مثل" pattern="مُفَعَّل" suffix="" />
				<ArabicLexical word="فِي" lemma="فِي" pos="جامدة" prefix="" root="فِي" pattern="فِي" suffix="" />
				<ArabicLexical word="اَلْقِدِّيسِ" lemma="قِدِّيس" pos="مصرفة منتظمة" prefix="ال" root="قدس" pattern="فِعِّيل" suffix="" />
				<ArabicLexical word="فَالَانْتِينْ" lemma="" pos="غير عربية" prefix="" root="" pattern="" suffix="" />
				<ArabicLexical word="اَلَّذِي" lemma="اَلَّذِي" pos="جامدة" prefix="ال" root="اَلَّذِي" pattern="لَذِي" suffix="" />
				<ArabicLexical word="كَانَ" lemma="كَانَ" pos="مصرفة منتظمة" prefix="" root="كون" pattern="فَعلَ" suffix="" />
				<ArabicLexical word="يَدْعُو" lemma="دَعَا" pos="مصرفة منتظمة" prefix="ي" root="دعو" pattern="فْعُل" suffix="" />
				<ArabicLexical word="إِلَى" lemma="إِلَى" pos="جامدة" prefix="" root="إِلَى" pattern="إِلَى" suffix="" />
				<ArabicLexical word="اَلْحُبِّ" lemma="حُبّ" pos="مصرفة منتظمة" prefix="ال" root="حبب" pattern="فُلّ" suffix="" />
				<ArabicLexical word="وَالسَّلَامِ" lemma="سَلَام" pos="مصرفة منتظمة" prefix="وَال" root="سلم" pattern="فَعَال" suffix="" />
				<ArabicLexical word="وَمَاتَ" lemma="مَاتَ" pos="مصرفة منتظمة" prefix="وَ" root="موت" pattern="فَعلَ" suffix="" />
				<ArabicLexical word="فِي" lemma="فِي" pos="جامدة" prefix="" root="فِي" pattern="فِي" suffix="" />
				<ArabicLexical word="سَبِيلِ" lemma="سَبِيل" pos="مصرفة منتظمة" prefix="" root="سبل" pattern="فَعِيل" suffix="" />
				<ArabicLexical word="ذلِكَ" lemma="ذَا" pos="جامدة" prefix="" root="ذَا" pattern="ذلِ" suffix="كَ" />
				<ArabicLexical word="إِثْرَ" lemma="إِثْر" pos="مصرفة منتظمة" prefix="" root="أثر" pattern="فِعْل" suffix="" />
				<ArabicLexical word="تَعْذِيبِ" lemma="تَعْذِيب" pos="مصرفة منتظمة" prefix="" root="عذب" pattern="تَفْعِيل" suffix="" />
				<ArabicLexical word="اَلْقَائِدِ" lemma="قَائِد" pos="مصرفة منتظمة" prefix="ال" root="قود" pattern="فَاعِل" suffix="" />
				<ArabicLexical word="اَلْقُوطِيِّ" lemma="+" pos="غير عربية" prefix="" root="" pattern="" suffix="" />
				<ArabicLexical word="كُلُودْيُوسْ" lemma="" pos="غير عربية" prefix="" root="" pattern="" suffix="" />
				<ArabicLexical word="لَهُ" lemma="لِي" pos="جامدة" prefix="" root="لِي" pattern="لَهُ" suffix="" />
				<ArabicLexical word="حَوَالَيْ" lemma="حَوَالَيْ" pos="مصرفة منتظمة" prefix="" root="حول" pattern="فَعَال" suffix="يْ" />
				<ArabicLexical word="عَامِ" lemma="عَام" pos="مصرفة منتظمة" prefix="" root="عوم" pattern="فَعل" suffix="" />
				<ArabicLexical word="م" lemma="+" pos="غير عربية" prefix="" root="" pattern="" suffix="" />
				<ArabicLexical word="وَفْقَ" lemma="وَفْق" pos="مصرفة منتظمة" prefix="" root="وفق" pattern="فَعْل" suffix="" />
				<ArabicLexical word="اَلتَّفْسِيرِ" lemma="تَفْسِير" pos="مصرفة منتظمة" prefix="ال" root="فسر" pattern="تَفْعِيل" suffix="" />
				<ArabicLexical word="اَلْغَرْبِيِّ" lemma="غَرْبِيّ" pos="مصرفة منتظمة" prefix="ال" root="غرب" pattern="فَعْل" suffix="يّ" />
			</annotation>
		</sentence>
		<sentence id="09143">
			<text> وَقَدْ سُمِّيَ أَيْضًا هذَا اَلْعِيدُ بعِيدِ اَلْعُشَّاقِ، كَمَا اِعْتُبِرَ أَيْضًا اَلْقَدِيسُ فَالَانْتِينْ شَفِيعَ اَلْعُشَّاقِ وَرَاعِيَهُمْ. وَمِنْ طُقُوسِ هذَا اَلْعِيدِ تَبَادُلُ اَلْوُرُودِ اَلْحَمْرَاءِ وَبِطَاقَاتِ اَلتَّهْنِئَةِ وَفِي بَعْضِهَا صُورَةُ كِيُوبِيدْ إِلهِ اَلْحُبِّ عِنْدَ اَلرُّومَانْ.</text>
			<annotation>
				<ArabicLexical word="وَقَدْ" lemma="قَدْ" pos="جامدة" prefix="وَ" root="قَدْ" pattern="قَدْ" suffix="" />
				<ArabicLexical word="سُمِّيَ" lemma="سَمَّى" pos="مصرفة منتظمة" prefix="" root="سمو" pattern="فُعِّلَ" suffix="" />
				<ArabicLexical word="أَيْضًا" lemma="أَيْض" pos="مصرفة منتظمة" prefix="" root="أيض" pattern="فَعْل" suffix="" />
				<ArabicLexical word="هذَا" lemma="ذَا" pos="جامدة" prefix="" root="ذَا" pattern="هذَا" suffix="" />
				<ArabicLexical word="اَلْعِيدُ" lemma="عِيد" pos="مصرفة منتظمة" prefix="ال" root="عود" pattern="فِعل" suffix="" />
				<ArabicLexical word="ب" lemma="+" pos="غير عربية" prefix="" root="" pattern="" suffix="" />
				<ArabicLexical word="عِيدِ" lemma="عِيد" pos="مصرفة منتظمة" prefix="" root="عود" pattern="فِعل" suffix="" />
				<ArabicLexical word="اَلْعُشَّاقِ" lemma="عَاشِق" pos="مصرفة منتظمة" prefix="ال" root="عشق" pattern="فُعَّال" suffix="" />
				<ArabicLexical word="كَمَا" lemma="مَا" pos="جامدة" prefix="كَ" root="اَلَّذِي" pattern="مَا" suffix="" />
				<ArabicLexical word="اِعْتُبِرَ" lemma="اعْتَبَرَ" pos="مصرفة منتظمة" prefix="" root="عبر" pattern="اِفْتُعِلَ" suffix="" />
				<ArabicLexical word="أَيْضًا" lemma="أَيْض" pos="مصرفة منتظمة" prefix="" root="أيض" pattern="فَعْل" suffix="" />
				<ArabicLexical word="اَلْقَدِيسُ" lemma="قَدِيس" pos="مصرفة منتظمة" prefix="ال" root="قدس" pattern="فَعِيل" suffix="" />
				<ArabicLexical word="فَالَانْتِينْ" lemma="" pos="غير عربية" prefix="" root="" pattern="" suffix="" />
				<ArabicLexical word="شَفِيعَ" lemma="شَفِيع" pos="مصرفة منتظمة" prefix="" root="شفع" pattern="فَعِيل" suffix="" />
				<ArabicLexical word="اَلْعُشَّاقِ" lemma="عَاشِق" pos="مصرفة منتظمة" prefix="ال" root="عشق" pattern="فُعَّال" suffix="" />
				<ArabicLexical word="وَرَاعِيَهُمْ" lemma="رَاعِي" pos="مصرفة منتظمة" prefix="وَ" root="رعي" pattern="فَاعِل" suffix="همْ" />
				<ArabicLexical word="وَمِنْ" lemma="مِنْ" pos="جامدة" prefix="وَ" root="مِنْ" pattern="مِنْ" suffix="" />
				<ArabicLexical word="طُقُوسِ" lemma="طَقْس" pos="مصرفة منتظمة" prefix="" root="طقس" pattern="فُعُول" suffix="" />
				<ArabicLexical word="هذَا" lemma="ذَا" pos="جامدة" prefix="" root="ذَا" pattern="هذَا" suffix="" />
				<ArabicLexical word="اَلْعِيدِ" lemma="عِيد" pos="مصرفة منتظمة" prefix="ال" root="عود" pattern="فِعل" suffix="" />
				<ArabicLexical word="تَبَادُلُ" lemma="تَبَادُل" pos="مصرفة منتظمة" prefix="" root="بدل" pattern="تَفَاعُل" suffix="" />
				<ArabicLexical word="اَلْوُرُودِ" lemma="وُرُود" pos="مصرفة منتظمة" prefix="ال" root="ورد" pattern="فُعُول" suffix="" />
				<ArabicLexical word="اَلْحَمْرَاءِ" lemma="حَمْرَاء" pos="مصرفة منتظمة" prefix="ال" root="حمر" pattern="فَعْلَاء" suffix="" />
				<ArabicLexical word="وَبِطَاقَاتِ" lemma="بِطَاقَة" pos="مصرفة منتظمة" prefix="وَ" root="بطق" pattern="فِعَال" suffix="ات" />
				<ArabicLexical word="اَلتَّهْنِئَةِ" lemma="تَهْنِئَة" pos="مصرفة منتظمة" prefix="ال" root="هنأ" pattern="تَفْعِلَ" suffix="ة" />
				<ArabicLexical word="وَفِي" lemma="فِي" pos="جامدة" prefix="وَ" root="فِي" pattern="فِي" suffix="" />
				<ArabicLexical word="بَعْضِهَا" lemma="بَعْض" pos="مصرفة منتظمة" prefix="" root="بعض" pattern="فَعْل" suffix="هَا" />
				<ArabicLexical word="صُورَةُ" lemma="صُورَة" pos="مصرفة منتظمة" prefix="" root="صور" pattern="فُعل" suffix="ة" />
				<ArabicLexical word="كِيُوبِيدْ" lemma="" pos="غير عربية" prefix="" root="" pattern="" suffix="" />
				<ArabicLexical word="إِلهِ" lemma="إِلَه" pos="استثناء صرفي" prefix="" root="أله" pattern="إِله" suffix="" />
				<ArabicLexical word="اَلْحُبِّ" lemma="حُبّ" pos="مصرفة منتظمة" prefix="ال" root="حبب" pattern="فُلّ" suffix="" />
				<ArabicLexical word="عِنْدَ" lemma="عِنْد" pos="جامدة" prefix="" root="عِنْدَ" pattern="عِنْدَ" suffix="" />
				<ArabicLexical word="اَلرُّومَانْ" lemma="رُومَان" pos="غير عربية" prefix="" root="" pattern="" suffix="" />
			</annotation>
		</sentence>
		<sentence id="09144">
			<text>يُشَارُ إِلَى أَنَّ بَعْضَ اَلدُّوَلِ اَلْعَرَبِيَّةِ أَصْبَحَتْ تَحْتَفِلُ بِعِيدِ اَلْحُبِّ عَلَى غِرَارِ اَلدُّوَلِ اَلْغَرْبِيَّةِ؛ حَيْثُ اِنْتَشَرَتْ فِي عِدَّةِ عَوَاصِمَ مِثْلِ اَلْقَاهِرَةِ وَتُونُسَ وَالْمَغْرِبِ لَافِتَاتٌ تُهَنِّئُ بِهذَا اَلْعِيدِ عَلَى وَاجِهَاتِ بَعْضِ اَلْمَحَلَّاتِ وَالْمَرَاكِزِ اَلتِّجَارِيَّةِ اَلْكُبْرَى؛ بِهَدَفِ اَلتَّرْوِيجِ لِكُرُوتْ اَلتَّهَانِي وَالْوُرُودِ. </text>
			<annotation>
				<ArabicLexical word="يُشَارُ" lemma="أَشَارَ" pos="مصرفة منتظمة" prefix="يُ" root="شور" pattern="أَفَعلَ" suffix="" />
				<ArabicLexical word="إِلَى" lemma="إِلَى" pos="جامدة" prefix="" root="إِلَى" pattern="إِلَى" suffix="" />
				<ArabicLexical word="أَنَّ" lemma="أَنَّ" pos="جامدة" prefix="" root="أَنَّ" pattern="أَنَّ" suffix="" />
				<ArabicLexical word="بَعْضَ" lemma="بَعْض" pos="مصرفة منتظمة" prefix="" root="بعض" pattern="فَعْل" suffix="" />
				<ArabicLexical word="اَلدُّوَلِ" lemma="دَوْلَة" pos="مصرفة منتظمة" prefix="ال" root="دول" pattern="فُعَل" suffix="" />
				<ArabicLexical word="اَلْعَرَبِيَّةِ" lemma="عَرَبِيّ" pos="مصرفة منتظمة" prefix="ال" root="عرب" pattern="فَعَل" suffix="يَّة" />
				<ArabicLexical word="أَصْبَحَتْ" lemma="أَصْبَحَ" pos="مصرفة منتظمة" prefix="" root="صبح" pattern="أَفْعَلَ" suffix="تْ" />
				<ArabicLexical word="تَحْتَفِلُ" lemma="احْتَفَلَ" pos="مصرفة منتظمة" prefix="ت" root="حفل" pattern="اِفْتَعَلَ" suffix="" />
				<ArabicLexical word="بِعِيدِ" lemma="عِيد" pos="مصرفة منتظمة" prefix="بِ" root="عود" pattern="فِعل" suffix="" />
				<ArabicLexical word="اَلْحُبِّ" lemma="حُبّ" pos="مصرفة منتظمة" prefix="ال" root="حبب" pattern="فُلّ" suffix="" />
				<ArabicLexical word="عَلَى" lemma="عَلَى" pos="جامدة" prefix="" root="عَلَى" pattern="عَلَى" suffix="" />
				<ArabicLexical word="غِرَارِ" lemma="غِرَار" pos="مصرفة منتظمة" prefix="" root="غرر" pattern="فِعَال" suffix="" />
				<ArabicLexical word="اَلدُّوَلِ" lemma="دَوْلَة" pos="مصرفة منتظمة" prefix="ال" root="دول" pattern="فُعَل" suffix="" />
				<ArabicLexical word="اَلْغَرْبِيَّةِ" lemma="غَرْبِيّ" pos="مصرفة منتظمة" prefix="ال" root="غرب" pattern="فَعْل" suffix="يَّة" />
				<ArabicLexical word="حَيْثُ" lemma="حَيْثُ" pos="جامدة" prefix="" root="حَيْثُ" pattern="حَيْثُ" suffix="" />
				<ArabicLexical word="اِنْتَشَرَتْ" lemma="انْتَشَرَ" pos="مصرفة منتظمة" prefix="" root="نشر" pattern="اِفْتَعَلَ" suffix="تْ" />
				<ArabicLexical word="فِي" lemma="فِي" pos="جامدة" prefix="" root="فِي" pattern="فِي" suffix="" />
				<ArabicLexical word="عِدَّةِ" lemma="عِدَّة" pos="مصرفة منتظمة" prefix="" root="عدد" pattern="فِلّ" suffix="ة" />
				<ArabicLexical word="عَوَاصِمَ" lemma="عَاصِمَة" pos="مصرفة منتظمة" prefix="" root="عصم" pattern="فَوَاعِل" suffix="" />
				<ArabicLexical word="مِثْلِ" lemma="مِثْل" pos="مصرفة منتظمة" prefix="" root="مثل" pattern="فِعْل" suffix="" />
				<ArabicLexical word="اَلْقَاهِرَةِ" lemma="قَاهِرَة" pos="مصرفة منتظمة" prefix="ال" root="قهر" pattern="فَاعِل" suffix="ة" />
				<ArabicLexical word="وَتُونُسَ" lemma="تُونُس" pos="معربة" prefix="وَ" root="تُونُس" pattern="تُونُس" suffix="" />
				<ArabicLexical word="وَالْمَغْرِبِ" lemma="مَغْرِب" pos="مصرفة منتظمة" prefix="وَال" root="غرب" pattern="مَفْعِل" suffix="" />
				<ArabicLexical word="لَافِتَاتٌ" lemma="لَافِت" pos="مصرفة منتظمة" prefix="" root="لفت" pattern="فَاعِل" suffix="ات" />
				<ArabicLexical word="تُهَنِّئُ" lemma="هَنَّأَ" pos="مصرفة منتظمة" prefix="ت" root="هنأ" pattern="فَعَّلَ" suffix="" />
				<ArabicLexical word="بِهذَا" lemma="ذَا" pos="جامدة" prefix="بِ" root="ذَا" pattern="هذَا" suffix="" />
				<ArabicLexical word="اَلْعِيدِ" lemma="عِيد" pos="مصرفة منتظمة" prefix="ال" root="عود" pattern="فِعل" suffix="" />
				<ArabicLexical word="عَلَى" lemma="عَلَى" pos="جامدة" prefix="" root="عَلَى" pattern="عَلَى" suffix="" />
				<ArabicLexical word="وَاجِهَاتِ" lemma="وَاجِهَة" pos="مصرفة منتظمة" prefix="" root="وجه" pattern="فَاعِل" suffix="ات" />
				<ArabicLexical word="بَعْضِ" lemma="بَعْض" pos="مصرفة منتظمة" prefix="" root="بعض" pattern="فَعْل" suffix="" />
				<ArabicLexical word="اَلْمَحَلَّاتِ" lemma="مَحَلّ" pos="مصرفة منتظمة" prefix="ال" root="حلل" pattern="مَفَلّ" suffix="ات" />
				<ArabicLexical word="وَالْمَرَاكِزِ" lemma="مَرْكَز" pos="مصرفة منتظمة" prefix="وَال" root="ركز" pattern="مَفَاعِل" suffix="" />
				<ArabicLexical word="اَلتِّجَارِيَّةِ" lemma="تِجَارِيّ" pos="مصرفة منتظمة" prefix="ال" root="تجر" pattern="فِعَال" suffix="يَّة" />
				<ArabicLexical word="اَلْكُبْرَى" lemma="كُبْرَى" pos="مصرفة منتظمة" prefix="ال" root="كبر" pattern="فُعْلَى" suffix="" />
				<ArabicLexical word="بِهَدَفِ" lemma="هَدَف" pos="مصرفة منتظمة" prefix="بِ" root="هدف" pattern="فَعَل" suffix="" />
				<ArabicLexical word="اَلتَّرْوِيجِ" lemma="تَرْوِيج" pos="مصرفة منتظمة" prefix="ال" root="روج" pattern="تَفْعِيل" suffix="" />
				<ArabicLexical word="لِكُرُوتْ" lemma="" pos="غير عربية" prefix="" root="" pattern="" suffix="" />
				<ArabicLexical word="اَلتَّهَانِي" lemma="تَهَانِي" pos="استثناء صرفي" prefix="ال" root="هنأ" pattern="تَهَانِي" suffix="" />
				<ArabicLexical word="وَالْوُرُودِ" lemma="وُرُود" pos="مصرفة منتظمة" prefix="وَال" root="ورد" pattern="فُعُول" suffix="" />
			</annotation>
		</sentence>
		<sentence id="09145">
			<text>مَوْقِفُ اَلْإِسْلَامِ</text>
			<annotation>
				<ArabicLexical word="مَوْقِفُ" lemma="مَوْقِف" pos="مصرفة منتظمة" prefix="" root="وقف" pattern="مَفْعِل" suffix="" />
				<ArabicLexical word="اَلْإِسْلَامِ" lemma="إِسْلَام" pos="مصرفة منتظمة" prefix="ال" root="سلم" pattern="إِفْعَال" suffix="" />
			</annotation>
		</sentence>
		<sentence id="09146">
			<text>وَتَقُولُ اَلدُّكْتُورَةُ سُعَادُ صَالِحٍ أُسْتَاذَةٌ بِجَامِعَةِ اَلْأَزْهَرِ فِي سُؤَالٍ وَرَدَ لإِسْلَامُ أُونْ لَايِنْ.نِتْ عَنْ حُكْمِ اَلْإِسْلَامِ فِي اَلِاحْتِفَالِ بِعِيدِ اَلْحُبِّ: إِنَّ اَلدِّينَ اَلْإِسْلَامِيَّ لَا يَمْنَعُ اَلِاحْتِفَالَ بِالْمُنَاسَبَاتِ اَلسَّعِيدَةِ، وَلكِنَّ تَقْلِيدَ اَلْغَرْبِ فِي عِيدٍ لَهُ تَسْمِيَةٌ مُعَيَّنَةٌ (كَعِيدِ اَلْحُبِّ) وَلَهُ خَلْفِيَّةٌ غَيْرُ مَوْثُوقٍ بِهَا، فَضْلًا عَمَّا يَشُوبُهُ مِنْ اَلْمُخَالَفَاتِ، لَا يَجُوزُ. </text>
			<annotation>
				<ArabicLexical word="وَتَقُولُ" lemma="قَالَ" pos="مصرفة منتظمة" prefix="وَت" root="قول" pattern="فُعل" suffix="" />
				<ArabicLexical word="اَلدُّكْتُورَةُ" lemma="دُكْتُور" pos="معربة" prefix="ال" root="دُكْتُور" pattern="دُكْتُور" suffix="ة" />
				<ArabicLexical word="سُعَادُ" lemma="سُعَاد" pos="مصرفة منتظمة" prefix="" root="سعد" pattern="فُعَال" suffix="" />
				<ArabicLexical word="صَالِحٍ" lemma="صَالِح" pos="مصرفة منتظمة" prefix="" root="صلح" pattern="فَاعِل" suffix="" />
				<ArabicLexical word="أُسْتَاذَةٌ" lemma="أُسْتَاذ" pos="مصرفة منتظمة" prefix="" root="أستذ" pattern="فُعْلَال" suffix="ة" />
				<ArabicLexical word="بِجَامِعَةِ" lemma="جَامِعَة" pos="مصرفة منتظمة" prefix="بِ" root="جمع" pattern="فَاعِل" suffix="ة" />
				<ArabicLexical word="اَلْأَزْهَرِ" lemma="أَزْهَر" pos="مصرفة منتظمة" prefix="ال" root="زهر" pattern="أَفْعَل" suffix="" />
				<ArabicLexical word="فِي" lemma="فِي" pos="جامدة" prefix="" root="فِي" pattern="فِي" suffix="" />
				<ArabicLexical word="سُؤَالٍ" lemma="سُؤَال" pos="مصرفة منتظمة" prefix="" root="سأل" pattern="فُعَال" suffix="" />
				<ArabicLexical word="وَرَدَ" lemma="وَرَدَ" pos="مصرفة منتظمة" prefix="" root="ورد" pattern="فَعَلَ" suffix="" />
				<ArabicLexical word="ل" lemma="+" pos="غير عربية" prefix="" root="" pattern="" suffix="" />
				<ArabicLexical word="إِسْلَامُ" lemma="إِسْلَام" pos="مصرفة منتظمة" prefix="" root="سلم" pattern="إِفْعَال" suffix="" />
				<ArabicLexical word="أُونْ" lemma="أُونْ" pos="غير عربية" prefix="" root="" pattern="" suffix="" />
				<ArabicLexical word="لَايِنْ" lemma="لايَنَ" pos="غير عربية" prefix="" root="" pattern="" suffix="" />
				<ArabicLexical word="نِتْ" lemma="نِت" pos="غير عربية" prefix="" root="" pattern="" suffix="" />
				<ArabicLexical word="عَنْ" lemma="عَنْ" pos="جامدة" prefix="" root="عَنْ" pattern="عَنْ" suffix="" />
				<ArabicLexical word="حُكْمِ" lemma="حُكْم" pos="مصرفة منتظمة" prefix="" root="حكم" pattern="فُعْل" suffix="" />
				<ArabicLexical word="اَلْإِسْلَامِ" lemma="إِسْلَام" pos="مصرفة منتظمة" prefix="ال" root="سلم" pattern="إِفْعَال" suffix="" />
				<ArabicLexical word="فِي" lemma="فِي" pos="جامدة" prefix="" root="فِي" pattern="فِي" suffix="" />
				<ArabicLexical word="اَلِاحْتِفَالِ" lemma="احْتِفَال" pos="مصرفة منتظمة" prefix="ال" root="حفل" pattern="اِفْتِعَال" suffix="" />
				<ArabicLexical word="بِعِيدِ" lemma="عِيد" pos="مصرفة منتظمة" prefix="بِ" root="عود" pattern="فِعل" suffix="" />
				<ArabicLexical word="اَلْحُبِّ" lemma="حُبّ" pos="مصرفة منتظمة" prefix="ال" root="حبب" pattern="فُلّ" suffix="" />
				<ArabicLexical word="إِنَّ" lemma="أَنَّ" pos="جامدة" prefix="" root="إِنَّ" pattern="إِنَّ" suffix="" />
				<ArabicLexical word="اَلدِّينَ" lemma="دِين" pos="مصرفة منتظمة" prefix="ال" root="دين" pattern="فِعل" suffix="" />
				<ArabicLexical word="اَلْإِسْلَامِيَّ" lemma="إِسْلَامِيّ" pos="مصرفة منتظمة" prefix="ال" root="سلم" pattern="إِفْعَال" suffix="يّ" />
				<ArabicLexical word="لَا" lemma="لَا" pos="جامدة" prefix="" root="لَا" pattern="لَا" suffix="" />
				<ArabicLexical word="يَمْنَعُ" lemma="مَنَعَ" pos="مصرفة منتظمة" prefix="ي" root="منع" pattern="فْعَل" suffix="" />
				<ArabicLexical word="اَلِاحْتِفَالَ" lemma="احْتِفَال" pos="مصرفة منتظمة" prefix="ال" root="حفل" pattern="اِفْتِعَال" suffix="" />
				<ArabicLexical word="بِالْمُنَاسَبَاتِ" lemma="مُنَاسَبَة" pos="مصرفة منتظمة" prefix="بِال" root="نسب" pattern="مُفَاعَل" suffix="ات" />
				<ArabicLexical word="اَلسَّعِيدَةِ" lemma="سَعِيد" pos="مصرفة منتظمة" prefix="ال" root="سعد" pattern="فَعِيل" suffix="ة" />
				<ArabicLexical word="وَلكِنَّ" lemma="كَانَ" pos="جامدة" prefix="وَ" root="لكِنَّ" pattern="لكِنَّ" suffix="" />
				<ArabicLexical word="تَقْلِيدَ" lemma="تَقْلِيد" pos="مصرفة منتظمة" prefix="" root="قلد" pattern="تَفْعِيل" suffix="" />
				<ArabicLexical word="اَلْغَرْبِ" lemma="غَرْب" pos="مصرفة منتظمة" prefix="ال" root="غرب" pattern="فَعْل" suffix="" />
				<ArabicLexical word="فِي" lemma="فِي" pos="جامدة" prefix="" root="فِي" pattern="فِي" suffix="" />
				<ArabicLexical word="عِيدٍ" lemma="عِيد" pos="مصرفة منتظمة" prefix="" root="عود" pattern="فِعل" suffix="" />
				<ArabicLexical word="لَهُ" lemma="لِي" pos="جامدة" prefix="" root="لِي" pattern="لَهُ" suffix="" />
				<ArabicLexical word="تَسْمِيَةٌ" lemma="تَسْمِيَة" pos="مصرفة منتظمة" prefix="" root="سمو" pattern="تَفْعِلَ" suffix="ة" />
				<ArabicLexical word="مُعَيَّنَةٌ" lemma="مُعَيَّن" pos="مصرفة منتظمة" prefix="" root="عين" pattern="مُفَعَّل" suffix="ة" />
				<ArabicLexical word="كَعِيدِ" lemma="عِيد" pos="مصرفة منتظمة" prefix="كَ" root="عود" pattern="فِعل" suffix="" />
				<ArabicLexical word="اَلْحُبِّ" lemma="حُبّ" pos="مصرفة منتظمة" prefix="ال" root="حبب" pattern="فُلّ" suffix="" />
				<ArabicLexical word="وَلَهُ" lemma="لِي" pos="جامدة" prefix="وَ" root="لِي" pattern="لَهُ" suffix="" />
				<ArabicLexical word="خَلْفِيَّةٌ" lemma="خَلْفِيّ" pos="مصرفة منتظمة" prefix="" root="خلف" pattern="فَعْل" suffix="يَّة" />
				<ArabicLexical word="غَيْرُ" lemma="غَيْر" pos="مصرفة منتظمة" prefix="" root="غير" pattern="فَعْل" suffix="" />
				<ArabicLexical word="مَوْثُوقٍ" lemma="مَوْثُوق" pos="مصرفة منتظمة" prefix="" root="وثق" pattern="مَفْعُول" suffix="" />
				<ArabicLexical word="بِهَا" lemma="بِي" pos="جامدة" prefix="" root="بِي" pattern="بِهَا" suffix="" />
				<ArabicLexical word="فَضْلًا" lemma="فَضْل" pos="مصرفة منتظمة" prefix="" root="فضل" pattern="فَعْل" suffix="" />
				<ArabicLexical word="عَمَّا" lemma="عَنْ" pos="جامدة" prefix="" root="عَنْ" pattern="عَمَّا" suffix="" />
				<ArabicLexical word="يَشُوبُهُ" lemma="شَابَ" pos="مصرفة منتظمة" prefix="ي" root="شوب" pattern="فُعل" suffix="ه" />
				<ArabicLexical word="مِنْ" lemma="مِنْ" pos="جامدة" prefix="" root="مِنْ" pattern="مِنْ" suffix="" />
				<ArabicLexical word="اَلْمُخَالَفَاتِ" lemma="مُخَالَفَة" pos="مصرفة منتظمة" prefix="ال" root="خلف" pattern="مُفَاعَل" suffix="ات" />
				<ArabicLexical word="لَا" lemma="لَا" pos="جامدة" prefix="" root="لَا" pattern="لَا" suffix="" />
				<ArabicLexical word="يَجُوزُ" lemma="جَازَ" pos="مصرفة منتظمة" prefix="ي" root="جوز" pattern="فُعل" suffix="" />
			</annotation>
		</sentence>
		<sentence id="09147">
			<text>وَتُضِيفُ: لَا يَجِبُ أَنْ نَنْجَرِفَ وَرَاءَهُ؛ لِأَنَّ ذلِكَ يَقْصُرُ مَعَانِيَ اَلْحُبِّ اَلسَّامِيَةَ عَلَى يَوْمٍ وَاحِدٍ، بَيْنَمَا يَجْعَلُ اَلدِّينُ اَلْإِسْلَامِيُّ اَلْمُسْلِمِينَ يَعِيشُونَ فِي اَلْحُبِّ طَوَالَ أَيَّامِ اَلْعَامِ؛ فَلَا يَنْبَغِي عَلَى اَلْمُسْلِمِينَ أَنْ يَلْهَثُوا وَرَاءَ هذِهِ اَلتَّقْلِيعَاتِ، فَضْلًا عَنْ أَنَّ هذَا اَلِاحْتِفَالَ يَشُوبُهُ كَثِيرٌ مِنْ اَلْحَرَكَاتِ وَالْأَقْوَالِ اَلَّتِي تُخْرِجُهُ عَنْ مَعَانِيهِ اَلسَّامِيَةِ، وَتُحَوِّلُهُ إِلَى هَرْجٍ وَإِبَاحِيَّةٍ وَتَحَلُّلٍ</text>
			<annotation>
				<ArabicLexical word="وَتُضِيفُ" lemma="أَضَافَ" pos="مصرفة منتظمة" prefix="وَت" root="ضيف" pattern="أَفِعلَ" suffix="" />
				<ArabicLexical word="لَا" lemma="لَا" pos="جامدة" prefix="" root="لَا" pattern="لَا" suffix="" />
				<ArabicLexical word="يَجِبُ" lemma="وَجَبَ" pos="مصرفة منتظمة" prefix="ي" root="وجب" pattern="فعِلْ" suffix="" />
				<ArabicLexical word="أَنْ" lemma="أَنْ" pos="جامدة" prefix="" root="أَنْ" pattern="أَنْ" suffix="" />
				<ArabicLexical word="نَنْجَرِفَ" lemma="انْجَرَفَ" pos="مصرفة منتظمة" prefix="ن" root="جرف" pattern="اِنْفَعَلَ" suffix="" />
				<ArabicLexical word="وَرَاءَهُ" lemma="وَرَاء" pos="مصرفة منتظمة" prefix="" root="وري" pattern="فَعَال" suffix="ه" />
				<ArabicLexical word="لِأَنَّ" lemma="أَنَّ" pos="جامدة" prefix="لِ" root="أَنَّ" pattern="أَنَّ" suffix="" />
				<ArabicLexical word="ذلِكَ" lemma="ذَا" pos="جامدة" prefix="" root="ذَا" pattern="ذلِ" suffix="كَ" />
				<ArabicLexical word="يَقْصُرُ" lemma="قَصَرَ" pos="مصرفة منتظمة" prefix="ي" root="قصر" pattern="فْعُل" suffix="" />
				<ArabicLexical word="مَعَانِيَ" lemma="مَعْنًى" pos="مصرفة منتظمة" prefix="" root="عني" pattern="مَفَاعِل" suffix="" />
				<ArabicLexical word="اَلْحُبِّ" lemma="حُبّ" pos="مصرفة منتظمة" prefix="ال" root="حبب" pattern="فُلّ" suffix="" />
				<ArabicLexical word="اَلسَّامِيَةَ" lemma="سَامِيَة" pos="مصرفة منتظمة" prefix="ال" root="سمو" pattern="فَاعِل" suffix="ة" />
				<ArabicLexical word="عَلَى" lemma="عَلَى" pos="جامدة" prefix="" root="عَلَى" pattern="عَلَى" suffix="" />
				<ArabicLexical word="يَوْمٍ" lemma="يَوْم" pos="مصرفة منتظمة" prefix="" root="يوم" pattern="فَعْل" suffix="" />
				<ArabicLexical word="وَاحِدٍ" lemma="وَاحِد" pos="مصرفة منتظمة" prefix="" root="وحد" pattern="فَاعِل" suffix="" />
				<ArabicLexical word="بَيْنَمَا" lemma="بَيْنَ" pos="استثناء صرفي" prefix="" root="بين" pattern="بَيْنَمَا" suffix="" />
				<ArabicLexical word="يَجْعَلُ" lemma="جَعَلَ" pos="مصرفة منتظمة" prefix="ي" root="جعل" pattern="فْعَل" suffix="" />
				<ArabicLexical word="اَلدِّينُ" lemma="دِين" pos="مصرفة منتظمة" prefix="ال" root="دين" pattern="فِعل" suffix="" />
				<ArabicLexical word="اَلْإِسْلَامِيُّ" lemma="إِسْلَامِيّ" pos="مصرفة منتظمة" prefix="ال" root="سلم" pattern="إِفْعَال" suffix="يّ" />
				<ArabicLexical word="اَلْمُسْلِمِينَ" lemma="مُسْلِم" pos="مصرفة منتظمة" prefix="ال" root="سلم" pattern="مُفْعِل" suffix="ينَ" />
				<ArabicLexical word="يَعِيشُونَ" lemma="عَاشَ" pos="مصرفة منتظمة" prefix="ي" root="عيش" pattern="فِعل" suffix="ونَ" />
				<ArabicLexical word="فِي" lemma="فِي" pos="جامدة" prefix="" root="فِي" pattern="فِي" suffix="" />
				<ArabicLexical word="اَلْحُبِّ" lemma="حُبّ" pos="مصرفة منتظمة" prefix="ال" root="حبب" pattern="فُلّ" suffix="" />
				<ArabicLexical word="طَوَالَ" lemma="طَوَال" pos="مصرفة منتظمة" prefix="" root="طول" pattern="فَعَال" suffix="" />
				<ArabicLexical word="أَيَّامِ" lemma="يَوْم" pos="استثناء صرفي" prefix="" root="يوم" pattern="أَيَّام" suffix="" />
				<ArabicLexical word="اَلْعَامِ" lemma="عَام" pos="مصرفة منتظمة" prefix="ال" root="عوم" pattern="فَعل" suffix="" />
				<ArabicLexical word="فَلَا" lemma="لَا" pos="جامدة" prefix="فَ" root="لَا" pattern="لَا" suffix="" />
				<ArabicLexical word="يَنْبَغِي" lemma="انْبَغَى" pos="مصرفة منتظمة" prefix="ي" root="بغي" pattern="اِنْفَعِل" suffix="" />
				<ArabicLexical word="عَلَى" lemma="عَلَى" pos="جامدة" prefix="" root="عَلَى" pattern="عَلَى" suffix="" />
				<ArabicLexical word="اَلْمُسْلِمِينَ" lemma="مُسْلِم" pos="مصرفة منتظمة" prefix="ال" root="سلم" pattern="مُفْعِل" suffix="ينَ" />
				<ArabicLexical word="أَنْ" lemma="أَنْ" pos="جامدة" prefix="" root="أَنْ" pattern="أَنْ" suffix="" />
				<ArabicLexical word="يَلْهَثُوا" lemma="لَهَثَ" pos="مصرفة منتظمة" prefix="ي" root="لهث" pattern="فْعَل" suffix="وا" />
				<ArabicLexical word="وَرَاءَ" lemma="وَرَاء" pos="مصرفة منتظمة" prefix="" root="وري" pattern="فَعَال" suffix="" />
				<ArabicLexical word="هذِهِ" lemma="ذَا" pos="جامدة" prefix="" root="ذَا" pattern="هذِهِ" suffix="" />
				<ArabicLexical word="اَلتَّقْلِيعَاتِ" lemma="تَقْلِيعَة" pos="مصرفة منتظمة" prefix="ال" root="قلع" pattern="تَفْعِيل" suffix="ات" />
				<ArabicLexical word="فَضْلًا" lemma="فَضْل" pos="مصرفة منتظمة" prefix="" root="فضل" pattern="فَعْل" suffix="" />
				<ArabicLexical word="عَنْ" lemma="عَنْ" pos="جامدة" prefix="" root="عَنْ" pattern="عَنْ" suffix="" />
				<ArabicLexical word="أَنَّ" lemma="أَنَّ" pos="جامدة" prefix="" root="أَنَّ" pattern="أَنَّ" suffix="" />
				<ArabicLexical word="هذَا" lemma="ذَا" pos="جامدة" prefix="" root="ذَا" pattern="هذَا" suffix="" />
				<ArabicLexical word="اَلِاحْتِفَالَ" lemma="احْتِفَال" pos="مصرفة منتظمة" prefix="ال" root="حفل" pattern="اِفْتِعَال" suffix="" />
				<ArabicLexical word="يَشُوبُهُ" lemma="شَابَ" pos="مصرفة منتظمة" prefix="ي" root="شوب" pattern="فُعل" suffix="ه" />
				<ArabicLexical word="كَثِيرٌ" lemma="كَثِير" pos="مصرفة منتظمة" prefix="" root="كثر" pattern="فَعِيل" suffix="" />
				<ArabicLexical word="مِنْ" lemma="مِنْ" pos="جامدة" prefix="" root="مِنْ" pattern="مِنْ" suffix="" />
				<ArabicLexical word="اَلْحَرَكَاتِ" lemma="حَرَكَة" pos="مصرفة منتظمة" prefix="ال" root="حرك" pattern="فَعَل" suffix="ات" />
				<ArabicLexical word="وَالْأَقْوَالِ" lemma="قَوْل" pos="مصرفة منتظمة" prefix="وَال" root="قول" pattern="أَفْعَال" suffix="" />
				<ArabicLexical word="اَلَّتِي" lemma="اَلَّذِي" pos="جامدة" prefix="ال" root="اَلَّذِي" pattern="لَتِي" suffix="" />
				<ArabicLexical word="تُخْرِجُهُ" lemma="أَخْرَجَ" pos="مصرفة منتظمة" prefix="ت" root="خرج" pattern="أَفْعَلَ" suffix="ه" />
				<ArabicLexical word="عَنْ" lemma="عَنْ" pos="جامدة" prefix="" root="عَنْ" pattern="عَنْ" suffix="" />
				<ArabicLexical word="مَعَانِيهِ" lemma="مَعْنًى" pos="مصرفة منتظمة" prefix="" root="عني" pattern="مَفَاعِل" suffix="ه" />
				<ArabicLexical word="اَلسَّامِيَةِ" lemma="سَامِيَة" pos="مصرفة منتظمة" prefix="ال" root="سمو" pattern="فَاعِل" suffix="ة" />
				<ArabicLexical word="وَتُحَوِّلُهُ" lemma="حَوَّلَ" pos="مصرفة منتظمة" prefix="وَت" root="حول" pattern="فَعَّلَ" suffix="ه" />
				<ArabicLexical word="إِلَى" lemma="إِلَى" pos="جامدة" prefix="" root="إِلَى" pattern="إِلَى" suffix="" />
				<ArabicLexical word="هَرْجٍ" lemma="هَرْج" pos="مصرفة منتظمة" prefix="" root="هرج" pattern="فَعْل" suffix="" />
				<ArabicLexical word="وَإِبَاحِيَّةٍ" lemma="إِبَاحِيّ" pos="مصرفة منتظمة" prefix="وَ" root="بوح" pattern="إِفَعالَ" suffix="يَّة" />
				<ArabicLexical word="وَتَحَلُّلٍ" lemma="تَحَلُّل" pos="مصرفة منتظمة" prefix="وَ" root="حلل" pattern="تَفَعُّل" suffix="" />
			</annotation>
		</sentence>
	</FILE>
	</NEMLAR>