<NEMLAR><FILE name="GeneralNews" number="099">
		<sentence id="07800">
			<text>?صُنِعَ فِي اَلْأَرْجَنْتِينْ.. مَجَلَّةٌ لِلْمُشَرَّدِينَ</text>
			<annotation>
				<ArabicLexical word="صُنِعَ" lemma="صَنَعَ" pos="مصرفة منتظمة" prefix="" root="صنع" pattern="فُعِلَ" suffix="" />
				<ArabicLexical word="فِي" lemma="فِي" pos="جامدة" prefix="" root="فِي" pattern="فِي" suffix="" />
				<ArabicLexical word="اَلْأَرْجَنْتِينْ" lemma="أَرْجَنْتِين" pos="غير عربية" prefix="" root="" pattern="" suffix="" />
				<ArabicLexical word="مَجَلَّةٌ" lemma="مَجَلَّة" pos="مصرفة منتظمة" prefix="" root="جلل" pattern="مَفَلّ" suffix="ة" />
				<ArabicLexical word="لِلْمُشَرَّدِينَ" lemma="مُشَرَّد" pos="مصرفة منتظمة" prefix="لِل" root="شرد" pattern="مُفَعَّل" suffix="ينَ" />
			</annotation>
		</sentence>
		<sentence id="07801">
			<text>بُوِينِسْ آيْرِسْ- وِكَالَاتٌ- إِسْلَامْ أُونْ لَايْنْ.نِتْ/25-4-2001</text>
			<annotation>
				<ArabicLexical word="بُوِينِسْ" lemma="" pos="غير عربية" prefix="" root="" pattern="" suffix="" />
				<ArabicLexical word="آيْرِسْ" lemma="+" pos="غير عربية" prefix="" root="" pattern="" suffix="" />
				<ArabicLexical word="وِكَالَاتٌ" lemma="وِكَالَة" pos="مصرفة منتظمة" prefix="" root="وكل" pattern="فِعَال" suffix="ات" />
				<ArabicLexical word="إِسْلَامْ" lemma="إِسْلَام" pos="غير عربية" prefix="" root="" pattern="" suffix="" />
				<ArabicLexical word="أُونْ" lemma="أُونْ" pos="غير عربية" prefix="" root="" pattern="" suffix="" />
				<ArabicLexical word="لَايْنْ" lemma="+" pos="غير عربية" prefix="" root="" pattern="" suffix="" />
				<ArabicLexical word="نِتْ" lemma="نِت" pos="غير عربية" prefix="" root="" pattern="" suffix="" />
			</annotation>
		</sentence>
		<sentence id="07802">
			<text>لَمْ تَعُدْ اَلْأَوْرَاقُ اَلْمَطْبُوعَةُ وَالصُّحُفُ تُسْتَخْدَمُ فَقَطْ كَغِطَاءٍ يَبْعَثُ اَلدِّفْءَ فِي أَوْصَالِ اَلْمُشَرَّدِينَ فِي اَلْعَاصِمَةِ اَلْأَرْجَنْتِينِيَّةِ بُوِينِسْ آيْرِسْ، بَلْ هِيَ تَحْمِلُ اَلْآنَ رِسَالَةَ أَمَلٍ لَهُمْ وَلِلْعَاطِلِينَ، وَتُزَوِّدُهُمْ بِقَلِيلٍ مِنْ اَلنُّقُودِ تَقِيهِمْ غَائِلَةَ اَلْجُوعِ.</text>
			<annotation>
				<ArabicLexical word="لَمْ" lemma="لَمْ" pos="جامدة" prefix="" root="لَمْ" pattern="لَمْ" suffix="" />
				<ArabicLexical word="تَعُدْ" lemma="عَادَ" pos="مصرفة منتظمة" prefix="ت" root="عود" pattern="فُعلْ" suffix="" />
				<ArabicLexical word="اَلْأَوْرَاقُ" lemma="وَرَق" pos="مصرفة منتظمة" prefix="ال" root="ورق" pattern="أَفْعَال" suffix="" />
				<ArabicLexical word="اَلْمَطْبُوعَةُ" lemma="مَطْبُوع" pos="مصرفة منتظمة" prefix="ال" root="طبع" pattern="مَفْعُول" suffix="ة" />
				<ArabicLexical word="وَالصُّحُفُ" lemma="صَحِيفَة" pos="مصرفة منتظمة" prefix="وَال" root="صحف" pattern="فُعُل" suffix="" />
				<ArabicLexical word="تُسْتَخْدَمُ" lemma="اسْتَخْدَمَ" pos="مصرفة منتظمة" prefix="تُ" root="خدم" pattern="اِسْتَفْعَلَ" suffix="" />
				<ArabicLexical word="فَقَطْ" lemma="فَقَطْ" pos="غير عربية" prefix="" root="" pattern="" suffix="" />
				<ArabicLexical word="كَغِطَاءٍ" lemma="غِطَاء" pos="مصرفة منتظمة" prefix="كَ" root="غطو" pattern="فِعَال" suffix="" />
				<ArabicLexical word="يَبْعَثُ" lemma="بَعَثَ" pos="مصرفة منتظمة" prefix="ي" root="بعث" pattern="فْعَل" suffix="" />
				<ArabicLexical word="اَلدِّفْءَ" lemma="دِفْء" pos="مصرفة منتظمة" prefix="ال" root="دفأ" pattern="فِعْل" suffix="" />
				<ArabicLexical word="فِي" lemma="فِي" pos="جامدة" prefix="" root="فِي" pattern="فِي" suffix="" />
				<ArabicLexical word="أَوْصَالِ" lemma="وَصْل" pos="مصرفة منتظمة" prefix="" root="وصل" pattern="أَفْعَال" suffix="" />
				<ArabicLexical word="اَلْمُشَرَّدِينَ" lemma="مُشَرَّد" pos="مصرفة منتظمة" prefix="ال" root="شرد" pattern="مُفَعَّل" suffix="ينَ" />
				<ArabicLexical word="فِي" lemma="فِي" pos="جامدة" prefix="" root="فِي" pattern="فِي" suffix="" />
				<ArabicLexical word="اَلْعَاصِمَةِ" lemma="عَاصِمَة" pos="مصرفة منتظمة" prefix="ال" root="عصم" pattern="فَاعِل" suffix="ة" />
				<ArabicLexical word="اَلْأَرْجَنْتِينِيَّةِ" lemma="أَرْجَنْتِينِيّ" pos="غير عربية" prefix="" root="" pattern="" suffix="" />
				<ArabicLexical word="بُوِينِسْ" lemma="" pos="غير عربية" prefix="" root="" pattern="" suffix="" />
				<ArabicLexical word="آيْرِسْ" lemma="+" pos="غير عربية" prefix="" root="" pattern="" suffix="" />
				<ArabicLexical word="بَلْ" lemma="بَلْ" pos="جامدة" prefix="" root="بَلْ" pattern="بَلْ" suffix="" />
				<ArabicLexical word="هِيَ" lemma="هُوَ" pos="جامدة" prefix="" root="هُوَ" pattern="هِيَ" suffix="" />
				<ArabicLexical word="تَحْمِلُ" lemma="حَمَلَ" pos="مصرفة منتظمة" prefix="ت" root="حمل" pattern="فْعِل" suffix="" />
				<ArabicLexical word="اَلْآنَ" lemma="آن" pos="مصرفة منتظمة" prefix="ال" root="أون" pattern="فَعل" suffix="" />
				<ArabicLexical word="رِسَالَةَ" lemma="رِسَالَة" pos="مصرفة منتظمة" prefix="" root="رسل" pattern="فِعَال" suffix="ة" />
				<ArabicLexical word="أَمَلٍ" lemma="أَمَل" pos="مصرفة منتظمة" prefix="" root="أمل" pattern="فَعَل" suffix="" />
				<ArabicLexical word="لَهُمْ" lemma="هُوَ" pos="جامدة" prefix="" root="لِي" pattern="لَهُمْ" suffix="" />
				<ArabicLexical word="وَلِلْعَاطِلِينَ" lemma="عَاطِل" pos="مصرفة منتظمة" prefix="وَلِل" root="عطل" pattern="فَاعِل" suffix="ينَ" />
				<ArabicLexical word="وَتُزَوِّدُهُمْ" lemma="زَوَّدَ" pos="مصرفة منتظمة" prefix="وَت" root="زود" pattern="فَعَّلَ" suffix="همْ" />
				<ArabicLexical word="بِقَلِيلٍ" lemma="قَلِيل" pos="مصرفة منتظمة" prefix="بِ" root="قلل" pattern="فَعِيل" suffix="" />
				<ArabicLexical word="مِنْ" lemma="مِنْ" pos="جامدة" prefix="" root="مِنْ" pattern="مِنْ" suffix="" />
				<ArabicLexical word="اَلنُّقُودِ" lemma="نَقْد" pos="مصرفة منتظمة" prefix="ال" root="نقد" pattern="فُعُول" suffix="" />
				<ArabicLexical word="تَقِيهِمْ" lemma="تَقِيّ" pos="مصرفة منتظمة" prefix="ت" root="وقي" pattern="فعِل" suffix="همْ" />
				<ArabicLexical word="غَائِلَةَ" lemma="غَائِل" pos="مصرفة منتظمة" prefix="" root="غول" pattern="فَاعِل" suffix="ة" />
				<ArabicLexical word="اَلْجُوعِ" lemma="جُوع" pos="مصرفة منتظمة" prefix="ال" root="جوع" pattern="فُعل" suffix="" />
			</annotation>
		</sentence>
		<sentence id="07803">
			<text>صُنِعَ فِي اَلْأَرْجَنْتِينْ مَجَلَّةٌ شَهْرِيَّةٌ يُصْدِرُهَا سُكَّانُ اَلْأَرْصِفَةِ عَلَى نَمَطِ مَطْبُوعَةٍ بِرِيطَانِيَّةٍ اِسْمُهَا اَلْقَضِيَّةُ اَلْكُبْرَى. وَتَطْرَحُ اَلْمَجَلَّةُ اَلْأَرْجَنْتِينِيَّةُ مُشْكِلَةَ اَلْعَاطِلِينَ وَالْمُتَشَرِّدِينَ فِي هذِهِ اَلدَّوْلَةِ اَلْأَمْرِيكِيَّةِ اَلْجَنُوبِيَّةِ اَلَّتِي يَبْلُغُ عَدَدُ اَلْفُقَرَاءِ فِيهَا طِبْقًا لِإِحْصَائِيَّاتِ اَلْبَنْكْ اَلدُّوَلِيِّ عَامَ 2001 13 مِلْيُونًا، وَنِسْبَةُ اَلْبَطَالَةِ نَحْوَ 15 فِي اَلْمَاءَةِ مِنْ اَلنَّاتِجِ اَلْمَحَلِّيِّ اَلْإِجْمَالِيِّ، كَمَا أَنَّ اَلْمَجَلَّةَ نَمَطٌ جَدِيدٌ يُسَاعِدُ بِهَا اَلْمُشَرَّدُونَ أَنْفُسَهُمْ وَهِيَ تَخْتَلِفُ بِذلِكَ عَنْ جَمْعِ اَلتَّبَرُّعَاتِ اَلتَّقْلِيدِيِّ.</text>
			<annotation>
				<ArabicLexical word="صُنِعَ" lemma="صَنَعَ" pos="مصرفة منتظمة" prefix="" root="صنع" pattern="فُعِلَ" suffix="" />
				<ArabicLexical word="فِي" lemma="فِي" pos="جامدة" prefix="" root="فِي" pattern="فِي" suffix="" />
				<ArabicLexical word="اَلْأَرْجَنْتِينْ" lemma="أَرْجَنْتِين" pos="غير عربية" prefix="" root="" pattern="" suffix="" />
				<ArabicLexical word="مَجَلَّةٌ" lemma="مَجَلَّة" pos="مصرفة منتظمة" prefix="" root="جلل" pattern="مَفَلّ" suffix="ة" />
				<ArabicLexical word="شَهْرِيَّةٌ" lemma="شَهْرِيّ" pos="مصرفة منتظمة" prefix="" root="شهر" pattern="فَعْل" suffix="يَّة" />
				<ArabicLexical word="يُصْدِرُهَا" lemma="أَصْدَرَ" pos="مصرفة منتظمة" prefix="ي" root="صدر" pattern="أَفْعَلَ" suffix="هَا" />
				<ArabicLexical word="سُكَّانُ" lemma="سَاكِن" pos="مصرفة منتظمة" prefix="" root="سكن" pattern="فُعَّال" suffix="" />
				<ArabicLexical word="اَلْأَرْصِفَةِ" lemma="رَصِيف" pos="مصرفة منتظمة" prefix="ال" root="رصف" pattern="أَفْعِلَ" suffix="ة" />
				<ArabicLexical word="عَلَى" lemma="عَلَى" pos="جامدة" prefix="" root="عَلَى" pattern="عَلَى" suffix="" />
				<ArabicLexical word="نَمَطِ" lemma="نَمَط" pos="مصرفة منتظمة" prefix="" root="نمط" pattern="فَعَل" suffix="" />
				<ArabicLexical word="مَطْبُوعَةٍ" lemma="مَطْبُوع" pos="مصرفة منتظمة" prefix="" root="طبع" pattern="مَفْعُول" suffix="ة" />
				<ArabicLexical word="بِرِيطَانِيَّةٍ" lemma="بِرِيطَانِيّ" pos="معربة" prefix="" root="إِنْجِلْتِرَا" pattern="بِرِيطَانْ" suffix="يَّة" />
				<ArabicLexical word="اِسْمُهَا" lemma="اسْم" pos="استثناء صرفي" prefix="" root="سمو" pattern="اِسْم" suffix="هَا" />
				<ArabicLexical word="اَلْقَضِيَّةُ" lemma="قَضِيَّة" pos="مصرفة منتظمة" prefix="ال" root="قضي" pattern="فَعِلّ" suffix="ة" />
				<ArabicLexical word="اَلْكُبْرَى" lemma="كُبْرَى" pos="مصرفة منتظمة" prefix="ال" root="كبر" pattern="فُعْلَى" suffix="" />
				<ArabicLexical word="وَتَطْرَحُ" lemma="طَرَحَ" pos="مصرفة منتظمة" prefix="وَت" root="طرح" pattern="فْعَل" suffix="" />
				<ArabicLexical word="اَلْمَجَلَّةُ" lemma="مَجَلَّة" pos="مصرفة منتظمة" prefix="ال" root="جلل" pattern="مَفَلّ" suffix="ة" />
				<ArabicLexical word="اَلْأَرْجَنْتِينِيَّةُ" lemma="أَرْجَنْتِينِيّ" pos="غير عربية" prefix="" root="" pattern="" suffix="" />
				<ArabicLexical word="مُشْكِلَةَ" lemma="مُشْكِل" pos="مصرفة منتظمة" prefix="" root="شكل" pattern="مُفْعِل" suffix="ة" />
				<ArabicLexical word="اَلْعَاطِلِينَ" lemma="عَاطِل" pos="مصرفة منتظمة" prefix="ال" root="عطل" pattern="فَاعِل" suffix="ينَ" />
				<ArabicLexical word="وَالْمُتَشَرِّدِينَ" lemma="مُتَشَرِّد" pos="مصرفة منتظمة" prefix="وَال" root="شرد" pattern="مُتَفَعِّل" suffix="ينَ" />
				<ArabicLexical word="فِي" lemma="فِي" pos="جامدة" prefix="" root="فِي" pattern="فِي" suffix="" />
				<ArabicLexical word="هذِهِ" lemma="ذَا" pos="جامدة" prefix="" root="ذَا" pattern="هذِهِ" suffix="" />
				<ArabicLexical word="اَلدَّوْلَةِ" lemma="دَوْلَة" pos="مصرفة منتظمة" prefix="ال" root="دول" pattern="فَعْل" suffix="ة" />
				<ArabicLexical word="اَلْأَمْرِيكِيَّةِ" lemma="أَمِيرْكِيّ" pos="معربة" prefix="ال" root="أَمِرِيكَا" pattern="أَمْرِيكِ" suffix="يَّة" />
				<ArabicLexical word="اَلْجَنُوبِيَّةِ" lemma="جَنُوبِيّ" pos="مصرفة منتظمة" prefix="ال" root="جنب" pattern="فَعُول" suffix="يَّة" />
				<ArabicLexical word="اَلَّتِي" lemma="اَلَّذِي" pos="جامدة" prefix="ال" root="اَلَّذِي" pattern="لَتِي" suffix="" />
				<ArabicLexical word="يَبْلُغُ" lemma="بَلَغَ" pos="مصرفة منتظمة" prefix="ي" root="بلغ" pattern="فْعُل" suffix="" />
				<ArabicLexical word="عَدَدُ" lemma="عَدَد" pos="مصرفة منتظمة" prefix="" root="عدد" pattern="فَعَل" suffix="" />
				<ArabicLexical word="اَلْفُقَرَاءِ" lemma="فَقِير" pos="مصرفة منتظمة" prefix="ال" root="فقر" pattern="فُعَلَاء" suffix="" />
				<ArabicLexical word="فِيهَا" lemma="فِي" pos="جامدة" prefix="" root="فِي" pattern="فِي" suffix="هَا" />
				<ArabicLexical word="طِبْقًا" lemma="طِبْق" pos="مصرفة منتظمة" prefix="" root="طبق" pattern="فِعْل" suffix="" />
				<ArabicLexical word="لِإِحْصَائِيَّاتِ" lemma="إِحْصَائِيّ" pos="مصرفة منتظمة" prefix="لِ" root="حصي" pattern="إِفْعَال" suffix="يَّات" />
				<ArabicLexical word="اَلْبَنْكْ" lemma="بَنْك" pos="غير عربية" prefix="" root="" pattern="" suffix="" />
				<ArabicLexical word="اَلدُّوَلِيِّ" lemma="دُوَلِيّ" pos="مصرفة منتظمة" prefix="ال" root="دول" pattern="فُعَل" suffix="يّ" />
				<ArabicLexical word="عَامَ" lemma="عَام" pos="مصرفة منتظمة" prefix="" root="عوم" pattern="فَعل" suffix="" />
				<ArabicLexical word="مِلْيُونًا" lemma="مِلْيُون" pos="معربة" prefix="" root="مِلْيُون" pattern="مِلْيُون" suffix="" />
				<ArabicLexical word="وَنِسْبَةُ" lemma="نِسْبَة" pos="مصرفة منتظمة" prefix="وَ" root="نسب" pattern="فِعْل" suffix="ة" />
				<ArabicLexical word="اَلْبَطَالَةِ" lemma="بَطَالَة" pos="مصرفة منتظمة" prefix="ال" root="بطل" pattern="فَعَال" suffix="ة" />
				<ArabicLexical word="نَحْوَ" lemma="نَحْو" pos="مصرفة منتظمة" prefix="" root="نحو" pattern="فَعْل" suffix="" />
				<ArabicLexical word="فِي" lemma="فِي" pos="جامدة" prefix="" root="فِي" pattern="فِي" suffix="" />
				<ArabicLexical word="اَلْمَاءَةِ" lemma="مَاءَة" pos="استثناء صرفي" prefix="ال" root="مأي" pattern="مَاءَ" suffix="ة" />
				<ArabicLexical word="مِنْ" lemma="مِنْ" pos="جامدة" prefix="" root="مِنْ" pattern="مِنْ" suffix="" />
				<ArabicLexical word="اَلنَّاتِجِ" lemma="نَاتِج" pos="مصرفة منتظمة" prefix="ال" root="نتج" pattern="فَاعِل" suffix="" />
				<ArabicLexical word="اَلْمَحَلِّيِّ" lemma="مَحَلِّيّ" pos="مصرفة منتظمة" prefix="ال" root="حلل" pattern="مَفَلّ" suffix="يّ" />
				<ArabicLexical word="اَلْإِجْمَالِيِّ" lemma="إِجْمَالِيّ" pos="مصرفة منتظمة" prefix="ال" root="جمل" pattern="إِفْعَال" suffix="يّ" />
				<ArabicLexical word="كَمَا" lemma="مَا" pos="جامدة" prefix="كَ" root="اَلَّذِي" pattern="مَا" suffix="" />
				<ArabicLexical word="أَنَّ" lemma="أَنَّ" pos="جامدة" prefix="" root="أَنَّ" pattern="أَنَّ" suffix="" />
				<ArabicLexical word="اَلْمَجَلَّةَ" lemma="مَجَلَّة" pos="مصرفة منتظمة" prefix="ال" root="جلل" pattern="مَفَلّ" suffix="ة" />
				<ArabicLexical word="نَمَطٌ" lemma="نَمَط" pos="مصرفة منتظمة" prefix="" root="نمط" pattern="فَعَل" suffix="" />
				<ArabicLexical word="جَدِيدٌ" lemma="جَدِيد" pos="مصرفة منتظمة" prefix="" root="جدد" pattern="فَعِيل" suffix="" />
				<ArabicLexical word="يُسَاعِدُ" lemma="سَاعَدَ" pos="مصرفة منتظمة" prefix="ي" root="سعد" pattern="فَاعَلَ" suffix="" />
				<ArabicLexical word="بِهَا" lemma="بِي" pos="جامدة" prefix="" root="بِي" pattern="بِهَا" suffix="" />
				<ArabicLexical word="اَلْمُشَرَّدُونَ" lemma="مُشَرَّد" pos="مصرفة منتظمة" prefix="ال" root="شرد" pattern="مُفَعَّل" suffix="ونَ" />
				<ArabicLexical word="أَنْفُسَهُمْ" lemma="نَفْس" pos="مصرفة منتظمة" prefix="" root="نفس" pattern="أَفْعُل" suffix="همْ" />
				<ArabicLexical word="وَهِيَ" lemma="هُوَ" pos="جامدة" prefix="وَ" root="هُوَ" pattern="هِيَ" suffix="" />
				<ArabicLexical word="تَخْتَلِفُ" lemma="اخْتَلَفَ" pos="مصرفة منتظمة" prefix="ت" root="خلف" pattern="اِفْتَعَلَ" suffix="" />
				<ArabicLexical word="بِذلِكَ" lemma="ذَا" pos="جامدة" prefix="بِ" root="ذَا" pattern="ذلِ" suffix="كَ" />
				<ArabicLexical word="عَنْ" lemma="عَنْ" pos="جامدة" prefix="" root="عَنْ" pattern="عَنْ" suffix="" />
				<ArabicLexical word="جَمْعِ" lemma="جَمْع" pos="مصرفة منتظمة" prefix="" root="جمع" pattern="فَعْل" suffix="" />
				<ArabicLexical word="اَلتَّبَرُّعَاتِ" lemma="تَبَرُّع" pos="مصرفة منتظمة" prefix="ال" root="برع" pattern="تَفَعُّل" suffix="ات" />
				<ArabicLexical word="اَلتَّقْلِيدِيِّ" lemma="تَقْلِيدِيّ" pos="مصرفة منتظمة" prefix="ال" root="قلد" pattern="تَفْعِيل" suffix="يّ" />
			</annotation>
		</sentence>
		<sentence id="07804">
			<text>تَقُولُ مَارِيَا أَسْتِرْ مُدَرِّسَةُ اَلْفَلْسَفَةِ اَلسَّابِقَةُ اَلَّتِي فَقَدَتْ عَمَلَهَا وَتَعْمَلُ بِالْمَجَلَّةِ: تَخْتَلِفُ مَجَلَّةُ صُنِعَ فِي اَلْأَرْجَنْتِينْ عَنْ مُؤَسَّسَاتٍ تَرْعَى اَلْعَاطِلِينَ حَيْثُ يَشْعُرُونَ بِالْإِذْلَالِ عِنْدَ حُصُولِهِمْ عَلَى مُسَاعَدَاتٍ. فَالْمُتَبَرِّعُونَ يَعْتَقِدُونَ أَنَّ طَالِبَ اَلْمَعُونَةِ عَاطِلٌ لِأَنَّهُ لَا يُرِيدُ اَلْعَمَلَ، أَمَّا مُدِيرَةُ اَلْمَجَلَّةِ بَاتْرِيشْيَا مِيرْكِينْ فَتَقُولُ: إِنَّ فِكْرَةَ اَلْمَجَلَّةِ هِيَ مُسَاعَدَةُ اَلْفُقَرَاءِ وَالْمُشَرَّدِينَ وَإِبْعَادُهُمْ عَنْ مِنْطَقَةِ اَلْخَطَرِ وَانْتِزَاعُهُمْ مِنْ بَرَاثِنِ اَلْيَأْسِ.</text>
			<annotation>
				<ArabicLexical word="تَقُولُ" lemma="قَالَ" pos="مصرفة منتظمة" prefix="ت" root="قول" pattern="فُعل" suffix="" />
				<ArabicLexical word="مَارِيَا" lemma="مَارَى" pos="غير عربية" prefix="" root="" pattern="" suffix="" />
				<ArabicLexical word="أَسْتِرْ" lemma="سَتَرَ" pos="غير عربية" prefix="" root="" pattern="" suffix="" />
				<ArabicLexical word="مُدَرِّسَةُ" lemma="مُدَرِّس" pos="مصرفة منتظمة" prefix="" root="درس" pattern="مُفَعِّل" suffix="ة" />
				<ArabicLexical word="اَلْفَلْسَفَةِ" lemma="فَلْسَفَة" pos="مصرفة منتظمة" prefix="ال" root="فلسف" pattern="فَعْلَل" suffix="ة" />
				<ArabicLexical word="اَلسَّابِقَةُ" lemma="سَابِقَة" pos="مصرفة منتظمة" prefix="ال" root="سبق" pattern="فَاعِل" suffix="ة" />
				<ArabicLexical word="اَلَّتِي" lemma="اَلَّذِي" pos="جامدة" prefix="ال" root="اَلَّذِي" pattern="لَتِي" suffix="" />
				<ArabicLexical word="فَقَدَتْ" lemma="فَقَدَ" pos="مصرفة منتظمة" prefix="" root="فقد" pattern="فَعَلَ" suffix="تْ" />
				<ArabicLexical word="عَمَلَهَا" lemma="عَمَل" pos="مصرفة منتظمة" prefix="" root="عمل" pattern="فَعَل" suffix="هَا" />
				<ArabicLexical word="وَتَعْمَلُ" lemma="عَمِلَ" pos="مصرفة منتظمة" prefix="وَت" root="عمل" pattern="فْعَل" suffix="" />
				<ArabicLexical word="بِالْمَجَلَّةِ" lemma="مَجَلَّة" pos="مصرفة منتظمة" prefix="بِال" root="جلل" pattern="مَفَلّ" suffix="ة" />
				<ArabicLexical word="تَخْتَلِفُ" lemma="اخْتَلَفَ" pos="مصرفة منتظمة" prefix="ت" root="خلف" pattern="اِفْتَعَلَ" suffix="" />
				<ArabicLexical word="مَجَلَّةُ" lemma="مَجَلَّة" pos="مصرفة منتظمة" prefix="" root="جلل" pattern="مَفَلّ" suffix="ة" />
				<ArabicLexical word="صُنِعَ" lemma="صَنَعَ" pos="مصرفة منتظمة" prefix="" root="صنع" pattern="فُعِلَ" suffix="" />
				<ArabicLexical word="فِي" lemma="فِي" pos="جامدة" prefix="" root="فِي" pattern="فِي" suffix="" />
				<ArabicLexical word="اَلْأَرْجَنْتِينْ" lemma="أَرْجَنْتِين" pos="غير عربية" prefix="" root="" pattern="" suffix="" />
				<ArabicLexical word="عَنْ" lemma="عَنْ" pos="جامدة" prefix="" root="عَنْ" pattern="عَنْ" suffix="" />
				<ArabicLexical word="مُؤَسَّسَاتٍ" lemma="مُؤَسَّسَة" pos="مصرفة منتظمة" prefix="" root="أسس" pattern="مُفَعَّل" suffix="ات" />
				<ArabicLexical word="تَرْعَى" lemma="رَعَى" pos="مصرفة منتظمة" prefix="ت" root="رعي" pattern="فْعَل" suffix="" />
				<ArabicLexical word="اَلْعَاطِلِينَ" lemma="عَاطِل" pos="مصرفة منتظمة" prefix="ال" root="عطل" pattern="فَاعِل" suffix="ينَ" />
				<ArabicLexical word="حَيْثُ" lemma="حَيْثُ" pos="جامدة" prefix="" root="حَيْثُ" pattern="حَيْثُ" suffix="" />
				<ArabicLexical word="يَشْعُرُونَ" lemma="شَعَرَ" pos="مصرفة منتظمة" prefix="ي" root="شعر" pattern="فْعُل" suffix="ونَ" />
				<ArabicLexical word="بِالْإِذْلَالِ" lemma="إِذْلَال" pos="مصرفة منتظمة" prefix="بِال" root="ذلل" pattern="إِفْعَال" suffix="" />
				<ArabicLexical word="عِنْدَ" lemma="عِنْدَ" pos="جامدة" prefix="" root="عِنْدَ" pattern="عِنْدَ" suffix="" />
				<ArabicLexical word="حُصُولِهِمْ" lemma="حُصُول" pos="مصرفة منتظمة" prefix="" root="حصل" pattern="فُعُول" suffix="همْ" />
				<ArabicLexical word="عَلَى" lemma="عَلَى" pos="جامدة" prefix="" root="عَلَى" pattern="عَلَى" suffix="" />
				<ArabicLexical word="مُسَاعَدَاتٍ" lemma="مُسَاعَدَة" pos="مصرفة منتظمة" prefix="" root="سعد" pattern="مُفَاعَل" suffix="ات" />
				<ArabicLexical word="فَالْمُتَبَرِّعُونَ" lemma="مُتَبَرِّع" pos="مصرفة منتظمة" prefix="فَال" root="برع" pattern="مُتَفَعِّل" suffix="ونَ" />
				<ArabicLexical word="يَعْتَقِدُونَ" lemma="اعْتَقَدَ" pos="مصرفة منتظمة" prefix="ي" root="عقد" pattern="اِفْتَعَلَ" suffix="ونَ" />
				<ArabicLexical word="أَنَّ" lemma="أَنَّ" pos="جامدة" prefix="" root="أَنَّ" pattern="أَنَّ" suffix="" />
				<ArabicLexical word="طَالِبَ" lemma="طَالِب" pos="مصرفة منتظمة" prefix="" root="طلب" pattern="فَاعِل" suffix="" />
				<ArabicLexical word="اَلْمَعُونَةِ" lemma="مَعُونَة" pos="مصرفة منتظمة" prefix="ال" root="عون" pattern="مَفُعول" suffix="ة" />
				<ArabicLexical word="عَاطِلٌ" lemma="عَاطِل" pos="مصرفة منتظمة" prefix="" root="عطل" pattern="فَاعِل" suffix="" />
				<ArabicLexical word="لِأَنَّهُ" lemma="أَنَّ" pos="جامدة" prefix="لِ" root="أَنَّ" pattern="أَنَّ" suffix="ه" />
				<ArabicLexical word="لَا" lemma="لَا" pos="جامدة" prefix="" root="لَا" pattern="لَا" suffix="" />
				<ArabicLexical word="يُرِيدُ" lemma="أَرَادَ" pos="مصرفة منتظمة" prefix="ي" root="رود" pattern="أَفِعلَ" suffix="" />
				<ArabicLexical word="اَلْعَمَلَ" lemma="عَمَل" pos="مصرفة منتظمة" prefix="ال" root="عمل" pattern="فَعَل" suffix="" />
				<ArabicLexical word="أَمَّا" lemma="أَمَّا" pos="جامدة" prefix="" root="أَمَّا" pattern="أَمَّا" suffix="" />
				<ArabicLexical word="مُدِيرَةُ" lemma="مُدِير" pos="مصرفة منتظمة" prefix="" root="دور" pattern="مُفِعل" suffix="ة" />
				<ArabicLexical word="اَلْمَجَلَّةِ" lemma="مَجَلَّة" pos="مصرفة منتظمة" prefix="ال" root="جلل" pattern="مَفَلّ" suffix="ة" />
				<ArabicLexical word="بَاتْرِيشْيَا" lemma="+" pos="غير عربية" prefix="" root="" pattern="" suffix="" />
				<ArabicLexical word="مِيرْكِينْ" lemma="" pos="غير عربية" prefix="" root="" pattern="" suffix="" />
				<ArabicLexical word="فَتَقُولُ" lemma="قَالَ" pos="مصرفة منتظمة" prefix="فَت" root="قول" pattern="فُعل" suffix="" />
				<ArabicLexical word="إِنَّ" lemma="أَنَّ" pos="جامدة" prefix="" root="إِنَّ" pattern="إِنَّ" suffix="" />
				<ArabicLexical word="فِكْرَةَ" lemma="فِكْرَة" pos="مصرفة منتظمة" prefix="" root="فكر" pattern="فِعْل" suffix="ة" />
				<ArabicLexical word="اَلْمَجَلَّةِ" lemma="مَجَلَّة" pos="مصرفة منتظمة" prefix="ال" root="جلل" pattern="مَفَلّ" suffix="ة" />
				<ArabicLexical word="هِيَ" lemma="هُوَ" pos="جامدة" prefix="" root="هُوَ" pattern="هِيَ" suffix="" />
				<ArabicLexical word="مُسَاعَدَةُ" lemma="مُسَاعَدَة" pos="مصرفة منتظمة" prefix="" root="سعد" pattern="مُفَاعَل" suffix="ة" />
				<ArabicLexical word="اَلْفُقَرَاءِ" lemma="فَقِير" pos="مصرفة منتظمة" prefix="ال" root="فقر" pattern="فُعَلَاء" suffix="" />
				<ArabicLexical word="وَالْمُشَرَّدِينَ" lemma="مُشَرَّد" pos="مصرفة منتظمة" prefix="وَال" root="شرد" pattern="مُفَعَّل" suffix="ينَ" />
				<ArabicLexical word="وَإِبْعَادُهُمْ" lemma="إِبْعَاد" pos="مصرفة منتظمة" prefix="وَ" root="بعد" pattern="إِفْعَال" suffix="همْ" />
				<ArabicLexical word="عَنْ" lemma="عَنْ" pos="جامدة" prefix="" root="عَنْ" pattern="عَنْ" suffix="" />
				<ArabicLexical word="مِنْطَقَةِ" lemma="مِنْطَقَة" pos="مصرفة منتظمة" prefix="" root="نطق" pattern="مِفْعَل" suffix="ة" />
				<ArabicLexical word="اَلْخَطَرِ" lemma="خَطَر" pos="مصرفة منتظمة" prefix="ال" root="خطر" pattern="فَعَل" suffix="" />
				<ArabicLexical word="وَانْتِزَاعُهُمْ" lemma="انْتِزَاع" pos="مصرفة منتظمة" prefix="وَ" root="نزع" pattern="اِفْتِعَال" suffix="همْ" />
				<ArabicLexical word="مِنْ" lemma="مِنْ" pos="جامدة" prefix="" root="مِنْ" pattern="مِنْ" suffix="" />
				<ArabicLexical word="بَرَاثِنِ" lemma="بُرْثُن" pos="مصرفة منتظمة" prefix="" root="برثن" pattern="فَعَالِل" suffix="" />
				<ArabicLexical word="اَلْيَأْسِ" lemma="يَأْس" pos="مصرفة منتظمة" prefix="ال" root="يأس" pattern="فَعْل" suffix="" />
			</annotation>
		</sentence>
		<sentence id="07805">
			<text>وَتُوَزِّعُ صُنِعَ فِي اَلْأَرْجَنْتِينْ عَشَرَةَ آلَافِ نُسْخَةٍ، يَحْصُلُ بَاعَتُهَا وَعَدَدُهُمْ نَحْوُ 200 بَائِعٍ عَلَى 90 فِي اَلْمَاءَةِ مِنْ ثَمَنِ بَيْعِهَا، وَهِيَ تُعَدُّ ثَرْوَةً بِالنِّسْبَةِ لِضَحَايَا اَلْفَقْرِ وَالْبَطَالَةِ مِثْلِ مَارِيَا أَسْتِرْ اَلَّتِي فَقَدَتْ اَلْبَيْتَ وَالْمُرَتَّبَ وَالدَّخْلَ.</text>
			<annotation>
				<ArabicLexical word="وَتُوَزِّعُ" lemma="وَزَّعَ" pos="مصرفة منتظمة" prefix="وَت" root="وزع" pattern="فَعَّلَ" suffix="" />
				<ArabicLexical word="صُنِعَ" lemma="صَنَعَ" pos="مصرفة منتظمة" prefix="" root="صنع" pattern="فُعِلَ" suffix="" />
				<ArabicLexical word="فِي" lemma="فِي" pos="جامدة" prefix="" root="فِي" pattern="فِي" suffix="" />
				<ArabicLexical word="اَلْأَرْجَنْتِينْ" lemma="أَرْجَنْتِين" pos="غير عربية" prefix="" root="" pattern="" suffix="" />
				<ArabicLexical word="عَشَرَةَ" lemma="عَشْر" pos="مصرفة منتظمة" prefix="" root="عشر" pattern="فَعَل" suffix="ة" />
				<ArabicLexical word="آلَافِ" lemma="أَلْف" pos="مصرفة منتظمة" prefix="" root="ألف" pattern="أَفعَال" suffix="" />
				<ArabicLexical word="نُسْخَةٍ" lemma="نُسْخَة" pos="مصرفة منتظمة" prefix="" root="نسخ" pattern="فُعْل" suffix="ة" />
				<ArabicLexical word="يَحْصُلُ" lemma="حَصَلَ" pos="مصرفة منتظمة" prefix="ي" root="حصل" pattern="فْعُل" suffix="" />
				<ArabicLexical word="بَاعَتُهَا" lemma="بَاعَة" pos="استثناء صرفي" prefix="" root="بيع" pattern="بَاع" suffix="تهَا" />
				<ArabicLexical word="وَعَدَدُهُمْ" lemma="عَدَد" pos="مصرفة منتظمة" prefix="وَ" root="عدد" pattern="فَعَل" suffix="همْ" />
				<ArabicLexical word="نَحْوُ" lemma="نَحْو" pos="مصرفة منتظمة" prefix="" root="نحو" pattern="فَعْل" suffix="" />
				<ArabicLexical word="بَائِعٍ" lemma="بَائِع" pos="مصرفة منتظمة" prefix="" root="بيع" pattern="فَاعِل" suffix="" />
				<ArabicLexical word="عَلَى" lemma="عَلَى" pos="جامدة" prefix="" root="عَلَى" pattern="عَلَى" suffix="" />
				<ArabicLexical word="فِي" lemma="فِي" pos="جامدة" prefix="" root="فِي" pattern="فِي" suffix="" />
				<ArabicLexical word="اَلْمَاءَةِ" lemma="مَاءَة" pos="استثناء صرفي" prefix="ال" root="مأي" pattern="مَاءَ" suffix="ة" />
				<ArabicLexical word="مِنْ" lemma="مِنْ" pos="جامدة" prefix="" root="مِنْ" pattern="مِنْ" suffix="" />
				<ArabicLexical word="ثَمَنِ" lemma="ثَمَن" pos="مصرفة منتظمة" prefix="" root="ثمن" pattern="فَعَل" suffix="" />
				<ArabicLexical word="بَيْعِهَا" lemma="بَيْع" pos="مصرفة منتظمة" prefix="" root="بيع" pattern="فَعْل" suffix="هَا" />
				<ArabicLexical word="وَهِيَ" lemma="هُوَ" pos="جامدة" prefix="وَ" root="هُوَ" pattern="هِيَ" suffix="" />
				<ArabicLexical word="تُعَدُّ" lemma="عَدَّ" pos="مصرفة منتظمة" prefix="تُ" root="عدد" pattern="فَلّ" suffix="" />
				<ArabicLexical word="ثَرْوَةً" lemma="ثَرْوَة" pos="مصرفة منتظمة" prefix="" root="ثرو" pattern="فَعْل" suffix="ة" />
				<ArabicLexical word="بِالنِّسْبَةِ" lemma="نِسْبَة" pos="مصرفة منتظمة" prefix="بِال" root="نسب" pattern="فِعْل" suffix="ة" />
				<ArabicLexical word="لِضَحَايَا" lemma="ضَحِيَّة" pos="مصرفة منتظمة" prefix="لِ" root="ضحو" pattern="فَعَالَا" suffix="" />
				<ArabicLexical word="اَلْفَقْرِ" lemma="فَقْر" pos="مصرفة منتظمة" prefix="ال" root="فقر" pattern="فَعْل" suffix="" />
				<ArabicLexical word="وَالْبَطَالَةِ" lemma="بَطَالَة" pos="مصرفة منتظمة" prefix="وَال" root="بطل" pattern="فَعَال" suffix="ة" />
				<ArabicLexical word="مِثْلِ" lemma="مِثْل" pos="مصرفة منتظمة" prefix="" root="مثل" pattern="فِعْل" suffix="" />
				<ArabicLexical word="مَارِيَا" lemma="مَارَى" pos="غير عربية" prefix="" root="" pattern="" suffix="" />
				<ArabicLexical word="أَسْتِرْ" lemma="سَتَرَ" pos="غير عربية" prefix="" root="" pattern="" suffix="" />
				<ArabicLexical word="اَلَّتِي" lemma="اَلَّذِي" pos="جامدة" prefix="ال" root="اَلَّذِي" pattern="لَتِي" suffix="" />
				<ArabicLexical word="فَقَدَتْ" lemma="فَقَدَ" pos="مصرفة منتظمة" prefix="" root="فقد" pattern="فَعَلَ" suffix="تْ" />
				<ArabicLexical word="اَلْبَيْتَ" lemma="بَيْت" pos="مصرفة منتظمة" prefix="ال" root="بيت" pattern="فَعْل" suffix="" />
				<ArabicLexical word="وَالْمُرَتَّبَ" lemma="مُرَتَّب" pos="مصرفة منتظمة" prefix="وَال" root="رتب" pattern="مُفَعَّل" suffix="" />
				<ArabicLexical word="وَالدَّخْلَ" lemma="دَخْل" pos="مصرفة منتظمة" prefix="وَال" root="دخل" pattern="فَعْل" suffix="" />
			</annotation>
		</sentence>
		<sentence id="07806">
			<text>تَقُولُ مَارِيَا أَسْتِرْ (50 سَنَةً): إِنَّ اَلنُّقُودَ اَلْقَلِيلَةَ اَلَّتِي تَحْصُلُ عَلَيْهَا مِنْ اَلْمَجَلَّةِ لَا تُعَوِّضُ فَقْدَ مُرَتَّبٍ ثَابِتٍ وَلَا حَتَّى إِيجَارَ مَسْكَنٍ، وَلكِنَّ اَلدَّخْلَ اَلضَّئِيلَ يُسَاعِدُهَا فِي مُوَاجَهَةِ اَلْفَقْرِ وَالْبَرْدِ وَالْوَحْدَةِ.. وَفَوْقَ كُلِّ هذَا هُوَ صَوْتٌ يُبَدِّدُ اَلسُّكُونَ مِنْ حَوْلِهَا.</text>
			<annotation>
				<ArabicLexical word="تَقُولُ" lemma="قَالَ" pos="مصرفة منتظمة" prefix="ت" root="قول" pattern="فُعل" suffix="" />
				<ArabicLexical word="مَارِيَا" lemma="مَارَى" pos="غير عربية" prefix="" root="" pattern="" suffix="" />
				<ArabicLexical word="أَسْتِرْ" lemma="سَتَرَ" pos="غير عربية" prefix="" root="" pattern="" suffix="" />
				<ArabicLexical word="سَنَةً" lemma="سَنَة" pos="استثناء صرفي" prefix="" root="سنه" pattern="سَنَ" suffix="ة" />
				<ArabicLexical word="إِنَّ" lemma="أَنَّ" pos="جامدة" prefix="" root="إِنَّ" pattern="إِنَّ" suffix="" />
				<ArabicLexical word="اَلنُّقُودَ" lemma="نَقْد" pos="مصرفة منتظمة" prefix="ال" root="نقد" pattern="فُعُول" suffix="" />
				<ArabicLexical word="اَلْقَلِيلَةَ" lemma="قَلِيل" pos="مصرفة منتظمة" prefix="ال" root="قلل" pattern="فَعِيل" suffix="ة" />
				<ArabicLexical word="اَلَّتِي" lemma="اَلَّذِي" pos="جامدة" prefix="ال" root="اَلَّذِي" pattern="لَتِي" suffix="" />
				<ArabicLexical word="تَحْصُلُ" lemma="حَصَلَ" pos="مصرفة منتظمة" prefix="ت" root="حصل" pattern="فْعُل" suffix="" />
				<ArabicLexical word="عَلَيْهَا" lemma="عَلَى" pos="جامدة" prefix="" root="عَلَى" pattern="عَلَيْ" suffix="هَا" />
				<ArabicLexical word="مِنْ" lemma="مِنْ" pos="جامدة" prefix="" root="مِنْ" pattern="مِنْ" suffix="" />
				<ArabicLexical word="اَلْمَجَلَّةِ" lemma="مَجَلَّة" pos="مصرفة منتظمة" prefix="ال" root="جلل" pattern="مَفَلّ" suffix="ة" />
				<ArabicLexical word="لَا" lemma="لَا" pos="جامدة" prefix="" root="لَا" pattern="لَا" suffix="" />
				<ArabicLexical word="تُعَوِّضُ" lemma="عَوَّضَ" pos="مصرفة منتظمة" prefix="ت" root="عوض" pattern="فَعَّلَ" suffix="" />
				<ArabicLexical word="فَقْدَ" lemma="فَقْد" pos="مصرفة منتظمة" prefix="" root="فقد" pattern="فَعْل" suffix="" />
				<ArabicLexical word="مُرَتَّبٍ" lemma="مُرَتَّب" pos="مصرفة منتظمة" prefix="" root="رتب" pattern="مُفَعَّل" suffix="" />
				<ArabicLexical word="ثَابِتٍ" lemma="ثَابِت" pos="مصرفة منتظمة" prefix="" root="ثبت" pattern="فَاعِل" suffix="" />
				<ArabicLexical word="وَلَا" lemma="لَا" pos="جامدة" prefix="وَ" root="لَا" pattern="لَا" suffix="" />
				<ArabicLexical word="حَتَّى" lemma="حَتَّى" pos="جامدة" prefix="" root="حَتَّى" pattern="حَتَّى" suffix="" />
				<ArabicLexical word="إِيجَارَ" lemma="إِيجَار" pos="مصرفة منتظمة" prefix="" root="أجر" pattern="إِفعَال" suffix="" />
				<ArabicLexical word="مَسْكَنٍ" lemma="مَسْكَن" pos="مصرفة منتظمة" prefix="" root="سكن" pattern="مَفْعَل" suffix="" />
				<ArabicLexical word="وَلكِنَّ" lemma="كَانَ" pos="جامدة" prefix="وَ" root="لكِنَّ" pattern="لكِنَّ" suffix="" />
				<ArabicLexical word="اَلدَّخْلَ" lemma="دَخْل" pos="مصرفة منتظمة" prefix="ال" root="دخل" pattern="فَعْل" suffix="" />
				<ArabicLexical word="اَلضَّئِيلَ" lemma="ضَئِيل" pos="مصرفة منتظمة" prefix="ال" root="ضأل" pattern="فَعِيل" suffix="" />
				<ArabicLexical word="يُسَاعِدُهَا" lemma="سَاعَدَ" pos="مصرفة منتظمة" prefix="ي" root="سعد" pattern="فَاعَلَ" suffix="هَا" />
				<ArabicLexical word="فِي" lemma="فِي" pos="جامدة" prefix="" root="فِي" pattern="فِي" suffix="" />
				<ArabicLexical word="مُوَاجَهَةِ" lemma="مُوَاجَهَة" pos="مصرفة منتظمة" prefix="" root="وجه" pattern="مُفَاعَل" suffix="ة" />
				<ArabicLexical word="اَلْفَقْرِ" lemma="فَقْر" pos="مصرفة منتظمة" prefix="ال" root="فقر" pattern="فَعْل" suffix="" />
				<ArabicLexical word="وَالْبَرْدِ" lemma="بَرْد" pos="مصرفة منتظمة" prefix="وَال" root="برد" pattern="فَعْل" suffix="" />
				<ArabicLexical word="وَالْوَحْدَةِ" lemma="وَحْدَة" pos="مصرفة منتظمة" prefix="وَال" root="وحد" pattern="فَعْل" suffix="ة" />
				<ArabicLexical word="وَفَوْقَ" lemma="فَوْق" pos="مصرفة منتظمة" prefix="وَ" root="فوق" pattern="فَعْل" suffix="" />
				<ArabicLexical word="كُلِّ" lemma="كُلّ" pos="جامدة" prefix="" root="كُلّ" pattern="كُلّ" suffix="" />
				<ArabicLexical word="هذَا" lemma="ذَا" pos="جامدة" prefix="" root="ذَا" pattern="هذَا" suffix="" />
				<ArabicLexical word="هُوَ" lemma="هُوَ" pos="جامدة" prefix="" root="هُوَ" pattern="هُوَ" suffix="" />
				<ArabicLexical word="صَوْتٌ" lemma="صَوْت" pos="مصرفة منتظمة" prefix="" root="صوت" pattern="فَعْل" suffix="" />
				<ArabicLexical word="يُبَدِّدُ" lemma="بَدَّدَ" pos="مصرفة منتظمة" prefix="ي" root="بدد" pattern="فَعَّلَ" suffix="" />
				<ArabicLexical word="اَلسُّكُونَ" lemma="سُكُون" pos="مصرفة منتظمة" prefix="ال" root="سكن" pattern="فُعُول" suffix="" />
				<ArabicLexical word="مِنْ" lemma="مِنْ" pos="جامدة" prefix="" root="مِنْ" pattern="مِنْ" suffix="" />
				<ArabicLexical word="حَوْلِهَا" lemma="حَوْل" pos="مصرفة منتظمة" prefix="" root="حول" pattern="فَعْل" suffix="هَا" />
			</annotation>
		</sentence>
		<sentence id="07807">
			<text>وَتَنْشُرُ اَلْمَجَلَّةُ مَوْضُوعَاتٍ عَنْ اَلْمُوسِيقَى وَالسِّينِمَا وَالْكُتُبِ، وَلكِنَّ مَقَالَاتِهَا اَلرَّئِيسِيَّةَ تَنْصَبُّ عَلَى مِحَنَةِ اَلْمُشَرَّدِينَ وَالْعَاطِلِينَ.</text>
			<annotation>
				<ArabicLexical word="وَتَنْشُرُ" lemma="نَشَرَ" pos="مصرفة منتظمة" prefix="وَت" root="نشر" pattern="فْعُل" suffix="" />
				<ArabicLexical word="اَلْمَجَلَّةُ" lemma="مَجَلَّة" pos="مصرفة منتظمة" prefix="ال" root="جلل" pattern="مَفَلّ" suffix="ة" />
				<ArabicLexical word="مَوْضُوعَاتٍ" lemma="مَوْضُوع" pos="مصرفة منتظمة" prefix="" root="وضع" pattern="مَفْعُول" suffix="ات" />
				<ArabicLexical word="عَنْ" lemma="عَنْ" pos="جامدة" prefix="" root="عَنْ" pattern="عَنْ" suffix="" />
				<ArabicLexical word="اَلْمُوسِيقَى" lemma="مُوسِيقَى" pos="معربة" prefix="ال" root="مُوسِيقَى" pattern="مُوسِيقَى" suffix="" />
				<ArabicLexical word="وَالسِّينِمَا" lemma="سِينِمَا" pos="غير عربية" prefix="" root="" pattern="" suffix="" />
				<ArabicLexical word="وَالْكُتُبِ" lemma="كِتَاب" pos="مصرفة منتظمة" prefix="وَال" root="كتب" pattern="فُعُل" suffix="" />
				<ArabicLexical word="وَلكِنَّ" lemma="كَانَ" pos="جامدة" prefix="وَ" root="لكِنَّ" pattern="لكِنَّ" suffix="" />
				<ArabicLexical word="مَقَالَاتِهَا" lemma="مَقَالَة" pos="مصرفة منتظمة" prefix="" root="قول" pattern="مَفَعل" suffix="اتهَا" />
				<ArabicLexical word="اَلرَّئِيسِيَّةَ" lemma="رَئِيسِيّ" pos="مصرفة منتظمة" prefix="ال" root="رأس" pattern="فَعِيل" suffix="يَّة" />
				<ArabicLexical word="تَنْصَبُّ" lemma="انْصَبَّ" pos="مصرفة منتظمة" prefix="ت" root="صبب" pattern="اِنْفَلَّ" suffix="" />
				<ArabicLexical word="عَلَى" lemma="عَلَى" pos="جامدة" prefix="" root="عَلَى" pattern="عَلَى" suffix="" />
				<ArabicLexical word="مِحَنَةِ" lemma="-" pos="مصرفة منتظمة" prefix="" root="محن" pattern="فِعَل" suffix="ة" />
				<ArabicLexical word="اَلْمُشَرَّدِينَ" lemma="مُشَرَّد" pos="مصرفة منتظمة" prefix="ال" root="شرد" pattern="مُفَعَّل" suffix="ينَ" />
				<ArabicLexical word="وَالْعَاطِلِينَ" lemma="عَاطِل" pos="مصرفة منتظمة" prefix="وَال" root="عطل" pattern="فَاعِل" suffix="ينَ" />
			</annotation>
		</sentence>
		<sentence id="07808">
			<text>وصُنِعَ فِي اَلْأَرْجَنْتِينْ لَيْسَتْ فَقَطْ مَصْدَرًا لِمُسَاعَدَةِ اَلْفُقَرَاءِ وَالْمُشَرَّدِينَ، بَلْ أَيْضًا مَدْعَاةٌ لِاعْتِزَازِهِمْ، وَوَصَفَتْهَا مُدِيرَةُ اَلْمَجَلَّةِ مِيرْكِينْ بِأَنَّهَا مَشْرُوعٌ هَامٌّ لِلْمُجْتَمَعِ كَكُلٍّ، وَقَالَتْ: مِنْ حَقِّنَا أَنْ نَعِيشَ حَيَاةً كَرِيمَةً.. وَجَمِيعُنَا فِي مَوْقِعِ اَلْمَسْؤُولِيَّةِ، وَأَضَافَتْ أَنْ تُعْطِيَ إِنْسَانًا سَمَكَةً يَعْنِي أَنْ تُوَفِّرَ لَهُ قُوتَ يَوْمٍ، وَلكِنْ أَنْ تُعَلِّمَهُ صَيْدَ اَلسَّمَكِ فَسَيَكْسِبُ هُوَ قُوتَهُ طِيلَةَ اَلْعُمُرِ</text>
			<annotation>
				<ArabicLexical word="و" lemma="+" pos="غير عربية" prefix="" root="" pattern="" suffix="" />
				<ArabicLexical word="صُنِعَ" lemma="صَنَعَ" pos="مصرفة منتظمة" prefix="" root="صنع" pattern="فُعِلَ" suffix="" />
				<ArabicLexical word="فِي" lemma="فِي" pos="جامدة" prefix="" root="فِي" pattern="فِي" suffix="" />
				<ArabicLexical word="اَلْأَرْجَنْتِينْ" lemma="أَرْجَنْتِين" pos="غير عربية" prefix="" root="" pattern="" suffix="" />
				<ArabicLexical word="لَيْسَتْ" lemma="لَيْسَ" pos="جامدة" prefix="" root="لَيْسَ" pattern="لَيْسَ" suffix="تْ" />
				<ArabicLexical word="فَقَطْ" lemma="فَقَطْ" pos="غير عربية" prefix="" root="" pattern="" suffix="" />
				<ArabicLexical word="مَصْدَرًا" lemma="مَصْدَر" pos="مصرفة منتظمة" prefix="" root="صدر" pattern="مَفْعَل" suffix="" />
				<ArabicLexical word="لِمُسَاعَدَةِ" lemma="مُسَاعَدَة" pos="مصرفة منتظمة" prefix="لِ" root="سعد" pattern="مُفَاعَل" suffix="ة" />
				<ArabicLexical word="اَلْفُقَرَاءِ" lemma="فَقِير" pos="مصرفة منتظمة" prefix="ال" root="فقر" pattern="فُعَلَاء" suffix="" />
				<ArabicLexical word="وَالْمُشَرَّدِينَ" lemma="مُشَرَّد" pos="مصرفة منتظمة" prefix="وَال" root="شرد" pattern="مُفَعَّل" suffix="ينَ" />
				<ArabicLexical word="بَلْ" lemma="بَلْ" pos="جامدة" prefix="" root="بَلْ" pattern="بَلْ" suffix="" />
				<ArabicLexical word="أَيْضًا" lemma="أَيْض" pos="مصرفة منتظمة" prefix="" root="أيض" pattern="فَعْل" suffix="" />
				<ArabicLexical word="مَدْعَاةٌ" lemma="مَدْعَاة" pos="مصرفة منتظمة" prefix="" root="دعو" pattern="مَفْعَل" suffix="ة" />
				<ArabicLexical word="لِاعْتِزَازِهِمْ" lemma="اعْتِزَاز" pos="مصرفة منتظمة" prefix="لِ" root="عزز" pattern="اِفْتِعَال" suffix="همْ" />
				<ArabicLexical word="وَوَصَفَتْهَا" lemma="وَصَفَ" pos="مصرفة منتظمة" prefix="وَ" root="وصف" pattern="فَعَلَ" suffix="تْهَا" />
				<ArabicLexical word="مُدِيرَةُ" lemma="مُدِير" pos="مصرفة منتظمة" prefix="" root="دور" pattern="مُفِعل" suffix="ة" />
				<ArabicLexical word="اَلْمَجَلَّةِ" lemma="مَجَلَّة" pos="مصرفة منتظمة" prefix="ال" root="جلل" pattern="مَفَلّ" suffix="ة" />
				<ArabicLexical word="مِيرْكِينْ" lemma="" pos="غير عربية" prefix="" root="" pattern="" suffix="" />
				<ArabicLexical word="بِأَنَّهَا" lemma="أَنَّ" pos="جامدة" prefix="بِ" root="أَنَّ" pattern="أَنَّ" suffix="هَا" />
				<ArabicLexical word="مَشْرُوعٌ" lemma="مَشْرُوع" pos="مصرفة منتظمة" prefix="" root="شرع" pattern="مَفْعُول" suffix="" />
				<ArabicLexical word="هَامٌّ" lemma="هَامّ" pos="مصرفة منتظمة" prefix="" root="همم" pattern="فَالّ" suffix="" />
				<ArabicLexical word="لِلْمُجْتَمَعِ" lemma="مُجْتَمَع" pos="مصرفة منتظمة" prefix="لِل" root="جمع" pattern="مُفْتَعَل" suffix="" />
				<ArabicLexical word="كَكُلٍّ" lemma="كُلّ" pos="جامدة" prefix="كَ" root="كُلّ" pattern="كُلّ" suffix="" />
				<ArabicLexical word="وَقَالَتْ" lemma="قَالَ" pos="مصرفة منتظمة" prefix="وَ" root="قول" pattern="فَعلَ" suffix="تْ" />
				<ArabicLexical word="مِنْ" lemma="مِنْ" pos="جامدة" prefix="" root="مِنْ" pattern="مِنْ" suffix="" />
				<ArabicLexical word="حَقِّنَا" lemma="حَقّ" pos="مصرفة منتظمة" prefix="" root="حقق" pattern="فَلّ" suffix="نَا" />
				<ArabicLexical word="أَنْ" lemma="أَنْ" pos="جامدة" prefix="" root="أَنْ" pattern="أَنْ" suffix="" />
				<ArabicLexical word="نَعِيشَ" lemma="عَاشَ" pos="مصرفة منتظمة" prefix="ن" root="عيش" pattern="فِعل" suffix="" />
				<ArabicLexical word="حَيَاةً" lemma="حَيَاة" pos="مصرفة منتظمة" prefix="" root="حيي" pattern="فَعَل" suffix="ة" />
				<ArabicLexical word="كَرِيمَةً" lemma="كَرِيم" pos="مصرفة منتظمة" prefix="" root="كرم" pattern="فَعِيل" suffix="ة" />
				<ArabicLexical word="وَجَمِيعُنَا" lemma="جَمِيع" pos="مصرفة منتظمة" prefix="وَ" root="جمع" pattern="فَعِيل" suffix="نَا" />
				<ArabicLexical word="فِي" lemma="فِي" pos="جامدة" prefix="" root="فِي" pattern="فِي" suffix="" />
				<ArabicLexical word="مَوْقِعِ" lemma="مَوْقِع" pos="مصرفة منتظمة" prefix="" root="وقع" pattern="مَفْعِل" suffix="" />
				<ArabicLexical word="اَلْمَسْؤُولِيَّةِ" lemma="مَسْؤُولِيَّة" pos="مصرفة منتظمة" prefix="ال" root="سأل" pattern="مَفْعُول" suffix="يَّة" />
				<ArabicLexical word="وَأَضَافَتْ" lemma="أَضَافَ" pos="مصرفة منتظمة" prefix="وَ" root="ضيف" pattern="أَفَعلَ" suffix="تْ" />
				<ArabicLexical word="أَنْ" lemma="أَنْ" pos="جامدة" prefix="" root="أَنْ" pattern="أَنْ" suffix="" />
				<ArabicLexical word="تُعْطِيَ" lemma="أَعْطَى" pos="مصرفة منتظمة" prefix="ت" root="عطو" pattern="أَفْعِل" suffix="" />
				<ArabicLexical word="إِنْسَانًا" lemma="إِنْسَان" pos="مصرفة منتظمة" prefix="" root="أنس" pattern="فِعْلَان" suffix="" />
				<ArabicLexical word="سَمَكَةً" lemma="سَمَك" pos="مصرفة منتظمة" prefix="" root="سمك" pattern="فَعَل" suffix="ة" />
				<ArabicLexical word="يَعْنِي" lemma="عَنَى" pos="مصرفة منتظمة" prefix="ي" root="عني" pattern="فْعِل" suffix="" />
				<ArabicLexical word="أَنْ" lemma="أَنْ" pos="جامدة" prefix="" root="أَنْ" pattern="أَنْ" suffix="" />
				<ArabicLexical word="تُوَفِّرَ" lemma="وَفَّرَ" pos="مصرفة منتظمة" prefix="ت" root="وفر" pattern="فَعَّلَ" suffix="" />
				<ArabicLexical word="لَهُ" lemma="لِي" pos="جامدة" prefix="" root="لِي" pattern="لَهُ" suffix="" />
				<ArabicLexical word="قُوتَ" lemma="قُوت" pos="مصرفة منتظمة" prefix="" root="قوت" pattern="فُعل" suffix="" />
				<ArabicLexical word="يَوْمٍ" lemma="يَوْم" pos="مصرفة منتظمة" prefix="" root="يوم" pattern="فَعْل" suffix="" />
				<ArabicLexical word="وَلكِنْ" lemma="كَانَ" pos="جامدة" prefix="وَ" root="لكِنْ" pattern="لكِنْ" suffix="" />
				<ArabicLexical word="أَنْ" lemma="أَنْ" pos="جامدة" prefix="" root="أَنْ" pattern="أَنْ" suffix="" />
				<ArabicLexical word="تُعَلِّمَهُ" lemma="عَلَّمَ" pos="مصرفة منتظمة" prefix="ت" root="علم" pattern="فَعَّلَ" suffix="ه" />
				<ArabicLexical word="صَيْدَ" lemma="صَيْد" pos="مصرفة منتظمة" prefix="" root="صيد" pattern="فَعْل" suffix="" />
				<ArabicLexical word="اَلسَّمَكِ" lemma="سَمَك" pos="مصرفة منتظمة" prefix="ال" root="سمك" pattern="فَعَل" suffix="" />
				<ArabicLexical word="فَسَيَكْسِبُ" lemma="كَسَبَ" pos="مصرفة منتظمة" prefix="فَسَي" root="كسب" pattern="فْعِل" suffix="" />
				<ArabicLexical word="هُوَ" lemma="هُوَ" pos="جامدة" prefix="" root="هُوَ" pattern="هُوَ" suffix="" />
				<ArabicLexical word="قُوتَهُ" lemma="قُوَّة" pos="مصرفة منتظمة" prefix="" root="قوت" pattern="فُعل" suffix="ه" />
				<ArabicLexical word="طِيلَةَ" lemma="طِيلَة" pos="مصرفة منتظمة" prefix="" root="طول" pattern="فِعل" suffix="ة" />
				<ArabicLexical word="اَلْعُمُرِ" lemma="عُمُر" pos="مصرفة منتظمة" prefix="ال" root="عمر" pattern="فُعُل" suffix="" />
			</annotation>
		</sentence>
	</FILE>
	</NEMLAR>