<NEMLAR><FILE name="GeneralNews" number="064">
		<sentence id="07034">
			<text>?اَلْعِرَاقُ يَتَحَدَّى أَمِرِيكَا بِمَهْرَجَانِ بَابِلَ </text>
			<annotation>
				<ArabicLexical word="اَلْعِرَاقُ" lemma="عِرَاق" pos="مصرفة منتظمة" prefix="ال" root="عرق" pattern="فِعَال" suffix="" />
				<ArabicLexical word="يَتَحَدَّى" lemma="تَحَدَّى" pos="مصرفة منتظمة" prefix="ي" root="حدو" pattern="تَفَعَّل" suffix="" />
				<ArabicLexical word="أَمِرِيكَا" lemma="أَمِرِيكَا" pos="معربة" prefix="" root="أَمِرِيكَا" pattern="أَمِرِيكَا" suffix="" />
				<ArabicLexical word="بِمَهْرَجَانِ" lemma="مَهْرَجَان" pos="استثناء صرفي" prefix="بِ" root="هرج" pattern="مَهْرَجَان" suffix="" />
				<ArabicLexical word="بَابِلَ" lemma="بَابِل" pos="معربة" prefix="" root="بَابِل" pattern="بَابِل" suffix="" />
			</annotation>
		</sentence>
		<sentence id="07035">
			<text> </text>
			<annotation>
			</annotation>
		</sentence>
		<sentence id="07036">
			<text>بَغْدَادٌ - أَوْسٌ اَلشَّرْقِيُّ- إِسْلَامُ أُونْ لَايْنْ.نِتْ/ 21-9-2002 </text>
			<annotation>
				<ArabicLexical word="بَغْدَادٌ" lemma="بَغْدَاد" pos="مصرفة منتظمة" prefix="" root="بغدد" pattern="فَعْلَال" suffix="" />
				<ArabicLexical word="أَوْسٌ" lemma="أَوْس" pos="مصرفة منتظمة" prefix="" root="أوس" pattern="فَعْل" suffix="" />
				<ArabicLexical word="اَلشَّرْقِيُّ" lemma="شَرْقِيّ" pos="مصرفة منتظمة" prefix="ال" root="شرق" pattern="فَعْل" suffix="يّ" />
				<ArabicLexical word="إِسْلَامُ" lemma="إِسْلَام" pos="مصرفة منتظمة" prefix="" root="سلم" pattern="إِفْعَال" suffix="" />
				<ArabicLexical word="أُونْ" lemma="أُونْ" pos="غير عربية" prefix="" root="" pattern="" suffix="" />
				<ArabicLexical word="لَايْنْ" lemma="+" pos="غير عربية" prefix="" root="" pattern="" suffix="" />
				<ArabicLexical word="نِتْ" lemma="نِت" pos="غير عربية" prefix="" root="" pattern="" suffix="" />
			</annotation>
		</sentence>
		<sentence id="07037">
			<text> </text>
			<annotation>
			</annotation>
		</sentence>
		<sentence id="07038">
			<text> </text>
			<annotation>
			</annotation>
		</sentence>
		<sentence id="07039">
			<text>مَهْرَجَانُ بَابِلَ  </text>
			<annotation>
				<ArabicLexical word="مَهْرَجَانُ" lemma="مَهْرَجَان" pos="استثناء صرفي" prefix="" root="هرج" pattern="مَهْرَجَان" suffix="" />
				<ArabicLexical word="بَابِلَ" lemma="بَابِل" pos="معربة" prefix="" root="بَابِل" pattern="بَابِل" suffix="" />
			</annotation>
		</sentence>
		<sentence id="07040">
			<text> </text>
			<annotation>
			</annotation>
		</sentence>
		<sentence id="07041">
			<text>رَغْمَ طُبُولِ اَلْحَرْبِ اَلَّتِي تَدُقُّهَا اَلْوِلَايَاتُ اَلْمُتَّحِدَةُ اِسْتِعْدَادًا لِشَنِّ عُدْوَانٍ جَدِيدٍ عَلَى اَلْعِرَاقِ تَبْدَأُ بِمَدِينَةِ بَابِلَ فَعَالِيَاتُ اَلدَّوْرَةِ اَلرَّابِعَةَ عَشْرَةَ لِمَهْرَجَانِ بَابِلَ اَلدُّوَلِيِّ اَلْأَحَدَ 22-9-2002.</text>
			<annotation>
				<ArabicLexical word="رَغْمَ" lemma="رَغْم" pos="مصرفة منتظمة" prefix="" root="رغم" pattern="فَعْل" suffix="" />
				<ArabicLexical word="طُبُولِ" lemma="طَبْلَة" pos="مصرفة منتظمة" prefix="" root="طبل" pattern="فُعُول" suffix="" />
				<ArabicLexical word="اَلْحَرْبِ" lemma="حَرْب" pos="مصرفة منتظمة" prefix="ال" root="حرب" pattern="فَعْل" suffix="" />
				<ArabicLexical word="اَلَّتِي" lemma="اَلَّذِي" pos="جامدة" prefix="ال" root="اَلَّذِي" pattern="لَتِي" suffix="" />
				<ArabicLexical word="تَدُقُّهَا" lemma="دَقَّ" pos="مصرفة منتظمة" prefix="ت" root="دقق" pattern="فُلّ" suffix="هَا" />
				<ArabicLexical word="اَلْوِلَايَاتُ" lemma="وِلَايَة" pos="مصرفة منتظمة" prefix="ال" root="ولي" pattern="فِعَال" suffix="ات" />
				<ArabicLexical word="اَلْمُتَّحِدَةُ" lemma="مُتَّحِد" pos="مصرفة منتظمة" prefix="ال" root="وحد" pattern="مُفَّعِل" suffix="ة" />
				<ArabicLexical word="اِسْتِعْدَادًا" lemma="اسْتِعْدَاد" pos="مصرفة منتظمة" prefix="" root="عدد" pattern="اِسْتِفْعَال" suffix="" />
				<ArabicLexical word="لِشَنِّ" lemma="شَنّ" pos="مصرفة منتظمة" prefix="لِ" root="شنن" pattern="فَلّ" suffix="" />
				<ArabicLexical word="عُدْوَانٍ" lemma="عُدْوَان" pos="مصرفة منتظمة" prefix="" root="عدو" pattern="فُعْلَان" suffix="" />
				<ArabicLexical word="جَدِيدٍ" lemma="جَدِيد" pos="مصرفة منتظمة" prefix="" root="جدد" pattern="فَعِيل" suffix="" />
				<ArabicLexical word="عَلَى" lemma="عَلَى" pos="جامدة" prefix="" root="عَلَى" pattern="عَلَى" suffix="" />
				<ArabicLexical word="اَلْعِرَاقِ" lemma="عِرَاق" pos="مصرفة منتظمة" prefix="ال" root="عرق" pattern="فِعَال" suffix="" />
				<ArabicLexical word="تَبْدَأُ" lemma="بَدَأَ" pos="مصرفة منتظمة" prefix="ت" root="بدأ" pattern="فْعَل" suffix="" />
				<ArabicLexical word="بِمَدِينَةِ" lemma="مَدِينَة" pos="مصرفة منتظمة" prefix="بِ" root="مدن" pattern="فَعِيل" suffix="ة" />
				<ArabicLexical word="بَابِلَ" lemma="بَابِل" pos="معربة" prefix="" root="بَابِل" pattern="بَابِل" suffix="" />
				<ArabicLexical word="فَعَالِيَاتُ" lemma="عَالِيَة" pos="مصرفة منتظمة" prefix="" root="فعل" pattern="فَعَالِيَ" suffix="ات" />
				<ArabicLexical word="اَلدَّوْرَةِ" lemma="دَوْرَة" pos="مصرفة منتظمة" prefix="ال" root="دور" pattern="فَعْل" suffix="ة" />
				<ArabicLexical word="اَلرَّابِعَةَ" lemma="رَابِع" pos="مصرفة منتظمة" prefix="ال" root="ربع" pattern="فَاعِل" suffix="ة" />
				<ArabicLexical word="عَشْرَةَ" lemma="عَشْرَة" pos="مصرفة منتظمة" prefix="" root="عشر" pattern="فَعْل" suffix="ة" />
				<ArabicLexical word="لِمَهْرَجَانِ" lemma="مَهْرَجَان" pos="استثناء صرفي" prefix="لِ" root="هرج" pattern="مَهْرَجَان" suffix="" />
				<ArabicLexical word="بَابِلَ" lemma="بَابِل" pos="معربة" prefix="" root="بَابِل" pattern="بَابِل" suffix="" />
				<ArabicLexical word="اَلدُّوَلِيِّ" lemma="دُوَلِيّ" pos="مصرفة منتظمة" prefix="ال" root="دول" pattern="فُعَل" suffix="يّ" />
				<ArabicLexical word="اَلْأَحَدَ" lemma="أَحَد" pos="مصرفة منتظمة" prefix="ال" root="أحد" pattern="فَعَل" suffix="" />
			</annotation>
		</sentence>
		<sentence id="07042">
			<text>وَصَرَّحَ دَاوُدُ اَلْقَيْسِيُّ اَلْمُدِيرُ اَلْمُشْرِفُ عَلَى اَلِاحْتِفَالِ وَنَقِيبُ اَلْفَنَّانِينَ اَلْعِرَاقِيِّينَ لإِسْلَامِ أُونْ لَايْنْ.نِتْ بِأَنَّ وِزَارَةَ اَلثَّقَافَةِ اَلْعِرَاقِيَّةِ وَجَّهَتْ دَعَوَاتٍ رَسْمِيَّةٍ إِلَى 56 فِرْقَةً فَنِّيَّةً مِنْ جَمِيعِ اَلْأَقْطَارِ اَلْعَرَبِيَّةِ وَالدُّوَلِ اَلصَّدِيقَةِ.</text>
			<annotation>
				<ArabicLexical word="وَصَرَّحَ" lemma="صَرَّحَ" pos="مصرفة منتظمة" prefix="وَ" root="صرح" pattern="فَعَّلَ" suffix="" />
				<ArabicLexical word="دَاوُدُ" lemma="دَاوُود" pos="معربة" prefix="" root="دَاوُود" pattern="دَاوُد" suffix="" />
				<ArabicLexical word="اَلْقَيْسِيُّ" lemma="قَيْسِيّ" pos="مصرفة منتظمة" prefix="ال" root="قيس" pattern="فَعْل" suffix="يّ" />
				<ArabicLexical word="اَلْمُدِيرُ" lemma="مُدِير" pos="مصرفة منتظمة" prefix="ال" root="دور" pattern="مُفِعل" suffix="" />
				<ArabicLexical word="اَلْمُشْرِفُ" lemma="مُشْرِف" pos="مصرفة منتظمة" prefix="ال" root="شرف" pattern="مُفْعِل" suffix="" />
				<ArabicLexical word="عَلَى" lemma="عَلَى" pos="جامدة" prefix="" root="عَلَى" pattern="عَلَى" suffix="" />
				<ArabicLexical word="اَلِاحْتِفَالِ" lemma="احْتِفَال" pos="مصرفة منتظمة" prefix="ال" root="حفل" pattern="اِفْتِعَال" suffix="" />
				<ArabicLexical word="وَنَقِيبُ" lemma="نَقِيب" pos="مصرفة منتظمة" prefix="وَ" root="نقب" pattern="فَعِيل" suffix="" />
				<ArabicLexical word="اَلْفَنَّانِينَ" lemma="فَنَّان" pos="مصرفة منتظمة" prefix="ال" root="فنن" pattern="فَعَّال" suffix="ينَ" />
				<ArabicLexical word="اَلْعِرَاقِيِّينَ" lemma="عِرَاقِيّ" pos="مصرفة منتظمة" prefix="ال" root="عرق" pattern="فِعَال" suffix="يِّينَ" />
				<ArabicLexical word="ل" lemma="+" pos="غير عربية" prefix="" root="" pattern="" suffix="" />
				<ArabicLexical word="إِسْلَامِ" lemma="إِسْلَام" pos="مصرفة منتظمة" prefix="" root="سلم" pattern="إِفْعَال" suffix="" />
				<ArabicLexical word="أُونْ" lemma="أُونْ" pos="غير عربية" prefix="" root="" pattern="" suffix="" />
				<ArabicLexical word="لَايْنْ" lemma="+" pos="غير عربية" prefix="" root="" pattern="" suffix="" />
				<ArabicLexical word="نِتْ" lemma="نِت" pos="غير عربية" prefix="" root="" pattern="" suffix="" />
				<ArabicLexical word="بِأَنَّ" lemma="أَنَّ" pos="جامدة" prefix="بِ" root="أَنَّ" pattern="أَنَّ" suffix="" />
				<ArabicLexical word="وِزَارَةَ" lemma="وِزَارَة" pos="مصرفة منتظمة" prefix="" root="وزر" pattern="فِعَال" suffix="ة" />
				<ArabicLexical word="اَلثَّقَافَةِ" lemma="ثَقَافَة" pos="مصرفة منتظمة" prefix="ال" root="ثقف" pattern="فَعَال" suffix="ة" />
				<ArabicLexical word="اَلْعِرَاقِيَّةِ" lemma="عِرَاقِيّ" pos="مصرفة منتظمة" prefix="ال" root="عرق" pattern="فِعَال" suffix="يَّة" />
				<ArabicLexical word="وَجَّهَتْ" lemma="وَجَّهَ" pos="مصرفة منتظمة" prefix="" root="وجه" pattern="فَعَّلَ" suffix="تْ" />
				<ArabicLexical word="دَعَوَاتٍ" lemma="دَعْوَة" pos="مصرفة منتظمة" prefix="" root="دعو" pattern="فَعَل" suffix="ات" />
				<ArabicLexical word="رَسْمِيَّةٍ" lemma="رَسْمِيّ" pos="مصرفة منتظمة" prefix="" root="رسم" pattern="فَعْل" suffix="يَّة" />
				<ArabicLexical word="إِلَى" lemma="إِلَى" pos="جامدة" prefix="" root="إِلَى" pattern="إِلَى" suffix="" />
				<ArabicLexical word="فِرْقَةً" lemma="فِرْقَة" pos="مصرفة منتظمة" prefix="" root="فرق" pattern="فِعْل" suffix="ة" />
				<ArabicLexical word="فَنِّيَّةً" lemma="فَنِّيّ" pos="مصرفة منتظمة" prefix="" root="فنن" pattern="فَلّ" suffix="يَّة" />
				<ArabicLexical word="مِنْ" lemma="مِنْ" pos="جامدة" prefix="" root="مِنْ" pattern="مِنْ" suffix="" />
				<ArabicLexical word="جَمِيعِ" lemma="جَمِيع" pos="مصرفة منتظمة" prefix="" root="جمع" pattern="فَعِيل" suffix="" />
				<ArabicLexical word="اَلْأَقْطَارِ" lemma="قُطْر" pos="مصرفة منتظمة" prefix="ال" root="قطر" pattern="أَفْعَال" suffix="" />
				<ArabicLexical word="اَلْعَرَبِيَّةِ" lemma="عَرَبِيّ" pos="مصرفة منتظمة" prefix="ال" root="عرب" pattern="فَعَل" suffix="يَّة" />
				<ArabicLexical word="وَالدُّوَلِ" lemma="دَوْلَة" pos="مصرفة منتظمة" prefix="وَال" root="دول" pattern="فُعَل" suffix="" />
				<ArabicLexical word="اَلصَّدِيقَةِ" lemma="صَدِيق" pos="مصرفة منتظمة" prefix="ال" root="صدق" pattern="فَعِيل" suffix="ة" />
			</annotation>
		</sentence>
		<sentence id="07043">
			<text>أَضَافَ أَنَّ اَلْفِرَقَ اَلْعَرَبِيَّةَ وَالْأَجْنَبِيَّةَ سَتُقَدِّمُ عُرُوضَهَا اَلرَّاقِصَةَ وَأَنْشِطَتَهَا اَلْمُوسِيقِيَّةَ وَلَوْحَاتِهَا اَلْفُولُكْلُورِيَّةَ عَلَى اَلْمَسْرَحِ اَلْبَابِلِيِّ وَقَاعَةِ اَلْعَرْشِ وَمَعْبَدِ نِنِمَاخْ وَمَسْرَحِ اَلْمَتْحَفِ اَلَّذِي تَمَّ تَجْدِيدُهُ اَلْعَامَ اَلْمَاضِيَ فِي مَدِينَةِ بَابِلَ اَلْأَثَرِيَّةِ اَلَّتِي تَبْعُدُ حَوَالَيْ 90 كِيلُو مِتْرًا جَنُوبَ بَغْدَادَ.</text>
			<annotation>
				<ArabicLexical word="أَضَافَ" lemma="أَضَافَ" pos="مصرفة منتظمة" prefix="" root="ضيف" pattern="أَفَعلَ" suffix="" />
				<ArabicLexical word="أَنَّ" lemma="أَنَّ" pos="جامدة" prefix="" root="أَنَّ" pattern="أَنَّ" suffix="" />
				<ArabicLexical word="اَلْفِرَقَ" lemma="فِرْقَة" pos="مصرفة منتظمة" prefix="ال" root="فرق" pattern="فِعَل" suffix="" />
				<ArabicLexical word="اَلْعَرَبِيَّةَ" lemma="عَرَبِيّ" pos="مصرفة منتظمة" prefix="ال" root="عرب" pattern="فَعَل" suffix="يَّة" />
				<ArabicLexical word="وَالْأَجْنَبِيَّةَ" lemma="أَجْنَبِيّ" pos="مصرفة منتظمة" prefix="وَال" root="جنب" pattern="أَفْعَل" suffix="يَّة" />
				<ArabicLexical word="سَتُقَدِّمُ" lemma="قَدَّمَ" pos="مصرفة منتظمة" prefix="سَت" root="قدم" pattern="فَعَّلَ" suffix="" />
				<ArabicLexical word="عُرُوضَهَا" lemma="عَرْض" pos="مصرفة منتظمة" prefix="" root="عرض" pattern="فُعُول" suffix="هَا" />
				<ArabicLexical word="اَلرَّاقِصَةَ" lemma="رَاقِص" pos="مصرفة منتظمة" prefix="ال" root="رقص" pattern="فَاعِل" suffix="ة" />
				<ArabicLexical word="وَأَنْشِطَتَهَا" lemma="نَشَاط" pos="مصرفة منتظمة" prefix="وَ" root="نشط" pattern="أَفْعِلَ" suffix="تهَا" />
				<ArabicLexical word="اَلْمُوسِيقِيَّةَ" lemma="مُوسِيقِيّ" pos="معربة" prefix="ال" root="مُوسِيقَى" pattern="مُوسِيقَ" suffix="يَّة" />
				<ArabicLexical word="وَلَوْحَاتِهَا" lemma="لَوْحَة" pos="مصرفة منتظمة" prefix="وَ" root="لوح" pattern="فَعْل" suffix="اتهَا" />
				<ArabicLexical word="اَلْفُولُكْلُورِيَّةَ" lemma="فُولُكْلُورِيّ" pos="غير عربية" prefix="" root="" pattern="" suffix="" />
				<ArabicLexical word="عَلَى" lemma="عَلَى" pos="جامدة" prefix="" root="عَلَى" pattern="عَلَى" suffix="" />
				<ArabicLexical word="اَلْمَسْرَحِ" lemma="مَسْرَح" pos="مصرفة منتظمة" prefix="ال" root="سرح" pattern="مَفْعَل" suffix="" />
				<ArabicLexical word="اَلْبَابِلِيِّ" lemma="بَابِلِيّ" pos="معربة" prefix="ال" root="بَابِل" pattern="بَابِل" suffix="يّ" />
				<ArabicLexical word="وَقَاعَةِ" lemma="قَاعَة" pos="مصرفة منتظمة" prefix="وَ" root="قوع" pattern="فَعل" suffix="ة" />
				<ArabicLexical word="اَلْعَرْشِ" lemma="عَرْش" pos="مصرفة منتظمة" prefix="ال" root="عرش" pattern="فَعْل" suffix="" />
				<ArabicLexical word="وَمَعْبَدِ" lemma="مَعْبَد" pos="مصرفة منتظمة" prefix="وَ" root="عبد" pattern="مَفْعَل" suffix="" />
				<ArabicLexical word="نِنِمَاخْ" lemma="" pos="غير عربية" prefix="" root="" pattern="" suffix="" />
				<ArabicLexical word="وَمَسْرَحِ" lemma="مَسْرَح" pos="مصرفة منتظمة" prefix="وَ" root="سرح" pattern="مَفْعَل" suffix="" />
				<ArabicLexical word="اَلْمَتْحَفِ" lemma="مَتْحَف" pos="مصرفة منتظمة" prefix="ال" root="تحف" pattern="مَفْعَل" suffix="" />
				<ArabicLexical word="اَلَّذِي" lemma="اَلَّذِي" pos="جامدة" prefix="ال" root="اَلَّذِي" pattern="لَذِي" suffix="" />
				<ArabicLexical word="تَمَّ" lemma="تَمَّ" pos="مصرفة منتظمة" prefix="" root="تمم" pattern="فَلَّ" suffix="" />
				<ArabicLexical word="تَجْدِيدُهُ" lemma="تَجْدِيد" pos="مصرفة منتظمة" prefix="" root="جدد" pattern="تَفْعِيل" suffix="ه" />
				<ArabicLexical word="اَلْعَامَ" lemma="عَام" pos="مصرفة منتظمة" prefix="ال" root="عوم" pattern="فَعل" suffix="" />
				<ArabicLexical word="اَلْمَاضِيَ" lemma="مَاضِي" pos="مصرفة منتظمة" prefix="ال" root="مضي" pattern="فَاعِل" suffix="" />
				<ArabicLexical word="فِي" lemma="فِي" pos="جامدة" prefix="" root="فِي" pattern="فِي" suffix="" />
				<ArabicLexical word="مَدِينَةِ" lemma="مَدِينَة" pos="مصرفة منتظمة" prefix="" root="مدن" pattern="فَعِيل" suffix="ة" />
				<ArabicLexical word="بَابِلَ" lemma="بَابِل" pos="معربة" prefix="" root="بَابِل" pattern="بَابِل" suffix="" />
				<ArabicLexical word="اَلْأَثَرِيَّةِ" lemma="أَثَرِيّ" pos="مصرفة منتظمة" prefix="ال" root="أثر" pattern="فَعَل" suffix="يَّة" />
				<ArabicLexical word="اَلَّتِي" lemma="اَلَّذِي" pos="جامدة" prefix="ال" root="اَلَّذِي" pattern="لَتِي" suffix="" />
				<ArabicLexical word="تَبْعُدُ" lemma="بَعُدَ" pos="مصرفة منتظمة" prefix="ت" root="بعد" pattern="فْعُل" suffix="" />
				<ArabicLexical word="حَوَالَيْ" lemma="حَوَالَيْ" pos="مصرفة منتظمة" prefix="" root="حول" pattern="فَعَال" suffix="يْ" />
				<ArabicLexical word="كِيلُو" lemma="كِيلُو" pos="معربة" prefix="" root="كِيلُو" pattern="كِيلُو" suffix="" />
				<ArabicLexical word="مِتْرًا" lemma="مِتْر" pos="مصرفة منتظمة" prefix="" root="متر" pattern="فِعْل" suffix="" />
				<ArabicLexical word="جَنُوبَ" lemma="جَنُوب" pos="مصرفة منتظمة" prefix="" root="جنب" pattern="فَعُول" suffix="" />
				<ArabicLexical word="بَغْدَادَ" lemma="بَغْدَاد" pos="مصرفة منتظمة" prefix="" root="بغدد" pattern="فَعْلَال" suffix="" />
			</annotation>
		</sentence>
		<sentence id="07044">
			<text>وَأَعْلَنَ أَنَّهُ سَيَتِمُّ إِقَامَةُ مَعَارِضَ لِلصُّوَرِ وَالْكُتُبِ وَالْفَنِّ اَلْعِرَاقِيِّ اَلْمُعَاصِرِ عَلَى هَامِشِ اَلِاحْتِفَالَاتِ، إِضَافَةً إِلَى اِسْتِحْدَاثِ مَسْرَحِ اَلْبَادِيَةِ هذَا اَلْعَامَ اَلَّذِي سَيُعْنَى بِفُنُونِ اَلْبَدَاوَةِ غِنَاءً وَشِعْرًا وَرَقْصًا وَمُوسِيقَى؛ حَيْثُ اِخْتِيرَ لَهُ مَكَانٌ عَلَى شَاطِئِ اَلْبُحَيْرَةِ فِي اَلْمَدِينَةِ اَلتَّارِيخِيَّةِ بَابِلَ.</text>
			<annotation>
				<ArabicLexical word="وَأَعْلَنَ" lemma="أَعْلَنَ" pos="مصرفة منتظمة" prefix="وَ" root="علن" pattern="أَفْعَلَ" suffix="" />
				<ArabicLexical word="أَنَّهُ" lemma="أَنَّ" pos="جامدة" prefix="" root="أَنَّ" pattern="أَنَّ" suffix="ه" />
				<ArabicLexical word="سَيَتِمُّ" lemma="تَمَّ" pos="مصرفة منتظمة" prefix="سَي" root="تمم" pattern="فِلّ" suffix="" />
				<ArabicLexical word="إِقَامَةُ" lemma="إِقَامَة" pos="مصرفة منتظمة" prefix="" root="قوم" pattern="إِفَعالَ" suffix="ة" />
				<ArabicLexical word="مَعَارِضَ" lemma="مَعْرَض" pos="مصرفة منتظمة" prefix="" root="عرض" pattern="مَفَاعِل" suffix="" />
				<ArabicLexical word="لِلصُّوَرِ" lemma="صُورَة" pos="مصرفة منتظمة" prefix="لِل" root="صور" pattern="فُعَل" suffix="" />
				<ArabicLexical word="وَالْكُتُبِ" lemma="كِتَاب" pos="مصرفة منتظمة" prefix="وَال" root="كتب" pattern="فُعُل" suffix="" />
				<ArabicLexical word="وَالْفَنِّ" lemma="فَنّ" pos="مصرفة منتظمة" prefix="وَال" root="فنن" pattern="فَلّ" suffix="" />
				<ArabicLexical word="اَلْعِرَاقِيِّ" lemma="عِرَاقِيّ" pos="مصرفة منتظمة" prefix="ال" root="عرق" pattern="فِعَال" suffix="يّ" />
				<ArabicLexical word="اَلْمُعَاصِرِ" lemma="مُعَاصِر" pos="مصرفة منتظمة" prefix="ال" root="عصر" pattern="مُفَاعِل" suffix="" />
				<ArabicLexical word="عَلَى" lemma="عَلَى" pos="جامدة" prefix="" root="عَلَى" pattern="عَلَى" suffix="" />
				<ArabicLexical word="هَامِشِ" lemma="هَامِش" pos="مصرفة منتظمة" prefix="" root="همش" pattern="فَاعِل" suffix="" />
				<ArabicLexical word="اَلِاحْتِفَالَاتِ" lemma="احْتِفَال" pos="مصرفة منتظمة" prefix="ال" root="حفل" pattern="اِفْتِعَال" suffix="ات" />
				<ArabicLexical word="إِضَافَةً" lemma="إِضَافَة" pos="مصرفة منتظمة" prefix="" root="ضيف" pattern="إِفَعالَ" suffix="ة" />
				<ArabicLexical word="إِلَى" lemma="إِلَى" pos="جامدة" prefix="" root="إِلَى" pattern="إِلَى" suffix="" />
				<ArabicLexical word="اِسْتِحْدَاثِ" lemma="اسْتِحْدَاث" pos="مصرفة منتظمة" prefix="" root="حدث" pattern="اِسْتِفْعَال" suffix="" />
				<ArabicLexical word="مَسْرَحِ" lemma="مَسْرَح" pos="مصرفة منتظمة" prefix="" root="سرح" pattern="مَفْعَل" suffix="" />
				<ArabicLexical word="اَلْبَادِيَةِ" lemma="بَادِيَة" pos="مصرفة منتظمة" prefix="ال" root="بدو" pattern="فَاعِل" suffix="ة" />
				<ArabicLexical word="هذَا" lemma="ذَا" pos="جامدة" prefix="" root="ذَا" pattern="هذَا" suffix="" />
				<ArabicLexical word="اَلْعَامَ" lemma="عَام" pos="مصرفة منتظمة" prefix="ال" root="عوم" pattern="فَعل" suffix="" />
				<ArabicLexical word="اَلَّذِي" lemma="اَلَّذِي" pos="جامدة" prefix="ال" root="اَلَّذِي" pattern="لَذِي" suffix="" />
				<ArabicLexical word="سَيُعْنَى" lemma="عَنِيَ" pos="مصرفة منتظمة" prefix="سَيُ" root="عني" pattern="فْعَل" suffix="" />
				<ArabicLexical word="بِفُنُونِ" lemma="فَنّ" pos="مصرفة منتظمة" prefix="بِ" root="فنن" pattern="فُعُول" suffix="" />
				<ArabicLexical word="اَلْبَدَاوَةِ" lemma="بَدَاوَة" pos="مصرفة منتظمة" prefix="ال" root="بدو" pattern="فَعَال" suffix="ة" />
				<ArabicLexical word="غِنَاءً" lemma="غِنَاء" pos="مصرفة منتظمة" prefix="" root="غني" pattern="فِعَال" suffix="" />
				<ArabicLexical word="وَشِعْرًا" lemma="شِعْر" pos="مصرفة منتظمة" prefix="وَ" root="شعر" pattern="فِعْل" suffix="" />
				<ArabicLexical word="وَرَقْصًا" lemma="رَقْص" pos="مصرفة منتظمة" prefix="وَ" root="رقص" pattern="فَعْل" suffix="" />
				<ArabicLexical word="وَمُوسِيقَى" lemma="مُوسِيقَى" pos="معربة" prefix="وَ" root="مُوسِيقَى" pattern="مُوسِيقَى" suffix="" />
				<ArabicLexical word="حَيْثُ" lemma="حَيْثُ" pos="جامدة" prefix="" root="حَيْثُ" pattern="حَيْثُ" suffix="" />
				<ArabicLexical word="اِخْتِيرَ" lemma="اخْتَارَ" pos="مصرفة منتظمة" prefix="" root="خير" pattern="اِفْتِعلَ" suffix="" />
				<ArabicLexical word="لَهُ" lemma="لِي" pos="جامدة" prefix="" root="لِي" pattern="لَهُ" suffix="" />
				<ArabicLexical word="مَكَانٌ" lemma="مَكَان" pos="مصرفة منتظمة" prefix="" root="كون" pattern="مَفَعل" suffix="" />
				<ArabicLexical word="عَلَى" lemma="عَلَى" pos="جامدة" prefix="" root="عَلَى" pattern="عَلَى" suffix="" />
				<ArabicLexical word="شَاطِئِ" lemma="شَاطِئ" pos="مصرفة منتظمة" prefix="" root="شطأ" pattern="فَاعِل" suffix="" />
				<ArabicLexical word="اَلْبُحَيْرَةِ" lemma="بُحَيْرَة" pos="مصرفة منتظمة" prefix="ال" root="بحر" pattern="فُعَيْل" suffix="ة" />
				<ArabicLexical word="فِي" lemma="فِي" pos="جامدة" prefix="" root="فِي" pattern="فِي" suffix="" />
				<ArabicLexical word="اَلْمَدِينَةِ" lemma="مَدِينَة" pos="مصرفة منتظمة" prefix="ال" root="مدن" pattern="فَعِيل" suffix="ة" />
				<ArabicLexical word="اَلتَّارِيخِيَّةِ" lemma="تَارِيخِيّ" pos="استثناء صرفي" prefix="ال" root="أرخ" pattern="تَارِيخ" suffix="يَّة" />
				<ArabicLexical word="بَابِلَ" lemma="بَابِل" pos="معربة" prefix="" root="بَابِل" pattern="بَابِل" suffix="" />
			</annotation>
		</sentence>
		<sentence id="07045">
			<text>مِنْ جَانِبِهِ أَكَّدَ مُحَافِظُ بَابِلَ أَنَّ مَهْرَجَانَ بَابِلَ اَلدُّوَلِيَّ يُعَدُّ اَلنَّافِذَةَ اَلَّتِي يُطِلُّ مِنْ خِلَالِهَا اَلْعَالَمُ عَلَى اَلْعُمْقِ اَلتَّارِيخِيِّ لِحَضَارَةِ وَادِي اَلرَّافِدَيْنِ بِشَكْلٍ عَامٍّ وَالْحَضَارَةِ اَلْبَابِلِيَّةِ بِشَكْلٍ خَاصٍّ.</text>
			<annotation>
				<ArabicLexical word="مِنْ" lemma="مِنْ" pos="جامدة" prefix="" root="مِنْ" pattern="مِنْ" suffix="" />
				<ArabicLexical word="جَانِبِهِ" lemma="جَانِب" pos="مصرفة منتظمة" prefix="" root="جنب" pattern="فَاعِل" suffix="ه" />
				<ArabicLexical word="أَكَّدَ" lemma="أَكَّدَ" pos="مصرفة منتظمة" prefix="" root="أكد" pattern="فَعَّلَ" suffix="" />
				<ArabicLexical word="مُحَافِظُ" lemma="مُحَافِظ" pos="مصرفة منتظمة" prefix="" root="حفظ" pattern="مُفَاعِل" suffix="" />
				<ArabicLexical word="بَابِلَ" lemma="بَابِل" pos="معربة" prefix="" root="بَابِل" pattern="بَابِل" suffix="" />
				<ArabicLexical word="أَنَّ" lemma="أَنَّ" pos="جامدة" prefix="" root="أَنَّ" pattern="أَنَّ" suffix="" />
				<ArabicLexical word="مَهْرَجَانَ" lemma="مَهْرَجَان" pos="استثناء صرفي" prefix="" root="هرج" pattern="مَهْرَجَان" suffix="" />
				<ArabicLexical word="بَابِلَ" lemma="بَابِل" pos="معربة" prefix="" root="بَابِل" pattern="بَابِل" suffix="" />
				<ArabicLexical word="اَلدُّوَلِيَّ" lemma="دُوَلِيّ" pos="مصرفة منتظمة" prefix="ال" root="دول" pattern="فُعَل" suffix="يّ" />
				<ArabicLexical word="يُعَدُّ" lemma="عَدَّ" pos="مصرفة منتظمة" prefix="يُ" root="عدد" pattern="فَلّ" suffix="" />
				<ArabicLexical word="اَلنَّافِذَةَ" lemma="نَافِذ" pos="مصرفة منتظمة" prefix="ال" root="نفذ" pattern="فَاعِل" suffix="ة" />
				<ArabicLexical word="اَلَّتِي" lemma="اَلَّذِي" pos="جامدة" prefix="ال" root="اَلَّذِي" pattern="لَتِي" suffix="" />
				<ArabicLexical word="يُطِلُّ" lemma="أَطَلَّ" pos="مصرفة منتظمة" prefix="ي" root="طلل" pattern="أَفَلَّ" suffix="" />
				<ArabicLexical word="مِنْ" lemma="مِنْ" pos="جامدة" prefix="" root="مِنْ" pattern="مِنْ" suffix="" />
				<ArabicLexical word="خِلَالِهَا" lemma="خِلَال" pos="مصرفة منتظمة" prefix="" root="خلل" pattern="فِعَال" suffix="هَا" />
				<ArabicLexical word="اَلْعَالَمُ" lemma="عَالَم" pos="استثناء صرفي" prefix="ال" root="علم" pattern="عَالَم" suffix="" />
				<ArabicLexical word="عَلَى" lemma="عَلَى" pos="جامدة" prefix="" root="عَلَى" pattern="عَلَى" suffix="" />
				<ArabicLexical word="اَلْعُمْقِ" lemma="عُمْق" pos="مصرفة منتظمة" prefix="ال" root="عمق" pattern="فُعْل" suffix="" />
				<ArabicLexical word="اَلتَّارِيخِيِّ" lemma="تَارِيخِيّ" pos="استثناء صرفي" prefix="ال" root="أرخ" pattern="تَارِيخ" suffix="يّ" />
				<ArabicLexical word="لِحَضَارَةِ" lemma="حَضَارَة" pos="مصرفة منتظمة" prefix="لِ" root="حضر" pattern="فَعَال" suffix="ة" />
				<ArabicLexical word="وَادِي" lemma="وَادَى" pos="مصرفة منتظمة" prefix="" root="ودي" pattern="فَاعِل" suffix="" />
				<ArabicLexical word="اَلرَّافِدَيْنِ" lemma="رَافِد" pos="مصرفة منتظمة" prefix="ال" root="رفد" pattern="فَاعِل" suffix="يْنِ" />
				<ArabicLexical word="بِشَكْلٍ" lemma="شَكْل" pos="مصرفة منتظمة" prefix="بِ" root="شكل" pattern="فَعْل" suffix="" />
				<ArabicLexical word="عَامٍّ" lemma="عَامّ" pos="مصرفة منتظمة" prefix="" root="عمم" pattern="فَالّ" suffix="" />
				<ArabicLexical word="وَالْحَضَارَةِ" lemma="حَضَارَة" pos="مصرفة منتظمة" prefix="وَال" root="حضر" pattern="فَعَال" suffix="ة" />
				<ArabicLexical word="اَلْبَابِلِيَّةِ" lemma="بَابِلِيّ" pos="معربة" prefix="ال" root="بَابِل" pattern="بَابِل" suffix="يَّة" />
				<ArabicLexical word="بِشَكْلٍ" lemma="شَكْل" pos="مصرفة منتظمة" prefix="بِ" root="شكل" pattern="فَعْل" suffix="" />
				<ArabicLexical word="خَاصٍّ" lemma="خَاصّ" pos="مصرفة منتظمة" prefix="" root="خصص" pattern="فَالّ" suffix="" />
			</annotation>
		</sentence>
		<sentence id="07046">
			<text>وَأَشَارَ اَلْمُحَافِظُ إِلَى أَنَّ اَللِّجَانَ اَلْمُشْرِفَةَ عَلَى اَلِاحْتِفَالِ أَكْمَلَتْ اَلتَّرْتِيبَاتِ اَلْخَاصَّةَ بِاسْتِقْبَالِ اَلْمُشَارِكِينَ؛ حَيْثُ تَمَّتْ إِنَارَةُ اَلْمَوَاقِعِ اَلْأَثَرِيَّةِ، وَتَمَّ تَوْفِيرُ اَلْمُسْتَلْزَمَاتِ وَالْخِدْمَاتِ اَلْمُخْتَلِفَةِ، وَتَوْفِيرُ وَسَائِطِ اَلنَّقْلِ لِلْمُوَاطِنِينَ مِنْ وَإِلَى مَكَانِ اَلِاحْتِفَالِ.</text>
			<annotation>
				<ArabicLexical word="وَأَشَارَ" lemma="أَشَارَ" pos="مصرفة منتظمة" prefix="وَ" root="شور" pattern="أَفَعلَ" suffix="" />
				<ArabicLexical word="اَلْمُحَافِظُ" lemma="مُحَافِظ" pos="مصرفة منتظمة" prefix="ال" root="حفظ" pattern="مُفَاعِل" suffix="" />
				<ArabicLexical word="إِلَى" lemma="إِلَى" pos="جامدة" prefix="" root="إِلَى" pattern="إِلَى" suffix="" />
				<ArabicLexical word="أَنَّ" lemma="أَنَّ" pos="جامدة" prefix="" root="أَنَّ" pattern="أَنَّ" suffix="" />
				<ArabicLexical word="اَللِّجَانَ" lemma="لَجْنَة" pos="مصرفة منتظمة" prefix="ال" root="لجن" pattern="فِعَال" suffix="" />
				<ArabicLexical word="اَلْمُشْرِفَةَ" lemma="مُشْرِف" pos="مصرفة منتظمة" prefix="ال" root="شرف" pattern="مُفْعِل" suffix="ة" />
				<ArabicLexical word="عَلَى" lemma="عَلَى" pos="جامدة" prefix="" root="عَلَى" pattern="عَلَى" suffix="" />
				<ArabicLexical word="اَلِاحْتِفَالِ" lemma="احْتِفَال" pos="مصرفة منتظمة" prefix="ال" root="حفل" pattern="اِفْتِعَال" suffix="" />
				<ArabicLexical word="أَكْمَلَتْ" lemma="أَكْمَلَ" pos="مصرفة منتظمة" prefix="" root="كمل" pattern="أَفْعَلَ" suffix="تْ" />
				<ArabicLexical word="اَلتَّرْتِيبَاتِ" lemma="تَرْتِيب" pos="مصرفة منتظمة" prefix="ال" root="رتب" pattern="تَفْعِيل" suffix="ات" />
				<ArabicLexical word="اَلْخَاصَّةَ" lemma="خَاصّ" pos="مصرفة منتظمة" prefix="ال" root="خصص" pattern="فَالّ" suffix="ة" />
				<ArabicLexical word="بِاسْتِقْبَالِ" lemma="اسْتِقْبَال" pos="مصرفة منتظمة" prefix="بِ" root="قبل" pattern="اِسْتِفْعَال" suffix="" />
				<ArabicLexical word="اَلْمُشَارِكِينَ" lemma="مُشَارِك" pos="مصرفة منتظمة" prefix="ال" root="شرك" pattern="مُفَاعِل" suffix="ينَ" />
				<ArabicLexical word="حَيْثُ" lemma="حَيْثُ" pos="جامدة" prefix="" root="حَيْثُ" pattern="حَيْثُ" suffix="" />
				<ArabicLexical word="تَمَّتْ" lemma="تَمَّ" pos="مصرفة منتظمة" prefix="" root="تمم" pattern="فَلَّ" suffix="تْ" />
				<ArabicLexical word="إِنَارَةُ" lemma="إِنَارَة" pos="مصرفة منتظمة" prefix="" root="نور" pattern="إِفَعالَ" suffix="ة" />
				<ArabicLexical word="اَلْمَوَاقِعِ" lemma="مَوْقَع" pos="مصرفة منتظمة" prefix="ال" root="وقع" pattern="مَفَاعِل" suffix="" />
				<ArabicLexical word="اَلْأَثَرِيَّةِ" lemma="أَثَرِيّ" pos="مصرفة منتظمة" prefix="ال" root="أثر" pattern="فَعَل" suffix="يَّة" />
				<ArabicLexical word="وَتَمَّ" lemma="تَمَّ" pos="مصرفة منتظمة" prefix="وَ" root="تمم" pattern="فَلَّ" suffix="" />
				<ArabicLexical word="تَوْفِيرُ" lemma="تَوْفِير" pos="مصرفة منتظمة" prefix="" root="وفر" pattern="تَفْعِيل" suffix="" />
				<ArabicLexical word="اَلْمُسْتَلْزَمَاتِ" lemma="مُسْتَلْزَم" pos="مصرفة منتظمة" prefix="ال" root="لزم" pattern="مُسْتَفْعَل" suffix="ات" />
				<ArabicLexical word="وَالْخِدْمَاتِ" lemma="خِدْمَة" pos="مصرفة منتظمة" prefix="وَال" root="خدم" pattern="فِعْل" suffix="ات" />
				<ArabicLexical word="اَلْمُخْتَلِفَةِ" lemma="مُخْتَلِف" pos="مصرفة منتظمة" prefix="ال" root="خلف" pattern="مُفْتَعِل" suffix="ة" />
				<ArabicLexical word="وَتَوْفِيرُ" lemma="تَوْفِير" pos="مصرفة منتظمة" prefix="وَ" root="وفر" pattern="تَفْعِيل" suffix="" />
				<ArabicLexical word="وَسَائِطِ" lemma="وَاسِطَة" pos="مصرفة منتظمة" prefix="" root="وسط" pattern="فَعَائِل" suffix="" />
				<ArabicLexical word="اَلنَّقْلِ" lemma="نَقْل" pos="مصرفة منتظمة" prefix="ال" root="نقل" pattern="فَعْل" suffix="" />
				<ArabicLexical word="لِلْمُوَاطِنِينَ" lemma="مُوَاطِن" pos="مصرفة منتظمة" prefix="لِل" root="وطن" pattern="مُفَاعِل" suffix="ينَ" />
				<ArabicLexical word="مِنْ" lemma="مِنْ" pos="جامدة" prefix="" root="مِنْ" pattern="مِنْ" suffix="" />
				<ArabicLexical word="وَإِلَى" lemma="إِلَى" pos="جامدة" prefix="وَ" root="إِلَى" pattern="إِلَى" suffix="" />
				<ArabicLexical word="مَكَانِ" lemma="مَكَان" pos="مصرفة منتظمة" prefix="" root="كون" pattern="مَفَعل" suffix="" />
				<ArabicLexical word="اَلِاحْتِفَالِ" lemma="احْتِفَال" pos="مصرفة منتظمة" prefix="ال" root="حفل" pattern="اِفْتِعَال" suffix="" />
			</annotation>
		</sentence>
		<sentence id="07047">
			<text>وَاسْتَعَدَّتْ مُحَافَظَةُ بَابِلَ لِاسْتِقْبَالِ اَلْوُفُودِ اَلثَّقَافِيَّةِ وَالْفِرَقِ اَلْفَنِّيَّةِ اَلْقَوْمِيَّةِ وَالشَّعْبِيَّةِ اَلْعَرَبِيَّةِ وَالْعَالَمِيَّةِ اَلْمُشَارِكَةِ فِي اَلِاحْتِفَالِ اَلَّتِي وَصَلَ بَعْضُهَا بِالْفِعْلِ إِلَى اَلْعَاصِمَةِ اَلْعِرَاقِيَّةِ.</text>
			<annotation>
				<ArabicLexical word="وَاسْتَعَدَّتْ" lemma="اسْتَعَدَّ" pos="مصرفة منتظمة" prefix="وَ" root="عدد" pattern="اِسْتَفَلَّ" suffix="تْ" />
				<ArabicLexical word="مُحَافَظَةُ" lemma="مُحَافَظَة" pos="مصرفة منتظمة" prefix="" root="حفظ" pattern="مُفَاعَل" suffix="ة" />
				<ArabicLexical word="بَابِلَ" lemma="بَابِل" pos="معربة" prefix="" root="بَابِل" pattern="بَابِل" suffix="" />
				<ArabicLexical word="لِاسْتِقْبَالِ" lemma="اسْتِقْبَال" pos="مصرفة منتظمة" prefix="لِ" root="قبل" pattern="اِسْتِفْعَال" suffix="" />
				<ArabicLexical word="اَلْوُفُودِ" lemma="وَفْد" pos="مصرفة منتظمة" prefix="ال" root="وفد" pattern="فُعُول" suffix="" />
				<ArabicLexical word="اَلثَّقَافِيَّةِ" lemma="ثَقَافِيّ" pos="مصرفة منتظمة" prefix="ال" root="ثقف" pattern="فَعَال" suffix="يَّة" />
				<ArabicLexical word="وَالْفِرَقِ" lemma="فِرْقَة" pos="مصرفة منتظمة" prefix="وَال" root="فرق" pattern="فِعَل" suffix="" />
				<ArabicLexical word="اَلْفَنِّيَّةِ" lemma="فَنِّيّ" pos="مصرفة منتظمة" prefix="ال" root="فنن" pattern="فَلّ" suffix="يَّة" />
				<ArabicLexical word="اَلْقَوْمِيَّةِ" lemma="قَوْمِيّ" pos="مصرفة منتظمة" prefix="ال" root="قوم" pattern="فَعْل" suffix="يَّة" />
				<ArabicLexical word="وَالشَّعْبِيَّةِ" lemma="شَعْبِيّ" pos="مصرفة منتظمة" prefix="وَال" root="شعب" pattern="فَعْل" suffix="يَّة" />
				<ArabicLexical word="اَلْعَرَبِيَّةِ" lemma="عَرَبِيّ" pos="مصرفة منتظمة" prefix="ال" root="عرب" pattern="فَعَل" suffix="يَّة" />
				<ArabicLexical word="وَالْعَالَمِيَّةِ" lemma="عَالَمِيّ" pos="استثناء صرفي" prefix="وَال" root="علم" pattern="عَالَم" suffix="يَّة" />
				<ArabicLexical word="اَلْمُشَارِكَةِ" lemma="مُشَارِك" pos="مصرفة منتظمة" prefix="ال" root="شرك" pattern="مُفَاعِل" suffix="ة" />
				<ArabicLexical word="فِي" lemma="فِي" pos="جامدة" prefix="" root="فِي" pattern="فِي" suffix="" />
				<ArabicLexical word="اَلِاحْتِفَالِ" lemma="احْتِفَال" pos="مصرفة منتظمة" prefix="ال" root="حفل" pattern="اِفْتِعَال" suffix="" />
				<ArabicLexical word="اَلَّتِي" lemma="اَلَّذِي" pos="جامدة" prefix="ال" root="اَلَّذِي" pattern="لَتِي" suffix="" />
				<ArabicLexical word="وَصَلَ" lemma="وَصَلَ" pos="مصرفة منتظمة" prefix="" root="وصل" pattern="فَعَلَ" suffix="" />
				<ArabicLexical word="بَعْضُهَا" lemma="بَعْض" pos="مصرفة منتظمة" prefix="" root="بعض" pattern="فَعْل" suffix="هَا" />
				<ArabicLexical word="بِالْفِعْلِ" lemma="فِعْل" pos="مصرفة منتظمة" prefix="بِال" root="فعل" pattern="فِعْل" suffix="" />
				<ArabicLexical word="إِلَى" lemma="إِلَى" pos="جامدة" prefix="" root="إِلَى" pattern="إِلَى" suffix="" />
				<ArabicLexical word="اَلْعَاصِمَةِ" lemma="عَاصِمَة" pos="مصرفة منتظمة" prefix="ال" root="عصم" pattern="فَاعِل" suffix="ة" />
				<ArabicLexical word="اَلْعِرَاقِيَّةِ" lemma="عِرَاقِيّ" pos="مصرفة منتظمة" prefix="ال" root="عرق" pattern="فِعَال" suffix="يَّة" />
			</annotation>
		</sentence>
		<sentence id="07048">
			<text>خِتَامٌ أُسْطُورِيٌّ</text>
			<annotation>
				<ArabicLexical word="خِتَامٌ" lemma="خِتَام" pos="مصرفة منتظمة" prefix="" root="ختم" pattern="فِعَال" suffix="" />
				<ArabicLexical word="أُسْطُورِيٌّ" lemma="أُسْطُورِيّ" pos="مصرفة منتظمة" prefix="" root="سطر" pattern="أُفْعُول" suffix="يّ" />
			</annotation>
		</sentence>
		<sentence id="07049">
			<text>وَيُخْتَتَمُ اِحْتِفَالُ بَابِلَ اَلدُّوَلِيُّ بِأُسْطُورَةِ اَلْإِلهِ زُو وَهِيَ مَسْرَحِيَّةٌ مَلْحَمِيَّةٌ تُعَبِّرُ عَنْ عُمْقِ اَلصِّرَاعِ بَيْنَ اَلْخَيْرِ وَالشَّرِّ. حَيْثُ إِنَّ زُو هُوَ إِلهُ اَلْحَرْبِ وَالْخَرَابِ وَالدَّمَارِ عِنْدَ اَلسُّومَرِيِّينْ يَقُومُ بِسَرِقَةِ قِلَادَةِ اَلْقَدَرِ مِنْ كَبِيرِ اَلْآلِهَةِ، فَتَحْكُمُ عَلَيْهِ اَلْآلِهَةُ بِالتَّحَجُّرِ 100 عَامٍ يَصْحُو فِيهَا لَيْلَةً وَاحِدَةً فَقَطْْ. وَفِي هذِهِ اَللَّيْلَةِ يَقُومُ زُو بِتَدْمِيرِ اَلْبَشَرِيَّةِ بِكُلِّ مَا أُوتِيَ مِنْ قُوَّةٍ.</text>
			<annotation>
				<ArabicLexical word="وَيُخْتَتَمُ" lemma="اخْتَتَمَ" pos="مصرفة منتظمة" prefix="وَيُ" root="ختم" pattern="اِفْتَعَلَ" suffix="" />
				<ArabicLexical word="اِحْتِفَالُ" lemma="احْتِفَال" pos="مصرفة منتظمة" prefix="" root="حفل" pattern="اِفْتِعَال" suffix="" />
				<ArabicLexical word="بَابِلَ" lemma="بَابِل" pos="معربة" prefix="" root="بَابِل" pattern="بَابِل" suffix="" />
				<ArabicLexical word="اَلدُّوَلِيُّ" lemma="دُوَلِيّ" pos="مصرفة منتظمة" prefix="ال" root="دول" pattern="فُعَل" suffix="يّ" />
				<ArabicLexical word="بِأُسْطُورَةِ" lemma="أُسْطُورَة" pos="مصرفة منتظمة" prefix="بِ" root="سطر" pattern="أُفْعُول" suffix="ة" />
				<ArabicLexical word="اَلْإِلهِ" lemma="إِلَه" pos="استثناء صرفي" prefix="ال" root="أله" pattern="إِله" suffix="" />
				<ArabicLexical word="زُو" lemma="+" pos="غير عربية" prefix="" root="" pattern="" suffix="" />
				<ArabicLexical word="وَهِيَ" lemma="وَهِيَ" pos="جامدة" prefix="وَ" root="هُوَ" pattern="هِيَ" suffix="" />
				<ArabicLexical word="مَسْرَحِيَّةٌ" lemma="مَسْرَحِيَّة" pos="مصرفة منتظمة" prefix="" root="سرح" pattern="مَفْعَل" suffix="يَّة" />
				<ArabicLexical word="مَلْحَمِيَّةٌ" lemma="مَلْحَمِيّ" pos="مصرفة منتظمة" prefix="" root="لحم" pattern="مَفْعَل" suffix="يَّة" />
				<ArabicLexical word="تُعَبِّرُ" lemma="عَبَّرَ" pos="مصرفة منتظمة" prefix="ت" root="عبر" pattern="فَعَّلَ" suffix="" />
				<ArabicLexical word="عَنْ" lemma="عَنْ" pos="جامدة" prefix="" root="عَنْ" pattern="عَنْ" suffix="" />
				<ArabicLexical word="عُمْقِ" lemma="عُمْق" pos="مصرفة منتظمة" prefix="" root="عمق" pattern="فُعْل" suffix="" />
				<ArabicLexical word="اَلصِّرَاعِ" lemma="صِرَاع" pos="مصرفة منتظمة" prefix="ال" root="صرع" pattern="فِعَال" suffix="" />
				<ArabicLexical word="بَيْنَ" lemma="بَيْنَ" pos="مصرفة منتظمة" prefix="" root="بين" pattern="فَعْل" suffix="" />
				<ArabicLexical word="اَلْخَيْرِ" lemma="خَيْر" pos="مصرفة منتظمة" prefix="ال" root="خير" pattern="فَعْل" suffix="" />
				<ArabicLexical word="وَالشَّرِّ" lemma="شَرّ" pos="مصرفة منتظمة" prefix="وَال" root="شرر" pattern="فَلّ" suffix="" />
				<ArabicLexical word="حَيْثُ" lemma="حَيْثُ" pos="جامدة" prefix="" root="حَيْثُ" pattern="حَيْثُ" suffix="" />
				<ArabicLexical word="إِنَّ" lemma="أَنَّ" pos="جامدة" prefix="" root="إِنَّ" pattern="إِنَّ" suffix="" />
				<ArabicLexical word="زُو" lemma="+" pos="غير عربية" prefix="" root="" pattern="" suffix="" />
				<ArabicLexical word="هُوَ" lemma="هُوَ" pos="جامدة" prefix="" root="هُوَ" pattern="هُوَ" suffix="" />
				<ArabicLexical word="إِلهُ" lemma="إِلَه" pos="استثناء صرفي" prefix="" root="أله" pattern="إِله" suffix="" />
				<ArabicLexical word="اَلْحَرْبِ" lemma="حَرْب" pos="مصرفة منتظمة" prefix="ال" root="حرب" pattern="فَعْل" suffix="" />
				<ArabicLexical word="وَالْخَرَابِ" lemma="خَرَاب" pos="مصرفة منتظمة" prefix="وَال" root="خرب" pattern="فَعَال" suffix="" />
				<ArabicLexical word="وَالدَّمَارِ" lemma="دَمَار" pos="مصرفة منتظمة" prefix="وَال" root="دمر" pattern="فَعَال" suffix="" />
				<ArabicLexical word="عِنْدَ" lemma="عِنْد" pos="جامدة" prefix="" root="عِنْدَ" pattern="عِنْدَ" suffix="" />
				<ArabicLexical word="اَلسُّومَرِيِّينْ" lemma="سُومَرِيّ" pos="غير عربية" prefix="" root="" pattern="" suffix="" />
				<ArabicLexical word="يَقُومُ" lemma="قَامَ" pos="مصرفة منتظمة" prefix="ي" root="قوم" pattern="فُعل" suffix="" />
				<ArabicLexical word="بِسَرِقَةِ" lemma="سَرِقَة" pos="مصرفة منتظمة" prefix="بِ" root="سرق" pattern="فَعِل" suffix="ة" />
				<ArabicLexical word="قِلَادَةِ" lemma="قِلَادَة" pos="مصرفة منتظمة" prefix="" root="قلد" pattern="فِعَال" suffix="ة" />
				<ArabicLexical word="اَلْقَدَرِ" lemma="قَدَر" pos="مصرفة منتظمة" prefix="ال" root="قدر" pattern="فَعَل" suffix="" />
				<ArabicLexical word="مِنْ" lemma="مِنْ" pos="جامدة" prefix="" root="مِنْ" pattern="مِنْ" suffix="" />
				<ArabicLexical word="كَبِيرِ" lemma="كَبِير" pos="مصرفة منتظمة" prefix="" root="كبر" pattern="فَعِيل" suffix="" />
				<ArabicLexical word="اَلْآلِهَةِ" lemma="آلِه" pos="استثناء صرفي" prefix="ال" root="أله" pattern="آلِهَ" suffix="ة" />
				<ArabicLexical word="فَتَحْكُمُ" lemma="حَكَمَ" pos="مصرفة منتظمة" prefix="فَت" root="حكم" pattern="فْعُل" suffix="" />
				<ArabicLexical word="عَلَيْهِ" lemma="عَلَى" pos="جامدة" prefix="" root="عَلَى" pattern="عَلَيْ" suffix="ه" />
				<ArabicLexical word="اَلْآلِهَةُ" lemma="إِلَه" pos="استثناء صرفي" prefix="ال" root="أله" pattern="آلِهَ" suffix="ة" />
				<ArabicLexical word="بِالتَّحَجُّرِ" lemma="تَحَجُّر" pos="مصرفة منتظمة" prefix="بِال" root="حجر" pattern="تَفَعُّل" suffix="" />
				<ArabicLexical word="عَامٍ" lemma="عَام" pos="مصرفة منتظمة" prefix="" root="عوم" pattern="فَعل" suffix="" />
				<ArabicLexical word="يَصْحُو" lemma="صَحَا" pos="مصرفة منتظمة" prefix="ي" root="صحو" pattern="فْعُل" suffix="" />
				<ArabicLexical word="فِيهَا" lemma="فِي" pos="جامدة" prefix="" root="فِي" pattern="فِي" suffix="هَا" />
				<ArabicLexical word="لَيْلَةً" lemma="لَيْل" pos="مصرفة منتظمة" prefix="" root="ليل" pattern="فَعْل" suffix="ة" />
				<ArabicLexical word="وَاحِدَةً" lemma="وَاحِدَة" pos="مصرفة منتظمة" prefix="" root="وحد" pattern="فَاعِل" suffix="ة" />
				<ArabicLexical word="فَقَطْْ" lemma="فَقَطْ" pos="غير عربية" prefix="" root="" pattern="" suffix="" />
				<ArabicLexical word="وَفِي" lemma="فِي" pos="جامدة" prefix="وَ" root="فِي" pattern="فِي" suffix="" />
				<ArabicLexical word="هذِهِ" lemma="ذَا" pos="جامدة" prefix="" root="ذَا" pattern="هذِهِ" suffix="" />
				<ArabicLexical word="اَللَّيْلَةِ" lemma="لَيْل" pos="مصرفة منتظمة" prefix="ال" root="ليل" pattern="فَعْل" suffix="ة" />
				<ArabicLexical word="يَقُومُ" lemma="قَامَ" pos="مصرفة منتظمة" prefix="ي" root="قوم" pattern="فُعل" suffix="" />
				<ArabicLexical word="زُو" lemma="+" pos="غير عربية" prefix="" root="" pattern="" suffix="" />
				<ArabicLexical word="بِتَدْمِيرِ" lemma="تَدْمِير" pos="مصرفة منتظمة" prefix="بِ" root="دمر" pattern="تَفْعِيل" suffix="" />
				<ArabicLexical word="اَلْبَشَرِيَّةِ" lemma="بَشَرِيّ" pos="مصرفة منتظمة" prefix="ال" root="بشر" pattern="فَعَل" suffix="يَّة" />
				<ArabicLexical word="بِكُلِّ" lemma="كُلّ" pos="جامدة" prefix="بِ" root="كُلّ" pattern="كُلّ" suffix="" />
				<ArabicLexical word="مَا" lemma="مَا" pos="جامدة" prefix="" root="اَلَّذِي" pattern="مَا" suffix="" />
				<ArabicLexical word="أُوتِيَ" lemma="آتَى" pos="مصرفة منتظمة" prefix="" root="أتي" pattern="فُوعِلَ" suffix="" />
				<ArabicLexical word="مِنْ" lemma="مِنْ" pos="جامدة" prefix="" root="مِنْ" pattern="مِنْ" suffix="" />
				<ArabicLexical word="قُوَّةٍ" lemma="قُوَّة" pos="استثناء صرفي" prefix="" root="قوي" pattern="قُوَّ" suffix="ة" />
			</annotation>
		</sentence>
		<sentence id="07050">
			<text>ثُمَّ يَبْحَثُ عَنْ سِرِّ خَلَاصِهِ مِنْ اَلتَّحَجُّرِ اَلَّذِي يَكْمُنُ فِي كَاهِنٍ يُدْعَى بَرَعُوشَا وَهُوَ آخِرُ كَهْنَةِ مَعْبَدِ مَرَدُوخْ اَلَّذِي يُولَدُ فِي اَلْيَوْمِ اَلَّذِي حُكِمَ فِيهِ عَلَى زُو بِالتَّحَجُّرِ. وَيَتَّفِقُ بَرَعُوشَا مَعَ زُو فِي اَللَّيْلَةِ اَلَّتِي يَصْحُو فِيهَا عَلَى أَنْ يُعْطِيَهُ سِرَّ خَلَاصِهِ مُقَابِلَ أَنْ يُعْطِيَ بَرَعُوشَا اَلشَّبَابَ وَالْجَمَالَ.</text>
			<annotation>
				<ArabicLexical word="ثُمَّ" lemma="ثُمَّ" pos="جامدة" prefix="" root="ثُمَّ" pattern="ثُمَّ" suffix="" />
				<ArabicLexical word="يَبْحَثُ" lemma="بَحَثَ" pos="مصرفة منتظمة" prefix="ي" root="بحث" pattern="فْعَل" suffix="" />
				<ArabicLexical word="عَنْ" lemma="عَنْ" pos="جامدة" prefix="" root="عَنْ" pattern="عَنْ" suffix="" />
				<ArabicLexical word="سِرِّ" lemma="سِرّ" pos="مصرفة منتظمة" prefix="" root="سرر" pattern="فِلّ" suffix="" />
				<ArabicLexical word="خَلَاصِهِ" lemma="خَلَاص" pos="مصرفة منتظمة" prefix="" root="خلص" pattern="فَعَال" suffix="ه" />
				<ArabicLexical word="مِنْ" lemma="مِنْ" pos="جامدة" prefix="" root="مِنْ" pattern="مِنْ" suffix="" />
				<ArabicLexical word="اَلتَّحَجُّرِ" lemma="تَحَجُّر" pos="مصرفة منتظمة" prefix="ال" root="حجر" pattern="تَفَعُّل" suffix="" />
				<ArabicLexical word="اَلَّذِي" lemma="اَلَّذِي" pos="جامدة" prefix="ال" root="اَلَّذِي" pattern="لَذِي" suffix="" />
				<ArabicLexical word="يَكْمُنُ" lemma="كَمَنَ" pos="مصرفة منتظمة" prefix="ي" root="كمن" pattern="فْعُل" suffix="" />
				<ArabicLexical word="فِي" lemma="فِي" pos="جامدة" prefix="" root="فِي" pattern="فِي" suffix="" />
				<ArabicLexical word="كَاهِنٍ" lemma="كَاهِن" pos="مصرفة منتظمة" prefix="" root="كهن" pattern="فَاعِل" suffix="" />
				<ArabicLexical word="يُدْعَى" lemma="دَعَا" pos="مصرفة منتظمة" prefix="يُ" root="دعو" pattern="فْعَل" suffix="" />
				<ArabicLexical word="بَرَعُوشَا" lemma="" pos="غير عربية" prefix="" root="" pattern="" suffix="" />
				<ArabicLexical word="وَهُوَ" lemma="هُوَ" pos="جامدة" prefix="وَ" root="هُوَ" pattern="هُوَ" suffix="" />
				<ArabicLexical word="آخِرُ" lemma="آخِر" pos="مصرفة منتظمة" prefix="" root="أخر" pattern="فَاعِل" suffix="" />
				<ArabicLexical word="كَهْنَةِ" lemma="كَهْنَة" pos="مصرفة منتظمة" prefix="" root="كهن" pattern="فَعْل" suffix="ة" />
				<ArabicLexical word="مَعْبَدِ" lemma="مَعْبَد" pos="مصرفة منتظمة" prefix="" root="عبد" pattern="مَفْعَل" suffix="" />
				<ArabicLexical word="مَرَدُوخْ" lemma="" pos="غير عربية" prefix="" root="" pattern="" suffix="" />
				<ArabicLexical word="اَلَّذِي" lemma="اَلَّذِي" pos="جامدة" prefix="ال" root="اَلَّذِي" pattern="لَذِي" suffix="" />
				<ArabicLexical word="يُولَدُ" lemma="وَلَدَ" pos="مصرفة منتظمة" prefix="يُ" root="ولد" pattern="فعَل" suffix="" />
				<ArabicLexical word="فِي" lemma="فِي" pos="جامدة" prefix="" root="فِي" pattern="فِي" suffix="" />
				<ArabicLexical word="اَلْيَوْمِ" lemma="يَوْم" pos="مصرفة منتظمة" prefix="ال" root="يوم" pattern="فَعْل" suffix="" />
				<ArabicLexical word="اَلَّذِي" lemma="اَلَّذِي" pos="جامدة" prefix="ال" root="اَلَّذِي" pattern="لَذِي" suffix="" />
				<ArabicLexical word="حُكِمَ" lemma="حَكَمَ" pos="مصرفة منتظمة" prefix="" root="حكم" pattern="فُعِلَ" suffix="" />
				<ArabicLexical word="فِيهِ" lemma="فِي" pos="جامدة" prefix="" root="فِي" pattern="فِي" suffix="ه" />
				<ArabicLexical word="عَلَى" lemma="عَلَى" pos="جامدة" prefix="" root="عَلَى" pattern="عَلَى" suffix="" />
				<ArabicLexical word="زُو" lemma="+" pos="غير عربية" prefix="" root="" pattern="" suffix="" />
				<ArabicLexical word="بِالتَّحَجُّرِ" lemma="تَحَجُّر" pos="مصرفة منتظمة" prefix="بِال" root="حجر" pattern="تَفَعُّل" suffix="" />
				<ArabicLexical word="وَيَتَّفِقُ" lemma="اتَّفَقَ" pos="مصرفة منتظمة" prefix="وَي" root="وفق" pattern="اِفَّعَلَ" suffix="" />
				<ArabicLexical word="بَرَعُوشَا" lemma="" pos="غير عربية" prefix="" root="" pattern="" suffix="" />
				<ArabicLexical word="مَعَ" lemma="مَعَ" pos="جامدة" prefix="" root="مَعَ" pattern="مَعَ" suffix="" />
				<ArabicLexical word="زُو" lemma="+" pos="غير عربية" prefix="" root="" pattern="" suffix="" />
				<ArabicLexical word="فِي" lemma="فِي" pos="جامدة" prefix="" root="فِي" pattern="فِي" suffix="" />
				<ArabicLexical word="اَللَّيْلَةِ" lemma="لَيْل" pos="مصرفة منتظمة" prefix="ال" root="ليل" pattern="فَعْل" suffix="ة" />
				<ArabicLexical word="اَلَّتِي" lemma="اَلَّذِي" pos="جامدة" prefix="ال" root="اَلَّذِي" pattern="لَتِي" suffix="" />
				<ArabicLexical word="يَصْحُو" lemma="صَحَا" pos="مصرفة منتظمة" prefix="ي" root="صحو" pattern="فْعُل" suffix="" />
				<ArabicLexical word="فِيهَا" lemma="فِي" pos="جامدة" prefix="" root="فِي" pattern="فِي" suffix="هَا" />
				<ArabicLexical word="عَلَى" lemma="عَلَى" pos="جامدة" prefix="" root="عَلَى" pattern="عَلَى" suffix="" />
				<ArabicLexical word="أَنْ" lemma="أَنْ" pos="جامدة" prefix="" root="أَنْ" pattern="أَنْ" suffix="" />
				<ArabicLexical word="يُعْطِيَهُ" lemma="أَعْطَى" pos="مصرفة منتظمة" prefix="ي" root="عطو" pattern="أَفْعِل" suffix="ه" />
				<ArabicLexical word="سِرَّ" lemma="سِرّ" pos="مصرفة منتظمة" prefix="" root="سرر" pattern="فِلّ" suffix="" />
				<ArabicLexical word="خَلَاصِهِ" lemma="خَلَاص" pos="مصرفة منتظمة" prefix="" root="خلص" pattern="فَعَال" suffix="ه" />
				<ArabicLexical word="مُقَابِلَ" lemma="مُقَابِل" pos="مصرفة منتظمة" prefix="" root="قبل" pattern="مُفَاعِل" suffix="" />
				<ArabicLexical word="أَنْ" lemma="أَنْ" pos="جامدة" prefix="" root="أَنْ" pattern="أَنْ" suffix="" />
				<ArabicLexical word="يُعْطِيَ" lemma="أَعْطَى" pos="مصرفة منتظمة" prefix="ي" root="عطو" pattern="أَفْعِل" suffix="" />
				<ArabicLexical word="بَرَعُوشَا" lemma="" pos="غير عربية" prefix="" root="" pattern="" suffix="" />
				<ArabicLexical word="اَلشَّبَابَ" lemma="شَبَاب" pos="مصرفة منتظمة" prefix="ال" root="شبب" pattern="فَعَال" suffix="" />
				<ArabicLexical word="وَالْجَمَالَ" lemma="جَمَال" pos="مصرفة منتظمة" prefix="وَال" root="جمل" pattern="فَعَال" suffix="" />
			</annotation>
		</sentence>
		<sentence id="07051">
			<text>مَدِينَةٌ ذَاتُ طَابِعٍ خَاصٍّ</text>
			<annotation>
				<ArabicLexical word="مَدِينَةٌ" lemma="مَدِينَة" pos="مصرفة منتظمة" prefix="" root="مدن" pattern="فَعِيل" suffix="ة" />
				<ArabicLexical word="ذَاتُ" lemma="ذَات" pos="جامدة" prefix="" root="ذُو" pattern="ذَات" suffix="" />
				<ArabicLexical word="طَابِعٍ" lemma="طَابِع" pos="مصرفة منتظمة" prefix="" root="طبع" pattern="فَاعِل" suffix="" />
				<ArabicLexical word="خَاصٍّ" lemma="خَاصّ" pos="مصرفة منتظمة" prefix="" root="خصص" pattern="فَالّ" suffix="" />
			</annotation>
		</sentence>
		<sentence id="07052">
			<text>وَتَذْكُرُ اَلْمَصَادِرُ اَلتَّارِيخِيَّةُ أَنَّ بَابِلَ كَانَتْ مَدِينَةً صَغِيرَةً فِي بِدَايَةِ اَلْأَلْفِيَّةِ اَلثَّالِثَةِ قَبْلَ اَلْمِيلَادِ، وَتَأَلَّقَ نَجْمُهَا اَلسِّيَاسِيُّ عِنْدَ قِيَامِ سُلَالَةِ بَابِلَ اَلْأُولَى اَلَّتِي أَسَّسَهَا اَلْأَمِيرُ اَلْبَابِلِيُّ (سُمُو  آبِمْ) عَامَ 1894 ق.م، حَيْثُ شُيِّدَتْ فِيهَا اَلْأَسْوَارُ وَالْمَعَابِدُ وَالْقُصُورُ اَلْعَدِيدَةُ.</text>
			<annotation>
				<ArabicLexical word="وَتَذْكُرُ" lemma="ذَكَرَ" pos="مصرفة منتظمة" prefix="وَت" root="ذكر" pattern="فْعُل" suffix="" />
				<ArabicLexical word="اَلْمَصَادِرُ" lemma="مَصْدَر" pos="مصرفة منتظمة" prefix="ال" root="صدر" pattern="مَفَاعِل" suffix="" />
				<ArabicLexical word="اَلتَّارِيخِيَّةُ" lemma="تَارِيخِيّ" pos="استثناء صرفي" prefix="ال" root="أرخ" pattern="تَارِيخ" suffix="يَّة" />
				<ArabicLexical word="أَنَّ" lemma="أَنَّ" pos="جامدة" prefix="" root="أَنَّ" pattern="أَنَّ" suffix="" />
				<ArabicLexical word="بَابِلَ" lemma="بَابِل" pos="معربة" prefix="" root="بَابِل" pattern="بَابِل" suffix="" />
				<ArabicLexical word="كَانَتْ" lemma="كَانَ" pos="مصرفة منتظمة" prefix="" root="كون" pattern="فَعلَ" suffix="تْ" />
				<ArabicLexical word="مَدِينَةً" lemma="مَدِينَة" pos="مصرفة منتظمة" prefix="" root="مدن" pattern="فَعِيل" suffix="ة" />
				<ArabicLexical word="صَغِيرَةً" lemma="صَغِير" pos="مصرفة منتظمة" prefix="" root="صغر" pattern="فَعِيل" suffix="ة" />
				<ArabicLexical word="فِي" lemma="فِي" pos="جامدة" prefix="" root="فِي" pattern="فِي" suffix="" />
				<ArabicLexical word="بِدَايَةِ" lemma="بِدَايَة" pos="استثناء صرفي" prefix="" root="بدأ" pattern="بِدَايَ" suffix="ة" />
				<ArabicLexical word="اَلْأَلْفِيَّةِ" lemma="أَلْفِيّ" pos="مصرفة منتظمة" prefix="ال" root="ألف" pattern="فَعْل" suffix="يَّة" />
				<ArabicLexical word="اَلثَّالِثَةِ" lemma="ثَالِث" pos="مصرفة منتظمة" prefix="ال" root="ثلث" pattern="فَاعِل" suffix="ة" />
				<ArabicLexical word="قَبْلَ" lemma="قَبْل" pos="مصرفة منتظمة" prefix="" root="قبل" pattern="فَعْل" suffix="" />
				<ArabicLexical word="اَلْمِيلَادِ" lemma="مِيلَاد" pos="مصرفة منتظمة" prefix="ال" root="ولد" pattern="مِفعَال" suffix="" />
				<ArabicLexical word="وَتَأَلَّقَ" lemma="تَأَلَّقَ" pos="مصرفة منتظمة" prefix="وَ" root="ألق" pattern="تَفَعَّلَ" suffix="" />
				<ArabicLexical word="نَجْمُهَا" lemma="نَجْم" pos="مصرفة منتظمة" prefix="" root="نجم" pattern="فَعْل" suffix="هَا" />
				<ArabicLexical word="اَلسِّيَاسِيُّ" lemma="سِيَاسِيّ" pos="مصرفة منتظمة" prefix="ال" root="سوس" pattern="فِعَال" suffix="يّ" />
				<ArabicLexical word="عِنْدَ" lemma="عِنْدَ" pos="جامدة" prefix="" root="عِنْدَ" pattern="عِنْدَ" suffix="" />
				<ArabicLexical word="قِيَامِ" lemma="قِيَام" pos="مصرفة منتظمة" prefix="" root="قوم" pattern="فِعَال" suffix="" />
				<ArabicLexical word="سُلَالَةِ" lemma="سُلَالَة" pos="مصرفة منتظمة" prefix="" root="سلل" pattern="فُعَال" suffix="ة" />
				<ArabicLexical word="بَابِلَ" lemma="بَابِل" pos="معربة" prefix="" root="بَابِل" pattern="بَابِل" suffix="" />
				<ArabicLexical word="اَلْأُولَى" lemma="أَوَّل" pos="مصرفة منتظمة" prefix="ال" root="أول" pattern="فُعلَى" suffix="" />
				<ArabicLexical word="اَلَّتِي" lemma="اَلَّذِي" pos="جامدة" prefix="ال" root="اَلَّذِي" pattern="لَتِي" suffix="" />
				<ArabicLexical word="أَسَّسَهَا" lemma="أَسَّسَ" pos="مصرفة منتظمة" prefix="" root="أسس" pattern="فَعَّلَ" suffix="هَا" />
				<ArabicLexical word="اَلْأَمِيرُ" lemma="أَمِير" pos="مصرفة منتظمة" prefix="ال" root="أمر" pattern="فَعِيل" suffix="" />
				<ArabicLexical word="اَلْبَابِلِيُّ" lemma="بَابِلِيّ" pos="معربة" prefix="ال" root="بَابِل" pattern="بَابِل" suffix="يّ" />
				<ArabicLexical word="سُمُو" lemma="" pos="غير عربية" prefix="" root="" pattern="" suffix="" />
				<ArabicLexical word="" lemma="+" pos="غير عربية" prefix="" root="" pattern="" suffix="" />
				<ArabicLexical word="آبِمْ" lemma="+" pos="غير عربية" prefix="" root="" pattern="" suffix="" />
				<ArabicLexical word="عَامَ" lemma="عَام" pos="مصرفة منتظمة" prefix="" root="عوم" pattern="فَعل" suffix="" />
				<ArabicLexical word="ق" lemma="+" pos="غير عربية" prefix="" root="" pattern="" suffix="" />
				<ArabicLexical word="م" lemma="+" pos="غير عربية" prefix="" root="" pattern="" suffix="" />
				<ArabicLexical word="حَيْثُ" lemma="حَيْثُ" pos="جامدة" prefix="" root="حَيْثُ" pattern="حَيْثُ" suffix="" />
				<ArabicLexical word="شُيِّدَتْ" lemma="شَيَّدَ" pos="مصرفة منتظمة" prefix="" root="شيد" pattern="فُعِّلَ" suffix="تْ" />
				<ArabicLexical word="فِيهَا" lemma="فِي" pos="جامدة" prefix="" root="فِي" pattern="فِي" suffix="هَا" />
				<ArabicLexical word="اَلْأَسْوَارُ" lemma="سُور" pos="مصرفة منتظمة" prefix="ال" root="سور" pattern="أَفْعَال" suffix="" />
				<ArabicLexical word="وَالْمَعَابِدُ" lemma="مَعْبَد" pos="مصرفة منتظمة" prefix="وَال" root="عبد" pattern="مَفَاعِل" suffix="" />
				<ArabicLexical word="وَالْقُصُورُ" lemma="قَصْر" pos="مصرفة منتظمة" prefix="وَال" root="قصر" pattern="فُعُول" suffix="" />
				<ArabicLexical word="اَلْعَدِيدَةُ" lemma="عَدِيد" pos="مصرفة منتظمة" prefix="ال" root="عدد" pattern="فَعِيل" suffix="ة" />
			</annotation>
		</sentence>
		<sentence id="07053">
			<text>وَمِنْ أَشْهَرِ حُكَّامِ سُلَالَةِ بَابِلَ اَلْأُولَى اَلْمَلِكُ حَمُورَابِي اَلَّذِي حَكَمَ لِمُدَّةِ 42 سَنَةً (1792  1750 قَبْلَ اَلْمِيلَادِ)، وَاشْتَهَرَ بِشَرِيعَتِهِ اَلْمَعْرُوفَةِ اَلَّتِي تُعَدُّ أَوَّلَ شَرِيعَةٍ وَضْعِيَّةٍ فِي تَارِيخِ اَلْبَشَرِيَّةِ، وَاشْتَمَلَتْ عَلَى 282 مَادَّةً قَانُونِيَّةً.</text>
			<annotation>
				<ArabicLexical word="وَمِنْ" lemma="مِنْ" pos="جامدة" prefix="وَ" root="مِنْ" pattern="مِنْ" suffix="" />
				<ArabicLexical word="أَشْهَرِ" lemma="أَشْهَر" pos="مصرفة منتظمة" prefix="" root="شهر" pattern="أَفْعَل" suffix="" />
				<ArabicLexical word="حُكَّامِ" lemma="حَاكِم" pos="مصرفة منتظمة" prefix="" root="حكم" pattern="فُعَّال" suffix="" />
				<ArabicLexical word="سُلَالَةِ" lemma="سُلَالَة" pos="مصرفة منتظمة" prefix="" root="سلل" pattern="فُعَال" suffix="ة" />
				<ArabicLexical word="بَابِلَ" lemma="بَابِل" pos="معربة" prefix="" root="بَابِل" pattern="بَابِل" suffix="" />
				<ArabicLexical word="اَلْأُولَى" lemma="أَوَّل" pos="مصرفة منتظمة" prefix="ال" root="أول" pattern="فُعلَى" suffix="" />
				<ArabicLexical word="اَلْمَلِكُ" lemma="مَلِك" pos="مصرفة منتظمة" prefix="ال" root="ملك" pattern="فَعِل" suffix="" />
				<ArabicLexical word="حَمُورَابِي" lemma="" pos="غير عربية" prefix="" root="" pattern="" suffix="" />
				<ArabicLexical word="اَلَّذِي" lemma="اَلَّذِي" pos="جامدة" prefix="ال" root="اَلَّذِي" pattern="لَذِي" suffix="" />
				<ArabicLexical word="حَكَمَ" lemma="حَكَمَ" pos="مصرفة منتظمة" prefix="" root="حكم" pattern="فَعَلَ" suffix="" />
				<ArabicLexical word="لِمُدَّةِ" lemma="مُدَّة" pos="مصرفة منتظمة" prefix="لِ" root="مدد" pattern="فُلّ" suffix="ة" />
				<ArabicLexical word="سَنَةً" lemma="سَنَة" pos="استثناء صرفي" prefix="" root="سنه" pattern="سَنَ" suffix="ة" />
				<ArabicLexical word="" lemma="+" pos="غير عربية" prefix="" root="" pattern="" suffix="" />
				<ArabicLexical word="قَبْلَ" lemma="قَبْل" pos="مصرفة منتظمة" prefix="" root="قبل" pattern="فَعْل" suffix="" />
				<ArabicLexical word="اَلْمِيلَادِ" lemma="مِيلَاد" pos="مصرفة منتظمة" prefix="ال" root="ولد" pattern="مِفعَال" suffix="" />
				<ArabicLexical word="وَاشْتَهَرَ" lemma="اشْتَهَرَ" pos="مصرفة منتظمة" prefix="وَ" root="شهر" pattern="اِفْتَعَلَ" suffix="" />
				<ArabicLexical word="بِشَرِيعَتِهِ" lemma="شَرِيعَة" pos="مصرفة منتظمة" prefix="بِ" root="شرع" pattern="فَعِيل" suffix="ته" />
				<ArabicLexical word="اَلْمَعْرُوفَةِ" lemma="مَعْرُوف" pos="مصرفة منتظمة" prefix="ال" root="عرف" pattern="مَفْعُول" suffix="ة" />
				<ArabicLexical word="اَلَّتِي" lemma="اَلَّذِي" pos="جامدة" prefix="ال" root="اَلَّذِي" pattern="لَتِي" suffix="" />
				<ArabicLexical word="تُعَدُّ" lemma="أَعَدَّ" pos="مصرفة منتظمة" prefix="تُ" root="عدد" pattern="فَلّ" suffix="" />
				<ArabicLexical word="أَوَّلَ" lemma="أَوَّل" pos="استثناء صرفي" prefix="" root="أول" pattern="أَوَّل" suffix="" />
				<ArabicLexical word="شَرِيعَةٍ" lemma="شَرِيعَة" pos="مصرفة منتظمة" prefix="" root="شرع" pattern="فَعِيل" suffix="ة" />
				<ArabicLexical word="وَضْعِيَّةٍ" lemma="وَضْعِيَّة" pos="مصرفة منتظمة" prefix="" root="وضع" pattern="فَعْل" suffix="يَّة" />
				<ArabicLexical word="فِي" lemma="فِي" pos="جامدة" prefix="" root="فِي" pattern="فِي" suffix="" />
				<ArabicLexical word="تَارِيخِ" lemma="تَارِيخ" pos="استثناء صرفي" prefix="" root="أرخ" pattern="تَارِيخ" suffix="" />
				<ArabicLexical word="اَلْبَشَرِيَّةِ" lemma="بَشَرِيّ" pos="مصرفة منتظمة" prefix="ال" root="بشر" pattern="فَعَل" suffix="يَّة" />
				<ArabicLexical word="وَاشْتَمَلَتْ" lemma="اشْتَمَلَ" pos="مصرفة منتظمة" prefix="وَ" root="شمل" pattern="اِفْتَعَلَ" suffix="تْ" />
				<ArabicLexical word="عَلَى" lemma="عَلَى" pos="جامدة" prefix="" root="عَلَى" pattern="عَلَى" suffix="" />
				<ArabicLexical word="مَادَّةً" lemma="مَادَّة" pos="مصرفة منتظمة" prefix="" root="مدد" pattern="فَالّ" suffix="ة" />
				<ArabicLexical word="قَانُونِيَّةً" lemma="قَانُونِيّ" pos="مصرفة منتظمة" prefix="" root="قنن" pattern="فَاعُول" suffix="يَّة" />
			</annotation>
		</sentence>
		<sentence id="07054">
			<text>وَيُوجَدُ فِي مَدِينَةِ بَابِلَ 8 بَوَّابَاتٍ أَهَمُّهَا بَوَّابَةُ عِشْتَارْ، وَبَوَّابَةُ مَرْدُوخْ ، فَضْلًا عَنْ أَسَدِ بَابِلَ وَالْحَارَاتِ اَلسَّكَنِيَّةِ</text>
			<annotation>
				<ArabicLexical word="وَيُوجَدُ" lemma="وَجَدَ" pos="مصرفة منتظمة" prefix="وَيُ" root="وجد" pattern="فعَل" suffix="" />
				<ArabicLexical word="فِي" lemma="فِي" pos="جامدة" prefix="" root="فِي" pattern="فِي" suffix="" />
				<ArabicLexical word="مَدِينَةِ" lemma="مَدِينَة" pos="مصرفة منتظمة" prefix="" root="مدن" pattern="فَعِيل" suffix="ة" />
				<ArabicLexical word="بَابِلَ" lemma="بَابِل" pos="معربة" prefix="" root="بَابِل" pattern="بَابِل" suffix="" />
				<ArabicLexical word="بَوَّابَاتٍ" lemma="بَوَّاب" pos="مصرفة منتظمة" prefix="" root="بوب" pattern="فَعَّال" suffix="ات" />
				<ArabicLexical word="أَهَمُّهَا" lemma="أَهَمّ" pos="مصرفة منتظمة" prefix="" root="همم" pattern="أَفَلّ" suffix="هَا" />
				<ArabicLexical word="بَوَّابَةُ" lemma="بَوَّاب" pos="مصرفة منتظمة" prefix="" root="بوب" pattern="فَعَّال" suffix="ة" />
				<ArabicLexical word="عِشْتَارْ" lemma="" pos="غير عربية" prefix="" root="" pattern="" suffix="" />
				<ArabicLexical word="وَبَوَّابَةُ" lemma="بَوَّاب" pos="مصرفة منتظمة" prefix="وَ" root="بوب" pattern="فَعَّال" suffix="ة" />
				<ArabicLexical word="مَرْدُوخْ" lemma="" pos="غير عربية" prefix="" root="" pattern="" suffix="" />
				<ArabicLexical word="فَضْلًا" lemma="فَضْل" pos="مصرفة منتظمة" prefix="" root="فضل" pattern="فَعْل" suffix="" />
				<ArabicLexical word="عَنْ" lemma="عَنْ" pos="جامدة" prefix="" root="عَنْ" pattern="عَنْ" suffix="" />
				<ArabicLexical word="أَسَدِ" lemma="أَسَد" pos="مصرفة منتظمة" prefix="" root="أسد" pattern="فَعَل" suffix="" />
				<ArabicLexical word="بَابِلَ" lemma="بَابِل" pos="معربة" prefix="" root="بَابِل" pattern="بَابِل" suffix="" />
				<ArabicLexical word="وَالْحَارَاتِ" lemma="حَارَة" pos="مصرفة منتظمة" prefix="وَال" root="حور" pattern="فَعل" suffix="ات" />
				<ArabicLexical word="اَلسَّكَنِيَّةِ" lemma="سَكَنِيّ" pos="مصرفة منتظمة" prefix="ال" root="سكن" pattern="فَعَل" suffix="يَّة" />
			</annotation>
		</sentence>
	</FILE>
	</NEMLAR>