<NEMLAR><FILE name="GeneralNews" number="078">
		<sentence id="07272">
			<text>?إِسْلَامْ أُونْ لَايْنْ يَفْتَحُ اَلْبَابَ لَلْمُبْدِعِينَ</text>
			<annotation>
				<ArabicLexical word="إِسْلَامْ" lemma="إِسْلَام" pos="غير عربية" prefix="" root="" pattern="" suffix="" />
				<ArabicLexical word="أُونْ" lemma="أُونْ" pos="غير عربية" prefix="" root="" pattern="" suffix="" />
				<ArabicLexical word="لَايْنْ" lemma="+" pos="غير عربية" prefix="" root="" pattern="" suffix="" />
				<ArabicLexical word="يَفْتَحُ" lemma="فَتَحَ" pos="مصرفة منتظمة" prefix="ي" root="فتح" pattern="فْعَل" suffix="" />
				<ArabicLexical word="اَلْبَابَ" lemma="بَاب" pos="مصرفة منتظمة" prefix="ال" root="بوب" pattern="فَعل" suffix="" />
				<ArabicLexical word="لَلْمُبْدِعِينَ" lemma="مُبْدِع" pos="مصرفة منتظمة" prefix="لَل" root="بدع" pattern="مُفْعِل" suffix="ينَ" />
			</annotation>
		</sentence>
		<sentence id="07273">
			<text>أَحْمَدُ زَيْنٍ- إِسْلَامْ أُونْ لَايْنْ.نِتْ/ 12-4-2001</text>
			<annotation>
				<ArabicLexical word="أَحْمَدُ" lemma="أَحْمَد" pos="مصرفة منتظمة" prefix="" root="حمد" pattern="أَفْعَل" suffix="" />
				<ArabicLexical word="زَيْنٍ" lemma="زَيْن" pos="مصرفة منتظمة" prefix="" root="زين" pattern="فَعْل" suffix="" />
				<ArabicLexical word="إِسْلَامْ" lemma="إِسْلَام" pos="غير عربية" prefix="" root="" pattern="" suffix="" />
				<ArabicLexical word="أُونْ" lemma="أُونْ" pos="غير عربية" prefix="" root="" pattern="" suffix="" />
				<ArabicLexical word="لَايْنْ" lemma="+" pos="غير عربية" prefix="" root="" pattern="" suffix="" />
				<ArabicLexical word="نِتْ" lemma="نِت" pos="غير عربية" prefix="" root="" pattern="" suffix="" />
			</annotation>
		</sentence>
		<sentence id="07274">
			<text>نَادِي اَلْمُبْدِعِينَ خِدْمَةٌ جَدِيدَةٌ يُقَدِّمُهَا مَوْقِعُ إِسْلَامْ أُونْ لَايْنْ تُضَافُ إِلَى خِدْمَاتِ اَلِاسْتِشَارَاتِ اَلْقَائِمَةِ بِالْفِعْلِ، وَالَّتِي تَضُمُّ: مَشَاكِلَ اَلشَّبَابِ، وَاسْتِشَارَاتٍ تَرْبَوِيَّةً، وَدَعَوِيَّةً، وَاسْتِشَارَاتِ اَلزَّكَاةِ.</text>
			<annotation>
				<ArabicLexical word="نَادِي" lemma="نَادِي" pos="مصرفة منتظمة" prefix="" root="ندو" pattern="فَاعِل" suffix="" />
				<ArabicLexical word="اَلْمُبْدِعِينَ" lemma="مُبْدِع" pos="مصرفة منتظمة" prefix="ال" root="بدع" pattern="مُفْعِل" suffix="ينَ" />
				<ArabicLexical word="خِدْمَةٌ" lemma="خِدْمَة" pos="مصرفة منتظمة" prefix="" root="خدم" pattern="فِعْل" suffix="ة" />
				<ArabicLexical word="جَدِيدَةٌ" lemma="جَدِيد" pos="مصرفة منتظمة" prefix="" root="جدد" pattern="فَعِيل" suffix="ة" />
				<ArabicLexical word="يُقَدِّمُهَا" lemma="قَدَّمَ" pos="مصرفة منتظمة" prefix="ي" root="قدم" pattern="فَعَّلَ" suffix="هَا" />
				<ArabicLexical word="مَوْقِعُ" lemma="مَوْقِع" pos="مصرفة منتظمة" prefix="" root="وقع" pattern="مَفْعِل" suffix="" />
				<ArabicLexical word="إِسْلَامْ" lemma="إِسْلَام" pos="غير عربية" prefix="" root="" pattern="" suffix="" />
				<ArabicLexical word="أُونْ" lemma="أُونْ" pos="غير عربية" prefix="" root="" pattern="" suffix="" />
				<ArabicLexical word="لَايْنْ" lemma="+" pos="غير عربية" prefix="" root="" pattern="" suffix="" />
				<ArabicLexical word="تُضَافُ" lemma="أَضَافَ" pos="مصرفة منتظمة" prefix="تُ" root="ضيف" pattern="أَفَعلَ" suffix="" />
				<ArabicLexical word="إِلَى" lemma="إِلَى" pos="جامدة" prefix="" root="إِلَى" pattern="إِلَى" suffix="" />
				<ArabicLexical word="خِدْمَاتِ" lemma="خِدْمَة" pos="مصرفة منتظمة" prefix="" root="خدم" pattern="فِعْل" suffix="ات" />
				<ArabicLexical word="اَلِاسْتِشَارَاتِ" lemma="اسْتِشَارَة" pos="مصرفة منتظمة" prefix="ال" root="شور" pattern="اِسْتِفَعالَ" suffix="ات" />
				<ArabicLexical word="اَلْقَائِمَةِ" lemma="قَائِم" pos="مصرفة منتظمة" prefix="ال" root="قوم" pattern="فَاعِل" suffix="ة" />
				<ArabicLexical word="بِالْفِعْلِ" lemma="فِعْل" pos="مصرفة منتظمة" prefix="بِال" root="فعل" pattern="فِعْل" suffix="" />
				<ArabicLexical word="وَالَّتِي" lemma="اَلَّذِي" pos="جامدة" prefix="وَال" root="اَلَّذِي" pattern="لَتِي" suffix="" />
				<ArabicLexical word="تَضُمُّ" lemma="ضَمَّ" pos="مصرفة منتظمة" prefix="ت" root="ضمم" pattern="فُلّ" suffix="" />
				<ArabicLexical word="مَشَاكِلَ" lemma="مَشْكَل" pos="مصرفة منتظمة" prefix="" root="شكل" pattern="مَفَاعِل" suffix="" />
				<ArabicLexical word="اَلشَّبَابِ" lemma="شَبَاب" pos="مصرفة منتظمة" prefix="ال" root="شبب" pattern="فَعَال" suffix="" />
				<ArabicLexical word="وَاسْتِشَارَاتٍ" lemma="اسْتِشَارَة" pos="مصرفة منتظمة" prefix="وَ" root="شور" pattern="اِسْتِفَعالَ" suffix="ات" />
				<ArabicLexical word="تَرْبَوِيَّةً" lemma="تَرْبَوِيّ" pos="مصرفة منتظمة" prefix="" root="ربو" pattern="تَفْعَلِ" suffix="يَّة" />
				<ArabicLexical word="وَدَعَوِيَّةً" lemma="دَعَوِيّ" pos="مصرفة منتظمة" prefix="وَ" root="دعو" pattern="فَعَل" suffix="يَّة" />
				<ArabicLexical word="وَاسْتِشَارَاتِ" lemma="اسْتِشَارَة" pos="مصرفة منتظمة" prefix="وَ" root="شور" pattern="اِسْتِفَعالَ" suffix="ات" />
				<ArabicLexical word="اَلزَّكَاةِ" lemma="زَكَاة" pos="مصرفة منتظمة" prefix="ال" root="زكو" pattern="فَعَل" suffix="ة" />
			</annotation>
		</sentence>
		<sentence id="07275">
			<text>وَتَقُومُ اَلْخِدْمَةُ اَلْجَدِيدَةُ عَلَى تَلَقِّي اَلْإِبْدَاعَاتِ مِنْ اَلزُّوَّارِ وَعَرْضِهَا عَلَى اَلنُّقَّادِ ثُمَّ نَشْرِهَا عَلَى اَلْمَوْقِعِ مَعَ آرَاءِ اَلنُّقَّادِ فِيهَا.</text>
			<annotation>
				<ArabicLexical word="وَتَقُومُ" lemma="قَامَ" pos="مصرفة منتظمة" prefix="وَت" root="قوم" pattern="فُعل" suffix="" />
				<ArabicLexical word="اَلْخِدْمَةُ" lemma="خِدْمَة" pos="مصرفة منتظمة" prefix="ال" root="خدم" pattern="فِعْل" suffix="ة" />
				<ArabicLexical word="اَلْجَدِيدَةُ" lemma="جَدِيد" pos="مصرفة منتظمة" prefix="ال" root="جدد" pattern="فَعِيل" suffix="ة" />
				<ArabicLexical word="عَلَى" lemma="عَلَى" pos="جامدة" prefix="" root="عَلَى" pattern="عَلَى" suffix="" />
				<ArabicLexical word="تَلَقِّي" lemma="تَلَقّ" pos="مصرفة منتظمة" prefix="" root="لقي" pattern="تَفَعِّل" suffix="" />
				<ArabicLexical word="اَلْإِبْدَاعَاتِ" lemma="إِبْدَاع" pos="مصرفة منتظمة" prefix="ال" root="بدع" pattern="إِفْعَال" suffix="ات" />
				<ArabicLexical word="مِنْ" lemma="مِنْ" pos="جامدة" prefix="" root="مِنْ" pattern="مِنْ" suffix="" />
				<ArabicLexical word="اَلزُّوَّارِ" lemma="زَائِر" pos="مصرفة منتظمة" prefix="ال" root="زور" pattern="فُعَّال" suffix="" />
				<ArabicLexical word="وَعَرْضِهَا" lemma="عَرْض" pos="مصرفة منتظمة" prefix="وَ" root="عرض" pattern="فَعْل" suffix="هَا" />
				<ArabicLexical word="عَلَى" lemma="عَلَى" pos="جامدة" prefix="" root="عَلَى" pattern="عَلَى" suffix="" />
				<ArabicLexical word="اَلنُّقَّادِ" lemma="نَاقِد" pos="مصرفة منتظمة" prefix="ال" root="نقد" pattern="فُعَّال" suffix="" />
				<ArabicLexical word="ثُمَّ" lemma="ثُمَّ" pos="جامدة" prefix="" root="ثُمَّ" pattern="ثُمَّ" suffix="" />
				<ArabicLexical word="نَشْرِهَا" lemma="نَشْر" pos="مصرفة منتظمة" prefix="" root="نشر" pattern="فَعْل" suffix="هَا" />
				<ArabicLexical word="عَلَى" lemma="عَلَى" pos="جامدة" prefix="" root="عَلَى" pattern="عَلَى" suffix="" />
				<ArabicLexical word="اَلْمَوْقِعِ" lemma="مَوْقِع" pos="مصرفة منتظمة" prefix="ال" root="وقع" pattern="مَفْعِل" suffix="" />
				<ArabicLexical word="مَعَ" lemma="مَعَ" pos="جامدة" prefix="" root="مَعَ" pattern="مَعَ" suffix="" />
				<ArabicLexical word="آرَاءِ" lemma="رَأْي" pos="استثناء صرفي" prefix="" root="رأي" pattern="آرَاء" suffix="" />
				<ArabicLexical word="اَلنُّقَّادِ" lemma="نَاقِد" pos="مصرفة منتظمة" prefix="ال" root="نقد" pattern="فُعَّال" suffix="" />
				<ArabicLexical word="فِيهَا" lemma="فِي" pos="استثناء صرفي" prefix="" root="فوه" pattern="فِي" suffix="هَا" />
			</annotation>
		</sentence>
		<sentence id="07276">
			<text>وَتَهْتَمُّ اَلصَّفْحَةُ -وَشِعَارُهَا مُلْتَقَى اَلشَّبَابِ اَلْوَاعِدِينَ- بِتَفْجِيرِ اَلطَّاقَاتِ اَلْمَخْبُوءَةِ فِي نُفُوسِ اَلشَّبَابِ فِي شَتَّى مَجَالَاتِ اَلْإِبْدَاعِ، وَقَدْ قُسِّمَتْ إِلَى أَرْبَعَةِ أَقْسَامٍ رَئِيسِيَّةٍ: اَلْأَدَبُ وَالشِّعْرُ، وَالْخَطُّ اَلْعَرَبِيُّ وَالْفُنُونُ اَلتَّشْكِيلِيَّةُ، وَشِعْرُ اَلْعَامِّيَّةِ، وَالْكَارِيكَاتِيرْ وَالتَّصْوِيرُ اَلْفُوتُوغْرَافِيُّ.</text>
			<annotation>
				<ArabicLexical word="وَتَهْتَمُّ" lemma="اهْتَمَّ" pos="مصرفة منتظمة" prefix="وَت" root="همم" pattern="اِفْتَلَّ" suffix="" />
				<ArabicLexical word="اَلصَّفْحَةُ" lemma="صَفْحَة" pos="مصرفة منتظمة" prefix="ال" root="صفح" pattern="فَعْل" suffix="ة" />
				<ArabicLexical word="وَشِعَارُهَا" lemma="شِعَار" pos="مصرفة منتظمة" prefix="وَ" root="شعر" pattern="فِعَال" suffix="هَا" />
				<ArabicLexical word="مُلْتَقَى" lemma="مُلْتَقًى" pos="مصرفة منتظمة" prefix="" root="لقي" pattern="مُفْتَعَل" suffix="" />
				<ArabicLexical word="اَلشَّبَابِ" lemma="شَبَاب" pos="مصرفة منتظمة" prefix="ال" root="شبب" pattern="فَعَال" suffix="" />
				<ArabicLexical word="اَلْوَاعِدِينَ" lemma="وَاعِد" pos="مصرفة منتظمة" prefix="ال" root="وعد" pattern="فَاعِل" suffix="ينَ" />
				<ArabicLexical word="بِتَفْجِيرِ" lemma="تَفْجِير" pos="مصرفة منتظمة" prefix="بِ" root="فجر" pattern="تَفْعِيل" suffix="" />
				<ArabicLexical word="اَلطَّاقَاتِ" lemma="طَاق" pos="مصرفة منتظمة" prefix="ال" root="طوق" pattern="فَعل" suffix="ات" />
				<ArabicLexical word="اَلْمَخْبُوءَةِ" lemma="مَخْبُوء" pos="مصرفة منتظمة" prefix="ال" root="خبأ" pattern="مَفْعُول" suffix="ة" />
				<ArabicLexical word="فِي" lemma="فِي" pos="جامدة" prefix="" root="فِي" pattern="فِي" suffix="" />
				<ArabicLexical word="نُفُوسِ" lemma="نَفْس" pos="مصرفة منتظمة" prefix="" root="نفس" pattern="فُعُول" suffix="" />
				<ArabicLexical word="اَلشَّبَابِ" lemma="شَبَاب" pos="مصرفة منتظمة" prefix="ال" root="شبب" pattern="فَعَال" suffix="" />
				<ArabicLexical word="فِي" lemma="فِي" pos="جامدة" prefix="" root="فِي" pattern="فِي" suffix="" />
				<ArabicLexical word="شَتَّى" lemma="شَتَّى" pos="استثناء صرفي" prefix="" root="شتت" pattern="شَتَّى" suffix="" />
				<ArabicLexical word="مَجَالَاتِ" lemma="مَجَال" pos="مصرفة منتظمة" prefix="" root="جول" pattern="مَفَعل" suffix="ات" />
				<ArabicLexical word="اَلْإِبْدَاعِ" lemma="إِبْدَاع" pos="مصرفة منتظمة" prefix="ال" root="بدع" pattern="إِفْعَال" suffix="" />
				<ArabicLexical word="وَقَدْ" lemma="قَدْ" pos="جامدة" prefix="وَ" root="قَدْ" pattern="قَدْ" suffix="" />
				<ArabicLexical word="قُسِّمَتْ" lemma="قَسَّمَ" pos="مصرفة منتظمة" prefix="" root="قسم" pattern="فُعِّلَ" suffix="تْ" />
				<ArabicLexical word="إِلَى" lemma="إِلَى" pos="جامدة" prefix="" root="إِلَى" pattern="إِلَى" suffix="" />
				<ArabicLexical word="أَرْبَعَةِ" lemma="أَرْبَع" pos="استثناء صرفي" prefix="" root="ربع" pattern="أَرْبَع" suffix="ة" />
				<ArabicLexical word="أَقْسَامٍ" lemma="قِسْم" pos="مصرفة منتظمة" prefix="" root="قسم" pattern="أَفْعَال" suffix="" />
				<ArabicLexical word="رَئِيسِيَّةٍ" lemma="رَئِيسِيّ" pos="مصرفة منتظمة" prefix="" root="رأس" pattern="فَعِيل" suffix="يَّة" />
				<ArabicLexical word="اَلْأَدَبُ" lemma="أَدَب" pos="مصرفة منتظمة" prefix="ال" root="أدب" pattern="فَعَل" suffix="" />
				<ArabicLexical word="وَالشِّعْرُ" lemma="شِعْر" pos="مصرفة منتظمة" prefix="وَال" root="شعر" pattern="فِعْل" suffix="" />
				<ArabicLexical word="وَالْخَطُّ" lemma="خَطّ" pos="مصرفة منتظمة" prefix="وَال" root="خطط" pattern="فَلّ" suffix="" />
				<ArabicLexical word="اَلْعَرَبِيُّ" lemma="عَرَبِيّ" pos="مصرفة منتظمة" prefix="ال" root="عرب" pattern="فَعَل" suffix="يّ" />
				<ArabicLexical word="وَالْفُنُونُ" lemma="فَنّ" pos="مصرفة منتظمة" prefix="وَال" root="فنن" pattern="فُعُول" suffix="" />
				<ArabicLexical word="اَلتَّشْكِيلِيَّةُ" lemma="تَشْكِيلِيّ" pos="مصرفة منتظمة" prefix="ال" root="شكل" pattern="تَفْعِيل" suffix="يَّة" />
				<ArabicLexical word="وَشِعْرُ" lemma="شِعْر" pos="مصرفة منتظمة" prefix="وَ" root="شعر" pattern="فِعْل" suffix="" />
				<ArabicLexical word="اَلْعَامِّيَّةِ" lemma="عَامِّيّ" pos="مصرفة منتظمة" prefix="ال" root="عمم" pattern="فَالّ" suffix="يَّة" />
				<ArabicLexical word="وَالْكَارِيكَاتِيرْ" lemma="كَارِيكَاتِير" pos="غير عربية" prefix="" root="" pattern="" suffix="" />
				<ArabicLexical word="وَالتَّصْوِيرُ" lemma="تَصْوِير" pos="مصرفة منتظمة" prefix="وَال" root="صور" pattern="تَفْعِيل" suffix="" />
				<ArabicLexical word="اَلْفُوتُوغْرَافِيُّ" lemma="فُوتُوغْرَافِيّ" pos="غير عربية" prefix="" root="" pattern="" suffix="" />
			</annotation>
		</sentence>
		<sentence id="07277">
			<text>وَتَهْدِفُ اَلصَّفْحَةُ إِلَى اَلتَّوَاصُلِ مَعَ جَمْعِيَّاتِ وَمُؤَسَّسَاتِ رِعَايَةِ اَلْإِبْدَاعِ، وَكَذلِكَ مَعَ دُورِ اَلنَّشْرِ اَلْمُهْتَمَّةِ بِإِبْدَاعَاتِ اَلشَّبَابِ فِي اَلْعَالَمِ اَلْعَرَبِيِّ وَالْإِسْلَامِيِّ؛ لِإِتَاحَةِ اَلْفُرْصَةِ لِلْمُتَمَيِّزِينَ مِنْهُمْ لِنَشْرِ أَعْمَالِهِمْ؛ سَوَاءً اَلْأَدَبِيَّةِ أَوْ اَلْفَنِّيَّةِ وَغَيْرِهَا.</text>
			<annotation>
				<ArabicLexical word="وَتَهْدِفُ" lemma="هَدَفَ" pos="مصرفة منتظمة" prefix="وَت" root="هدف" pattern="فْعِل" suffix="" />
				<ArabicLexical word="اَلصَّفْحَةُ" lemma="صَفْحَة" pos="مصرفة منتظمة" prefix="ال" root="صفح" pattern="فَعْل" suffix="ة" />
				<ArabicLexical word="إِلَى" lemma="إِلَى" pos="جامدة" prefix="" root="إِلَى" pattern="إِلَى" suffix="" />
				<ArabicLexical word="اَلتَّوَاصُلِ" lemma="تَوَاصُل" pos="مصرفة منتظمة" prefix="ال" root="وصل" pattern="تَفَاعُل" suffix="" />
				<ArabicLexical word="مَعَ" lemma="مَعَ" pos="جامدة" prefix="" root="مَعَ" pattern="مَعَ" suffix="" />
				<ArabicLexical word="جَمْعِيَّاتِ" lemma="جَمْعِيَّة" pos="مصرفة منتظمة" prefix="" root="جمع" pattern="فَعْل" suffix="يَّات" />
				<ArabicLexical word="وَمُؤَسَّسَاتِ" lemma="مُؤَسَّسَة" pos="مصرفة منتظمة" prefix="وَ" root="أسس" pattern="مُفَعَّل" suffix="ات" />
				<ArabicLexical word="رِعَايَةِ" lemma="رِعَايَة" pos="مصرفة منتظمة" prefix="" root="رعي" pattern="فِعَال" suffix="ة" />
				<ArabicLexical word="اَلْإِبْدَاعِ" lemma="إِبْدَاع" pos="مصرفة منتظمة" prefix="ال" root="بدع" pattern="إِفْعَال" suffix="" />
				<ArabicLexical word="وَكَذلِكَ" lemma="ذَا" pos="جامدة" prefix="وَكَ" root="ذَا" pattern="ذلِ" suffix="كَ" />
				<ArabicLexical word="مَعَ" lemma="مَعَ" pos="جامدة" prefix="" root="مَعَ" pattern="مَعَ" suffix="" />
				<ArabicLexical word="دُورِ" lemma="دَار" pos="مصرفة منتظمة" prefix="" root="دور" pattern="فُعل" suffix="" />
				<ArabicLexical word="اَلنَّشْرِ" lemma="نَشْر" pos="مصرفة منتظمة" prefix="ال" root="نشر" pattern="فَعْل" suffix="" />
				<ArabicLexical word="اَلْمُهْتَمَّةِ" lemma="مُهْتَمّ" pos="مصرفة منتظمة" prefix="ال" root="همم" pattern="مُفْتَلّ" suffix="ة" />
				<ArabicLexical word="بِإِبْدَاعَاتِ" lemma="إِبْدَاعَة" pos="مصرفة منتظمة" prefix="بِ" root="بدع" pattern="إِفْعَال" suffix="ات" />
				<ArabicLexical word="اَلشَّبَابِ" lemma="شَبَاب" pos="مصرفة منتظمة" prefix="ال" root="شبب" pattern="فَعَال" suffix="" />
				<ArabicLexical word="فِي" lemma="فِي" pos="جامدة" prefix="" root="فِي" pattern="فِي" suffix="" />
				<ArabicLexical word="اَلْعَالَمِ" lemma="عَالَم" pos="استثناء صرفي" prefix="ال" root="علم" pattern="عَالَم" suffix="" />
				<ArabicLexical word="اَلْعَرَبِيِّ" lemma="عَرَبِيّ" pos="مصرفة منتظمة" prefix="ال" root="عرب" pattern="فَعَل" suffix="يّ" />
				<ArabicLexical word="وَالْإِسْلَامِيِّ" lemma="إِسْلَامِيّ" pos="مصرفة منتظمة" prefix="وَال" root="سلم" pattern="إِفْعَال" suffix="يّ" />
				<ArabicLexical word="لِإِتَاحَةِ" lemma="إِتَاحَة" pos="مصرفة منتظمة" prefix="لِ" root="تيح" pattern="إِفَعالَ" suffix="ة" />
				<ArabicLexical word="اَلْفُرْصَةِ" lemma="فُرْصَة" pos="مصرفة منتظمة" prefix="ال" root="فرص" pattern="فُعْل" suffix="ة" />
				<ArabicLexical word="لِلْمُتَمَيِّزِينَ" lemma="مُتَمَيِّز" pos="مصرفة منتظمة" prefix="لِل" root="ميز" pattern="مُتَفَعِّل" suffix="ينَ" />
				<ArabicLexical word="مِنْهُمْ" lemma="مِنْ" pos="جامدة" prefix="" root="مِنْ" pattern="مِنْ" suffix="همْ" />
				<ArabicLexical word="لِنَشْرِ" lemma="نَشْر" pos="مصرفة منتظمة" prefix="لِ" root="نشر" pattern="فَعْل" suffix="" />
				<ArabicLexical word="أَعْمَالِهِمْ" lemma="عَمَل" pos="مصرفة منتظمة" prefix="" root="عمل" pattern="أَفْعَال" suffix="همْ" />
				<ArabicLexical word="سَوَاءً" lemma="سَوَاء" pos="مصرفة منتظمة" prefix="" root="سوي" pattern="فَعَال" suffix="" />
				<ArabicLexical word="اَلْأَدَبِيَّةِ" lemma="أَدَبِيّ" pos="مصرفة منتظمة" prefix="ال" root="أدب" pattern="فَعَل" suffix="يَّة" />
				<ArabicLexical word="أَوْ" lemma="أَوْ" pos="جامدة" prefix="" root="أَوْ" pattern="أَوْ" suffix="" />
				<ArabicLexical word="اَلْفَنِّيَّةِ" lemma="فَنِّيّ" pos="مصرفة منتظمة" prefix="ال" root="فنن" pattern="فَلّ" suffix="يَّة" />
				<ArabicLexical word="وَغَيْرِهَا" lemma="غَيْر" pos="مصرفة منتظمة" prefix="وَ" root="غير" pattern="فَعْل" suffix="هَا" />
			</annotation>
		</sentence>
		<sentence id="07278">
			<text>كَمَا تُقَدِّمُ اَلصَّفْحَةُ قِسْمًا خَاصًّا بِالْمُسَابَقَاتِ وَالْجَوَائِزِ اَلَّتِي يُعْلَنُ عَنْهَا فِي عَالَمِنَا اَلْإِسْلَامِيِّ؛ تَشْجِيعًا لِلشَّبَابِ لِلِاشْتِرَاكِ فِيهَا مِنْ جِهَةٍ، وَتَفْعِيلًا لِدَوْرِ هذِهِ اَلْمُسَابَقَاتِ فِي نَهْضَةِ اَلْوَاقِعِ اَلثَّقَافِيِّ اَلْعَرَبِيِّ مِنْ جِهَةٍ أُخْرَى.</text>
			<annotation>
				<ArabicLexical word="كَمَا" lemma="مَا" pos="جامدة" prefix="كَ" root="اَلَّذِي" pattern="مَا" suffix="" />
				<ArabicLexical word="تُقَدِّمُ" lemma="قَدَّمَ" pos="مصرفة منتظمة" prefix="ت" root="قدم" pattern="فَعَّلَ" suffix="" />
				<ArabicLexical word="اَلصَّفْحَةُ" lemma="صَفْحَة" pos="مصرفة منتظمة" prefix="ال" root="صفح" pattern="فَعْل" suffix="ة" />
				<ArabicLexical word="قِسْمًا" lemma="قِسْم" pos="مصرفة منتظمة" prefix="" root="قسم" pattern="فِعْل" suffix="" />
				<ArabicLexical word="خَاصًّا" lemma="خَاصّ" pos="مصرفة منتظمة" prefix="" root="خصص" pattern="فَالّ" suffix="" />
				<ArabicLexical word="بِالْمُسَابَقَاتِ" lemma="مُسَابَقَة" pos="مصرفة منتظمة" prefix="بِال" root="سبق" pattern="مُفَاعَل" suffix="ات" />
				<ArabicLexical word="وَالْجَوَائِزِ" lemma="جَائِزَة" pos="مصرفة منتظمة" prefix="وَال" root="جوز" pattern="فَوَاعِل" suffix="" />
				<ArabicLexical word="اَلَّتِي" lemma="اَلَّذِي" pos="جامدة" prefix="ال" root="اَلَّذِي" pattern="لَتِي" suffix="" />
				<ArabicLexical word="يُعْلَنُ" lemma="أَعْلَنَ" pos="مصرفة منتظمة" prefix="يُ" root="علن" pattern="أَفْعَلَ" suffix="" />
				<ArabicLexical word="عَنْهَا" lemma="عَنْ" pos="جامدة" prefix="" root="عَنْ" pattern="عَنْ" suffix="هَا" />
				<ArabicLexical word="فِي" lemma="فِي" pos="جامدة" prefix="" root="فِي" pattern="فِي" suffix="" />
				<ArabicLexical word="عَالَمِنَا" lemma="عَالَم" pos="استثناء صرفي" prefix="" root="علم" pattern="عَالَم" suffix="نَا" />
				<ArabicLexical word="اَلْإِسْلَامِيِّ" lemma="إِسْلَامِيّ" pos="مصرفة منتظمة" prefix="ال" root="سلم" pattern="إِفْعَال" suffix="يّ" />
				<ArabicLexical word="تَشْجِيعًا" lemma="تَشْجِيع" pos="مصرفة منتظمة" prefix="" root="شجع" pattern="تَفْعِيل" suffix="" />
				<ArabicLexical word="لِلشَّبَابِ" lemma="شَبَاب" pos="مصرفة منتظمة" prefix="لِل" root="شبب" pattern="فَعَال" suffix="" />
				<ArabicLexical word="لِلِاشْتِرَاكِ" lemma="اشْتِرَاك" pos="مصرفة منتظمة" prefix="لِل" root="شرك" pattern="اِفْتِعَال" suffix="" />
				<ArabicLexical word="فِيهَا" lemma="فِي" pos="استثناء صرفي" prefix="" root="فوه" pattern="فِي" suffix="هَا" />
				<ArabicLexical word="مِنْ" lemma="مِنْ" pos="جامدة" prefix="" root="مِنْ" pattern="مِنْ" suffix="" />
				<ArabicLexical word="جِهَةٍ" lemma="جِهَة" pos="مصرفة منتظمة" prefix="" root="وجه" pattern="فعِلَ" suffix="ة" />
				<ArabicLexical word="وَتَفْعِيلًا" lemma="تَفْعِيل" pos="مصرفة منتظمة" prefix="وَ" root="فعل" pattern="تَفْعِيل" suffix="" />
				<ArabicLexical word="لِدَوْرِ" lemma="دَوْر" pos="مصرفة منتظمة" prefix="لِ" root="دور" pattern="فَعْل" suffix="" />
				<ArabicLexical word="هذِهِ" lemma="ذَا" pos="جامدة" prefix="" root="ذَا" pattern="هذِهِ" suffix="" />
				<ArabicLexical word="اَلْمُسَابَقَاتِ" lemma="مُسَابَقَة" pos="مصرفة منتظمة" prefix="ال" root="سبق" pattern="مُفَاعَل" suffix="ات" />
				<ArabicLexical word="فِي" lemma="فِي" pos="جامدة" prefix="" root="فِي" pattern="فِي" suffix="" />
				<ArabicLexical word="نَهْضَةِ" lemma="نَهْضَة" pos="مصرفة منتظمة" prefix="" root="نهض" pattern="فَعْل" suffix="ة" />
				<ArabicLexical word="اَلْوَاقِعِ" lemma="وَاقِع" pos="مصرفة منتظمة" prefix="ال" root="وقع" pattern="فَاعِل" suffix="" />
				<ArabicLexical word="اَلثَّقَافِيِّ" lemma="ثَقَافِيّ" pos="مصرفة منتظمة" prefix="ال" root="ثقف" pattern="فَعَال" suffix="يّ" />
				<ArabicLexical word="اَلْعَرَبِيِّ" lemma="عَرَبِيّ" pos="مصرفة منتظمة" prefix="ال" root="عرب" pattern="فَعَل" suffix="يّ" />
				<ArabicLexical word="مِنْ" lemma="مِنْ" pos="جامدة" prefix="" root="مِنْ" pattern="مِنْ" suffix="" />
				<ArabicLexical word="جِهَةٍ" lemma="جِهَة" pos="مصرفة منتظمة" prefix="" root="وجه" pattern="فعِلَ" suffix="ة" />
				<ArabicLexical word="أُخْرَى" lemma="أُخْرَى" pos="مصرفة منتظمة" prefix="" root="أخر" pattern="فُعْلَى" suffix="" />
			</annotation>
		</sentence>
		<sentence id="07279">
			<text>وَجَاءَتْ اَلْفِكْرَةُ مِنْ اَلْأَسَاسِ تَفْعِيلًا لِدَوْرِ اَلزَّائِرِ فِي تَفَاعُلِهِ مَعَ اَلْمَوْقِعِ، وَكَذلِكَ رَغْبَةً فِي إِثْرَاءِ طَاقَاتِ اَلْأُمَّةِ بِمَوَاهِبَ جَدِيدَةٍ.</text>
			<annotation>
				<ArabicLexical word="وَجَاءَتْ" lemma="جَاءَ" pos="مصرفة منتظمة" prefix="وَ" root="جيأ" pattern="فَعلَ" suffix="تْ" />
				<ArabicLexical word="اَلْفِكْرَةُ" lemma="فِكْرَة" pos="مصرفة منتظمة" prefix="ال" root="فكر" pattern="فِعْل" suffix="ة" />
				<ArabicLexical word="مِنْ" lemma="مِنْ" pos="جامدة" prefix="" root="مِنْ" pattern="مِنْ" suffix="" />
				<ArabicLexical word="اَلْأَسَاسِ" lemma="أَسَاس" pos="مصرفة منتظمة" prefix="ال" root="أسس" pattern="فَعَال" suffix="" />
				<ArabicLexical word="تَفْعِيلًا" lemma="تَفْعِيل" pos="مصرفة منتظمة" prefix="" root="فعل" pattern="تَفْعِيل" suffix="" />
				<ArabicLexical word="لِدَوْرِ" lemma="دَوْر" pos="مصرفة منتظمة" prefix="لِ" root="دور" pattern="فَعْل" suffix="" />
				<ArabicLexical word="اَلزَّائِرِ" lemma="زَائِر" pos="مصرفة منتظمة" prefix="ال" root="زور" pattern="فَاعِل" suffix="" />
				<ArabicLexical word="فِي" lemma="فِي" pos="جامدة" prefix="" root="فِي" pattern="فِي" suffix="" />
				<ArabicLexical word="تَفَاعُلِهِ" lemma="تَفَاعُل" pos="مصرفة منتظمة" prefix="" root="فعل" pattern="تَفَاعُل" suffix="ه" />
				<ArabicLexical word="مَعَ" lemma="مَعَ" pos="جامدة" prefix="" root="مَعَ" pattern="مَعَ" suffix="" />
				<ArabicLexical word="اَلْمَوْقِعِ" lemma="مَوْقِع" pos="مصرفة منتظمة" prefix="ال" root="وقع" pattern="مَفْعِل" suffix="" />
				<ArabicLexical word="وَكَذلِكَ" lemma="ذَا" pos="جامدة" prefix="وَكَ" root="ذَا" pattern="ذلِ" suffix="كَ" />
				<ArabicLexical word="رَغْبَةً" lemma="رَغْبَة" pos="مصرفة منتظمة" prefix="" root="رغب" pattern="فَعْل" suffix="ة" />
				<ArabicLexical word="فِي" lemma="فِي" pos="جامدة" prefix="" root="فِي" pattern="فِي" suffix="" />
				<ArabicLexical word="إِثْرَاءِ" lemma="إِثْرَاء" pos="مصرفة منتظمة" prefix="" root="ثرو" pattern="إِفْعَال" suffix="" />
				<ArabicLexical word="طَاقَاتِ" lemma="طَاق" pos="مصرفة منتظمة" prefix="" root="طوق" pattern="فَعل" suffix="ات" />
				<ArabicLexical word="اَلْأُمَّةِ" lemma="أُمَّة" pos="مصرفة منتظمة" prefix="ال" root="أمم" pattern="فُلّ" suffix="ة" />
				<ArabicLexical word="بِمَوَاهِبَ" lemma="مَوْهِبَة" pos="مصرفة منتظمة" prefix="بِ" root="وهب" pattern="مَفَاعِل" suffix="" />
				<ArabicLexical word="جَدِيدَةٍ" lemma="جَدِيد" pos="مصرفة منتظمة" prefix="" root="جدد" pattern="فَعِيل" suffix="ة" />
			</annotation>
		</sentence>
		<sentence id="07280">
			<text>وَتُرَاعِي اَلصَّفْحَةُ أَنْ تَفْتَحَ بَابَ اَلْحُرِّيَّةِ لِلْمَوْهُوبِينَ فِي تَنَاوُلِ مَا يُرِيدُونَ مِنْ مَوَاضِيعَ تُعَبِّرُ عَنْ أَحْلَامِهِمْ وَأَفْكَارِهِمْ وَإِبْدَاعَاتِهِمْ.</text>
			<annotation>
				<ArabicLexical word="وَتُرَاعِي" lemma="أَرَاعَ" pos="مصرفة منتظمة" prefix="وَت" root="رعي" pattern="فَاعِل" suffix="" />
				<ArabicLexical word="اَلصَّفْحَةُ" lemma="صَفْحَة" pos="مصرفة منتظمة" prefix="ال" root="صفح" pattern="فَعْل" suffix="ة" />
				<ArabicLexical word="أَنْ" lemma="أَنْ" pos="جامدة" prefix="" root="أَنْ" pattern="أَنْ" suffix="" />
				<ArabicLexical word="تَفْتَحَ" lemma="فَتَحَ" pos="مصرفة منتظمة" prefix="ت" root="فتح" pattern="فْعَل" suffix="" />
				<ArabicLexical word="بَابَ" lemma="بَاب" pos="مصرفة منتظمة" prefix="" root="بوب" pattern="فَعل" suffix="" />
				<ArabicLexical word="اَلْحُرِّيَّةِ" lemma="حُرِّيَّة" pos="مصرفة منتظمة" prefix="ال" root="حرر" pattern="فُلّ" suffix="يَّة" />
				<ArabicLexical word="لِلْمَوْهُوبِينَ" lemma="مَوْهُوب" pos="مصرفة منتظمة" prefix="لِل" root="وهب" pattern="مَفْعُول" suffix="ينَ" />
				<ArabicLexical word="فِي" lemma="فِي" pos="جامدة" prefix="" root="فِي" pattern="فِي" suffix="" />
				<ArabicLexical word="تَنَاوُلِ" lemma="تَنَاوُل" pos="مصرفة منتظمة" prefix="" root="نول" pattern="تَفَاعُل" suffix="" />
				<ArabicLexical word="مَا" lemma="مَا" pos="جامدة" prefix="" root="اَلَّذِي" pattern="مَا" suffix="" />
				<ArabicLexical word="يُرِيدُونَ" lemma="أَرَادَ" pos="مصرفة منتظمة" prefix="ي" root="رود" pattern="أَفِعلَ" suffix="ونَ" />
				<ArabicLexical word="مِنْ" lemma="مِنْ" pos="جامدة" prefix="" root="مِنْ" pattern="مِنْ" suffix="" />
				<ArabicLexical word="مَوَاضِيعَ" lemma="مَوْضُوع" pos="مصرفة منتظمة" prefix="" root="وضع" pattern="مَفَاعِيل" suffix="" />
				<ArabicLexical word="تُعَبِّرُ" lemma="عَبَّرَ" pos="مصرفة منتظمة" prefix="ت" root="عبر" pattern="فَعَّلَ" suffix="" />
				<ArabicLexical word="عَنْ" lemma="عَنْ" pos="جامدة" prefix="" root="عَنْ" pattern="عَنْ" suffix="" />
				<ArabicLexical word="أَحْلَامِهِمْ" lemma="حُلْم" pos="مصرفة منتظمة" prefix="" root="حلم" pattern="أَفْعَال" suffix="همْ" />
				<ArabicLexical word="وَأَفْكَارِهِمْ" lemma="فِكْر" pos="مصرفة منتظمة" prefix="وَ" root="فكر" pattern="أَفْعَال" suffix="همْ" />
				<ArabicLexical word="وَإِبْدَاعَاتِهِمْ" lemma="إِبْدَاع" pos="مصرفة منتظمة" prefix="وَ" root="بدع" pattern="إِفْعَال" suffix="اتهمْ" />
			</annotation>
		</sentence>
		<sentence id="07281">
			<text>وَتُعَدُّ هذِهِ اَلْخِدْمَةُ اَلْأُولَى مِنْ نَوْعِهَا عَلَى شَبَكَةِ اَلْإِنْتَرْنِتْ؛ حَيْثُ تَخْلُو اَلشَّبَكَةُ مِنْ خِدْمَاتٍ مُشَابِهَةٍ.. كَمَا تَفْتَحُ اَلصَّفْحَةُ أَبْوَابَهَا لِلتَّعَاوُنِ مَعَ اَلنُّقَّادِ اَلرَّاغِبِينَ فِي اَلِانْضِمَامِ إِلَى اَلْكَوْكَبَةِ اَلزَّاخِرَةِ مِنْ اَلنُّقَّادِ اَلْمُتَطَوِّعِينَ اَلْآنَ فِي اَلصَّفْحَةِ.</text>
			<annotation>
				<ArabicLexical word="وَتُعَدُّ" lemma="عَدَّ" pos="مصرفة منتظمة" prefix="وَتُ" root="عدد" pattern="فَلّ" suffix="" />
				<ArabicLexical word="هذِهِ" lemma="ذَا" pos="جامدة" prefix="" root="ذَا" pattern="هذِهِ" suffix="" />
				<ArabicLexical word="اَلْخِدْمَةُ" lemma="خِدْمَة" pos="مصرفة منتظمة" prefix="ال" root="خدم" pattern="فِعْل" suffix="ة" />
				<ArabicLexical word="اَلْأُولَى" lemma="أَوَّل" pos="مصرفة منتظمة" prefix="ال" root="أول" pattern="فُعلَى" suffix="" />
				<ArabicLexical word="مِنْ" lemma="مِنْ" pos="جامدة" prefix="" root="مِنْ" pattern="مِنْ" suffix="" />
				<ArabicLexical word="نَوْعِهَا" lemma="نَوْع" pos="مصرفة منتظمة" prefix="" root="نوع" pattern="فَعْل" suffix="هَا" />
				<ArabicLexical word="عَلَى" lemma="عَلَى" pos="جامدة" prefix="" root="عَلَى" pattern="عَلَى" suffix="" />
				<ArabicLexical word="شَبَكَةِ" lemma="شَبَكَة" pos="مصرفة منتظمة" prefix="" root="شبك" pattern="فَعَل" suffix="ة" />
				<ArabicLexical word="اَلْإِنْتَرْنِتْ" lemma="إِنْتَرْنِت" pos="غير عربية" prefix="" root="" pattern="" suffix="" />
				<ArabicLexical word="حَيْثُ" lemma="حَيْثُ" pos="جامدة" prefix="" root="حَيْثُ" pattern="حَيْثُ" suffix="" />
				<ArabicLexical word="تَخْلُو" lemma="خَلَا" pos="مصرفة منتظمة" prefix="ت" root="خلو" pattern="فْعُل" suffix="" />
				<ArabicLexical word="اَلشَّبَكَةُ" lemma="شَبَكَة" pos="مصرفة منتظمة" prefix="ال" root="شبك" pattern="فَعَل" suffix="ة" />
				<ArabicLexical word="مِنْ" lemma="مِنْ" pos="جامدة" prefix="" root="مِنْ" pattern="مِنْ" suffix="" />
				<ArabicLexical word="خِدْمَاتٍ" lemma="خِدْمَة" pos="مصرفة منتظمة" prefix="" root="خدم" pattern="فِعْل" suffix="ات" />
				<ArabicLexical word="مُشَابِهَةٍ" lemma="مُشَابِه" pos="مصرفة منتظمة" prefix="" root="شبه" pattern="مُفَاعِل" suffix="ة" />
				<ArabicLexical word="كَمَا" lemma="مَا" pos="جامدة" prefix="كَ" root="اَلَّذِي" pattern="مَا" suffix="" />
				<ArabicLexical word="تَفْتَحُ" lemma="فَتَحَ" pos="مصرفة منتظمة" prefix="ت" root="فتح" pattern="فْعَل" suffix="" />
				<ArabicLexical word="اَلصَّفْحَةُ" lemma="صَفْحَة" pos="مصرفة منتظمة" prefix="ال" root="صفح" pattern="فَعْل" suffix="ة" />
				<ArabicLexical word="أَبْوَابَهَا" lemma="بَاب" pos="مصرفة منتظمة" prefix="" root="بوب" pattern="أَفْعَال" suffix="هَا" />
				<ArabicLexical word="لِلتَّعَاوُنِ" lemma="تَعَاوُن" pos="مصرفة منتظمة" prefix="لِل" root="عون" pattern="تَفَاعُل" suffix="" />
				<ArabicLexical word="مَعَ" lemma="مَعَ" pos="جامدة" prefix="" root="مَعَ" pattern="مَعَ" suffix="" />
				<ArabicLexical word="اَلنُّقَّادِ" lemma="نَاقِد" pos="مصرفة منتظمة" prefix="ال" root="نقد" pattern="فُعَّال" suffix="" />
				<ArabicLexical word="اَلرَّاغِبِينَ" lemma="رَاغِب" pos="مصرفة منتظمة" prefix="ال" root="رغب" pattern="فَاعِل" suffix="ينَ" />
				<ArabicLexical word="فِي" lemma="فِي" pos="جامدة" prefix="" root="فِي" pattern="فِي" suffix="" />
				<ArabicLexical word="اَلِانْضِمَامِ" lemma="انْضِمَام" pos="مصرفة منتظمة" prefix="ال" root="ضمم" pattern="اِنْفِعَال" suffix="" />
				<ArabicLexical word="إِلَى" lemma="إِلَى" pos="جامدة" prefix="" root="إِلَى" pattern="إِلَى" suffix="" />
				<ArabicLexical word="اَلْكَوْكَبَةِ" lemma="كَوْكَبَة" pos="مصرفة منتظمة" prefix="ال" root="كوكب" pattern="فَعْلَل" suffix="ة" />
				<ArabicLexical word="اَلزَّاخِرَةِ" lemma="زَاخِر" pos="مصرفة منتظمة" prefix="ال" root="زخر" pattern="فَاعِل" suffix="ة" />
				<ArabicLexical word="مِنْ" lemma="مِنْ" pos="جامدة" prefix="" root="مِنْ" pattern="مِنْ" suffix="" />
				<ArabicLexical word="اَلنُّقَّادِ" lemma="نَاقِد" pos="مصرفة منتظمة" prefix="ال" root="نقد" pattern="فُعَّال" suffix="" />
				<ArabicLexical word="اَلْمُتَطَوِّعِينَ" lemma="مُتَطَوِّع" pos="مصرفة منتظمة" prefix="ال" root="طوع" pattern="مُتَفَعِّل" suffix="ينَ" />
				<ArabicLexical word="اَلْآنَ" lemma="آن" pos="مصرفة منتظمة" prefix="ال" root="أون" pattern="فَعل" suffix="" />
				<ArabicLexical word="فِي" lemma="فِي" pos="جامدة" prefix="" root="فِي" pattern="فِي" suffix="" />
				<ArabicLexical word="اَلصَّفْحَةِ" lemma="صَفْحَة" pos="مصرفة منتظمة" prefix="ال" root="صفح" pattern="فَعْل" suffix="ة" />
			</annotation>
		</sentence>
		<sentence id="07282">
			<text>وَمِنْ اَلْمُقَرَّرِ أَنْ تَتَوَسَّعَ خِدْمَاتُ اَلصَّفْحَةِ لِتَشْمَلَ أَبْوَابًا جَدِيدَةً فِي اَلْإِبْدَاعِ لِتُسَاهِمَ فِي صِنَاعَةِ نُجُومٍ جُدُدٍ مِنْ اَلشَّبَابِ وَالشَّابَّاتِ اَلْوَاعِدِينَ وَالْوَاعِدَاتِ</text>
			<annotation>
				<ArabicLexical word="وَمِنْ" lemma="مِنْ" pos="جامدة" prefix="وَ" root="مِنْ" pattern="مِنْ" suffix="" />
				<ArabicLexical word="اَلْمُقَرَّرِ" lemma="مُقَرَّر" pos="مصرفة منتظمة" prefix="ال" root="قرر" pattern="مُفَعَّل" suffix="" />
				<ArabicLexical word="أَنْ" lemma="أَنْ" pos="جامدة" prefix="" root="أَنْ" pattern="أَنْ" suffix="" />
				<ArabicLexical word="تَتَوَسَّعَ" lemma="تَوَسَّعَ" pos="مصرفة منتظمة" prefix="ت" root="وسع" pattern="تَفَعَّلَ" suffix="" />
				<ArabicLexical word="خِدْمَاتُ" lemma="خِدْمَة" pos="مصرفة منتظمة" prefix="" root="خدم" pattern="فِعْل" suffix="ات" />
				<ArabicLexical word="اَلصَّفْحَةِ" lemma="صَفْحَة" pos="مصرفة منتظمة" prefix="ال" root="صفح" pattern="فَعْل" suffix="ة" />
				<ArabicLexical word="لِتَشْمَلَ" lemma="شَمِلَ" pos="مصرفة منتظمة" prefix="لِت" root="شمل" pattern="فْعَل" suffix="" />
				<ArabicLexical word="أَبْوَابًا" lemma="بَاب" pos="مصرفة منتظمة" prefix="" root="بوب" pattern="أَفْعَال" suffix="" />
				<ArabicLexical word="جَدِيدَةً" lemma="جَدِيد" pos="مصرفة منتظمة" prefix="" root="جدد" pattern="فَعِيل" suffix="ة" />
				<ArabicLexical word="فِي" lemma="فِي" pos="جامدة" prefix="" root="فِي" pattern="فِي" suffix="" />
				<ArabicLexical word="اَلْإِبْدَاعِ" lemma="إِبْدَاع" pos="مصرفة منتظمة" prefix="ال" root="بدع" pattern="إِفْعَال" suffix="" />
				<ArabicLexical word="لِتُسَاهِمَ" lemma="سَاهَمَ" pos="مصرفة منتظمة" prefix="لِت" root="سهم" pattern="فَاعَلَ" suffix="" />
				<ArabicLexical word="فِي" lemma="فِي" pos="جامدة" prefix="" root="فِي" pattern="فِي" suffix="" />
				<ArabicLexical word="صِنَاعَةِ" lemma="صِنَاعَة" pos="مصرفة منتظمة" prefix="" root="صنع" pattern="فِعَال" suffix="ة" />
				<ArabicLexical word="نُجُومٍ" lemma="نَجْم" pos="مصرفة منتظمة" prefix="" root="نجم" pattern="فُعُول" suffix="" />
				<ArabicLexical word="جُدُدٍ" lemma="جَدِيد" pos="مصرفة منتظمة" prefix="" root="جدد" pattern="فُعُل" suffix="" />
				<ArabicLexical word="مِنْ" lemma="مِنْ" pos="جامدة" prefix="" root="مِنْ" pattern="مِنْ" suffix="" />
				<ArabicLexical word="اَلشَّبَابِ" lemma="شَبَاب" pos="مصرفة منتظمة" prefix="ال" root="شبب" pattern="فَعَال" suffix="" />
				<ArabicLexical word="وَالشَّابَّاتِ" lemma="شَابّ" pos="مصرفة منتظمة" prefix="وَال" root="شبب" pattern="فَالّ" suffix="ات" />
				<ArabicLexical word="اَلْوَاعِدِينَ" lemma="وَاعِد" pos="مصرفة منتظمة" prefix="ال" root="وعد" pattern="فَاعِل" suffix="ينَ" />
				<ArabicLexical word="وَالْوَاعِدَاتِ" lemma="وَاعِد" pos="مصرفة منتظمة" prefix="وَال" root="وعد" pattern="فَاعِل" suffix="ات" />
			</annotation>
		</sentence>
	</FILE>
	</NEMLAR>