<NEMLAR><FILE name="GeneralNews" number="073">
		<sentence id="07191">
			<text>?اَلرَّحْبَانِيَّةُ.. يَأْخُذُونَ اَلْمُتَنَبِّيَ إِلَى بَعَلْبَكْ!</text>
			<annotation>
				<ArabicLexical word="اَلرَّحْبَانِيَّةُ" lemma="رَحْبَانِيّ" pos="مصرفة منتظمة" prefix="ال" root="رحب" pattern="فَعْلَان" suffix="يَّة" />
				<ArabicLexical word="يَأْخُذُونَ" lemma="أَخَذَ" pos="مصرفة منتظمة" prefix="ي" root="أخذ" pattern="فْعُل" suffix="ونَ" />
				<ArabicLexical word="اَلْمُتَنَبِّيَ" lemma="مُتَنَبّ" pos="مصرفة منتظمة" prefix="ال" root="نبو" pattern="مُتَفَعِّل" suffix="" />
				<ArabicLexical word="إِلَى" lemma="إِلَى" pos="جامدة" prefix="" root="إِلَى" pattern="إِلَى" suffix="" />
				<ArabicLexical word="بَعَلْبَكْ" lemma="بَعَلْبَك" pos="غير عربية" prefix="" root="" pattern="" suffix="" />
			</annotation>
		</sentence>
		<sentence id="07192">
			<text>لُبْنَانُ  رُبَى كَبَّارَةَ  إ ف ب  إِسْلَامْ أُونْ لَايْنْ.نِتْ/6-7-2001</text>
			<annotation>
				<ArabicLexical word="لُبْنَانُ" lemma="لُبْنَان" pos="معربة" prefix="" root="لُبْنَان" pattern="لُبْنَان" suffix="" />
				<ArabicLexical word="" lemma="+" pos="غير عربية" prefix="" root="" pattern="" suffix="" />
				<ArabicLexical word="رُبَى" lemma="" pos="غير عربية" prefix="" root="" pattern="" suffix="" />
				<ArabicLexical word="كَبَّارَةَ" lemma="كَبَّارَة" pos="مصرفة منتظمة" prefix="" root="كبر" pattern="فَعَّال" suffix="ة" />
				<ArabicLexical word="" lemma="+" pos="غير عربية" prefix="" root="" pattern="" suffix="" />
				<ArabicLexical word="إ" lemma="+" pos="غير عربية" prefix="" root="" pattern="" suffix="" />
				<ArabicLexical word="ف" lemma="+" pos="غير عربية" prefix="" root="" pattern="" suffix="" />
				<ArabicLexical word="ب" lemma="+" pos="غير عربية" prefix="" root="" pattern="" suffix="" />
				<ArabicLexical word="" lemma="+" pos="غير عربية" prefix="" root="" pattern="" suffix="" />
				<ArabicLexical word="إِسْلَامْ" lemma="إِسْلَام" pos="غير عربية" prefix="" root="" pattern="" suffix="" />
				<ArabicLexical word="أُونْ" lemma="أُونْ" pos="غير عربية" prefix="" root="" pattern="" suffix="" />
				<ArabicLexical word="لَايْنْ" lemma="+" pos="غير عربية" prefix="" root="" pattern="" suffix="" />
				<ArabicLexical word="نِتْ" lemma="نِت" pos="غير عربية" prefix="" root="" pattern="" suffix="" />
			</annotation>
		</sentence>
		<sentence id="07193">
			<text> </text>
			<annotation>
			</annotation>
		</sentence>
		<sentence id="07194">
			<text> </text>
			<annotation>
			</annotation>
		</sentence>
		<sentence id="07195">
			<text>أَضَاءَ حُضُورُ شَاعِرِ اَلْعَرَبِ اَلشَّهِيرِ أَبِي اَلطَّيِّبِ اَلْمُتَنَبِّي - اَلْقَرْنُ اَلْعَاشِرُ اَلْهِجْرِيُّ - عَتَمَةَ هَيْكَلِ جُوبِيتَرْ فِي قَلْعَةِ بَعَلْبَكْ اَلرُّومَانِيَّةِ اَلْأَثَرِيَّةِ بِلُبْنَانَ فِي مَسْرَحِيَّةٍ غِنَائِيَّةٍ تَارِيخِيَّةٍ مَلْحَمِيَّةٍ ضَخْمَةٍ أَعَدَّهَا اَلْمَسْرَحِيُّ اَللُّبْنَانِيُّ مَنْصُورٌ اَلرَّحْبَانِيُّ وَبَاشَرَ عَرْضَهَا مَسَاءَ اَلْخَمِيسِ 5/7/2001. وَعَلَى مَدَى ثَلَاثِ سَاعَاتٍ حَوَّلَ اَلرَّحْبَانِيُّ أَدْرَاجَ مَعْبَدِ جُوبِيتَرْ مِنْ دَوْلَةٍ إِلَى أُخْرَى شَهِدَتْ تِرْحَالَ شَاعِرِ اَلْخَيْلِ وَاللَّيْلِ وَالْبَيْدَاءِ شَاهِرًا كَلِمَتَهُ أَمَامَ اَلْحُكَّامِ مَدِيحًا حِينًا وَهِجَاءً حِينًا آخَرَ؛ بَحْثًا عَنْ إِمَارَةٍ يَتَوَلَّاهَا، وَلَقِيَ حَتْفَهُ دُونَ اَلْوُصُولِ إِلَيْهَا.</text>
			<annotation>
				<ArabicLexical word="أَضَاءَ" lemma="أَضَاءَ" pos="مصرفة منتظمة" prefix="" root="ضوأ" pattern="أَفَعلَ" suffix="" />
				<ArabicLexical word="حُضُورُ" lemma="حُضُور" pos="مصرفة منتظمة" prefix="" root="حضر" pattern="فُعُول" suffix="" />
				<ArabicLexical word="شَاعِرِ" lemma="شَاعِر" pos="مصرفة منتظمة" prefix="" root="شعر" pattern="فَاعِل" suffix="" />
				<ArabicLexical word="اَلْعَرَبِ" lemma="عَرَبِيّ" pos="مصرفة منتظمة" prefix="ال" root="عرب" pattern="فَعَل" suffix="" />
				<ArabicLexical word="اَلشَّهِيرِ" lemma="شَهِير" pos="مصرفة منتظمة" prefix="ال" root="شهر" pattern="فَعِيل" suffix="" />
				<ArabicLexical word="أَبِي" lemma="أَب" pos="استثناء صرفي" prefix="" root="أبو" pattern="أَبِي" suffix="" />
				<ArabicLexical word="اَلطَّيِّبِ" lemma="طَيِّب" pos="مصرفة منتظمة" prefix="ال" root="طيب" pattern="فَعِّل" suffix="" />
				<ArabicLexical word="اَلْمُتَنَبِّي" lemma="مُتَنَبِّيّ" pos="مصرفة منتظمة" prefix="ال" root="نبو" pattern="مُتَفَعِّل" suffix="" />
				<ArabicLexical word="اَلْقَرْنُ" lemma="قَرْن" pos="مصرفة منتظمة" prefix="ال" root="قرن" pattern="فَعْل" suffix="" />
				<ArabicLexical word="اَلْعَاشِرُ" lemma="عَاشِر" pos="مصرفة منتظمة" prefix="ال" root="عشر" pattern="فَاعِل" suffix="" />
				<ArabicLexical word="اَلْهِجْرِيُّ" lemma="هِجْرِيّ" pos="مصرفة منتظمة" prefix="ال" root="هجر" pattern="فِعْل" suffix="يّ" />
				<ArabicLexical word="عَتَمَةَ" lemma="عَتَمَة" pos="مصرفة منتظمة" prefix="" root="عتم" pattern="فَعَل" suffix="ة" />
				<ArabicLexical word="هَيْكَلِ" lemma="هَيْكَل" pos="مصرفة منتظمة" prefix="" root="هيكل" pattern="فَعْلَل" suffix="" />
				<ArabicLexical word="جُوبِيتَرْ" lemma="" pos="غير عربية" prefix="" root="" pattern="" suffix="" />
				<ArabicLexical word="فِي" lemma="فِي" pos="جامدة" prefix="" root="فِي" pattern="فِي" suffix="" />
				<ArabicLexical word="قَلْعَةِ" lemma="قَلْعَة" pos="مصرفة منتظمة" prefix="" root="قلع" pattern="فَعْل" suffix="ة" />
				<ArabicLexical word="بَعَلْبَكْ" lemma="بَعَلْبَك" pos="غير عربية" prefix="" root="" pattern="" suffix="" />
				<ArabicLexical word="اَلرُّومَانِيَّةِ" lemma="رُومَانِيّ" pos="غير عربية" prefix="" root="" pattern="" suffix="" />
				<ArabicLexical word="اَلْأَثَرِيَّةِ" lemma="أَثَرِيّ" pos="مصرفة منتظمة" prefix="ال" root="أثر" pattern="فَعَل" suffix="يَّة" />
				<ArabicLexical word="بِلُبْنَانَ" lemma="لُبْنَان" pos="معربة" prefix="بِ" root="لُبْنَان" pattern="لُبْنَان" suffix="" />
				<ArabicLexical word="فِي" lemma="فِي" pos="جامدة" prefix="" root="فِي" pattern="فِي" suffix="" />
				<ArabicLexical word="مَسْرَحِيَّةٍ" lemma="مَسْرَحِيَّة" pos="مصرفة منتظمة" prefix="" root="سرح" pattern="مَفْعَل" suffix="يَّة" />
				<ArabicLexical word="غِنَائِيَّةٍ" lemma="غِنَائِيّ" pos="مصرفة منتظمة" prefix="" root="غني" pattern="فِعَال" suffix="يَّة" />
				<ArabicLexical word="تَارِيخِيَّةٍ" lemma="تَارِيخِيّ" pos="استثناء صرفي" prefix="" root="أرخ" pattern="تَارِيخ" suffix="يَّة" />
				<ArabicLexical word="مَلْحَمِيَّةٍ" lemma="مَلْحَمِيّ" pos="مصرفة منتظمة" prefix="" root="لحم" pattern="مَفْعَل" suffix="يَّة" />
				<ArabicLexical word="ضَخْمَةٍ" lemma="ضَخْم" pos="مصرفة منتظمة" prefix="" root="ضخم" pattern="فَعْل" suffix="ة" />
				<ArabicLexical word="أَعَدَّهَا" lemma="أَعَدَّ" pos="مصرفة منتظمة" prefix="" root="عدد" pattern="أَفَلَّ" suffix="هَا" />
				<ArabicLexical word="اَلْمَسْرَحِيُّ" lemma="مَسْرَحِيّ" pos="مصرفة منتظمة" prefix="ال" root="سرح" pattern="مَفْعَل" suffix="يّ" />
				<ArabicLexical word="اَللُّبْنَانِيُّ" lemma="لُبْنَانِيّ" pos="معربة" prefix="ال" root="لُبْنَان" pattern="لُبْنَان" suffix="يّ" />
				<ArabicLexical word="مَنْصُورٌ" lemma="مَنْصُور" pos="مصرفة منتظمة" prefix="" root="نصر" pattern="مَفْعُول" suffix="" />
				<ArabicLexical word="اَلرَّحْبَانِيُّ" lemma="رَحْبَانِيّ" pos="مصرفة منتظمة" prefix="ال" root="رحب" pattern="فَعْلَان" suffix="يّ" />
				<ArabicLexical word="وَبَاشَرَ" lemma="بَاشَرَ" pos="مصرفة منتظمة" prefix="وَ" root="بشر" pattern="فَاعَلَ" suffix="" />
				<ArabicLexical word="عَرْضَهَا" lemma="عَرْض" pos="مصرفة منتظمة" prefix="" root="عرض" pattern="فَعْل" suffix="هَا" />
				<ArabicLexical word="مَسَاءَ" lemma="مَسَاء" pos="مصرفة منتظمة" prefix="" root="مسو" pattern="فَعَال" suffix="" />
				<ArabicLexical word="اَلْخَمِيسِ" lemma="خَمِيس" pos="مصرفة منتظمة" prefix="ال" root="خمس" pattern="فَعِيل" suffix="" />
				<ArabicLexical word="وَعَلَى" lemma="عَلَى" pos="جامدة" prefix="وَ" root="عَلَى" pattern="عَلَى" suffix="" />
				<ArabicLexical word="مَدَى" lemma="مَدَى" pos="مصرفة منتظمة" prefix="" root="مدي" pattern="فَعَل" suffix="" />
				<ArabicLexical word="ثَلَاثِ" lemma="ثَلَاث" pos="مصرفة منتظمة" prefix="" root="ثلث" pattern="فَعَال" suffix="" />
				<ArabicLexical word="سَاعَاتٍ" lemma="سَاعَة" pos="مصرفة منتظمة" prefix="" root="سوع" pattern="فَعل" suffix="ات" />
				<ArabicLexical word="حَوَّلَ" lemma="حَوَّلَ" pos="مصرفة منتظمة" prefix="" root="حول" pattern="فَعَّلَ" suffix="" />
				<ArabicLexical word="اَلرَّحْبَانِيُّ" lemma="رَحْبَانِيّ" pos="مصرفة منتظمة" prefix="ال" root="رحب" pattern="فَعْلَان" suffix="يّ" />
				<ArabicLexical word="أَدْرَاجَ" lemma="دُرْج" pos="مصرفة منتظمة" prefix="" root="درج" pattern="أَفْعَال" suffix="" />
				<ArabicLexical word="مَعْبَدِ" lemma="مَعْبَد" pos="مصرفة منتظمة" prefix="" root="عبد" pattern="مَفْعَل" suffix="" />
				<ArabicLexical word="جُوبِيتَرْ" lemma="" pos="غير عربية" prefix="" root="" pattern="" suffix="" />
				<ArabicLexical word="مِنْ" lemma="مِنْ" pos="جامدة" prefix="" root="مِنْ" pattern="مِنْ" suffix="" />
				<ArabicLexical word="دَوْلَةٍ" lemma="دَوْلَة" pos="مصرفة منتظمة" prefix="" root="دول" pattern="فَعْل" suffix="ة" />
				<ArabicLexical word="إِلَى" lemma="إِلَى" pos="جامدة" prefix="" root="إِلَى" pattern="إِلَى" suffix="" />
				<ArabicLexical word="أُخْرَى" lemma="أُخْرَى" pos="مصرفة منتظمة" prefix="" root="أخر" pattern="فُعْلَى" suffix="" />
				<ArabicLexical word="شَهِدَتْ" lemma="شَهِدَ" pos="مصرفة منتظمة" prefix="" root="شهد" pattern="فَعِلَ" suffix="تْ" />
				<ArabicLexical word="تِرْحَالَ" lemma="تِرْحَال" pos="مصرفة منتظمة" prefix="" root="رحل" pattern="تِفْعَال" suffix="" />
				<ArabicLexical word="شَاعِرِ" lemma="شَاعِر" pos="مصرفة منتظمة" prefix="" root="شعر" pattern="فَاعِل" suffix="" />
				<ArabicLexical word="اَلْخَيْلِ" lemma="خَيْل" pos="مصرفة منتظمة" prefix="ال" root="خيل" pattern="فَعْل" suffix="" />
				<ArabicLexical word="وَاللَّيْلِ" lemma="لَيْل" pos="مصرفة منتظمة" prefix="وَال" root="ليل" pattern="فَعْل" suffix="" />
				<ArabicLexical word="وَالْبَيْدَاءِ" lemma="بَيْدَاء" pos="مصرفة منتظمة" prefix="وَال" root="بيد" pattern="فَعْلَاء" suffix="" />
				<ArabicLexical word="شَاهِرًا" lemma="شَاهِر" pos="مصرفة منتظمة" prefix="" root="شهر" pattern="فَاعِل" suffix="" />
				<ArabicLexical word="كَلِمَتَهُ" lemma="كَلِمَة" pos="مصرفة منتظمة" prefix="" root="كلم" pattern="فَعِل" suffix="ته" />
				<ArabicLexical word="أَمَامَ" lemma="أَمَامَ" pos="مصرفة منتظمة" prefix="" root="أمم" pattern="فَعَال" suffix="" />
				<ArabicLexical word="اَلْحُكَّامِ" lemma="حَاكِم" pos="مصرفة منتظمة" prefix="ال" root="حكم" pattern="فُعَّال" suffix="" />
				<ArabicLexical word="مَدِيحًا" lemma="مَدِيح" pos="مصرفة منتظمة" prefix="" root="مدح" pattern="فَعِيل" suffix="" />
				<ArabicLexical word="حِينًا" lemma="حِين" pos="مصرفة منتظمة" prefix="" root="حين" pattern="فِعل" suffix="" />
				<ArabicLexical word="وَهِجَاءً" lemma="هِجَاء" pos="مصرفة منتظمة" prefix="وَ" root="هجو" pattern="فِعَال" suffix="" />
				<ArabicLexical word="حِينًا" lemma="حِين" pos="مصرفة منتظمة" prefix="" root="حين" pattern="فِعل" suffix="" />
				<ArabicLexical word="آخَرَ" lemma="آخَر" pos="مصرفة منتظمة" prefix="" root="أخر" pattern="أَفعَل" suffix="" />
				<ArabicLexical word="بَحْثًا" lemma="بَحْث" pos="مصرفة منتظمة" prefix="" root="بحث" pattern="فَعْل" suffix="" />
				<ArabicLexical word="عَنْ" lemma="عَنْ" pos="جامدة" prefix="" root="عَنْ" pattern="عَنْ" suffix="" />
				<ArabicLexical word="إِمَارَةٍ" lemma="إِمَارَة" pos="مصرفة منتظمة" prefix="" root="أمر" pattern="فِعَال" suffix="ة" />
				<ArabicLexical word="يَتَوَلَّاهَا" lemma="تَوَلَّى" pos="مصرفة منتظمة" prefix="ي" root="ولي" pattern="تَفَعَّل" suffix="هَا" />
				<ArabicLexical word="وَلَقِيَ" lemma="لَقِيَ" pos="مصرفة منتظمة" prefix="وَ" root="لقي" pattern="فَعِلَ" suffix="" />
				<ArabicLexical word="حَتْفَهُ" lemma="حَتْف" pos="مصرفة منتظمة" prefix="" root="حتف" pattern="فَعْل" suffix="ه" />
				<ArabicLexical word="دُونَ" lemma="دُون" pos="جامدة" prefix="" root="دُونَ" pattern="دُونَ" suffix="" />
				<ArabicLexical word="اَلْوُصُولِ" lemma="وُصُول" pos="مصرفة منتظمة" prefix="ال" root="وصل" pattern="فُعُول" suffix="" />
				<ArabicLexical word="إِلَيْهَا" lemma="إِلَى" pos="جامدة" prefix="" root="إِلَى" pattern="إِلَيْ" suffix="هَا" />
			</annotation>
		</sentence>
		<sentence id="07196">
			<text>لَمْ يُقَدِّمْ اَلرَّحَابِنَةُ سَرْدًا تَارِيخِيًّا لِحَيَاةِ اَلْمُتَنَبِّي مُتَنَقِّلًا بَيْنَ اَلْكُوفَةِ وَبَغْدَادَ وَحَلَبَ وَمِصْرَ وَشِيرَازْ، بَلْ قَدَّمُوهُ مُتَنَبِّيًا عَاشِقًا تَفُوحُ مِنْهُ نَرْجِسِيَّةُ اَلشَّاعِرِ، وَلَا يَخْتَزِلُهُ اَلطُّمُوحُ إِلَى اَلْإِمَارَةِ، وَذلِكَ فِي سِيَاقٍ دِرَامِيٍّ يَعْتَمِدُ اَللُّغَةَ اَلْفُصْحَى.</text>
			<annotation>
				<ArabicLexical word="لَمْ" lemma="لَمْ" pos="جامدة" prefix="" root="لَمْ" pattern="لَمْ" suffix="" />
				<ArabicLexical word="يُقَدِّمْ" lemma="قَدَّمَ" pos="مصرفة منتظمة" prefix="ي" root="قدم" pattern="فَعَّلَ" suffix="" />
				<ArabicLexical word="اَلرَّحَابِنَةُ" lemma="رَحَابِنَة" pos="غير عربية" prefix="" root="" pattern="" suffix="" />
				<ArabicLexical word="سَرْدًا" lemma="سَرْد" pos="مصرفة منتظمة" prefix="" root="سرد" pattern="فَعْل" suffix="" />
				<ArabicLexical word="تَارِيخِيًّا" lemma="تَارِيخِيّ" pos="استثناء صرفي" prefix="" root="أرخ" pattern="تَارِيخ" suffix="يّ" />
				<ArabicLexical word="لِحَيَاةِ" lemma="حَيَاة" pos="مصرفة منتظمة" prefix="لِ" root="حيي" pattern="فَعَل" suffix="ة" />
				<ArabicLexical word="اَلْمُتَنَبِّي" lemma="مُتَنَبِّيّ" pos="مصرفة منتظمة" prefix="ال" root="نبو" pattern="مُتَفَعِّل" suffix="" />
				<ArabicLexical word="مُتَنَقِّلًا" lemma="مُتَنَقِّل" pos="مصرفة منتظمة" prefix="" root="نقل" pattern="مُتَفَعِّل" suffix="" />
				<ArabicLexical word="بَيْنَ" lemma="بَيْنَ" pos="مصرفة منتظمة" prefix="" root="بين" pattern="فَعْل" suffix="" />
				<ArabicLexical word="اَلْكُوفَةِ" lemma="كُوفَة" pos="مصرفة منتظمة" prefix="ال" root="كوف" pattern="فُعل" suffix="ة" />
				<ArabicLexical word="وَبَغْدَادَ" lemma="بَغْدَاد" pos="مصرفة منتظمة" prefix="وَ" root="بغدد" pattern="فَعْلَال" suffix="" />
				<ArabicLexical word="وَحَلَبَ" lemma="حَلَب" pos="مصرفة منتظمة" prefix="وَ" root="حلب" pattern="فَعَل" suffix="" />
				<ArabicLexical word="وَمِصْرَ" lemma="مِصْر" pos="مصرفة منتظمة" prefix="وَ" root="مصر" pattern="فِعْل" suffix="" />
				<ArabicLexical word="وَشِيرَازْ" lemma="+" pos="غير عربية" prefix="" root="" pattern="" suffix="" />
				<ArabicLexical word="بَلْ" lemma="بَلْ" pos="جامدة" prefix="" root="بَلْ" pattern="بَلْ" suffix="" />
				<ArabicLexical word="قَدَّمُوهُ" lemma="قَدَّمَ" pos="مصرفة منتظمة" prefix="" root="قدم" pattern="فَعَّلَ" suffix="وهُ" />
				<ArabicLexical word="مُتَنَبِّيًا" lemma="مُتَنَبّ" pos="مصرفة منتظمة" prefix="" root="نبو" pattern="مُتَفَعِّل" suffix="" />
				<ArabicLexical word="عَاشِقًا" lemma="عَاشِق" pos="مصرفة منتظمة" prefix="" root="عشق" pattern="فَاعِل" suffix="" />
				<ArabicLexical word="تَفُوحُ" lemma="فَاحَ" pos="مصرفة منتظمة" prefix="ت" root="فوح" pattern="فُعل" suffix="" />
				<ArabicLexical word="مِنْهُ" lemma="مِنْ" pos="جامدة" prefix="" root="مِنْ" pattern="مِنْ" suffix="ه" />
				<ArabicLexical word="نَرْجِسِيَّةُ" lemma="" pos="غير عربية" prefix="" root="" pattern="" suffix="" />
				<ArabicLexical word="اَلشَّاعِرِ" lemma="شَاعِر" pos="مصرفة منتظمة" prefix="ال" root="شعر" pattern="فَاعِل" suffix="" />
				<ArabicLexical word="وَلَا" lemma="لَا" pos="جامدة" prefix="وَ" root="لَا" pattern="لَا" suffix="" />
				<ArabicLexical word="يَخْتَزِلُهُ" lemma="اخْتَزَلَ" pos="مصرفة منتظمة" prefix="ي" root="خزل" pattern="اِفْتَعَلَ" suffix="ه" />
				<ArabicLexical word="اَلطُّمُوحُ" lemma="طُمُوح" pos="مصرفة منتظمة" prefix="ال" root="طمح" pattern="فُعُول" suffix="" />
				<ArabicLexical word="إِلَى" lemma="إِلَى" pos="جامدة" prefix="" root="إِلَى" pattern="إِلَى" suffix="" />
				<ArabicLexical word="اَلْإِمَارَةِ" lemma="إِمَارَة" pos="مصرفة منتظمة" prefix="ال" root="أمر" pattern="فِعَال" suffix="ة" />
				<ArabicLexical word="وَذلِكَ" lemma="ذَا" pos="جامدة" prefix="وَ" root="ذَا" pattern="ذلِ" suffix="كَ" />
				<ArabicLexical word="فِي" lemma="فِي" pos="جامدة" prefix="" root="فِي" pattern="فِي" suffix="" />
				<ArabicLexical word="سِيَاقٍ" lemma="سِيَاق" pos="مصرفة منتظمة" prefix="" root="سوق" pattern="فِعَال" suffix="" />
				<ArabicLexical word="دِرَامِيٍّ" lemma="دِرَام" pos="غير عربية" prefix="" root="" pattern="" suffix="" />
				<ArabicLexical word="يَعْتَمِدُ" lemma="اعْتَمَدَ" pos="مصرفة منتظمة" prefix="ي" root="عمد" pattern="اِفْتَعَلَ" suffix="" />
				<ArabicLexical word="اَللُّغَةَ" lemma="لُغَة" pos="استثناء صرفي" prefix="ال" root="لغو" pattern="لُغَ" suffix="ة" />
				<ArabicLexical word="اَلْفُصْحَى" lemma="فُصْحَى" pos="مصرفة منتظمة" prefix="ال" root="فصح" pattern="فُعْلَى" suffix="" />
			</annotation>
		</sentence>
		<sentence id="07197">
			<text>جَاءَتْ شَخْصِيَّةُ اَلشَّاعِرِ جِسْرًا لِتَمْجِيدِ اَلْكَلِمَةِ كَصَانِعَةٍ لِلْأَحْدَاثِ وَالتَّارِيخِ يَخْتَصِرُهَا اَلرَّحْبَانِيُّ فِي عِبَارَةٍ تَقُولُهَا اِمْرَأَةٌ لِلْمُتَنَبِّي قَبْلَ بَدْءِ تِرْحَالِهِ سَتَكُونُ لَكَ إِمَارَةٌ لَا تَنْتَهِي، وَسَيَسْطَعُ اِسْمُكَ عَالِيًا بَعْدَ زَوَالِ أَسْمَاءِ اَلْمُلُوكِ.</text>
			<annotation>
				<ArabicLexical word="جَاءَتْ" lemma="جَاءَ" pos="مصرفة منتظمة" prefix="" root="جيأ" pattern="فَعلَ" suffix="تْ" />
				<ArabicLexical word="شَخْصِيَّةُ" lemma="شَخْصِيّ" pos="مصرفة منتظمة" prefix="" root="شخص" pattern="فَعْل" suffix="يَّة" />
				<ArabicLexical word="اَلشَّاعِرِ" lemma="شَاعِر" pos="مصرفة منتظمة" prefix="ال" root="شعر" pattern="فَاعِل" suffix="" />
				<ArabicLexical word="جِسْرًا" lemma="جِسْر" pos="مصرفة منتظمة" prefix="" root="جسر" pattern="فِعْل" suffix="" />
				<ArabicLexical word="لِتَمْجِيدِ" lemma="تَمْجِيد" pos="مصرفة منتظمة" prefix="لِ" root="مجد" pattern="تَفْعِيل" suffix="" />
				<ArabicLexical word="اَلْكَلِمَةِ" lemma="كَلِمَة" pos="مصرفة منتظمة" prefix="ال" root="كلم" pattern="فَعِل" suffix="ة" />
				<ArabicLexical word="كَصَانِعَةٍ" lemma="صَانِع" pos="مصرفة منتظمة" prefix="كَ" root="صنع" pattern="فَاعِل" suffix="ة" />
				<ArabicLexical word="لِلْأَحْدَاثِ" lemma="حَدَث" pos="مصرفة منتظمة" prefix="لِل" root="حدث" pattern="أَفْعَال" suffix="" />
				<ArabicLexical word="وَالتَّارِيخِ" lemma="تَارِيخ" pos="استثناء صرفي" prefix="وَال" root="أرخ" pattern="تَارِيخ" suffix="" />
				<ArabicLexical word="يَخْتَصِرُهَا" lemma="اخْتَصَرَ" pos="مصرفة منتظمة" prefix="ي" root="خصر" pattern="اِفْتَعَلَ" suffix="هَا" />
				<ArabicLexical word="اَلرَّحْبَانِيُّ" lemma="رَحْبَانِيّ" pos="مصرفة منتظمة" prefix="ال" root="رحب" pattern="فَعْلَان" suffix="يّ" />
				<ArabicLexical word="فِي" lemma="فِي" pos="جامدة" prefix="" root="فِي" pattern="فِي" suffix="" />
				<ArabicLexical word="عِبَارَةٍ" lemma="عِبَارَة" pos="مصرفة منتظمة" prefix="" root="عبر" pattern="فِعَال" suffix="ة" />
				<ArabicLexical word="تَقُولُهَا" lemma="قَالَ" pos="مصرفة منتظمة" prefix="ت" root="قول" pattern="فُعل" suffix="هَا" />
				<ArabicLexical word="اِمْرَأَةٌ" lemma="امْرَأَة" pos="استثناء صرفي" prefix="" root="مرأ" pattern="اِمْرَأَ" suffix="ة" />
				<ArabicLexical word="لِلْمُتَنَبِّي" lemma="مُتَنَبّ" pos="مصرفة منتظمة" prefix="لِل" root="نبو" pattern="مُتَفَعِّل" suffix="" />
				<ArabicLexical word="قَبْلَ" lemma="قَبْلَ" pos="مصرفة منتظمة" prefix="" root="قبل" pattern="فَعْل" suffix="" />
				<ArabicLexical word="بَدْءِ" lemma="بَدْء" pos="مصرفة منتظمة" prefix="" root="بدأ" pattern="فَعْل" suffix="" />
				<ArabicLexical word="تِرْحَالِهِ" lemma="تِرْحَال" pos="مصرفة منتظمة" prefix="" root="رحل" pattern="تِفْعَال" suffix="ه" />
				<ArabicLexical word="سَتَكُونُ" lemma="كَانَ" pos="مصرفة منتظمة" prefix="سَت" root="كون" pattern="فُعل" suffix="" />
				<ArabicLexical word="لَكَ" lemma="لِي" pos="جامدة" prefix="" root="لِي" pattern="لَكَ" suffix="" />
				<ArabicLexical word="إِمَارَةٌ" lemma="إِمَارَة" pos="مصرفة منتظمة" prefix="" root="أمر" pattern="فِعَال" suffix="ة" />
				<ArabicLexical word="لَا" lemma="لَا" pos="جامدة" prefix="" root="لَا" pattern="لَا" suffix="" />
				<ArabicLexical word="تَنْتَهِي" lemma="انْتَهَى" pos="مصرفة منتظمة" prefix="ت" root="نهي" pattern="اِفْتَعِل" suffix="" />
				<ArabicLexical word="وَسَيَسْطَعُ" lemma="سَطِعَ" pos="مصرفة منتظمة" prefix="وَسَي" root="سطع" pattern="فْعَل" suffix="" />
				<ArabicLexical word="اِسْمُكَ" lemma="اسْم" pos="استثناء صرفي" prefix="" root="سمو" pattern="اِسْم" suffix="كَ" />
				<ArabicLexical word="عَالِيًا" lemma="عَال" pos="مصرفة منتظمة" prefix="" root="علو" pattern="فَاعِل" suffix="" />
				<ArabicLexical word="بَعْدَ" lemma="بَعْدَ" pos="مصرفة منتظمة" prefix="" root="بعد" pattern="فَعْل" suffix="" />
				<ArabicLexical word="زَوَالِ" lemma="زَوَال" pos="مصرفة منتظمة" prefix="" root="زول" pattern="فَعَال" suffix="" />
				<ArabicLexical word="أَسْمَاءِ" lemma="اسْم" pos="مصرفة منتظمة" prefix="" root="سمو" pattern="أَفْعَال" suffix="" />
				<ArabicLexical word="اَلْمُلُوكِ" lemma="مَلِك" pos="مصرفة منتظمة" prefix="ال" root="ملك" pattern="فُعُول" suffix="" />
			</annotation>
		</sentence>
		<sentence id="07198">
			<text>وَتُشَكِّلُ اَلْمَسْرَحِيَّةُ اِمْتِدَادًا لِصَرْخَةٍ أَطْلَقَهَا اَلرَّحَابِنَةُ ضِدَّ اَلظُّلْمِ وَالسُّلْطَةِ مُنْذُ بَدْءِ مَسْرَحِهِمْ اَلْغِنَائِيِّ وَحَمَلَتْهَا خَاصَّةً شَخْصِيَّةُ اَلْمُطْرِبَةِ اَلشَّهِيرَةِ فَيْرُوزْ.</text>
			<annotation>
				<ArabicLexical word="وَتُشَكِّلُ" lemma="شَكَّلَ" pos="مصرفة منتظمة" prefix="وَت" root="شكل" pattern="فَعَّلَ" suffix="" />
				<ArabicLexical word="اَلْمَسْرَحِيَّةُ" lemma="مَسْرَحِيَّة" pos="مصرفة منتظمة" prefix="ال" root="سرح" pattern="مَفْعَل" suffix="يَّة" />
				<ArabicLexical word="اِمْتِدَادًا" lemma="امْتِدَاد" pos="مصرفة منتظمة" prefix="" root="مدد" pattern="اِفْتِعَال" suffix="" />
				<ArabicLexical word="لِصَرْخَةٍ" lemma="صَرْخَة" pos="مصرفة منتظمة" prefix="لِ" root="صرخ" pattern="فَعْل" suffix="ة" />
				<ArabicLexical word="أَطْلَقَهَا" lemma="أَطْلَقَ" pos="مصرفة منتظمة" prefix="" root="طلق" pattern="أَفْعَلَ" suffix="هَا" />
				<ArabicLexical word="اَلرَّحَابِنَةُ" lemma="رَحَابِنَة" pos="غير عربية" prefix="" root="" pattern="" suffix="" />
				<ArabicLexical word="ضِدَّ" lemma="ضِدّ" pos="مصرفة منتظمة" prefix="" root="ضدد" pattern="فِلّ" suffix="" />
				<ArabicLexical word="اَلظُّلْمِ" lemma="ظُلْم" pos="مصرفة منتظمة" prefix="ال" root="ظلم" pattern="فُعْل" suffix="" />
				<ArabicLexical word="وَالسُّلْطَةِ" lemma="سُلْطَة" pos="مصرفة منتظمة" prefix="وَال" root="سلط" pattern="فُعْل" suffix="ة" />
				<ArabicLexical word="مُنْذُ" lemma="مُنْذُ" pos="جامدة" prefix="" root="مُنْذُ" pattern="مُنْذُ" suffix="" />
				<ArabicLexical word="بَدْءِ" lemma="بَدْء" pos="مصرفة منتظمة" prefix="" root="بدأ" pattern="فَعْل" suffix="" />
				<ArabicLexical word="مَسْرَحِهِمْ" lemma="مَسْرَح" pos="مصرفة منتظمة" prefix="" root="سرح" pattern="مَفْعَل" suffix="همْ" />
				<ArabicLexical word="اَلْغِنَائِيِّ" lemma="غِنَائِيّ" pos="مصرفة منتظمة" prefix="ال" root="غني" pattern="فِعَال" suffix="يّ" />
				<ArabicLexical word="وَحَمَلَتْهَا" lemma="حَمَلَ" pos="مصرفة منتظمة" prefix="وَ" root="حمل" pattern="فَعَلَ" suffix="تْهَا" />
				<ArabicLexical word="خَاصَّةً" lemma="خَاصّ" pos="مصرفة منتظمة" prefix="" root="خصص" pattern="فَالّ" suffix="ة" />
				<ArabicLexical word="شَخْصِيَّةُ" lemma="شَخْصِيّ" pos="مصرفة منتظمة" prefix="" root="شخص" pattern="فَعْل" suffix="يَّة" />
				<ArabicLexical word="اَلْمُطْرِبَةِ" lemma="مُطْرِب" pos="مصرفة منتظمة" prefix="ال" root="طرب" pattern="مُفْعِل" suffix="ة" />
				<ArabicLexical word="اَلشَّهِيرَةِ" lemma="شَهِير" pos="مصرفة منتظمة" prefix="ال" root="شهر" pattern="فَعِيل" suffix="ة" />
				<ArabicLexical word="فَيْرُوزْ" lemma="" pos="غير عربية" prefix="" root="" pattern="" suffix="" />
			</annotation>
		</sentence>
		<sentence id="07199">
			<text>اَلْمَسْرَحِيَّةُ مِنْ تَأْلِيفِ مَنْصُورٍ اَلرَّحْبَانِيِّ وَتَلْحِينِهِ بِمُشَارَكَةِ إِلْيَاسَ وَغْدِيٍّ وَأُسَامَةَ اَلرَّحْبَانِيِّ، وَمِنْ إِخْرَاجِ مَرْوَانَ اَلرَّحْبَانِيِّ. أَبْطَالُهَا غَسَّانُ صَلِيبَا (اَلْمُتَنَبِّي) وَكَارُولْ سَمَاحَةَ (خَوْلَةُ حَبِيبَةُ اَلْمُتَنَبِّي وَشَقِيقَةُ سَيْفِ اَلدَّوْلَةِ) وَالسُّورِيُّ جَمَالُ سُلَيْمَانَ (سَيْفُ اَلدَّوْلَةِ) وَصَبَاحُ عُبَيْدٍ (كَافُورٌ اَلْإِخْشِيدِيُّ) بِمُشَارَكَةِ أَكْثَرَ مِنْ 100 فَنَّانٍ وَتِقْنِيٍّ.</text>
			<annotation>
				<ArabicLexical word="اَلْمَسْرَحِيَّةُ" lemma="مَسْرَحِيَّة" pos="مصرفة منتظمة" prefix="ال" root="سرح" pattern="مَفْعَل" suffix="يَّة" />
				<ArabicLexical word="مِنْ" lemma="مِنْ" pos="جامدة" prefix="" root="مِنْ" pattern="مِنْ" suffix="" />
				<ArabicLexical word="تَأْلِيفِ" lemma="تَأْلِيف" pos="مصرفة منتظمة" prefix="" root="ألف" pattern="تَفْعِيل" suffix="" />
				<ArabicLexical word="مَنْصُورٍ" lemma="مَنْصُور" pos="مصرفة منتظمة" prefix="" root="نصر" pattern="مَفْعُول" suffix="" />
				<ArabicLexical word="اَلرَّحْبَانِيِّ" lemma="رَحْبَانِيّ" pos="مصرفة منتظمة" prefix="ال" root="رحب" pattern="فَعْلَان" suffix="يّ" />
				<ArabicLexical word="وَتَلْحِينِهِ" lemma="تَلْحِين" pos="مصرفة منتظمة" prefix="وَ" root="لحن" pattern="تَفْعِيل" suffix="ه" />
				<ArabicLexical word="بِمُشَارَكَةِ" lemma="مُشَارَكَة" pos="مصرفة منتظمة" prefix="بِ" root="شرك" pattern="مُفَاعَل" suffix="ة" />
				<ArabicLexical word="إِلْيَاسَ" lemma="إِلْيَاس" pos="معربة" prefix="" root="إِلْيَاس" pattern="إِلْيَاس" suffix="" />
				<ArabicLexical word="وَغْدِيٍّ" lemma="وَغْدِيّ" pos="مصرفة منتظمة" prefix="" root="وغد" pattern="فَعْل" suffix="يّ" />
				<ArabicLexical word="وَأُسَامَةَ" lemma="أُسَامَة" pos="معربة" prefix="وَ" root="أُسَامَ" pattern="أُسَامَ" suffix="ة" />
				<ArabicLexical word="اَلرَّحْبَانِيِّ" lemma="رَحْبَانِيّ" pos="مصرفة منتظمة" prefix="ال" root="رحب" pattern="فَعْلَان" suffix="يّ" />
				<ArabicLexical word="وَمِنْ" lemma="مِنْ" pos="جامدة" prefix="وَ" root="مِنْ" pattern="مِنْ" suffix="" />
				<ArabicLexical word="إِخْرَاجِ" lemma="إِخْرَاج" pos="مصرفة منتظمة" prefix="" root="خرج" pattern="إِفْعَال" suffix="" />
				<ArabicLexical word="مَرْوَانَ" lemma="مَرْوَان" pos="مصرفة منتظمة" prefix="" root="مرو" pattern="فَعْلَان" suffix="" />
				<ArabicLexical word="اَلرَّحْبَانِيِّ" lemma="رَحْبَانِيّ" pos="مصرفة منتظمة" prefix="ال" root="رحب" pattern="فَعْلَان" suffix="يّ" />
				<ArabicLexical word="أَبْطَالُهَا" lemma="بَطَل" pos="مصرفة منتظمة" prefix="" root="بطل" pattern="أَفْعَال" suffix="هَا" />
				<ArabicLexical word="غَسَّانُ" lemma="غَسَّان" pos="مصرفة منتظمة" prefix="" root="غسن" pattern="فَعَّال" suffix="" />
				<ArabicLexical word="صَلِيبَا" lemma="صَلِيب" pos="غير عربية" prefix="" root="" pattern="" suffix="" />
				<ArabicLexical word="اَلْمُتَنَبِّي" lemma="مُتَنَبِّيّ" pos="مصرفة منتظمة" prefix="ال" root="نبو" pattern="مُتَفَعِّل" suffix="" />
				<ArabicLexical word="وَكَارُولْ" lemma="+" pos="غير عربية" prefix="" root="" pattern="" suffix="" />
				<ArabicLexical word="سَمَاحَةَ" lemma="سَمَاح" pos="مصرفة منتظمة" prefix="" root="سمح" pattern="فَعَال" suffix="ة" />
				<ArabicLexical word="خَوْلَةُ" lemma="خَوْلَة" pos="مصرفة منتظمة" prefix="" root="خول" pattern="فَعْل" suffix="ة" />
				<ArabicLexical word="حَبِيبَةُ" lemma="حَبِيبَة" pos="مصرفة منتظمة" prefix="" root="حبب" pattern="فَعِيل" suffix="ة" />
				<ArabicLexical word="اَلْمُتَنَبِّي" lemma="مُتَنَبِّيّ" pos="مصرفة منتظمة" prefix="ال" root="نبو" pattern="مُتَفَعِّل" suffix="" />
				<ArabicLexical word="وَشَقِيقَةُ" lemma="شَقِيق" pos="مصرفة منتظمة" prefix="وَ" root="شقق" pattern="فَعِيل" suffix="ة" />
				<ArabicLexical word="سَيْفِ" lemma="سَيْف" pos="مصرفة منتظمة" prefix="" root="سيف" pattern="فَعْل" suffix="" />
				<ArabicLexical word="اَلدَّوْلَةِ" lemma="دَوْلَة" pos="مصرفة منتظمة" prefix="ال" root="دول" pattern="فَعْل" suffix="ة" />
				<ArabicLexical word="وَالسُّورِيُّ" lemma="سُورِيّ" pos="معربة" prefix="وَال" root="سُورْيَا" pattern="سُورِ" suffix="يّ" />
				<ArabicLexical word="جَمَالُ" lemma="جَمَال" pos="مصرفة منتظمة" prefix="" root="جمل" pattern="فَعَال" suffix="" />
				<ArabicLexical word="سُلَيْمَانَ" lemma="سُلَيْمَان" pos="معربة" prefix="" root="سُلَيْمَان" pattern="سُلَيْمَان" suffix="" />
				<ArabicLexical word="سَيْفُ" lemma="سَيْف" pos="مصرفة منتظمة" prefix="" root="سيف" pattern="فَعْل" suffix="" />
				<ArabicLexical word="اَلدَّوْلَةِ" lemma="دَوْلَة" pos="مصرفة منتظمة" prefix="ال" root="دول" pattern="فَعْل" suffix="ة" />
				<ArabicLexical word="وَصَبَاحُ" lemma="صَبَاح" pos="مصرفة منتظمة" prefix="وَ" root="صبح" pattern="فَعَال" suffix="" />
				<ArabicLexical word="عُبَيْدٍ" lemma="عُبَيْد" pos="مصرفة منتظمة" prefix="" root="عبد" pattern="فُعَيْل" suffix="" />
				<ArabicLexical word="كَافُورٌ" lemma="كَافُور" pos="مصرفة منتظمة" prefix="" root="كفر" pattern="فَاعُول" suffix="" />
				<ArabicLexical word="اَلْإِخْشِيدِيُّ" lemma="إِخْشِيدِيّ" pos="غير عربية" prefix="" root="" pattern="" suffix="" />
				<ArabicLexical word="بِمُشَارَكَةِ" lemma="مُشَارَكَة" pos="مصرفة منتظمة" prefix="بِ" root="شرك" pattern="مُفَاعَل" suffix="ة" />
				<ArabicLexical word="أَكْثَرَ" lemma="أَكْثَر" pos="مصرفة منتظمة" prefix="" root="كثر" pattern="أَفْعَل" suffix="" />
				<ArabicLexical word="مِنْ" lemma="مِنْ" pos="جامدة" prefix="" root="مِنْ" pattern="مِنْ" suffix="" />
				<ArabicLexical word="فَنَّانٍ" lemma="فَنَّان" pos="مصرفة منتظمة" prefix="" root="فنن" pattern="فَعَّال" suffix="" />
				<ArabicLexical word="وَتِقْنِيٍّ" lemma="تِقْن" pos="مصرفة منتظمة" prefix="وَ" root="تقن" pattern="فِعْل" suffix="يّ" />
			</annotation>
		</sentence>
		<sentence id="07200">
			<text>اِنْتَقَلَ اَلْمُتَنَبِّي مِنْ اَلْكُوفَةِ إِلَى بَغْدَادَ مَرْكَزِ اَلْخِلَافَةِ اَلْعَبَّاسِيَّةِ اَلْمُسْتَضْعَفَةِ فِي دُوَيْلَاتٍ مُتَنَاثِرَةٍ بَيْنَ بِلَادِ اَلشَّامِ وَضِفَافِ اَلنِّيلِ، وَفِيهَا هَجَا وَالِدَةَ ضَبَّةَ؛ وَهُوَ مَا دَفَعَ بِأَخِيهَا فَاتِكٍ اَلْأَسَدِيِّ إِلَى تَعَقُّبِهِ وَقَتْلِهِ فِي اَلنِّهَايَةِ غَسْلًا لِلْعَارِ.</text>
			<annotation>
				<ArabicLexical word="اِنْتَقَلَ" lemma="انْتَقَلَ" pos="مصرفة منتظمة" prefix="" root="نقل" pattern="اِفْتَعَلَ" suffix="" />
				<ArabicLexical word="اَلْمُتَنَبِّي" lemma="مُتَنَبِّيّ" pos="مصرفة منتظمة" prefix="ال" root="نبو" pattern="مُتَفَعِّل" suffix="" />
				<ArabicLexical word="مِنْ" lemma="مِنْ" pos="جامدة" prefix="" root="مِنْ" pattern="مِنْ" suffix="" />
				<ArabicLexical word="اَلْكُوفَةِ" lemma="كُوفَة" pos="مصرفة منتظمة" prefix="ال" root="كوف" pattern="فُعل" suffix="ة" />
				<ArabicLexical word="إِلَى" lemma="إِلَى" pos="جامدة" prefix="" root="إِلَى" pattern="إِلَى" suffix="" />
				<ArabicLexical word="بَغْدَادَ" lemma="بَغْدَاد" pos="مصرفة منتظمة" prefix="" root="بغدد" pattern="فَعْلَال" suffix="" />
				<ArabicLexical word="مَرْكَزِ" lemma="مَرْكَز" pos="مصرفة منتظمة" prefix="" root="ركز" pattern="مَفْعَل" suffix="" />
				<ArabicLexical word="اَلْخِلَافَةِ" lemma="خِلَافَة" pos="مصرفة منتظمة" prefix="ال" root="خلف" pattern="فِعَال" suffix="ة" />
				<ArabicLexical word="اَلْعَبَّاسِيَّةِ" lemma="عَبَّاسِيّ" pos="مصرفة منتظمة" prefix="ال" root="عبس" pattern="فَعَّال" suffix="يَّة" />
				<ArabicLexical word="اَلْمُسْتَضْعَفَةِ" lemma="مُسْتَضْعَف" pos="مصرفة منتظمة" prefix="ال" root="ضعف" pattern="مُسْتَفْعَل" suffix="ة" />
				<ArabicLexical word="فِي" lemma="فِي" pos="جامدة" prefix="" root="فِي" pattern="فِي" suffix="" />
				<ArabicLexical word="دُوَيْلَاتٍ" lemma="دُوَيْل" pos="مصرفة منتظمة" prefix="" root="دول" pattern="فُعَيْل" suffix="ات" />
				<ArabicLexical word="مُتَنَاثِرَةٍ" lemma="مُتَنَاثِر" pos="مصرفة منتظمة" prefix="" root="نثر" pattern="مُتَفَاعِل" suffix="ة" />
				<ArabicLexical word="بَيْنَ" lemma="بَيْنَ" pos="مصرفة منتظمة" prefix="" root="بين" pattern="فَعْل" suffix="" />
				<ArabicLexical word="بِلَادِ" lemma="بِلَاد" pos="مصرفة منتظمة" prefix="" root="بلد" pattern="فِعَال" suffix="" />
				<ArabicLexical word="اَلشَّامِ" lemma="شَام" pos="غير عربية" prefix="" root="" pattern="" suffix="" />
				<ArabicLexical word="وَضِفَافِ" lemma="ضَفَّة" pos="مصرفة منتظمة" prefix="وَ" root="ضفف" pattern="فِعَال" suffix="" />
				<ArabicLexical word="اَلنِّيلِ" lemma="نِيل" pos="مصرفة منتظمة" prefix="ال" root="نيل" pattern="فِعل" suffix="" />
				<ArabicLexical word="وَفِيهَا" lemma="فِي" pos="جامدة" prefix="وَ" root="فِي" pattern="فِي" suffix="هَا" />
				<ArabicLexical word="هَجَا" lemma="هَجَا" pos="مصرفة منتظمة" prefix="" root="هجو" pattern="فَعَل" suffix="" />
				<ArabicLexical word="وَالِدَةَ" lemma="وَالِد" pos="مصرفة منتظمة" prefix="" root="ولد" pattern="فَاعِل" suffix="ة" />
				<ArabicLexical word="ضَبَّةَ" lemma="ضَبّ" pos="مصرفة منتظمة" prefix="" root="ضبب" pattern="فَلّ" suffix="ة" />
				<ArabicLexical word="وَهُوَ" lemma="هُو" pos="جامدة" prefix="وَ" root="هُوَ" pattern="هُوَ" suffix="" />
				<ArabicLexical word="مَا" lemma="مَا" pos="جامدة" prefix="" root="اَلَّذِي" pattern="مَا" suffix="" />
				<ArabicLexical word="دَفَعَ" lemma="دَفَعَ" pos="مصرفة منتظمة" prefix="" root="دفع" pattern="فَعَلَ" suffix="" />
				<ArabicLexical word="بِأَخِيهَا" lemma="أَخ" pos="استثناء صرفي" prefix="بِ" root="أخو" pattern="أَخِي" suffix="هَا" />
				<ArabicLexical word="فَاتِكٍ" lemma="فَاتِك" pos="مصرفة منتظمة" prefix="" root="فتك" pattern="فَاعِل" suffix="" />
				<ArabicLexical word="اَلْأَسَدِيِّ" lemma="أَسَدِيّ" pos="مصرفة منتظمة" prefix="ال" root="أسد" pattern="فَعَل" suffix="يّ" />
				<ArabicLexical word="إِلَى" lemma="إِلَى" pos="جامدة" prefix="" root="إِلَى" pattern="إِلَى" suffix="" />
				<ArabicLexical word="تَعَقُّبِهِ" lemma="تَعَقُّب" pos="مصرفة منتظمة" prefix="" root="عقب" pattern="تَفَعُّل" suffix="ه" />
				<ArabicLexical word="وَقَتْلِهِ" lemma="قَتْل" pos="مصرفة منتظمة" prefix="وَ" root="قتل" pattern="فَعْل" suffix="ه" />
				<ArabicLexical word="فِي" lemma="فِي" pos="جامدة" prefix="" root="فِي" pattern="فِي" suffix="" />
				<ArabicLexical word="اَلنِّهَايَةِ" lemma="نِهَايَة" pos="مصرفة منتظمة" prefix="ال" root="نهي" pattern="فِعَال" suffix="ة" />
				<ArabicLexical word="غَسْلًا" lemma="غَسْل" pos="مصرفة منتظمة" prefix="" root="غسل" pattern="فَعْل" suffix="" />
				<ArabicLexical word="لِلْعَارِ" lemma="عَار" pos="مصرفة منتظمة" prefix="لِل" root="عور" pattern="فَعل" suffix="" />
			</annotation>
		</sentence>
		<sentence id="07201">
			<text>دَارَتْ اَلْأَحْدَاثُ مِنْ بَغْدَادَ إِلَى اَلدَّوْلَةِ اَلْحَمْدَانِيَّةِ فِي حَلَبَ وَالْعَلَاقَةِ اَلْحَمِيمَةِ وَالْمُمَيَّزَةِ بِأَمِيرِهَا سَيْفِ اَلدَّوْلَةِ وَقِصَّةِ حُبِّهِ لِخَوْلَةَ وَدَسَائِسِ اَلَّذِينَ أَثَارَ حَسَدَهُمْ قُرْبُ اَلْمُتَنَبِّي، اَلصُّعْلُوكُ، مِنْ أَمِيرِهِمْ وَفِي مُقَدِّمَتِهِمْ أَبُو فِرَاسٍ اَلْحَمْدَانِيِّ.</text>
			<annotation>
				<ArabicLexical word="دَارَتْ" lemma="دَارَ" pos="مصرفة منتظمة" prefix="" root="دور" pattern="فَعلَ" suffix="تْ" />
				<ArabicLexical word="اَلْأَحْدَاثُ" lemma="حَدَث" pos="مصرفة منتظمة" prefix="ال" root="حدث" pattern="أَفْعَال" suffix="" />
				<ArabicLexical word="مِنْ" lemma="مِنْ" pos="جامدة" prefix="" root="مِنْ" pattern="مِنْ" suffix="" />
				<ArabicLexical word="بَغْدَادَ" lemma="بَغْدَاد" pos="مصرفة منتظمة" prefix="" root="بغدد" pattern="فَعْلَال" suffix="" />
				<ArabicLexical word="إِلَى" lemma="إِلَى" pos="جامدة" prefix="" root="إِلَى" pattern="إِلَى" suffix="" />
				<ArabicLexical word="اَلدَّوْلَةِ" lemma="دَوْلَة" pos="مصرفة منتظمة" prefix="ال" root="دول" pattern="فَعْل" suffix="ة" />
				<ArabicLexical word="اَلْحَمْدَانِيَّةِ" lemma="حَمْدَانِيّ" pos="مصرفة منتظمة" prefix="ال" root="حمد" pattern="فَعْلَان" suffix="يَّة" />
				<ArabicLexical word="فِي" lemma="فِي" pos="جامدة" prefix="" root="فِي" pattern="فِي" suffix="" />
				<ArabicLexical word="حَلَبَ" lemma="حَلَب" pos="مصرفة منتظمة" prefix="" root="حلب" pattern="فَعَل" suffix="" />
				<ArabicLexical word="وَالْعَلَاقَةِ" lemma="عَلَاقَة" pos="مصرفة منتظمة" prefix="وَال" root="علق" pattern="فَعَال" suffix="ة" />
				<ArabicLexical word="اَلْحَمِيمَةِ" lemma="حَمِيمَة" pos="مصرفة منتظمة" prefix="ال" root="حمم" pattern="فَعِيل" suffix="ة" />
				<ArabicLexical word="وَالْمُمَيَّزَةِ" lemma="مُمَيَّز" pos="مصرفة منتظمة" prefix="وَال" root="ميز" pattern="مُفَعَّل" suffix="ة" />
				<ArabicLexical word="بِأَمِيرِهَا" lemma="أَمِير" pos="مصرفة منتظمة" prefix="بِ" root="أمر" pattern="فَعِيل" suffix="هَا" />
				<ArabicLexical word="سَيْفِ" lemma="سَيْف" pos="مصرفة منتظمة" prefix="" root="سيف" pattern="فَعْل" suffix="" />
				<ArabicLexical word="اَلدَّوْلَةِ" lemma="دَوْلَة" pos="مصرفة منتظمة" prefix="ال" root="دول" pattern="فَعْل" suffix="ة" />
				<ArabicLexical word="وَقِصَّةِ" lemma="قِصَّة" pos="مصرفة منتظمة" prefix="وَ" root="قصص" pattern="فِلّ" suffix="ة" />
				<ArabicLexical word="حُبِّهِ" lemma="حُبّ" pos="مصرفة منتظمة" prefix="" root="حبب" pattern="فُلّ" suffix="ه" />
				<ArabicLexical word="لِخَوْلَةَ" lemma="خَوْلَة" pos="غير عربية" prefix="" root="" pattern="" suffix="" />
				<ArabicLexical word="وَدَسَائِسِ" lemma="دَسِيسَة" pos="مصرفة منتظمة" prefix="وَ" root="دسس" pattern="فَعَائِل" suffix="" />
				<ArabicLexical word="اَلَّذِينَ" lemma="اَلَّذِي" pos="جامدة" prefix="ال" root="اَلَّذِي" pattern="لَذِينَ" suffix="" />
				<ArabicLexical word="أَثَارَ" lemma="أَثَارَ" pos="مصرفة منتظمة" prefix="" root="ثور" pattern="أَفَعلَ" suffix="" />
				<ArabicLexical word="حَسَدَهُمْ" lemma="حَسَدَ" pos="مصرفة منتظمة" prefix="" root="حسد" pattern="فَعَل" suffix="همْ" />
				<ArabicLexical word="قُرْبُ" lemma="قُرْب" pos="مصرفة منتظمة" prefix="" root="قرب" pattern="فُعْل" suffix="" />
				<ArabicLexical word="اَلْمُتَنَبِّي" lemma="مُتَنَبِّيّ" pos="مصرفة منتظمة" prefix="ال" root="نبو" pattern="مُتَفَعِّل" suffix="" />
				<ArabicLexical word="اَلصُّعْلُوكُ" lemma="صُعْلُوك" pos="مصرفة منتظمة" prefix="ال" root="صعلك" pattern="فُعْلُول" suffix="" />
				<ArabicLexical word="مِنْ" lemma="مِنْ" pos="جامدة" prefix="" root="مِنْ" pattern="مِنْ" suffix="" />
				<ArabicLexical word="أَمِيرِهِمْ" lemma="أَمِير" pos="مصرفة منتظمة" prefix="" root="أمر" pattern="فَعِيل" suffix="همْ" />
				<ArabicLexical word="وَفِي" lemma="فِي" pos="جامدة" prefix="وَ" root="فِي" pattern="فِي" suffix="" />
				<ArabicLexical word="مُقَدِّمَتِهِمْ" lemma="مُقَدِّمَة" pos="مصرفة منتظمة" prefix="" root="قدم" pattern="مُفَعِّل" suffix="تهمْ" />
				<ArabicLexical word="أَبُو" lemma="أَب" pos="استثناء صرفي" prefix="" root="أبو" pattern="أَبُو" suffix="" />
				<ArabicLexical word="فِرَاسٍ" lemma="فِرَاس" pos="مصرفة منتظمة" prefix="" root="فرس" pattern="فِعَال" suffix="" />
				<ArabicLexical word="اَلْحَمْدَانِيِّ" lemma="حَمْدَانِيّ" pos="مصرفة منتظمة" prefix="ال" root="حمد" pattern="فَعْلَان" suffix="يّ" />
			</annotation>
		</sentence>
		<sentence id="07202">
			<text>ثُمَّ اِنْتِقَالِ اَلْمُتَنَبِّي مِنْ حَلَبَ إِلَى مِصْرَ وَمَدِيحِ كَافُورٍ اَلْإِخْشِيدِيِّ فَهِجَائِهِ؛ مِمَّا اِضْطَرَّ اَلْمُتَنَبِّيَ إِلَى اَلْهَرَبِ خَوْفًا عَلَى حَيَاتِهِ؛ لِيَعُودَ إِلَى اَلْكُوفَةِ رَغْمَ اَلْحَنِينِ إِلَى سَيْفِ اَلدَّوْلَةِ وَخَوْلَةَ، فَانْتِقَالٍ جَدِيدٍ إِلَى بَغْدَادَ وَمِنْهَا إِلَى شِيرَازْ حَيْثُ اِلْتَقَى عَضُدَ اَلدَّوْلَةِ.</text>
			<annotation>
				<ArabicLexical word="ثُمَّ" lemma="ثُمَّ" pos="جامدة" prefix="" root="ثُمَّ" pattern="ثُمَّ" suffix="" />
				<ArabicLexical word="اِنْتِقَالِ" lemma="انْتِقَال" pos="مصرفة منتظمة" prefix="" root="نقل" pattern="اِفْتِعَال" suffix="" />
				<ArabicLexical word="اَلْمُتَنَبِّي" lemma="مُتَنَبِّيّ" pos="مصرفة منتظمة" prefix="ال" root="نبو" pattern="مُتَفَعِّل" suffix="" />
				<ArabicLexical word="مِنْ" lemma="مِنْ" pos="جامدة" prefix="" root="مِنْ" pattern="مِنْ" suffix="" />
				<ArabicLexical word="حَلَبَ" lemma="حَلَب" pos="مصرفة منتظمة" prefix="" root="حلب" pattern="فَعَل" suffix="" />
				<ArabicLexical word="إِلَى" lemma="إِلَى" pos="جامدة" prefix="" root="إِلَى" pattern="إِلَى" suffix="" />
				<ArabicLexical word="مِصْرَ" lemma="مِصْر" pos="مصرفة منتظمة" prefix="" root="مصر" pattern="فِعْل" suffix="" />
				<ArabicLexical word="وَمَدِيحِ" lemma="مَدِيح" pos="مصرفة منتظمة" prefix="وَ" root="مدح" pattern="فَعِيل" suffix="" />
				<ArabicLexical word="كَافُورٍ" lemma="كَافُور" pos="مصرفة منتظمة" prefix="" root="كفر" pattern="فَاعُول" suffix="" />
				<ArabicLexical word="اَلْإِخْشِيدِيِّ" lemma="إِخْشِيدِيّ" pos="غير عربية" prefix="" root="" pattern="" suffix="" />
				<ArabicLexical word="فَهِجَائِهِ" lemma="هِجَاء" pos="مصرفة منتظمة" prefix="فَ" root="هجو" pattern="فِعَال" suffix="ه" />
				<ArabicLexical word="مِمَّا" lemma="مِنْ" pos="جامدة" prefix="" root="مِنْ" pattern="مِمَّا" suffix="" />
				<ArabicLexical word="اِضْطَرَّ" lemma="اضْطَرَّ" pos="مصرفة منتظمة" prefix="" root="ضرر" pattern="اِفْطَلَّ" suffix="" />
				<ArabicLexical word="اَلْمُتَنَبِّيَ" lemma="مُتَنَبّ" pos="مصرفة منتظمة" prefix="ال" root="نبو" pattern="مُتَفَعِّل" suffix="" />
				<ArabicLexical word="إِلَى" lemma="إِلَى" pos="جامدة" prefix="" root="إِلَى" pattern="إِلَى" suffix="" />
				<ArabicLexical word="اَلْهَرَبِ" lemma="هَرَب" pos="مصرفة منتظمة" prefix="ال" root="هرب" pattern="فَعَل" suffix="" />
				<ArabicLexical word="خَوْفًا" lemma="خَوْف" pos="مصرفة منتظمة" prefix="" root="خوف" pattern="فَعْل" suffix="" />
				<ArabicLexical word="عَلَى" lemma="عَلَى" pos="جامدة" prefix="" root="عَلَى" pattern="عَلَى" suffix="" />
				<ArabicLexical word="حَيَاتِهِ" lemma="حَيَاة" pos="مصرفة منتظمة" prefix="" root="حيي" pattern="فَعَل" suffix="ته" />
				<ArabicLexical word="لِيَعُودَ" lemma="عَادَ" pos="مصرفة منتظمة" prefix="لِي" root="عود" pattern="فُعل" suffix="" />
				<ArabicLexical word="إِلَى" lemma="إِلَى" pos="جامدة" prefix="" root="إِلَى" pattern="إِلَى" suffix="" />
				<ArabicLexical word="اَلْكُوفَةِ" lemma="كُوفَة" pos="مصرفة منتظمة" prefix="ال" root="كوف" pattern="فُعل" suffix="ة" />
				<ArabicLexical word="رَغْمَ" lemma="رَغْم" pos="مصرفة منتظمة" prefix="" root="رغم" pattern="فَعْل" suffix="" />
				<ArabicLexical word="اَلْحَنِينِ" lemma="حَنِين" pos="مصرفة منتظمة" prefix="ال" root="حنن" pattern="فَعِيل" suffix="" />
				<ArabicLexical word="إِلَى" lemma="إِلَى" pos="جامدة" prefix="" root="إِلَى" pattern="إِلَى" suffix="" />
				<ArabicLexical word="سَيْفِ" lemma="سَيْف" pos="مصرفة منتظمة" prefix="" root="سيف" pattern="فَعْل" suffix="" />
				<ArabicLexical word="اَلدَّوْلَةِ" lemma="دَوْلَة" pos="مصرفة منتظمة" prefix="ال" root="دول" pattern="فَعْل" suffix="ة" />
				<ArabicLexical word="وَخَوْلَةَ" lemma="خَوْلَة" pos="مصرفة منتظمة" prefix="وَ" root="خول" pattern="فَعْل" suffix="ة" />
				<ArabicLexical word="فَانْتِقَالٍ" lemma="انْتِقَال" pos="مصرفة منتظمة" prefix="فَ" root="نقل" pattern="اِفْتِعَال" suffix="" />
				<ArabicLexical word="جَدِيدٍ" lemma="جَدِيد" pos="مصرفة منتظمة" prefix="" root="جدد" pattern="فَعِيل" suffix="" />
				<ArabicLexical word="إِلَى" lemma="إِلَى" pos="جامدة" prefix="" root="إِلَى" pattern="إِلَى" suffix="" />
				<ArabicLexical word="بَغْدَادَ" lemma="بَغْدَاد" pos="مصرفة منتظمة" prefix="" root="بغدد" pattern="فَعْلَال" suffix="" />
				<ArabicLexical word="وَمِنْهَا" lemma="مِنْ" pos="جامدة" prefix="وَ" root="مِنْ" pattern="مِنْ" suffix="هَا" />
				<ArabicLexical word="إِلَى" lemma="إِلَى" pos="جامدة" prefix="" root="إِلَى" pattern="إِلَى" suffix="" />
				<ArabicLexical word="شِيرَازْ" lemma="" pos="غير عربية" prefix="" root="" pattern="" suffix="" />
				<ArabicLexical word="حَيْثُ" lemma="حَيْثُ" pos="جامدة" prefix="" root="حَيْثُ" pattern="حَيْثُ" suffix="" />
				<ArabicLexical word="اِلْتَقَى" lemma="الْتَقَى" pos="مصرفة منتظمة" prefix="" root="لقي" pattern="اِفْتَعَل" suffix="" />
				<ArabicLexical word="عَضُدَ" lemma="عَضُد" pos="استثناء صرفي" prefix="" root="عضد" pattern="عَضُد" suffix="" />
				<ArabicLexical word="اَلدَّوْلَةِ" lemma="دَوْلَة" pos="مصرفة منتظمة" prefix="ال" root="دول" pattern="فَعْل" suffix="ة" />
			</annotation>
		</sentence>
		<sentence id="07203">
			<text>مِنْ أَبْرَزِ اَللَّوْحَاتِ اَلْمَلْحَمِيَّةِ اَلَّتِي اِسْتُخْدِمَتْ فِي اَلْعَرْضِ اَلْمَسْرَحِيِّ اَلْبَيَارِقُ وَالْأَلْوَانُ اَلطَّاغِيَةُ وَالْأَفْرَاسُ وَقَاذِفَاتُ اَللَّهَبِ وَلَوْحَةُ مَعْرَكَةِ اَلْحَدَثِ بَيْنَ عَسْكَرِ اَلرُّومِ وَجَيْشِ اَلْعَرَبِ. وَفِي اَلْعَمَلِ اَلَّذِي تَمَيَّزَ بِتَنَاسُقٍ جَمَالِيٍّ رَدَّدَتْ أَعْمِدَةُ اَلْهَيَاكِلِ اَلرُّومَانِيَّةِ، اَلَّتِي بُنِيَتْ بَيْنَ اَلْقَرْنَيْنِ اَلْأَوَّلِ وَالثَّالِثِ بَعْدَ اَلْمِيلَادِ، صَدَى أَبْيَاتٍ لِلْمُتَنَبِّي تَحَوَّلَتْ حِكَمًا، وَمِنْهَا:</text>
			<annotation>
				<ArabicLexical word="مِنْ" lemma="مِنْ" pos="جامدة" prefix="" root="مِنْ" pattern="مِنْ" suffix="" />
				<ArabicLexical word="أَبْرَزِ" lemma="أَبْرَز" pos="مصرفة منتظمة" prefix="" root="برز" pattern="أَفْعَل" suffix="" />
				<ArabicLexical word="اَللَّوْحَاتِ" lemma="لَوْحَة" pos="مصرفة منتظمة" prefix="ال" root="لوح" pattern="فَعْل" suffix="ات" />
				<ArabicLexical word="اَلْمَلْحَمِيَّةِ" lemma="مَلْحَمِيّ" pos="مصرفة منتظمة" prefix="ال" root="لحم" pattern="مَفْعَل" suffix="يَّة" />
				<ArabicLexical word="اَلَّتِي" lemma="اَلَّذِي" pos="جامدة" prefix="ال" root="اَلَّذِي" pattern="لَتِي" suffix="" />
				<ArabicLexical word="اِسْتُخْدِمَتْ" lemma="اسْتَخْدَمَ" pos="مصرفة منتظمة" prefix="" root="خدم" pattern="اِسْتُفْعِلَ" suffix="تْ" />
				<ArabicLexical word="فِي" lemma="فِي" pos="جامدة" prefix="" root="فِي" pattern="فِي" suffix="" />
				<ArabicLexical word="اَلْعَرْضِ" lemma="عَرْض" pos="مصرفة منتظمة" prefix="ال" root="عرض" pattern="فَعْل" suffix="" />
				<ArabicLexical word="اَلْمَسْرَحِيِّ" lemma="مَسْرَحِيّ" pos="مصرفة منتظمة" prefix="ال" root="سرح" pattern="مَفْعَل" suffix="يّ" />
				<ArabicLexical word="اَلْبَيَارِقُ" lemma="بَيْرَق" pos="غير عربية" prefix="" root="" pattern="" suffix="" />
				<ArabicLexical word="وَالْأَلْوَانُ" lemma="لَوْن" pos="مصرفة منتظمة" prefix="وَال" root="لون" pattern="أَفْعَال" suffix="" />
				<ArabicLexical word="اَلطَّاغِيَةُ" lemma="طَاغِيَة" pos="مصرفة منتظمة" prefix="ال" root="طغي" pattern="فَاعِل" suffix="ة" />
				<ArabicLexical word="وَالْأَفْرَاسُ" lemma="فَرَس" pos="مصرفة منتظمة" prefix="وَال" root="فرس" pattern="أَفْعَال" suffix="" />
				<ArabicLexical word="وَقَاذِفَاتُ" lemma="قَاذِف" pos="مصرفة منتظمة" prefix="وَ" root="قذف" pattern="فَاعِل" suffix="ات" />
				<ArabicLexical word="اَللَّهَبِ" lemma="لَهَب" pos="مصرفة منتظمة" prefix="ال" root="لهب" pattern="فَعَل" suffix="" />
				<ArabicLexical word="وَلَوْحَةُ" lemma="لَوْحَة" pos="مصرفة منتظمة" prefix="وَ" root="لوح" pattern="فَعْل" suffix="ة" />
				<ArabicLexical word="مَعْرَكَةِ" lemma="مَعْرَكَة" pos="مصرفة منتظمة" prefix="" root="عرك" pattern="مَفْعَل" suffix="ة" />
				<ArabicLexical word="اَلْحَدَثِ" lemma="حَدَث" pos="مصرفة منتظمة" prefix="ال" root="حدث" pattern="فَعَل" suffix="" />
				<ArabicLexical word="بَيْنَ" lemma="بَيْنَ" pos="مصرفة منتظمة" prefix="" root="بين" pattern="فَعْل" suffix="" />
				<ArabicLexical word="عَسْكَرِ" lemma="عَسْكَر" pos="مصرفة منتظمة" prefix="" root="عسكر" pattern="فَعْلَل" suffix="" />
				<ArabicLexical word="اَلرُّومِ" lemma="رُوم" pos="معربة" prefix="ال" root="رُوم" pattern="رُوم" suffix="" />
				<ArabicLexical word="وَجَيْشِ" lemma="جَيْش" pos="مصرفة منتظمة" prefix="وَ" root="جيش" pattern="فَعْل" suffix="" />
				<ArabicLexical word="اَلْعَرَبِ" lemma="عَرَب" pos="مصرفة منتظمة" prefix="ال" root="عرب" pattern="فَعَل" suffix="" />
				<ArabicLexical word="وَفِي" lemma="فِي" pos="جامدة" prefix="وَ" root="فِي" pattern="فِي" suffix="" />
				<ArabicLexical word="اَلْعَمَلِ" lemma="عَمَل" pos="مصرفة منتظمة" prefix="ال" root="عمل" pattern="فَعَل" suffix="" />
				<ArabicLexical word="اَلَّذِي" lemma="اَلَّذِي" pos="جامدة" prefix="ال" root="اَلَّذِي" pattern="لَذِي" suffix="" />
				<ArabicLexical word="تَمَيَّزَ" lemma="تَمَيَّزَ" pos="مصرفة منتظمة" prefix="" root="ميز" pattern="تَفَعَّلَ" suffix="" />
				<ArabicLexical word="بِتَنَاسُقٍ" lemma="تَنَاسُق" pos="مصرفة منتظمة" prefix="بِ" root="نسق" pattern="تَفَاعُل" suffix="" />
				<ArabicLexical word="جَمَالِيٍّ" lemma="جَمَالِيّ" pos="مصرفة منتظمة" prefix="" root="جمل" pattern="فَعَال" suffix="يّ" />
				<ArabicLexical word="رَدَّدَتْ" lemma="رَدَّدَ" pos="مصرفة منتظمة" prefix="" root="ردد" pattern="فَعَّلَ" suffix="تْ" />
				<ArabicLexical word="أَعْمِدَةُ" lemma="عَمُود" pos="مصرفة منتظمة" prefix="" root="عمد" pattern="أَفْعِلَ" suffix="ة" />
				<ArabicLexical word="اَلْهَيَاكِلِ" lemma="هَيْكَل" pos="مصرفة منتظمة" prefix="ال" root="هيكل" pattern="فَعَالِل" suffix="" />
				<ArabicLexical word="اَلرُّومَانِيَّةِ" lemma="رُومَانِيّ" pos="غير عربية" prefix="" root="" pattern="" suffix="" />
				<ArabicLexical word="اَلَّتِي" lemma="اَلَّذِي" pos="جامدة" prefix="ال" root="اَلَّذِي" pattern="لَتِي" suffix="" />
				<ArabicLexical word="بُنِيَتْ" lemma="بَنَى" pos="مصرفة منتظمة" prefix="" root="بني" pattern="فُعِلَ" suffix="تْ" />
				<ArabicLexical word="بَيْنَ" lemma="بَيْنَ" pos="مصرفة منتظمة" prefix="" root="بين" pattern="فَعْل" suffix="" />
				<ArabicLexical word="اَلْقَرْنَيْنِ" lemma="قَرْن" pos="مصرفة منتظمة" prefix="ال" root="قرن" pattern="فَعْل" suffix="يْنِ" />
				<ArabicLexical word="اَلْأَوَّلِ" lemma="أَوَّل" pos="استثناء صرفي" prefix="ال" root="أول" pattern="أَوَّل" suffix="" />
				<ArabicLexical word="وَالثَّالِثِ" lemma="ثَالِث" pos="مصرفة منتظمة" prefix="وَال" root="ثلث" pattern="فَاعِل" suffix="" />
				<ArabicLexical word="بَعْدَ" lemma="بَعْدَ" pos="مصرفة منتظمة" prefix="" root="بعد" pattern="فَعْل" suffix="" />
				<ArabicLexical word="اَلْمِيلَادِ" lemma="مِيلَاد" pos="مصرفة منتظمة" prefix="ال" root="ولد" pattern="مِفعَال" suffix="" />
				<ArabicLexical word="صَدَى" lemma="صَدَى" pos="مصرفة منتظمة" prefix="" root="صدي" pattern="فَعَل" suffix="" />
				<ArabicLexical word="أَبْيَاتٍ" lemma="بَيْت" pos="مصرفة منتظمة" prefix="" root="بيت" pattern="أَفْعَال" suffix="" />
				<ArabicLexical word="لِلْمُتَنَبِّي" lemma="مُتَنَبّ" pos="مصرفة منتظمة" prefix="لِل" root="نبو" pattern="مُتَفَعِّل" suffix="" />
				<ArabicLexical word="تَحَوَّلَتْ" lemma="تَحَوَّلَ" pos="مصرفة منتظمة" prefix="" root="حول" pattern="تَفَعَّلَ" suffix="تْ" />
				<ArabicLexical word="حِكَمًا" lemma="حِكْمَة" pos="مصرفة منتظمة" prefix="" root="حكم" pattern="فِعَل" suffix="" />
				<ArabicLexical word="وَمِنْهَا" lemma="مِنْ" pos="جامدة" prefix="وَ" root="مِنْ" pattern="مِنْ" suffix="هَا" />
			</annotation>
		</sentence>
		<sentence id="07204">
			<text>وَمِنْ نَكَدِ اَلدُّنْيَا عَلَى اَلْحُرِّ أَنْ يَرَى      عَدُوًّا لَهُ مَا مِنْ صَدَاقَتِهِ بُدٌّ،</text>
			<annotation>
				<ArabicLexical word="وَمِنْ" lemma="مِنْ" pos="جامدة" prefix="وَ" root="مِنْ" pattern="مِنْ" suffix="" />
				<ArabicLexical word="نَكَدِ" lemma="نَكَد" pos="مصرفة منتظمة" prefix="" root="نكد" pattern="فَعَل" suffix="" />
				<ArabicLexical word="اَلدُّنْيَا" lemma="دُنْيَا" pos="مصرفة منتظمة" prefix="ال" root="دنو" pattern="فُعْلَا" suffix="" />
				<ArabicLexical word="عَلَى" lemma="عَلَى" pos="جامدة" prefix="" root="عَلَى" pattern="عَلَى" suffix="" />
				<ArabicLexical word="اَلْحُرِّ" lemma="حُرّ" pos="مصرفة منتظمة" prefix="ال" root="حرر" pattern="فُلّ" suffix="" />
				<ArabicLexical word="أَنْ" lemma="أَنْ" pos="جامدة" prefix="" root="أَنْ" pattern="أَنْ" suffix="" />
				<ArabicLexical word="يَرَى" lemma="رَأَى" pos="استثناء صرفي" prefix="ي" root="رأي" pattern="رَى" suffix="" />
				<ArabicLexical word="عَدُوًّا" lemma="عَدُوّ" pos="استثناء صرفي" prefix="" root="عدو" pattern="عَدُوّ" suffix="" />
				<ArabicLexical word="لَهُ" lemma="لِي" pos="جامدة" prefix="" root="لِي" pattern="لَهُ" suffix="" />
				<ArabicLexical word="مَا" lemma="مَا" pos="جامدة" prefix="" root="مَا" pattern="مَا" suffix="" />
				<ArabicLexical word="مِنْ" lemma="مِنْ" pos="جامدة" prefix="" root="مِنْ" pattern="مِنْ" suffix="" />
				<ArabicLexical word="صَدَاقَتِهِ" lemma="صَدَاق" pos="مصرفة منتظمة" prefix="" root="صدق" pattern="فَعَال" suffix="ته" />
				<ArabicLexical word="بُدٌّ" lemma="بُدّ" pos="مصرفة منتظمة" prefix="" root="بدد" pattern="فُلّ" suffix="" />
			</annotation>
		</sentence>
		<sentence id="07205">
			<text>وَإِذَا أَتَتْكَ مَذَمَّتِي مِنْ نَاقِصٍ      فَهِيَ اَلشَّهَادَةُ لِي بِأَنِّي كَامِلٌ،</text>
			<annotation>
				<ArabicLexical word="وَإِذَا" lemma="إِذَا" pos="جامدة" prefix="وَ" root="إِذَا" pattern="إِذَا" suffix="" />
				<ArabicLexical word="أَتَتْكَ" lemma="أَتَى" pos="مصرفة منتظمة" prefix="" root="أتي" pattern="فَعَل" suffix="تْكَ" />
				<ArabicLexical word="مَذَمَّتِي" lemma="مَذَمَّة" pos="مصرفة منتظمة" prefix="" root="ذمم" pattern="مَفَلّ" suffix="تِي" />
				<ArabicLexical word="مِنْ" lemma="مِنْ" pos="جامدة" prefix="" root="مِنْ" pattern="مِنْ" suffix="" />
				<ArabicLexical word="نَاقِصٍ" lemma="نَاقِص" pos="مصرفة منتظمة" prefix="" root="نقص" pattern="فَاعِل" suffix="" />
				<ArabicLexical word="فَهِيَ" lemma="هُوَ" pos="جامدة" prefix="فَ" root="هُوَ" pattern="هِيَ" suffix="" />
				<ArabicLexical word="اَلشَّهَادَةُ" lemma="شَهَادَة" pos="مصرفة منتظمة" prefix="ال" root="شهد" pattern="فَعَال" suffix="ة" />
				<ArabicLexical word="لِي" lemma="لِي" pos="جامدة" prefix="" root="لِي" pattern="لِي" suffix="" />
				<ArabicLexical word="بِأَنِّي" lemma="أَنَّ" pos="جامدة" prefix="بِ" root="أَنَّ" pattern="أَنَّ" suffix="ي" />
				<ArabicLexical word="كَامِلٌ" lemma="كَامِل" pos="مصرفة منتظمة" prefix="" root="كمل" pattern="فَاعِل" suffix="" />
			</annotation>
		</sentence>
		<sentence id="07206">
			<text>لَا يَسْلَمُ اَلشَّرَفُ اَلرَّفِيعُ مِنْ اَلْأَذَى      حَتَّى يُرَاقَ عَلَى جَوَانِبِهِ اَلدَّمُ،</text>
			<annotation>
				<ArabicLexical word="لَا" lemma="لَا" pos="جامدة" prefix="" root="لَا" pattern="لَا" suffix="" />
				<ArabicLexical word="يَسْلَمُ" lemma="سَلِمَ" pos="مصرفة منتظمة" prefix="ي" root="سلم" pattern="فْعَل" suffix="" />
				<ArabicLexical word="اَلشَّرَفُ" lemma="شَرَف" pos="مصرفة منتظمة" prefix="ال" root="شرف" pattern="فَعَل" suffix="" />
				<ArabicLexical word="اَلرَّفِيعُ" lemma="رَفِيع" pos="مصرفة منتظمة" prefix="ال" root="رفع" pattern="فَعِيل" suffix="" />
				<ArabicLexical word="مِنْ" lemma="مِنْ" pos="جامدة" prefix="" root="مِنْ" pattern="مِنْ" suffix="" />
				<ArabicLexical word="اَلْأَذَى" lemma="أَذَى" pos="مصرفة منتظمة" prefix="ال" root="أذي" pattern="فَعَل" suffix="" />
				<ArabicLexical word="حَتَّى" lemma="حَتَّى" pos="جامدة" prefix="" root="حَتَّى" pattern="حَتَّى" suffix="" />
				<ArabicLexical word="يُرَاقَ" lemma="رَاقَ" pos="مصرفة منتظمة" prefix="يُ" root="ريق" pattern="أَفَعلَ" suffix="" />
				<ArabicLexical word="عَلَى" lemma="عَلَى" pos="جامدة" prefix="" root="عَلَى" pattern="عَلَى" suffix="" />
				<ArabicLexical word="جَوَانِبِهِ" lemma="جَانِب" pos="مصرفة منتظمة" prefix="" root="جنب" pattern="فَوَاعِل" suffix="ه" />
				<ArabicLexical word="اَلدَّمُ" lemma="دَم" pos="استثناء صرفي" prefix="ال" root="دمي" pattern="دَم" suffix="" />
			</annotation>
		</sentence>
		<sentence id="07207">
			<text>مَا كُلُّ مَا يَتَمَنَّى اَلْمَرْءُ يُدْرِكُهُ      تَجْرِي اَلرِّيَاحُ بِمَا لَا تَشْتَهِي اَلسُّفُنُ.</text>
			<annotation>
				<ArabicLexical word="مَا" lemma="مَا" pos="جامدة" prefix="" root="مَا" pattern="مَا" suffix="" />
				<ArabicLexical word="كُلُّ" lemma="كُلّ" pos="جامدة" prefix="" root="كُلّ" pattern="كُلّ" suffix="" />
				<ArabicLexical word="مَا" lemma="مَا" pos="جامدة" prefix="" root="اَلَّذِي" pattern="مَا" suffix="" />
				<ArabicLexical word="يَتَمَنَّى" lemma="تَمَنَّى" pos="مصرفة منتظمة" prefix="ي" root="مني" pattern="تَفَعَّل" suffix="" />
				<ArabicLexical word="اَلْمَرْءُ" lemma="مَرْء" pos="مصرفة منتظمة" prefix="ال" root="مرأ" pattern="فَعْل" suffix="" />
				<ArabicLexical word="يُدْرِكُهُ" lemma="أَدْرَكَ" pos="مصرفة منتظمة" prefix="ي" root="درك" pattern="أَفْعَلَ" suffix="ه" />
				<ArabicLexical word="تَجْرِي" lemma="جَرَى" pos="مصرفة منتظمة" prefix="ت" root="جري" pattern="فْعِل" suffix="" />
				<ArabicLexical word="اَلرِّيَاحُ" lemma="رِيح" pos="مصرفة منتظمة" prefix="ال" root="روح" pattern="فِعَال" suffix="" />
				<ArabicLexical word="بِمَا" lemma="مَا" pos="جامدة" prefix="بِ" root="اَلَّذِي" pattern="مَا" suffix="" />
				<ArabicLexical word="لَا" lemma="لَا" pos="جامدة" prefix="" root="لَا" pattern="لَا" suffix="" />
				<ArabicLexical word="تَشْتَهِي" lemma="اشْتَهَى" pos="مصرفة منتظمة" prefix="ت" root="شهو" pattern="اِفْتَعِل" suffix="" />
				<ArabicLexical word="اَلسُّفُنُ" lemma="سَفِينَة" pos="مصرفة منتظمة" prefix="ال" root="سفن" pattern="فُعُل" suffix="" />
			</annotation>
		</sentence>
		<sentence id="07208">
			<text>جَاءَ اَلْعَرْضُ فِي سَهْرَةٍ غَصَّتْ مُدَرَّجَاتُهَا اَلَّتِي تَتَّسِعُ لِأَكْثَرَ مِنْ أَرْبَعَةِ آلَافِ مَقْعَدٍ بِالْمُشَاهِدِينَ اَلَّذِينَ صَفَّقُوا طَوِيلًا. وَبِسَبَبِ نَفَادِ بِطَاقَاتِ اَلسَّهَرَاتِ اَلثَّلَاثِ اَلْمُقَرَّرَةِ - 5 و 6 و 7  يُولْيُو 2001 - مُنْذُ أُسْبُوعٍ مَدَّدَتْ اَللَّجْنَةُ اَلْعَرْضَ لِسَهْرَةٍ رَابِعَةٍ مَسَاءَ اَلْأَحَدِ 9/7/2001.</text>
			<annotation>
				<ArabicLexical word="جَاءَ" lemma="جَاءَ" pos="مصرفة منتظمة" prefix="" root="جيأ" pattern="فَعلَ" suffix="" />
				<ArabicLexical word="اَلْعَرْضُ" lemma="عَرْض" pos="مصرفة منتظمة" prefix="ال" root="عرض" pattern="فَعْل" suffix="" />
				<ArabicLexical word="فِي" lemma="فِي" pos="جامدة" prefix="" root="فِي" pattern="فِي" suffix="" />
				<ArabicLexical word="سَهْرَةٍ" lemma="سَهْرَة" pos="مصرفة منتظمة" prefix="" root="سهر" pattern="فَعْل" suffix="ة" />
				<ArabicLexical word="غَصَّتْ" lemma="غَصَّ" pos="مصرفة منتظمة" prefix="" root="غصص" pattern="فَلَّ" suffix="تْ" />
				<ArabicLexical word="مُدَرَّجَاتُهَا" lemma="مُدَرَّج" pos="مصرفة منتظمة" prefix="" root="درج" pattern="مُفَعَّل" suffix="اتهَا" />
				<ArabicLexical word="اَلَّتِي" lemma="اَلَّذِي" pos="جامدة" prefix="ال" root="اَلَّذِي" pattern="لَتِي" suffix="" />
				<ArabicLexical word="تَتَّسِعُ" lemma="اتَّسَعَ" pos="مصرفة منتظمة" prefix="ت" root="وسع" pattern="اِفَّعَلَ" suffix="" />
				<ArabicLexical word="لِأَكْثَرَ" lemma="أَكْثَر" pos="مصرفة منتظمة" prefix="لِ" root="كثر" pattern="أَفْعَل" suffix="" />
				<ArabicLexical word="مِنْ" lemma="مِنْ" pos="جامدة" prefix="" root="مِنْ" pattern="مِنْ" suffix="" />
				<ArabicLexical word="أَرْبَعَةِ" lemma="أَرْبَع" pos="استثناء صرفي" prefix="" root="ربع" pattern="أَرْبَع" suffix="ة" />
				<ArabicLexical word="آلَافِ" lemma="أَلْف" pos="مصرفة منتظمة" prefix="" root="ألف" pattern="أَفعَال" suffix="" />
				<ArabicLexical word="مَقْعَدٍ" lemma="مَقْعَد" pos="مصرفة منتظمة" prefix="" root="قعد" pattern="مَفْعَل" suffix="" />
				<ArabicLexical word="بِالْمُشَاهِدِينَ" lemma="مُشَاهِد" pos="مصرفة منتظمة" prefix="بِال" root="شهد" pattern="مُفَاعِل" suffix="ينَ" />
				<ArabicLexical word="اَلَّذِينَ" lemma="اَلَّذِي" pos="جامدة" prefix="ال" root="اَلَّذِي" pattern="لَذِينَ" suffix="" />
				<ArabicLexical word="صَفَّقُوا" lemma="صَفَّقَ" pos="مصرفة منتظمة" prefix="" root="صفق" pattern="فَعَّلَ" suffix="وا" />
				<ArabicLexical word="طَوِيلًا" lemma="طَوِيل" pos="مصرفة منتظمة" prefix="" root="طول" pattern="فَعِيل" suffix="" />
				<ArabicLexical word="وَبِسَبَبِ" lemma="سَبَب" pos="مصرفة منتظمة" prefix="وَبِ" root="سبب" pattern="فَعَل" suffix="" />
				<ArabicLexical word="نَفَادِ" lemma="نَفَاد" pos="مصرفة منتظمة" prefix="" root="نفد" pattern="فَعَال" suffix="" />
				<ArabicLexical word="بِطَاقَاتِ" lemma="بِطَاقَة" pos="مصرفة منتظمة" prefix="" root="بطق" pattern="فِعَال" suffix="ات" />
				<ArabicLexical word="اَلسَّهَرَاتِ" lemma="سَهْرَة" pos="مصرفة منتظمة" prefix="ال" root="سهر" pattern="فَعَل" suffix="ات" />
				<ArabicLexical word="اَلثَّلَاثِ" lemma="ثَلَاث" pos="مصرفة منتظمة" prefix="ال" root="ثلث" pattern="فَعَال" suffix="" />
				<ArabicLexical word="اَلْمُقَرَّرَةِ" lemma="مُقَرَّر" pos="مصرفة منتظمة" prefix="ال" root="قرر" pattern="مُفَعَّل" suffix="ة" />
				<ArabicLexical word="و" lemma="+" pos="غير عربية" prefix="" root="" pattern="" suffix="" />
				<ArabicLexical word="و" lemma="+" pos="غير عربية" prefix="" root="" pattern="" suffix="" />
				<ArabicLexical word="يُولْيُو" lemma="يُولْيُو" pos="معربة" prefix="" root="يُولْيُو" pattern="يُولْيُو" suffix="" />
				<ArabicLexical word="مُنْذُ" lemma="مُنْذُ" pos="جامدة" prefix="" root="مُنْذُ" pattern="مُنْذُ" suffix="" />
				<ArabicLexical word="أُسْبُوعٍ" lemma="أُسْبُوع" pos="مصرفة منتظمة" prefix="" root="سبع" pattern="أُفْعُول" suffix="" />
				<ArabicLexical word="مَدَّدَتْ" lemma="مَدَّدَ" pos="مصرفة منتظمة" prefix="" root="مدد" pattern="فَعَّلَ" suffix="تْ" />
				<ArabicLexical word="اَللَّجْنَةُ" lemma="لَجْنَة" pos="مصرفة منتظمة" prefix="ال" root="لجن" pattern="فَعْل" suffix="ة" />
				<ArabicLexical word="اَلْعَرْضَ" lemma="عَرْض" pos="مصرفة منتظمة" prefix="ال" root="عرض" pattern="فَعْل" suffix="" />
				<ArabicLexical word="لِسَهْرَةٍ" lemma="سَهْرَة" pos="مصرفة منتظمة" prefix="لِ" root="سهر" pattern="فَعْل" suffix="ة" />
				<ArabicLexical word="رَابِعَةٍ" lemma="رَابِع" pos="مصرفة منتظمة" prefix="" root="ربع" pattern="فَاعِل" suffix="ة" />
				<ArabicLexical word="مَسَاءَ" lemma="مَسَاء" pos="مصرفة منتظمة" prefix="" root="مسو" pattern="فَعَال" suffix="" />
				<ArabicLexical word="اَلْأَحَدِ" lemma="أَحَد" pos="مصرفة منتظمة" prefix="ال" root="أحد" pattern="فَعَل" suffix="" />
			</annotation>
		</sentence>
		<sentence id="07209">
			<text>يُشَارُ إِلَى أَنَّ مَنْصُورًا اَلرَّحْبَانِيَّ كَانَ قَدْ قَدَّمَ شَخْصِيَّةَ اَلْفَيْلَسُوفْ سُقْرَاطْ فِي عَمَلٍ مَسْرَحِيٍّ، وَذلِكَ قَبْلَ تَقْدِيمِهِ شَخْصِيَّةَ اَلْمُتَنَبِّي فِي هذِهِ اَلْمَسْرَحِيَّةِ اَلَّتِي تُعْرَضُ لِلْمَرَّةِ اَلْأُولَى فِي لُبْنَانَ بَعْدَ أَنْ قَدَّمَتْ اَلْعَامَ اَلْمَاضِيَ خَمْسَةَ عُرُوضٍ فِي إِطَارِ مَهْرَجَانِ دُبَيٍّ لِلتَّسَوُّقِ</text>
			<annotation>
				<ArabicLexical word="يُشَارُ" lemma="أَشَارَ" pos="مصرفة منتظمة" prefix="يُ" root="شور" pattern="أَفَعلَ" suffix="" />
				<ArabicLexical word="إِلَى" lemma="إِلَى" pos="جامدة" prefix="" root="إِلَى" pattern="إِلَى" suffix="" />
				<ArabicLexical word="أَنَّ" lemma="أَنَّ" pos="جامدة" prefix="" root="أَنَّ" pattern="أَنَّ" suffix="" />
				<ArabicLexical word="مَنْصُورًا" lemma="مَنْصُور" pos="مصرفة منتظمة" prefix="" root="نصر" pattern="مَفْعُول" suffix="" />
				<ArabicLexical word="اَلرَّحْبَانِيَّ" lemma="رَحْبَانِيّ" pos="مصرفة منتظمة" prefix="ال" root="رحب" pattern="فَعْلَان" suffix="يّ" />
				<ArabicLexical word="كَانَ" lemma="كَانَ" pos="مصرفة منتظمة" prefix="" root="كون" pattern="فَعلَ" suffix="" />
				<ArabicLexical word="قَدْ" lemma="قَدْ" pos="جامدة" prefix="" root="قَدْ" pattern="قَدْ" suffix="" />
				<ArabicLexical word="قَدَّمَ" lemma="قَدَّمَ" pos="مصرفة منتظمة" prefix="" root="قدم" pattern="فَعَّلَ" suffix="" />
				<ArabicLexical word="شَخْصِيَّةَ" lemma="شَخْصِيّ" pos="مصرفة منتظمة" prefix="" root="شخص" pattern="فَعْل" suffix="يَّة" />
				<ArabicLexical word="اَلْفَيْلَسُوفْ" lemma="فَيْلَسُوف" pos="غير عربية" prefix="" root="" pattern="" suffix="" />
				<ArabicLexical word="سُقْرَاطْ" lemma="سُقْرَاط" pos="غير عربية" prefix="" root="" pattern="" suffix="" />
				<ArabicLexical word="فِي" lemma="فِي" pos="جامدة" prefix="" root="فِي" pattern="فِي" suffix="" />
				<ArabicLexical word="عَمَلٍ" lemma="عَمَل" pos="مصرفة منتظمة" prefix="" root="عمل" pattern="فَعَل" suffix="" />
				<ArabicLexical word="مَسْرَحِيٍّ" lemma="مَسْرَحِيّ" pos="مصرفة منتظمة" prefix="" root="سرح" pattern="مَفْعَل" suffix="يّ" />
				<ArabicLexical word="وَذلِكَ" lemma="ذَا" pos="جامدة" prefix="وَ" root="ذَا" pattern="ذلِ" suffix="كَ" />
				<ArabicLexical word="قَبْلَ" lemma="قَبْلَ" pos="مصرفة منتظمة" prefix="" root="قبل" pattern="فَعْل" suffix="" />
				<ArabicLexical word="تَقْدِيمِهِ" lemma="تَقْدِيم" pos="مصرفة منتظمة" prefix="" root="قدم" pattern="تَفْعِيل" suffix="ه" />
				<ArabicLexical word="شَخْصِيَّةَ" lemma="شَخْصِيّ" pos="مصرفة منتظمة" prefix="" root="شخص" pattern="فَعْل" suffix="يَّة" />
				<ArabicLexical word="اَلْمُتَنَبِّي" lemma="مُتَنَبِّيّ" pos="مصرفة منتظمة" prefix="ال" root="نبو" pattern="مُتَفَعِّل" suffix="" />
				<ArabicLexical word="فِي" lemma="فِي" pos="جامدة" prefix="" root="فِي" pattern="فِي" suffix="" />
				<ArabicLexical word="هذِهِ" lemma="ذَا" pos="جامدة" prefix="" root="ذَا" pattern="هذِهِ" suffix="" />
				<ArabicLexical word="اَلْمَسْرَحِيَّةِ" lemma="مَسْرَحِيَّة" pos="مصرفة منتظمة" prefix="ال" root="سرح" pattern="مَفْعَل" suffix="يَّة" />
				<ArabicLexical word="اَلَّتِي" lemma="اَلَّذِي" pos="جامدة" prefix="ال" root="اَلَّذِي" pattern="لَتِي" suffix="" />
				<ArabicLexical word="تُعْرَضُ" lemma="عَرَضَ" pos="مصرفة منتظمة" prefix="تُ" root="عرض" pattern="فْعَل" suffix="" />
				<ArabicLexical word="لِلْمَرَّةِ" lemma="مَرَّة" pos="مصرفة منتظمة" prefix="لِل" root="مرر" pattern="فَلّ" suffix="ة" />
				<ArabicLexical word="اَلْأُولَى" lemma="أَوَّل" pos="مصرفة منتظمة" prefix="ال" root="أول" pattern="فُعلَى" suffix="" />
				<ArabicLexical word="فِي" lemma="فِي" pos="جامدة" prefix="" root="فِي" pattern="فِي" suffix="" />
				<ArabicLexical word="لُبْنَانَ" lemma="لُبْنَان" pos="معربة" prefix="" root="لُبْنَان" pattern="لُبْنَان" suffix="" />
				<ArabicLexical word="بَعْدَ" lemma="بَعْدَ" pos="مصرفة منتظمة" prefix="" root="بعد" pattern="فَعْل" suffix="" />
				<ArabicLexical word="أَنْ" lemma="أَنْ" pos="جامدة" prefix="" root="أَنْ" pattern="أَنْ" suffix="" />
				<ArabicLexical word="قَدَّمَتْ" lemma="قَدَّمَ" pos="مصرفة منتظمة" prefix="" root="قدم" pattern="فَعَّلَ" suffix="تْ" />
				<ArabicLexical word="اَلْعَامَ" lemma="عَام" pos="مصرفة منتظمة" prefix="ال" root="عوم" pattern="فَعل" suffix="" />
				<ArabicLexical word="اَلْمَاضِيَ" lemma="مَاضِي" pos="مصرفة منتظمة" prefix="ال" root="مضي" pattern="فَاعِل" suffix="" />
				<ArabicLexical word="خَمْسَةَ" lemma="خَمْس" pos="مصرفة منتظمة" prefix="" root="خمس" pattern="فَعْل" suffix="ة" />
				<ArabicLexical word="عُرُوضٍ" lemma="عَرْض" pos="مصرفة منتظمة" prefix="" root="عرض" pattern="فُعُول" suffix="" />
				<ArabicLexical word="فِي" lemma="فِي" pos="جامدة" prefix="" root="فِي" pattern="فِي" suffix="" />
				<ArabicLexical word="إِطَارِ" lemma="إِطَار" pos="مصرفة منتظمة" prefix="" root="أطر" pattern="فِعَال" suffix="" />
				<ArabicLexical word="مَهْرَجَانِ" lemma="مَهْرَجَان" pos="استثناء صرفي" prefix="" root="هرج" pattern="مَهْرَجَان" suffix="" />
				<ArabicLexical word="دُبَيٍّ" lemma="دُبَيّ" pos="مصرفة منتظمة" prefix="" root="دبي" pattern="فُعَلّ" suffix="" />
				<ArabicLexical word="لِلتَّسَوُّقِ" lemma="تَسَوُّق" pos="مصرفة منتظمة" prefix="لِل" root="سوق" pattern="تَفَعُّل" suffix="" />
			</annotation>
		</sentence>
	</FILE>
	</NEMLAR>