<NEMLAR><FILE name="GeneralNews" number="020">
		<sentence id="06068">
			<text>?اَلْأُرْدُنُّ: مَهْرَجَانُ مُؤْتَةْ يَسْتَعِيدُ ذِكْرَيَاتِ اَلْمُقَاوَمَةِ</text>
			<annotation>
				<ArabicLexical word="اَلْأُرْدُنُّ" lemma="أُرْدُنّ" pos="غير عربية" prefix="" root="" pattern="" suffix="" />
				<ArabicLexical word="مَهْرَجَانُ" lemma="مَهْرَجَان" pos="استثناء صرفي" prefix="" root="هرج" pattern="مَهْرَجَان" suffix="" />
				<ArabicLexical word="مُؤْتَةْ" lemma="" pos="غير عربية" prefix="" root="" pattern="" suffix="" />
				<ArabicLexical word="يَسْتَعِيدُ" lemma="اسْتَعَادَ" pos="مصرفة منتظمة" prefix="ي" root="عود" pattern="اِسْتَفِعلَ" suffix="" />
				<ArabicLexical word="ذِكْرَيَاتِ" lemma="ذِكْرَيَات" pos="استثناء صرفي" prefix="" root="ذكر" pattern="ذِكْرَى" suffix="ات" />
				<ArabicLexical word="اَلْمُقَاوَمَةِ" lemma="مُقَاوَمَة" pos="مصرفة منتظمة" prefix="ال" root="قوم" pattern="مُفَاعَل" suffix="ة" />
			</annotation>
		</sentence>
		<sentence id="06069">
			<text>عَمَّانُ - خَاصٌّ - إِسْلَامْ أُونْ لَايْنْ.نِتْ/12-8-2001</text>
			<annotation>
				<ArabicLexical word="عَمَّانُ" lemma="عَمَّان" pos="مصرفة منتظمة" prefix="" root="عمن" pattern="فَعَّال" suffix="" />
				<ArabicLexical word="خَاصٌّ" lemma="خَاصّ" pos="مصرفة منتظمة" prefix="" root="خصص" pattern="فَالّ" suffix="" />
				<ArabicLexical word="إِسْلَامْ" lemma="إِسْلَام" pos="غير عربية" prefix="" root="" pattern="" suffix="" />
				<ArabicLexical word="أُونْ" lemma="أُونْ" pos="غير عربية" prefix="" root="" pattern="" suffix="" />
				<ArabicLexical word="لَايْنْ" lemma="+" pos="غير عربية" prefix="" root="" pattern="" suffix="" />
				<ArabicLexical word="نِتْ" lemma="نِت" pos="غير عربية" prefix="" root="" pattern="" suffix="" />
			</annotation>
		</sentence>
		<sentence id="06070">
			<text>حَقَّقَتْ اَلِانْتِفَاضَةُ اَلْفِلَسْطِينِيَّةُ حُضُورًا مُمَيَّزًا فِي فَعَالِيَاتِ مَهْرَجَانِ مُؤْتَةْ اَلثَّالِثِ لِلثَّقَافَةِ وَالْفُنُونِ، اَلَّذِي تُنَظِّمُهُ بِالْأُرْدُنِّ اَلنِّقَابَاتُ اَلْمِهْنِيَّةُ ال 14 تَحْتَ شِعَارِ: اَلْأُرْدُنُّ بَوَّابَةُ اَلْفَتْحِ اَلْأَوَّلِ.. وَخَيْمَةُ اَلتَّحْرِيرِ اَلْأَخِيرِ، وَالَّذِي اِنْطَلَقَتْ أَعْمَالُهُ مَسَاءَ اَلسَّبْتِ 11/8/2001.</text>
			<annotation>
				<ArabicLexical word="حَقَّقَتْ" lemma="حَقَّقَ" pos="مصرفة منتظمة" prefix="" root="حقق" pattern="فَعَّلَ" suffix="تْ" />
				<ArabicLexical word="اَلِانْتِفَاضَةُ" lemma="انْتِفَاضَة" pos="مصرفة منتظمة" prefix="ال" root="نفض" pattern="اِفْتِعَال" suffix="ة" />
				<ArabicLexical word="اَلْفِلَسْطِينِيَّةُ" lemma="فِلَسْطِينِيّ" pos="معربة" prefix="ال" root="فِلَسْطِين" pattern="فِلَسْطِين" suffix="يَّة" />
				<ArabicLexical word="حُضُورًا" lemma="حُضُور" pos="مصرفة منتظمة" prefix="" root="حضر" pattern="فُعُول" suffix="" />
				<ArabicLexical word="مُمَيَّزًا" lemma="مُمَيَّز" pos="مصرفة منتظمة" prefix="" root="ميز" pattern="مُفَعَّل" suffix="" />
				<ArabicLexical word="فِي" lemma="فِي" pos="جامدة" prefix="" root="فِي" pattern="فِي" suffix="" />
				<ArabicLexical word="فَعَالِيَاتِ" lemma="عَالِيَة" pos="مصرفة منتظمة" prefix="" root="فعل" pattern="فَعَالِيَ" suffix="ات" />
				<ArabicLexical word="مَهْرَجَانِ" lemma="مَهْرَجَان" pos="استثناء صرفي" prefix="" root="هرج" pattern="مَهْرَجَان" suffix="" />
				<ArabicLexical word="مُؤْتَةْ" lemma="" pos="غير عربية" prefix="" root="" pattern="" suffix="" />
				<ArabicLexical word="اَلثَّالِثِ" lemma="ثَالِث" pos="مصرفة منتظمة" prefix="ال" root="ثلث" pattern="فَاعِل" suffix="" />
				<ArabicLexical word="لِلثَّقَافَةِ" lemma="ثَقَافَة" pos="مصرفة منتظمة" prefix="لِل" root="ثقف" pattern="فَعَال" suffix="ة" />
				<ArabicLexical word="وَالْفُنُونِ" lemma="فَنّ" pos="مصرفة منتظمة" prefix="وَال" root="فنن" pattern="فُعُول" suffix="" />
				<ArabicLexical word="اَلَّذِي" lemma="اَلَّذِي" pos="جامدة" prefix="ال" root="اَلَّذِي" pattern="لَذِي" suffix="" />
				<ArabicLexical word="تُنَظِّمُهُ" lemma="نَظَّمَ" pos="مصرفة منتظمة" prefix="ت" root="نظم" pattern="فَعَّلَ" suffix="ه" />
				<ArabicLexical word="بِالْأُرْدُنِ" lemma="أُرْدُن" pos="غير عربية" prefix="" root="" pattern="" suffix="" />
				<ArabicLexical word="اَلنِّقَابَاتُ" lemma="نِقَابَة" pos="مصرفة منتظمة" prefix="ال" root="نقب" pattern="فِعَال" suffix="ات" />
				<ArabicLexical word="اَلْمِهْنِيَّةُ" lemma="مِهْنِيّ" pos="مصرفة منتظمة" prefix="ال" root="مهن" pattern="فِعْل" suffix="يَّة" />
				<ArabicLexical word="ال" lemma="+" pos="غير عربية" prefix="" root="" pattern="" suffix="" />
				<ArabicLexical word="تَحْتَ" lemma="تَحْتَ" pos="جامدة" prefix="" root="تَحْتَ" pattern="تَحْتَ" suffix="" />
				<ArabicLexical word="شِعَارِ" lemma="شِعَار" pos="مصرفة منتظمة" prefix="" root="شعر" pattern="فِعَال" suffix="" />
				<ArabicLexical word="اَلْأُرْدُنُّ" lemma="أُرْدُنّ" pos="غير عربية" prefix="" root="" pattern="" suffix="" />
				<ArabicLexical word="بَوَّابَةُ" lemma="بَوَّاب" pos="مصرفة منتظمة" prefix="" root="بوب" pattern="فَعَّال" suffix="ة" />
				<ArabicLexical word="اَلْفَتْحِ" lemma="فَتْح" pos="مصرفة منتظمة" prefix="ال" root="فتح" pattern="فَعْل" suffix="" />
				<ArabicLexical word="اَلْأَوَّلِ" lemma="أَوَّل" pos="استثناء صرفي" prefix="ال" root="أول" pattern="أَوَّل" suffix="" />
				<ArabicLexical word="وَخَيْمَةُ" lemma="خَيْمَة" pos="مصرفة منتظمة" prefix="وَ" root="خيم" pattern="فَعْل" suffix="ة" />
				<ArabicLexical word="اَلتَّحْرِيرِ" lemma="تَحْرِير" pos="مصرفة منتظمة" prefix="ال" root="حرر" pattern="تَفْعِيل" suffix="" />
				<ArabicLexical word="اَلْأَخِيرِ" lemma="أَخِير" pos="مصرفة منتظمة" prefix="ال" root="أخر" pattern="فَعِيل" suffix="" />
				<ArabicLexical word="وَالَّذِي" lemma="اَلَّذِي" pos="جامدة" prefix="وَال" root="اَلَّذِي" pattern="لَذِي" suffix="" />
				<ArabicLexical word="اِنْطَلَقَتْ" lemma="انْطَلَقَ" pos="مصرفة منتظمة" prefix="" root="طلق" pattern="اِنْفَعَلَ" suffix="تْ" />
				<ArabicLexical word="أَعْمَالُهُ" lemma="عَمَل" pos="مصرفة منتظمة" prefix="" root="عمل" pattern="أَفْعَال" suffix="ه" />
				<ArabicLexical word="مَسَاءَ" lemma="مَسَاء" pos="مصرفة منتظمة" prefix="" root="مسو" pattern="فَعَال" suffix="" />
				<ArabicLexical word="اَلسَّبْتِ" lemma="سَبْت" pos="مصرفة منتظمة" prefix="ال" root="سبت" pattern="فَعْل" suffix="" />
			</annotation>
		</sentence>
		<sentence id="06071">
			<text>وَقَالَ اَلدُّكْتُورُ نَزِيهٌ عَبَابْنَةْ رَئِيسُ اَللَّجْنَةِ اَلتَّحْضِيرِيَّةِ لِمَهْرَجَانِ مُؤْتَةْ اَلثَّالِثِ لِلثَّقَافَةِ وَالْفُنُونِ فِي كَلِمَتِهِ اَلَّتِي أَلْقَاهَا فِي حَفْلِ اَلِافْتِتَاحِ: إِنَّ اَلْفِكْرَ أَسَاسُ اَلْحَيَاةِ وَالنَّهْضَةِ وَالتَّغْيِيرِ، وَمُؤْتَةْ كَتَارِيخٍ كَانَتْ عُنْوَانًا وَرَمْزًا لِإِرَادَةِ اَلتَّحَدِّي بَيْنَ اَلدَّوْلَةِ اَلْإِسْلَامِيَّةِ اَلنَّاشِئَةِ وَبَيْنَ اَلدَّوْلَةِ اَلرُّومَانِيَّةِ اَلْبِيزَنْطِيَّةِ، اَلدَّوْلَةِ اَلْأُولَى فِي اَلْعَالَمِ آنَذَاكَ.</text>
			<annotation>
				<ArabicLexical word="وَقَالَ" lemma="قَالَ" pos="مصرفة منتظمة" prefix="وَ" root="قول" pattern="فَعلَ" suffix="" />
				<ArabicLexical word="اَلدُّكْتُورُ" lemma="دُكْتُور" pos="معربة" prefix="ال" root="دُكْتُور" pattern="دُكْتُور" suffix="" />
				<ArabicLexical word="نَزِيهٌ" lemma="نَزِيه" pos="مصرفة منتظمة" prefix="" root="نزه" pattern="فَعِيل" suffix="" />
				<ArabicLexical word="عَبَابْنَةْ" lemma="+" pos="غير عربية" prefix="" root="" pattern="" suffix="" />
				<ArabicLexical word="رَئِيسُ" lemma="رَئِيس" pos="مصرفة منتظمة" prefix="" root="رأس" pattern="فَعِيل" suffix="" />
				<ArabicLexical word="اَللَّجْنَةِ" lemma="لَجْنَة" pos="مصرفة منتظمة" prefix="ال" root="لجن" pattern="فَعْل" suffix="ة" />
				<ArabicLexical word="اَلتَّحْضِيرِيَّةِ" lemma="تَحْضِيرِيّ" pos="مصرفة منتظمة" prefix="ال" root="حضر" pattern="تَفْعِيل" suffix="يَّة" />
				<ArabicLexical word="لِمَهْرَجَانِ" lemma="مَهْرَجَان" pos="استثناء صرفي" prefix="لِ" root="هرج" pattern="مَهْرَجَان" suffix="" />
				<ArabicLexical word="مُؤْتَةْ" lemma="" pos="غير عربية" prefix="" root="" pattern="" suffix="" />
				<ArabicLexical word="اَلثَّالِثِ" lemma="ثَالِث" pos="مصرفة منتظمة" prefix="ال" root="ثلث" pattern="فَاعِل" suffix="" />
				<ArabicLexical word="لِلثَّقَافَةِ" lemma="ثَقَافَة" pos="مصرفة منتظمة" prefix="لِل" root="ثقف" pattern="فَعَال" suffix="ة" />
				<ArabicLexical word="وَالْفُنُونِ" lemma="فَنّ" pos="مصرفة منتظمة" prefix="وَال" root="فنن" pattern="فُعُول" suffix="" />
				<ArabicLexical word="فِي" lemma="فِي" pos="جامدة" prefix="" root="فِي" pattern="فِي" suffix="" />
				<ArabicLexical word="كَلِمَتِهِ" lemma="كَلِمَة" pos="مصرفة منتظمة" prefix="" root="كلم" pattern="فَعِل" suffix="ته" />
				<ArabicLexical word="اَلَّتِي" lemma="اَلَّذِي" pos="جامدة" prefix="ال" root="اَلَّذِي" pattern="لَتِي" suffix="" />
				<ArabicLexical word="أَلْقَاهَا" lemma="أَلْقَى" pos="مصرفة منتظمة" prefix="" root="لقي" pattern="أَفْعَل" suffix="هَا" />
				<ArabicLexical word="فِي" lemma="فِي" pos="جامدة" prefix="" root="فِي" pattern="فِي" suffix="" />
				<ArabicLexical word="حَفْلِ" lemma="حَفْل" pos="مصرفة منتظمة" prefix="" root="حفل" pattern="فَعْل" suffix="" />
				<ArabicLexical word="اَلِافْتِتَاحِ" lemma="افْتِتَاح" pos="مصرفة منتظمة" prefix="ال" root="فتح" pattern="اِفْتِعَال" suffix="" />
				<ArabicLexical word="إِنَّ" lemma="أَنَّ" pos="جامدة" prefix="" root="إِنَّ" pattern="إِنَّ" suffix="" />
				<ArabicLexical word="اَلْفِكْرَ" lemma="فِكْر" pos="مصرفة منتظمة" prefix="ال" root="فكر" pattern="فِعْل" suffix="" />
				<ArabicLexical word="أَسَاسُ" lemma="أَسَاس" pos="مصرفة منتظمة" prefix="" root="أسس" pattern="فَعَال" suffix="" />
				<ArabicLexical word="اَلْحَيَاةِ" lemma="حَيَاة" pos="مصرفة منتظمة" prefix="ال" root="حيي" pattern="فَعَل" suffix="ة" />
				<ArabicLexical word="وَالنَّهْضَةِ" lemma="نَهْضَة" pos="مصرفة منتظمة" prefix="وَال" root="نهض" pattern="فَعْل" suffix="ة" />
				<ArabicLexical word="وَالتَّغْيِيرِ" lemma="تَغْيِير" pos="مصرفة منتظمة" prefix="وَال" root="غير" pattern="تَفْعِيل" suffix="" />
				<ArabicLexical word="وَمُؤْتَةْ" lemma="+" pos="غير عربية" prefix="" root="" pattern="" suffix="" />
				<ArabicLexical word="كَتَارِيخٍ" lemma="تَارِيخ" pos="استثناء صرفي" prefix="كَ" root="أرخ" pattern="تَارِيخ" suffix="" />
				<ArabicLexical word="كَانَتْ" lemma="كَانَ" pos="مصرفة منتظمة" prefix="" root="كون" pattern="فَعلَ" suffix="تْ" />
				<ArabicLexical word="عُنْوَانًا" lemma="عُنْوَان" pos="مصرفة منتظمة" prefix="" root="عنون" pattern="فُعْلَال" suffix="" />
				<ArabicLexical word="وَرَمْزًا" lemma="رَمْز" pos="مصرفة منتظمة" prefix="وَ" root="رمز" pattern="فَعْل" suffix="" />
				<ArabicLexical word="لِإِرَادَةِ" lemma="إِرَادَة" pos="مصرفة منتظمة" prefix="لِ" root="رود" pattern="إِفَعالَ" suffix="ة" />
				<ArabicLexical word="اَلتَّحَدِّي" lemma="تَحَدّ" pos="مصرفة منتظمة" prefix="ال" root="حدو" pattern="تَفَعِّل" suffix="" />
				<ArabicLexical word="بَيْنَ" lemma="بَيْنَ" pos="مصرفة منتظمة" prefix="" root="بين" pattern="فَعْل" suffix="" />
				<ArabicLexical word="اَلدَّوْلَةِ" lemma="دَوْلَة" pos="مصرفة منتظمة" prefix="ال" root="دول" pattern="فَعْل" suffix="ة" />
				<ArabicLexical word="اَلْإِسْلَامِيَّةِ" lemma="إِسْلَامِيّ" pos="مصرفة منتظمة" prefix="ال" root="سلم" pattern="إِفْعَال" suffix="يَّة" />
				<ArabicLexical word="اَلنَّاشِئَةِ" lemma="نَاشِئ" pos="مصرفة منتظمة" prefix="ال" root="نشأ" pattern="فَاعِل" suffix="ة" />
				<ArabicLexical word="وَبَيْنَ" lemma="بَيْنَ" pos="مصرفة منتظمة" prefix="وَ" root="بين" pattern="فَعْل" suffix="" />
				<ArabicLexical word="اَلدَّوْلَةِ" lemma="دَوْلَة" pos="مصرفة منتظمة" prefix="ال" root="دول" pattern="فَعْل" suffix="ة" />
				<ArabicLexical word="اَلرُّومَانِيَّةِ" lemma="رُومَانِيّ" pos="غير عربية" prefix="" root="" pattern="" suffix="" />
				<ArabicLexical word="اَلْبِيزَنْطِيَّةِ" lemma="بِيزَنْطِيّ" pos="غير عربية" prefix="" root="" pattern="" suffix="" />
				<ArabicLexical word="اَلدَّوْلَةِ" lemma="دَوْلَة" pos="مصرفة منتظمة" prefix="ال" root="دول" pattern="فَعْل" suffix="ة" />
				<ArabicLexical word="اَلْأُولَى" lemma="أَوَّل" pos="مصرفة منتظمة" prefix="ال" root="أول" pattern="فُعلَى" suffix="" />
				<ArabicLexical word="فِي" lemma="فِي" pos="جامدة" prefix="" root="فِي" pattern="فِي" suffix="" />
				<ArabicLexical word="اَلْعَالَمِ" lemma="عَالَم" pos="استثناء صرفي" prefix="ال" root="علم" pattern="عَالَم" suffix="" />
				<ArabicLexical word="آنَذَاكَ" lemma="آنَذَاكَ" pos="استثناء صرفي" prefix="" root="أون" pattern="آنَذَاكَ" suffix="" />
			</annotation>
		</sentence>
		<sentence id="06072">
			<text>وَقَالَ عَلِيٌّ أَبُو اَلسُّكَّرِ رَئِيسُ لَجْنَةِ مُقَاوَمَةِ اَلتَّطْبِيعِ اَلْمُنْبَثِقَةِ عَنْ اَلنِّقَابَاتِ اَلْمِهْنِيَّةِ: إِنَّ اَلْمَعْلَمَيْنِ اَلْبَارِزَيْنِ وَالْأَسَاسِيَّيْنِ فِي اَلْمَهْرَجَانِ هُمَا مَوْضُوعُ اَلِانْتِفَاضَةِ وَمُقَاوَمَةُ اَلتَّطْبِيعِ، مُؤَكِّدًا أَنَّ هذَيْنِ اَلْمَوْضُوعَيْنِ طَغَيَا عَلَى جَمِيعِ فَعَالِيَاتِ اَلْمَهْرَجَانِ، سَوَاءً اَلْمَعَارِضُ أَوْ اَلنَّدَوَاتُ أَوْ اَلْمَسْرَحِيَّاتُ أَوْ حَفَلَاتُ اَلْأَنَاشِيدِ.</text>
			<annotation>
				<ArabicLexical word="وَقَالَ" lemma="قَالَ" pos="مصرفة منتظمة" prefix="وَ" root="قول" pattern="فَعلَ" suffix="" />
				<ArabicLexical word="عَلِيٌّ" lemma="عَلِيّ" pos="مصرفة منتظمة" prefix="" root="علو" pattern="فَعِلّ" suffix="" />
				<ArabicLexical word="أَبُو" lemma="أَب" pos="استثناء صرفي" prefix="" root="أبو" pattern="أَبُو" suffix="" />
				<ArabicLexical word="اَلسُّكَّرِ" lemma="سُكَّر" pos="مصرفة منتظمة" prefix="ال" root="سكر" pattern="فُعَّل" suffix="" />
				<ArabicLexical word="رَئِيسُ" lemma="رَئِيس" pos="مصرفة منتظمة" prefix="" root="رأس" pattern="فَعِيل" suffix="" />
				<ArabicLexical word="لَجْنَةِ" lemma="لَجْنَة" pos="مصرفة منتظمة" prefix="" root="لجن" pattern="فَعْل" suffix="ة" />
				<ArabicLexical word="مُقَاوَمَةِ" lemma="مُقَاوَمَة" pos="مصرفة منتظمة" prefix="" root="قوم" pattern="مُفَاعَل" suffix="ة" />
				<ArabicLexical word="اَلتَّطْبِيعِ" lemma="تَطْبِيع" pos="مصرفة منتظمة" prefix="ال" root="طبع" pattern="تَفْعِيل" suffix="" />
				<ArabicLexical word="اَلْمُنْبَثِقَةِ" lemma="مُنْبَثِق" pos="مصرفة منتظمة" prefix="ال" root="بثق" pattern="مُنْفَعِل" suffix="ة" />
				<ArabicLexical word="عَنْ" lemma="عَنْ" pos="جامدة" prefix="" root="عَنْ" pattern="عَنْ" suffix="" />
				<ArabicLexical word="اَلنِّقَابَاتِ" lemma="نِقَابَة" pos="مصرفة منتظمة" prefix="ال" root="نقب" pattern="فِعَال" suffix="ات" />
				<ArabicLexical word="اَلْمِهْنِيَّةِ" lemma="مِهْنِيّ" pos="مصرفة منتظمة" prefix="ال" root="مهن" pattern="فِعْل" suffix="يَّة" />
				<ArabicLexical word="إِنَّ" lemma="إِنَّ" pos="جامدة" prefix="" root="إِنَّ" pattern="إِنَّ" suffix="" />
				<ArabicLexical word="اَلْمَعْلَمَيْنِ" lemma="مَعْلَم" pos="مصرفة منتظمة" prefix="ال" root="علم" pattern="مَفْعَل" suffix="يْنِ" />
				<ArabicLexical word="اَلْبَارِزَيْنِ" lemma="بَارِز" pos="مصرفة منتظمة" prefix="ال" root="برز" pattern="فَاعِل" suffix="يْنِ" />
				<ArabicLexical word="وَالْأَسَاسِيَّيْنِ" lemma="أَسَاسِيّ" pos="مصرفة منتظمة" prefix="وَال" root="أسس" pattern="فَعَال" suffix="يَّيْنِ" />
				<ArabicLexical word="فِي" lemma="فِي" pos="جامدة" prefix="" root="فِي" pattern="فِي" suffix="" />
				<ArabicLexical word="اَلْمَهْرَجَانِ" lemma="مَهْرَجَان" pos="استثناء صرفي" prefix="ال" root="هرج" pattern="مَهْرَجَان" suffix="" />
				<ArabicLexical word="هُمَا" lemma="هُوَ" pos="جامدة" prefix="" root="هُوَ" pattern="هُمَا" suffix="" />
				<ArabicLexical word="مَوْضُوعُ" lemma="مَوْضُوع" pos="مصرفة منتظمة" prefix="" root="وضع" pattern="مَفْعُول" suffix="" />
				<ArabicLexical word="اَلِانْتِفَاضَةِ" lemma="انْتِفَاضَة" pos="مصرفة منتظمة" prefix="ال" root="نفض" pattern="اِفْتِعَال" suffix="ة" />
				<ArabicLexical word="وَمُقَاوَمَةُ" lemma="مُقَاوَمَة" pos="مصرفة منتظمة" prefix="وَ" root="قوم" pattern="مُفَاعَل" suffix="ة" />
				<ArabicLexical word="اَلتَّطْبِيعِ" lemma="تَطْبِيع" pos="مصرفة منتظمة" prefix="ال" root="طبع" pattern="تَفْعِيل" suffix="" />
				<ArabicLexical word="مُؤَكِّدًا" lemma="مُؤَكِّد" pos="مصرفة منتظمة" prefix="" root="أكد" pattern="مُفَعِّل" suffix="" />
				<ArabicLexical word="أَنَّ" lemma="أَنَّ" pos="جامدة" prefix="" root="أَنَّ" pattern="أَنَّ" suffix="" />
				<ArabicLexical word="هذَيْنِ" lemma="ذَا" pos="جامدة" prefix="" root="ذَا" pattern="هذَ" suffix="يْنِ" />
				<ArabicLexical word="اَلْمَوْضُوعَيْنِ" lemma="مَوْضُوع" pos="مصرفة منتظمة" prefix="ال" root="وضع" pattern="مَفْعُول" suffix="يْنِ" />
				<ArabicLexical word="طَغَيَا" lemma="طَغَى" pos="مصرفة منتظمة" prefix="" root="طغي" pattern="فَعَل" suffix="ا" />
				<ArabicLexical word="عَلَى" lemma="عَلَى" pos="جامدة" prefix="" root="عَلَى" pattern="عَلَى" suffix="" />
				<ArabicLexical word="جَمِيعِ" lemma="جَمِيع" pos="مصرفة منتظمة" prefix="" root="جمع" pattern="فَعِيل" suffix="" />
				<ArabicLexical word="فَعَالِيَاتِ" lemma="عَالِيَة" pos="مصرفة منتظمة" prefix="" root="فعل" pattern="فَعَالِيَ" suffix="ات" />
				<ArabicLexical word="اَلْمَهْرَجَانِ" lemma="مَهْرَجَان" pos="استثناء صرفي" prefix="ال" root="هرج" pattern="مَهْرَجَان" suffix="" />
				<ArabicLexical word="سَوَاءً" lemma="سَوَاء" pos="مصرفة منتظمة" prefix="" root="سوي" pattern="فَعَال" suffix="" />
				<ArabicLexical word="اَلْمَعَارِضُ" lemma="مَعْرَض" pos="مصرفة منتظمة" prefix="ال" root="عرض" pattern="مَفَاعِل" suffix="" />
				<ArabicLexical word="أَوْ" lemma="أَوْ" pos="جامدة" prefix="" root="أَوْ" pattern="أَوْ" suffix="" />
				<ArabicLexical word="اَلنَّدَوَاتُ" lemma="نَدْوَة" pos="مصرفة منتظمة" prefix="ال" root="ندو" pattern="فَعَل" suffix="ات" />
				<ArabicLexical word="أَوْ" lemma="أَوْ" pos="جامدة" prefix="" root="أَوْ" pattern="أَوْ" suffix="" />
				<ArabicLexical word="اَلْمَسْرَحِيَّاتُ" lemma="مَسْرَحِيَّة" pos="مصرفة منتظمة" prefix="ال" root="سرح" pattern="مَفْعَل" suffix="يَّات" />
				<ArabicLexical word="أَوْ" lemma="أَوْ" pos="جامدة" prefix="" root="أَوْ" pattern="أَوْ" suffix="" />
				<ArabicLexical word="حَفَلَاتُ" lemma="حَفْلَة" pos="مصرفة منتظمة" prefix="" root="حفل" pattern="فَعَل" suffix="ات" />
				<ArabicLexical word="اَلْأَنَاشِيدِ" lemma="أُنْشُودَة" pos="مصرفة منتظمة" prefix="ال" root="نشد" pattern="أَفَاعِيل" suffix="" />
			</annotation>
		</sentence>
		<sentence id="06073">
			<text>وَأَكَّدَ أَبُو اَلسُّكَّرِ فِي تَصْرِيحٍ لِوِكَالَةِ قُدْسُ بِرِسّْ اَلْأَحَدَ 12/8/2001 أَنَّ اَلْمَهْرَجَانَ يَخْتَلِفُ عَنْ اَلْمَهْرَجَانَاتِ اَلْفَنِّيَّةِ بِأَنَّهُ هَادِفٌ، وَيَرْمِي إِلَى تَثْقِيفِ وَتَوْجِيهِ اَلشَّارِعِ اَلْأُرْدُنِيِّ نَحْوَ اَلْقَضَايَا اَلْحَيَوِيَّةِ، وَعَلَى رَأْسِهَا اَلْقَضِيَّةُ اَلْفِلَسْطِينِيَّةُ وَالْعُدْوَانُ اَلْإِسْرَائِيلِيُّ عَلَى اَلْقُدْسِ اَلْعَرَبِيَّةِ.</text>
			<annotation>
				<ArabicLexical word="وَأَكَّدَ" lemma="أَكَّدَ" pos="مصرفة منتظمة" prefix="وَ" root="أكد" pattern="فَعَّلَ" suffix="" />
				<ArabicLexical word="أَبُو" lemma="أَب" pos="استثناء صرفي" prefix="" root="أبو" pattern="أَبُو" suffix="" />
				<ArabicLexical word="اَلسُّكَّرِ" lemma="سُكَّر" pos="مصرفة منتظمة" prefix="ال" root="سكر" pattern="فُعَّل" suffix="" />
				<ArabicLexical word="فِي" lemma="فِي" pos="جامدة" prefix="" root="فِي" pattern="فِي" suffix="" />
				<ArabicLexical word="تَصْرِيحٍ" lemma="تَصْرِيح" pos="مصرفة منتظمة" prefix="" root="صرح" pattern="تَفْعِيل" suffix="" />
				<ArabicLexical word="لِوِكَالَةِ" lemma="وِكَالَة" pos="مصرفة منتظمة" prefix="لِ" root="وكل" pattern="فِعَال" suffix="ة" />
				<ArabicLexical word="قُدْسُ" lemma="قُدْس" pos="مصرفة منتظمة" prefix="" root="قدس" pattern="فُعْل" suffix="" />
				<ArabicLexical word="بِرِسّْ" lemma="" pos="غير عربية" prefix="" root="" pattern="" suffix="" />
				<ArabicLexical word="اَلْأَحَدَ" lemma="أَحَد" pos="مصرفة منتظمة" prefix="ال" root="أحد" pattern="فَعَل" suffix="" />
				<ArabicLexical word="أَنَّ" lemma="أَنَّ" pos="جامدة" prefix="" root="أَنَّ" pattern="أَنَّ" suffix="" />
				<ArabicLexical word="اَلْمَهْرَجَانَ" lemma="مَهْرَجَان" pos="استثناء صرفي" prefix="ال" root="هرج" pattern="مَهْرَجَان" suffix="" />
				<ArabicLexical word="يَخْتَلِفُ" lemma="اخْتَلَفَ" pos="مصرفة منتظمة" prefix="ي" root="خلف" pattern="اِفْتَعَلَ" suffix="" />
				<ArabicLexical word="عَنْ" lemma="عَنْ" pos="جامدة" prefix="" root="عَنْ" pattern="عَنْ" suffix="" />
				<ArabicLexical word="اَلْمَهْرَجَانَاتِ" lemma="مَهْرَجَان" pos="استثناء صرفي" prefix="ال" root="هرج" pattern="مَهْرَجَان" suffix="ات" />
				<ArabicLexical word="اَلْفَنِّيَّةِ" lemma="فَنِّيّ" pos="مصرفة منتظمة" prefix="ال" root="فنن" pattern="فَلّ" suffix="يَّة" />
				<ArabicLexical word="بِأَنَّهُ" lemma="أَنَّ" pos="جامدة" prefix="بِ" root="أَنَّ" pattern="أَنَّ" suffix="ه" />
				<ArabicLexical word="هَادِفٌ" lemma="هَادِف" pos="مصرفة منتظمة" prefix="" root="هدف" pattern="فَاعِل" suffix="" />
				<ArabicLexical word="وَيَرْمِي" lemma="رَمَى" pos="مصرفة منتظمة" prefix="وَي" root="رمي" pattern="فْعِل" suffix="" />
				<ArabicLexical word="إِلَى" lemma="إِلَى" pos="جامدة" prefix="" root="إِلَى" pattern="إِلَى" suffix="" />
				<ArabicLexical word="تَثْقِيفِ" lemma="تَثْقِيف" pos="مصرفة منتظمة" prefix="" root="ثقف" pattern="تَفْعِيل" suffix="" />
				<ArabicLexical word="وَتَوْجِيهِ" lemma="تَوْجِيه" pos="مصرفة منتظمة" prefix="وَ" root="وجه" pattern="تَفْعِيل" suffix="" />
				<ArabicLexical word="اَلشَّارِعِ" lemma="شَارِع" pos="مصرفة منتظمة" prefix="ال" root="شرع" pattern="فَاعِل" suffix="" />
				<ArabicLexical word="اَلْأُرْدُنِيِّ" lemma="أُرْدُنِيّ" pos="غير عربية" prefix="" root="" pattern="" suffix="" />
				<ArabicLexical word="نَحْوَ" lemma="نَحْو" pos="مصرفة منتظمة" prefix="" root="نحو" pattern="فَعْل" suffix="" />
				<ArabicLexical word="اَلْقَضَايَا" lemma="قَضِيَّة" pos="مصرفة منتظمة" prefix="ال" root="قضي" pattern="فَعَالَا" suffix="" />
				<ArabicLexical word="اَلْحَيَوِيَّةِ" lemma="حَيَوِيّ" pos="مصرفة منتظمة" prefix="ال" root="حيي" pattern="فَعَلِ" suffix="يَّة" />
				<ArabicLexical word="وَعَلَى" lemma="عَلَى" pos="جامدة" prefix="وَ" root="عَلَى" pattern="عَلَى" suffix="" />
				<ArabicLexical word="رَأْسِهَا" lemma="رَأْس" pos="مصرفة منتظمة" prefix="" root="رأس" pattern="فَعْل" suffix="هَا" />
				<ArabicLexical word="اَلْقَضِيَّةُ" lemma="قَضِيَّة" pos="مصرفة منتظمة" prefix="ال" root="قضي" pattern="فَعِلّ" suffix="ة" />
				<ArabicLexical word="اَلْفِلَسْطِينِيَّةُ" lemma="فِلَسْطِينِيّ" pos="معربة" prefix="ال" root="فِلَسْطِين" pattern="فِلَسْطِين" suffix="يَّة" />
				<ArabicLexical word="وَالْعُدْوَانُ" lemma="عُدْوَان" pos="مصرفة منتظمة" prefix="وَال" root="عدو" pattern="فُعْلَان" suffix="" />
				<ArabicLexical word="اَلْإِسْرَائِيلِيُّ" lemma="إِسْرَائِيلِيّ" pos="معربة" prefix="ال" root="إِسْرَائِيل" pattern="إِسْرَائِيل" suffix="يّ" />
				<ArabicLexical word="عَلَى" lemma="عَلَى" pos="جامدة" prefix="" root="عَلَى" pattern="عَلَى" suffix="" />
				<ArabicLexical word="اَلْقُدْسِ" lemma="قُدْس" pos="مصرفة منتظمة" prefix="ال" root="قدس" pattern="فُعْل" suffix="" />
				<ArabicLexical word="اَلْعَرَبِيَّةِ" lemma="عَرَبِيّ" pos="مصرفة منتظمة" prefix="ال" root="عرب" pattern="فَعَل" suffix="يَّة" />
			</annotation>
		</sentence>
		<sentence id="06074">
			<text>وَأَشَارَ أَبُو اَلسُّكَّرِ إِلَى أَنَّهُ مِنْ أَبْرَزِ فَعَالِيَاتِ اَلْمَهْرَجَانِ جِدَارِيَّةٌ بِعُنْوَانِ: جِدَارِيَّةُ اَلِانْتِقَامِ، وَهِيَ مَرْسُومَةٌ عَلَى إِحْدَى وَاجِهَاتِ مُجَمَّعِ اَلنِّقَابَاتِ، وَتُمَثِّلُ حَوَالَيْ 100 لَوْحَةٍ تُعَبِّرُ فِي مُجْمَلِهَا عَنْ وَاقِعِ اَلْأُمَّةِ، وَتُعَبِّرُ عَنْ تَلَوُّنِ مَشَاعِرِ اَلَّذِينَ رَسَمُوا هذِهِ اَللَّوْحَاتِ، خَاصَّةً اَلْمُعَانَاةَ اَلنِّضَالِيَّةَ لِلشَّعْبِ اَلْفِلَسْطِينِيِّ وَالْمُمَارَسَاتِ اَلْعُنْصُرِيَّةَ لِلْكِيَانِ اَلصُّهْيُونِيِّ.</text>
			<annotation>
				<ArabicLexical word="وَأَشَارَ" lemma="أَشَارَ" pos="مصرفة منتظمة" prefix="وَ" root="شور" pattern="أَفَعلَ" suffix="" />
				<ArabicLexical word="أَبُو" lemma="أَب" pos="استثناء صرفي" prefix="" root="أبو" pattern="أَبُو" suffix="" />
				<ArabicLexical word="اَلسُّكَّرِ" lemma="سُكَّر" pos="مصرفة منتظمة" prefix="ال" root="سكر" pattern="فُعَّل" suffix="" />
				<ArabicLexical word="إِلَى" lemma="إِلَى" pos="جامدة" prefix="" root="إِلَى" pattern="إِلَى" suffix="" />
				<ArabicLexical word="أَنَّهُ" lemma="أَنَّ" pos="جامدة" prefix="" root="أَنَّ" pattern="أَنَّ" suffix="ه" />
				<ArabicLexical word="مِنْ" lemma="مِنْ" pos="جامدة" prefix="" root="مِنْ" pattern="مِنْ" suffix="" />
				<ArabicLexical word="أَبْرَزِ" lemma="أَبْرَز" pos="مصرفة منتظمة" prefix="" root="برز" pattern="أَفْعَل" suffix="" />
				<ArabicLexical word="فَعَالِيَاتِ" lemma="عَالِيَة" pos="مصرفة منتظمة" prefix="" root="فعل" pattern="فَعَالِيَ" suffix="ات" />
				<ArabicLexical word="اَلْمَهْرَجَانِ" lemma="مَهْرَجَان" pos="استثناء صرفي" prefix="ال" root="هرج" pattern="مَهْرَجَان" suffix="" />
				<ArabicLexical word="جِدَارِيَّةٌ" lemma="جِدَارِيّ" pos="مصرفة منتظمة" prefix="" root="جدر" pattern="فِعَال" suffix="يَّة" />
				<ArabicLexical word="بِعُنْوَانِ" lemma="عُنْوَان" pos="مصرفة منتظمة" prefix="بِ" root="عنون" pattern="فُعْلَال" suffix="" />
				<ArabicLexical word="جِدَارِيَّةُ" lemma="جِدَارِيّ" pos="مصرفة منتظمة" prefix="" root="جدر" pattern="فِعَال" suffix="يَّة" />
				<ArabicLexical word="اَلِانْتِقَامِ" lemma="انْتِقَام" pos="مصرفة منتظمة" prefix="ال" root="نقم" pattern="اِفْتِعَال" suffix="" />
				<ArabicLexical word="وَهِيَ" lemma="هُوَ" pos="جامدة" prefix="وَ" root="هُوَ" pattern="هِيَ" suffix="" />
				<ArabicLexical word="مَرْسُومَةٌ" lemma="مَرْسُوم" pos="مصرفة منتظمة" prefix="" root="رسم" pattern="مَفْعُول" suffix="ة" />
				<ArabicLexical word="عَلَى" lemma="عَلَى" pos="جامدة" prefix="" root="عَلَى" pattern="عَلَى" suffix="" />
				<ArabicLexical word="إِحْدَى" lemma="أَحَد" pos="استثناء صرفي" prefix="" root="أحد" pattern="إِحْدَى" suffix="" />
				<ArabicLexical word="وَاجِهَاتِ" lemma="وَاجِهَة" pos="مصرفة منتظمة" prefix="" root="وجه" pattern="فَاعِل" suffix="ات" />
				<ArabicLexical word="مُجَمَّعِ" lemma="مُجَمَّع" pos="مصرفة منتظمة" prefix="" root="جمع" pattern="مُفَعَّل" suffix="" />
				<ArabicLexical word="اَلنِّقَابَاتِ" lemma="نِقَابَة" pos="مصرفة منتظمة" prefix="ال" root="نقب" pattern="فِعَال" suffix="ات" />
				<ArabicLexical word="وَتُمَثِّلُ" lemma="مَثَّلَ" pos="مصرفة منتظمة" prefix="وَت" root="مثل" pattern="فَعَّلَ" suffix="" />
				<ArabicLexical word="حَوَالَيْ" lemma="حَوَالَيْ" pos="مصرفة منتظمة" prefix="" root="حول" pattern="فَعَال" suffix="يْ" />
				<ArabicLexical word="لَوْحَةٍ" lemma="لَوْحَة" pos="مصرفة منتظمة" prefix="" root="لوح" pattern="فَعْل" suffix="ة" />
				<ArabicLexical word="تُعَبِّرُ" lemma="عَبَّرَ" pos="مصرفة منتظمة" prefix="ت" root="عبر" pattern="فَعَّلَ" suffix="" />
				<ArabicLexical word="فِي" lemma="فِي" pos="جامدة" prefix="" root="فِي" pattern="فِي" suffix="" />
				<ArabicLexical word="مُجْمَلِهَا" lemma="مُجْمَل" pos="مصرفة منتظمة" prefix="" root="جمل" pattern="مُفْعَل" suffix="هَا" />
				<ArabicLexical word="عَنْ" lemma="عَنْ" pos="جامدة" prefix="" root="عَنْ" pattern="عَنْ" suffix="" />
				<ArabicLexical word="وَاقِعِ" lemma="وَاقِع" pos="مصرفة منتظمة" prefix="" root="وقع" pattern="فَاعِل" suffix="" />
				<ArabicLexical word="اَلْأُمَّةِ" lemma="أُمَّة" pos="مصرفة منتظمة" prefix="ال" root="أمم" pattern="فُلّ" suffix="ة" />
				<ArabicLexical word="وَتُعَبِّرُ" lemma="عَبَّرَ" pos="مصرفة منتظمة" prefix="وَت" root="عبر" pattern="فَعَّلَ" suffix="" />
				<ArabicLexical word="عَنْ" lemma="عَنْ" pos="جامدة" prefix="" root="عَنْ" pattern="عَنْ" suffix="" />
				<ArabicLexical word="تَلَوُّنِ" lemma="تَلَوُّن" pos="مصرفة منتظمة" prefix="" root="لون" pattern="تَفَعُّل" suffix="" />
				<ArabicLexical word="مَشَاعِرِ" lemma="مَشْعَر" pos="مصرفة منتظمة" prefix="" root="شعر" pattern="مَفَاعِل" suffix="" />
				<ArabicLexical word="اَلَّذِينَ" lemma="اَلَّذِي" pos="جامدة" prefix="ال" root="اَلَّذِي" pattern="لَذِينَ" suffix="" />
				<ArabicLexical word="رَسَمُوا" lemma="رَسَمَ" pos="مصرفة منتظمة" prefix="" root="رسم" pattern="فَعَلَ" suffix="وا" />
				<ArabicLexical word="هذِهِ" lemma="ذَا" pos="جامدة" prefix="" root="ذَا" pattern="هذِهِ" suffix="" />
				<ArabicLexical word="اَللَّوْحَاتِ" lemma="لَوْحَة" pos="مصرفة منتظمة" prefix="ال" root="لوح" pattern="فَعْل" suffix="ات" />
				<ArabicLexical word="خَاصَّةً" lemma="خَاصَّة" pos="مصرفة منتظمة" prefix="" root="خصص" pattern="فَالّ" suffix="ة" />
				<ArabicLexical word="اَلْمُعَانَاةَ" lemma="مُعَانَاة" pos="مصرفة منتظمة" prefix="ال" root="عنو" pattern="مُفَاعَل" suffix="ة" />
				<ArabicLexical word="اَلنِّضَالِيَّةَ" lemma="نِضَالِيّ" pos="مصرفة منتظمة" prefix="ال" root="نضل" pattern="فِعَال" suffix="يَّة" />
				<ArabicLexical word="لِلشَّعْبِ" lemma="شَعْب" pos="مصرفة منتظمة" prefix="لِل" root="شعب" pattern="فَعْل" suffix="" />
				<ArabicLexical word="اَلْفِلَسْطِينِيِّ" lemma="فِلَسْطِينِيّ" pos="معربة" prefix="ال" root="فِلَسْطِين" pattern="فِلَسْطِين" suffix="يّ" />
				<ArabicLexical word="وَالْمُمَارَسَاتِ" lemma="مُمَارَسَة" pos="مصرفة منتظمة" prefix="وَال" root="مرس" pattern="مُفَاعَل" suffix="ات" />
				<ArabicLexical word="اَلْعُنْصُرِيَّةَ" lemma="عُنْصُرِيّ" pos="مصرفة منتظمة" prefix="ال" root="عنصر" pattern="فُعْلُل" suffix="يَّة" />
				<ArabicLexical word="لِلْكِيَانِ" lemma="كِيَان" pos="مصرفة منتظمة" prefix="لِل" root="كون" pattern="فِعَال" suffix="" />
				<ArabicLexical word="اَلصُّهْيُونِيِّ" lemma="صُهْيُونِيّ" pos="مصرفة منتظمة" prefix="ال" root="صهين" pattern="فُعْلُول" suffix="يّ" />
			</annotation>
		</sentence>
		<sentence id="06075">
			<text>وَقَالَ أَبُو اَلسُّكَّرِ: بَعْضُ هذِهِ اَللَّوْحَاتِ يَتَحَدَّثُ عَنْ مَوْضُوعِ اَلتَّطْبِيعِ وَمُقَاوَمَتِهِ، إِمَّا بِصُورَةٍ جَادَّةٍ فِي مَجَالِ اَلْمُقَاوَمَةِ أَوْ بِصُورَةٍ تَهَكُّمِيَّةٍ فِي مَجَالِ اَلِاخْتِرَاقِ.</text>
			<annotation>
				<ArabicLexical word="وَقَالَ" lemma="قَالَ" pos="مصرفة منتظمة" prefix="وَ" root="قول" pattern="فَعلَ" suffix="" />
				<ArabicLexical word="أَبُو" lemma="أَب" pos="استثناء صرفي" prefix="" root="أبو" pattern="أَبُو" suffix="" />
				<ArabicLexical word="اَلسُّكَّرِ" lemma="سُكَّر" pos="مصرفة منتظمة" prefix="ال" root="سكر" pattern="فُعَّل" suffix="" />
				<ArabicLexical word="بَعْضُ" lemma="بَعْض" pos="مصرفة منتظمة" prefix="" root="بعض" pattern="فَعْل" suffix="" />
				<ArabicLexical word="هذِهِ" lemma="ذَا" pos="جامدة" prefix="" root="ذَا" pattern="هذِهِ" suffix="" />
				<ArabicLexical word="اَللَّوْحَاتِ" lemma="لَوْحَة" pos="مصرفة منتظمة" prefix="ال" root="لوح" pattern="فَعْل" suffix="ات" />
				<ArabicLexical word="يَتَحَدَّثُ" lemma="تَحَدَّثَ" pos="مصرفة منتظمة" prefix="ي" root="حدث" pattern="تَفَعَّلَ" suffix="" />
				<ArabicLexical word="عَنْ" lemma="عَنْ" pos="جامدة" prefix="" root="عَنْ" pattern="عَنْ" suffix="" />
				<ArabicLexical word="مَوْضُوعِ" lemma="مَوْضُوع" pos="مصرفة منتظمة" prefix="" root="وضع" pattern="مَفْعُول" suffix="" />
				<ArabicLexical word="اَلتَّطْبِيعِ" lemma="تَطْبِيع" pos="مصرفة منتظمة" prefix="ال" root="طبع" pattern="تَفْعِيل" suffix="" />
				<ArabicLexical word="وَمُقَاوَمَتِهِ" lemma="مُقَاوَمَة" pos="مصرفة منتظمة" prefix="وَ" root="قوم" pattern="مُفَاعَل" suffix="ته" />
				<ArabicLexical word="إِمَّا" lemma="إِنْ" pos="جامدة" prefix="" root="إِنْ" pattern="إِمَّا" suffix="" />
				<ArabicLexical word="بِصُورَةٍ" lemma="صُورَة" pos="مصرفة منتظمة" prefix="بِ" root="صور" pattern="فُعل" suffix="ة" />
				<ArabicLexical word="جَادَّةٍ" lemma="جَادّ" pos="مصرفة منتظمة" prefix="" root="جدد" pattern="فَالّ" suffix="ة" />
				<ArabicLexical word="فِي" lemma="فِي" pos="جامدة" prefix="" root="فِي" pattern="فِي" suffix="" />
				<ArabicLexical word="مَجَالِ" lemma="مَجَال" pos="مصرفة منتظمة" prefix="" root="جول" pattern="مَفَعل" suffix="" />
				<ArabicLexical word="اَلْمُقَاوَمَةِ" lemma="مُقَاوَمَة" pos="مصرفة منتظمة" prefix="ال" root="قوم" pattern="مُفَاعَل" suffix="ة" />
				<ArabicLexical word="أَوْ" lemma="أَوْ" pos="جامدة" prefix="" root="أَوْ" pattern="أَوْ" suffix="" />
				<ArabicLexical word="بِصُورَةٍ" lemma="صُورَة" pos="مصرفة منتظمة" prefix="بِ" root="صور" pattern="فُعل" suffix="ة" />
				<ArabicLexical word="تَهَكُّمِيَّةٍ" lemma="تَهَكُّمِيّ" pos="مصرفة منتظمة" prefix="" root="هكم" pattern="تَفَعُّل" suffix="يَّة" />
				<ArabicLexical word="فِي" lemma="فِي" pos="جامدة" prefix="" root="فِي" pattern="فِي" suffix="" />
				<ArabicLexical word="مَجَالِ" lemma="مَجَال" pos="مصرفة منتظمة" prefix="" root="جول" pattern="مَفَعل" suffix="" />
				<ArabicLexical word="اَلِاخْتِرَاقِ" lemma="اخْتِرَاق" pos="مصرفة منتظمة" prefix="ال" root="خرق" pattern="اِفْتِعَال" suffix="" />
			</annotation>
		</sentence>
		<sentence id="06076">
			<text>وَيَنْظُرُ مُنَظِّمُو اَلْمَهْرَجَانِ إِلَى هذِهِ اَلْفَعَالِيَةِ عَلَى أَنَّهَا جُهْدٌ تَعْبَوِيٌّ يَسْعَى لِخَلْقِ ثَقَافَةٍ جَادَّةٍ مُلْتَزِمَةٍ تَتَوَازَى مَعَ خَطِّ اَلنِّقَابَاتِ فِي اَلْوُقُوفِ مَعَ اَلْأُمَّةِ فِي ثَوَابِتِهَا وَقَضَايَاهَا اَلْمَصِيرِيَّةِ، وَكَمُسَاهَمَةٍ مُتَوَاضِعَةٍ لِإِيجَادِ اَلرَّأْيِ اَلْعَامِّ اَلْوَاعِي حَوْلَ وُجُوبِ إِعَادَةِ تَوْحِيدِ اَلْأُمَّةِ مِنْ جَدِيدٍ فِي كِيَانٍ وَاحِدٍ، عَلَى أَسَاسِ اَلْفِكْرِ اَلْإِسْلَامِيِّ اَلنَّاهِضِ</text>
			<annotation>
				<ArabicLexical word="وَيَنْظُرُ" lemma="نَظَرَ" pos="مصرفة منتظمة" prefix="وَي" root="نظر" pattern="فْعُل" suffix="" />
				<ArabicLexical word="مُنَظِّمُو" lemma="مُنَظِّم" pos="مصرفة منتظمة" prefix="" root="نظم" pattern="مُفَعِّل" suffix="و" />
				<ArabicLexical word="اَلْمَهْرَجَانِ" lemma="مَهْرَجَان" pos="استثناء صرفي" prefix="ال" root="هرج" pattern="مَهْرَجَان" suffix="" />
				<ArabicLexical word="إِلَى" lemma="إِلَى" pos="جامدة" prefix="" root="إِلَى" pattern="إِلَى" suffix="" />
				<ArabicLexical word="هذِهِ" lemma="ذَا" pos="جامدة" prefix="" root="ذَا" pattern="هذِهِ" suffix="" />
				<ArabicLexical word="اَلْفَعَالِيَةِ" lemma="فَعَالِي" pos="مصرفة منتظمة" prefix="ال" root="فعل" pattern="فَعَالِيَ" suffix="ة" />
				<ArabicLexical word="عَلَى" lemma="عَلَى" pos="جامدة" prefix="" root="عَلَى" pattern="عَلَى" suffix="" />
				<ArabicLexical word="أَنَّهَا" lemma="أَنَّ" pos="جامدة" prefix="" root="أَنَّ" pattern="أَنَّ" suffix="هَا" />
				<ArabicLexical word="جُهْدٌ" lemma="جُهْد" pos="مصرفة منتظمة" prefix="" root="جهد" pattern="فُعْل" suffix="" />
				<ArabicLexical word="تَعْبَوِيٌّ" lemma="تَعْبَوِيّ" pos="مصرفة منتظمة" prefix="" root="عبو" pattern="تَفْعَلِ" suffix="يّ" />
				<ArabicLexical word="يَسْعَى" lemma="سَعَى" pos="مصرفة منتظمة" prefix="ي" root="سعي" pattern="فْعَل" suffix="" />
				<ArabicLexical word="لِخَلْقِ" lemma="خَلْق" pos="مصرفة منتظمة" prefix="لِ" root="خلق" pattern="فَعْل" suffix="" />
				<ArabicLexical word="ثَقَافَةٍ" lemma="ثَقَافَة" pos="مصرفة منتظمة" prefix="" root="ثقف" pattern="فَعَال" suffix="ة" />
				<ArabicLexical word="جَادَّةٍ" lemma="جَادّ" pos="مصرفة منتظمة" prefix="" root="جدد" pattern="فَالّ" suffix="ة" />
				<ArabicLexical word="مُلْتَزِمَةٍ" lemma="مُلْتَزِم" pos="مصرفة منتظمة" prefix="" root="لزم" pattern="مُفْتَعِل" suffix="ة" />
				<ArabicLexical word="تَتَوَازَى" lemma="تَوَازَى" pos="مصرفة منتظمة" prefix="ت" root="وزي" pattern="تَفَاعَل" suffix="" />
				<ArabicLexical word="مَعَ" lemma="مَعَ" pos="جامدة" prefix="" root="مَعَ" pattern="مَعَ" suffix="" />
				<ArabicLexical word="خَطِّ" lemma="خَطّ" pos="مصرفة منتظمة" prefix="" root="خطط" pattern="فَلّ" suffix="" />
				<ArabicLexical word="اَلنِّقَابَاتِ" lemma="نِقَابَة" pos="مصرفة منتظمة" prefix="ال" root="نقب" pattern="فِعَال" suffix="ات" />
				<ArabicLexical word="فِي" lemma="فِي" pos="جامدة" prefix="" root="فِي" pattern="فِي" suffix="" />
				<ArabicLexical word="اَلْوُقُوفِ" lemma="وُقُوف" pos="مصرفة منتظمة" prefix="ال" root="وقف" pattern="فُعُول" suffix="" />
				<ArabicLexical word="مَعَ" lemma="مَعَ" pos="جامدة" prefix="" root="مَعَ" pattern="مَعَ" suffix="" />
				<ArabicLexical word="اَلْأُمَّةِ" lemma="أُمَّة" pos="مصرفة منتظمة" prefix="ال" root="أمم" pattern="فُلّ" suffix="ة" />
				<ArabicLexical word="فِي" lemma="فِي" pos="جامدة" prefix="" root="فِي" pattern="فِي" suffix="" />
				<ArabicLexical word="ثَوَابِتِهَا" lemma="ثَابِت" pos="مصرفة منتظمة" prefix="" root="ثبت" pattern="فَوَاعِل" suffix="هَا" />
				<ArabicLexical word="وَقَضَايَاهَا" lemma="قَضِيَّة" pos="مصرفة منتظمة" prefix="وَ" root="قضي" pattern="فَعَالَا" suffix="هَا" />
				<ArabicLexical word="اَلْمَصِيرِيَّةِ" lemma="مَصِيرِيّ" pos="مصرفة منتظمة" prefix="ال" root="صير" pattern="مَفِعل" suffix="يَّة" />
				<ArabicLexical word="وَكَمُسَاهَمَةٍ" lemma="مُسَاهَم" pos="مصرفة منتظمة" prefix="وَكَ" root="سهم" pattern="مُفَاعَل" suffix="ة" />
				<ArabicLexical word="مُتَوَاضِعَةٍ" lemma="مُتَوَاضِع" pos="مصرفة منتظمة" prefix="" root="وضع" pattern="مُتَفَاعِل" suffix="ة" />
				<ArabicLexical word="لِإِيجَادِ" lemma="إِيجَاد" pos="مصرفة منتظمة" prefix="لِ" root="وجد" pattern="إِفعَال" suffix="" />
				<ArabicLexical word="اَلرَّأْيِ" lemma="رَأْي" pos="مصرفة منتظمة" prefix="ال" root="رأي" pattern="فَعْل" suffix="" />
				<ArabicLexical word="اَلْعَامِّ" lemma="عَامّ" pos="مصرفة منتظمة" prefix="ال" root="عمم" pattern="فَالّ" suffix="" />
				<ArabicLexical word="اَلْوَاعِي" lemma="وَاع" pos="مصرفة منتظمة" prefix="ال" root="وعي" pattern="فَاعِل" suffix="" />
				<ArabicLexical word="حَوْلَ" lemma="حَوْل" pos="مصرفة منتظمة" prefix="" root="حول" pattern="فَعْل" suffix="" />
				<ArabicLexical word="وُجُوبِ" lemma="وُجُوب" pos="مصرفة منتظمة" prefix="" root="وجب" pattern="فُعُول" suffix="" />
				<ArabicLexical word="إِعَادَةِ" lemma="إِعَادَة" pos="مصرفة منتظمة" prefix="" root="عود" pattern="إِفَعالَ" suffix="ة" />
				<ArabicLexical word="تَوْحِيدِ" lemma="تَوْحِيد" pos="مصرفة منتظمة" prefix="" root="وحد" pattern="تَفْعِيل" suffix="" />
				<ArabicLexical word="اَلْأُمَّةِ" lemma="أُمَّة" pos="مصرفة منتظمة" prefix="ال" root="أمم" pattern="فُلّ" suffix="ة" />
				<ArabicLexical word="مِنْ" lemma="مِنْ" pos="جامدة" prefix="" root="مِنْ" pattern="مِنْ" suffix="" />
				<ArabicLexical word="جَدِيدٍ" lemma="جَدِيد" pos="مصرفة منتظمة" prefix="" root="جدد" pattern="فَعِيل" suffix="" />
				<ArabicLexical word="فِي" lemma="فِي" pos="جامدة" prefix="" root="فِي" pattern="فِي" suffix="" />
				<ArabicLexical word="كِيَانٍ" lemma="كِيَان" pos="مصرفة منتظمة" prefix="" root="كون" pattern="فِعَال" suffix="" />
				<ArabicLexical word="وَاحِدٍ" lemma="وَاحِد" pos="مصرفة منتظمة" prefix="" root="وحد" pattern="فَاعِل" suffix="" />
				<ArabicLexical word="عَلَى" lemma="عَلَى" pos="جامدة" prefix="" root="عَلَى" pattern="عَلَى" suffix="" />
				<ArabicLexical word="أَسَاسِ" lemma="أَسَاس" pos="مصرفة منتظمة" prefix="" root="أسس" pattern="فَعَال" suffix="" />
				<ArabicLexical word="اَلْفِكْرِ" lemma="فِكْر" pos="مصرفة منتظمة" prefix="ال" root="فكر" pattern="فِعْل" suffix="" />
				<ArabicLexical word="اَلْإِسْلَامِيِّ" lemma="إِسْلَامِيّ" pos="مصرفة منتظمة" prefix="ال" root="سلم" pattern="إِفْعَال" suffix="يّ" />
				<ArabicLexical word="اَلنَّاهِضِ" lemma="نَاهِض" pos="مصرفة منتظمة" prefix="ال" root="نهض" pattern="فَاعِل" suffix="" />
			</annotation>
		</sentence>
	</FILE>
	</NEMLAR>