<NEMLAR><FILE name="GeneralNews" number="141">
		<sentence id="08824">
			<text>?مُسْتَوْطِنُونَ يُسَمِّمُونَ أَغْنَامًا فِلَسْطِينِيَّةً </text>
			<annotation>
				<ArabicLexical word="مُسْتَوْطِنُونَ" lemma="مُسْتَوْطِن" pos="مصرفة منتظمة" prefix="" root="وطن" pattern="مُسْتَفْعِل" suffix="ونَ" />
				<ArabicLexical word="يُسَمِّمُونَ" lemma="سَمَّمَ" pos="مصرفة منتظمة" prefix="ي" root="سمم" pattern="فَعَّلَ" suffix="ونَ" />
				<ArabicLexical word="أَغْنَامًا" lemma="غَنَم" pos="مصرفة منتظمة" prefix="" root="غنم" pattern="أَفْعَال" suffix="" />
				<ArabicLexical word="فِلَسْطِينِيَّةً" lemma="فِلَسْطِينِيّ" pos="معربة" prefix="" root="فِلَسْطِين" pattern="فِلَسْطِين" suffix="يَّة" />
			</annotation>
		</sentence>
		<sentence id="08825">
			<text> </text>
			<annotation>
			</annotation>
		</sentence>
		<sentence id="08826">
			<text>اَلْخَلِيلُ (اَلضِّفَّةُ اَلْغَرْبِيَّةُ)- رُويْتِرْزْ- إِسْلَامُ أُونْ لَايِنْ.نِتْ/ 6-4-2005 </text>
			<annotation>
				<ArabicLexical word="اَلْخَلِيلُ" lemma="خَلِيل" pos="مصرفة منتظمة" prefix="ال" root="خلل" pattern="فَعِيل" suffix="" />
				<ArabicLexical word="اَلضِّفَّةُ" lemma="ضِفَّة" pos="مصرفة منتظمة" prefix="ال" root="ضفف" pattern="فِلّ" suffix="ة" />
				<ArabicLexical word="اَلْغَرْبِيَّةُ" lemma="غَرْبِيّ" pos="مصرفة منتظمة" prefix="ال" root="غرب" pattern="فَعْل" suffix="يَّة" />
				<ArabicLexical word="رُويْتِرْزْ" lemma="رُويْتِرْز" pos="غير عربية" prefix="" root="" pattern="" suffix="" />
				<ArabicLexical word="إِسْلَامُ" lemma="إِسْلَام" pos="مصرفة منتظمة" prefix="" root="سلم" pattern="إِفْعَال" suffix="" />
				<ArabicLexical word="أُونْ" lemma="أُونْ" pos="غير عربية" prefix="" root="" pattern="" suffix="" />
				<ArabicLexical word="لَايِنْ" lemma="لايَنَ" pos="غير عربية" prefix="" root="" pattern="" suffix="" />
				<ArabicLexical word="نِتْ" lemma="نِت" pos="غير عربية" prefix="" root="" pattern="" suffix="" />
			</annotation>
		</sentence>
		<sentence id="08827">
			<text> </text>
			<annotation>
			</annotation>
		</sentence>
		<sentence id="08828">
			<text> </text>
			<annotation>
			</annotation>
		</sentence>
		<sentence id="08829">
			<text>عَجُوزٌ يُلَوَّحُ بِالْعَلَمِ اَلْفِلَسْطِينِيِّ فِي اَلضِّفَّةِ اَلْغَرْبِيَّةِ (رُويْتِرْزْ)</text>
			<annotation>
				<ArabicLexical word="عَجُوزٌ" lemma="عَجُوز" pos="مصرفة منتظمة" prefix="" root="عجز" pattern="فَعُول" suffix="" />
				<ArabicLexical word="يُلَوَّحُ" lemma="لَوَّحَ" pos="مصرفة منتظمة" prefix="يُ" root="لوح" pattern="فَعَّلَ" suffix="" />
				<ArabicLexical word="بِالْعَلَمِ" lemma="عَلَم" pos="مصرفة منتظمة" prefix="بِال" root="علم" pattern="فَعَل" suffix="" />
				<ArabicLexical word="اَلْفِلَسْطِينِيِّ" lemma="فِلَسْطِينِيّ" pos="معربة" prefix="ال" root="فِلَسْطِين" pattern="فِلَسْطِين" suffix="يّ" />
				<ArabicLexical word="فِي" lemma="فِي" pos="جامدة" prefix="" root="فِي" pattern="فِي" suffix="" />
				<ArabicLexical word="اَلضِّفَّةِ" lemma="ضِفَّة" pos="مصرفة منتظمة" prefix="ال" root="ضفف" pattern="فِلّ" suffix="ة" />
				<ArabicLexical word="اَلْغَرْبِيَّةِ" lemma="غَرْبِيّ" pos="مصرفة منتظمة" prefix="ال" root="غرب" pattern="فَعْل" suffix="يَّة" />
				<ArabicLexical word="رُويْتِرْزْ" lemma="رُويْتِرْز" pos="غير عربية" prefix="" root="" pattern="" suffix="" />
			</annotation>
		</sentence>
		<sentence id="08830">
			<text> </text>
			<annotation>
			</annotation>
		</sentence>
		<sentence id="08831">
			<text>اِتَّهَمَ مَسْؤُولُونَ فِلَسْطِينِيُّونَ اَلْمُسْتَوْطِنِينَ اَلْيَهُودَ بِمَدِينَةِ اَلْخَلِيلِ (جَنُوبَ اَلضِّفَّةِ اَلْغَرْبِيَّةِ) بِتَسْمِيمِ أَغْنَامٍ يَمْتَلِكُهَا فِلَسْطِينِيُّونَ؛ وَذلِكَ كَوَسِيلَةٍ مُبْتَكَرَةٍ لِطَرْدِهِمْ مِنْ أَرَاضِيهِمْ بِالْمَدِينَةِ.</text>
			<annotation>
				<ArabicLexical word="اِتَّهَمَ" lemma="اتَّهَمَ" pos="مصرفة منتظمة" prefix="" root="وهم" pattern="اِفَّعَلَ" suffix="" />
				<ArabicLexical word="مَسْؤُولُونَ" lemma="مَسْؤُول" pos="مصرفة منتظمة" prefix="" root="سأل" pattern="مَفْعُول" suffix="ونَ" />
				<ArabicLexical word="فِلَسْطِينِيُّونَ" lemma="فِلَسْطِينِيّ" pos="معربة" prefix="" root="فِلَسْطِين" pattern="فِلَسْطِين" suffix="يُّونَ" />
				<ArabicLexical word="اَلْمُسْتَوْطِنِينَ" lemma="مُسْتَوْطِن" pos="مصرفة منتظمة" prefix="ال" root="وطن" pattern="مُسْتَفْعِل" suffix="ينَ" />
				<ArabicLexical word="اَلْيَهُودَ" lemma="يَهُود" pos="استثناء صرفي" prefix="ال" root="هود" pattern="يَهُود" suffix="" />
				<ArabicLexical word="بِمَدِينَةِ" lemma="مَدِينَة" pos="مصرفة منتظمة" prefix="بِ" root="مدن" pattern="فَعِيل" suffix="ة" />
				<ArabicLexical word="اَلْخَلِيلِ" lemma="خَلِيل" pos="مصرفة منتظمة" prefix="ال" root="خلل" pattern="فَعِيل" suffix="" />
				<ArabicLexical word="جَنُوبَ" lemma="جَنُوب" pos="مصرفة منتظمة" prefix="" root="جنب" pattern="فَعُول" suffix="" />
				<ArabicLexical word="اَلضِّفَّةِ" lemma="ضِفَّة" pos="مصرفة منتظمة" prefix="ال" root="ضفف" pattern="فِلّ" suffix="ة" />
				<ArabicLexical word="اَلْغَرْبِيَّةِ" lemma="غَرْبِيّ" pos="مصرفة منتظمة" prefix="ال" root="غرب" pattern="فَعْل" suffix="يَّة" />
				<ArabicLexical word="بِتَسْمِيمِ" lemma="تَسْمِيم" pos="مصرفة منتظمة" prefix="بِ" root="سمم" pattern="تَفْعِيل" suffix="" />
				<ArabicLexical word="أَغْنَامٍ" lemma="غَنَم" pos="مصرفة منتظمة" prefix="" root="غنم" pattern="أَفْعَال" suffix="" />
				<ArabicLexical word="يَمْتَلِكُهَا" lemma="امْتَلَكَ" pos="مصرفة منتظمة" prefix="ي" root="ملك" pattern="اِفْتَعَلَ" suffix="هَا" />
				<ArabicLexical word="فِلَسْطِينِيُّونَ" lemma="فِلَسْطِينِيّ" pos="معربة" prefix="" root="فِلَسْطِين" pattern="فِلَسْطِين" suffix="يُّونَ" />
				<ArabicLexical word="وَذلِكَ" lemma="ذَا" pos="جامدة" prefix="وَ" root="ذَا" pattern="ذلِ" suffix="كَ" />
				<ArabicLexical word="كَوَسِيلَةٍ" lemma="وَسِيلَة" pos="مصرفة منتظمة" prefix="كَ" root="وسل" pattern="فَعِيل" suffix="ة" />
				<ArabicLexical word="مُبْتَكَرَةٍ" lemma="مُبْتَكَر" pos="مصرفة منتظمة" prefix="" root="بكر" pattern="مُفْتَعَل" suffix="ة" />
				<ArabicLexical word="لِطَرْدِهِمْ" lemma="طَرْد" pos="مصرفة منتظمة" prefix="لِ" root="طرد" pattern="فَعْل" suffix="همْ" />
				<ArabicLexical word="مِنْ" lemma="مِنْ" pos="جامدة" prefix="" root="مِنْ" pattern="مِنْ" suffix="" />
				<ArabicLexical word="أَرَاضِيهِمْ" lemma="أَرْض" pos="مصرفة منتظمة" prefix="" root="أرض" pattern="فَعَالِي" suffix="همْ" />
				<ArabicLexical word="بِالْمَدِينَةِ" lemma="مَدِينَة" pos="مصرفة منتظمة" prefix="بِال" root="مدن" pattern="فَعِيل" suffix="ة" />
			</annotation>
		</sentence>
		<sentence id="08832">
			<text>وَقَالَ عَرِيفٌ اَلْجَعْبَرِيُّ مُحَافِظُ اَلْخَلِيلِ لِوِكَالَةِ رُويْتِرْزْ لِلْأَنْبَاءِ اَلثُّلَاثَاءَ 5-4-2005: إِنَّ تَسْمِيمَ اَلْأَغْنَامِ يُمَثِّلُ جُزْءًا مِنْ مُحَاوَلَةٍ مُنَظَّمَةٍ مِنْ جَانِبِ اَلْمُسْتَوْطِنِينَ لِإِخْلَاءِ اَلْأَرْضِ مِنْ أَصْحَابِهَا اَلْفِلَسْطِينِيِّينَ.</text>
			<annotation>
				<ArabicLexical word="وَقَالَ" lemma="قَالَ" pos="مصرفة منتظمة" prefix="وَ" root="قول" pattern="فَعلَ" suffix="" />
				<ArabicLexical word="عَرِيفٌ" lemma="عَرِيف" pos="مصرفة منتظمة" prefix="" root="عرف" pattern="فَعِيل" suffix="" />
				<ArabicLexical word="اَلْجَعْبَرِيُّ" lemma="+" pos="غير عربية" prefix="" root="" pattern="" suffix="" />
				<ArabicLexical word="مُحَافِظُ" lemma="مُحَافِظ" pos="مصرفة منتظمة" prefix="" root="حفظ" pattern="مُفَاعِل" suffix="" />
				<ArabicLexical word="اَلْخَلِيلِ" lemma="خَلِيل" pos="مصرفة منتظمة" prefix="ال" root="خلل" pattern="فَعِيل" suffix="" />
				<ArabicLexical word="لِوِكَالَةِ" lemma="وِكَالَة" pos="مصرفة منتظمة" prefix="لِ" root="وكل" pattern="فِعَال" suffix="ة" />
				<ArabicLexical word="رُويْتِرْزْ" lemma="رُويْتِرْز" pos="غير عربية" prefix="" root="" pattern="" suffix="" />
				<ArabicLexical word="لِلْأَنْبَاءِ" lemma="نَبَأ" pos="مصرفة منتظمة" prefix="لِل" root="نبأ" pattern="أَفْعَال" suffix="" />
				<ArabicLexical word="اَلثُّلَاثَاءَ" lemma="ثُلَاثَاء" pos="استثناء صرفي" prefix="ال" root="ثلث" pattern="ثُلَاثَاء" suffix="" />
				<ArabicLexical word="إِنَّ" lemma="أَنَّ" pos="جامدة" prefix="" root="إِنَّ" pattern="إِنَّ" suffix="" />
				<ArabicLexical word="تَسْمِيمَ" lemma="تَسْمِيم" pos="مصرفة منتظمة" prefix="" root="سمم" pattern="تَفْعِيل" suffix="" />
				<ArabicLexical word="اَلْأَغْنَامِ" lemma="غَنَم" pos="مصرفة منتظمة" prefix="ال" root="غنم" pattern="أَفْعَال" suffix="" />
				<ArabicLexical word="يُمَثِّلُ" lemma="مَثَّلَ" pos="مصرفة منتظمة" prefix="ي" root="مثل" pattern="فَعَّلَ" suffix="" />
				<ArabicLexical word="جُزْءًا" lemma="جُزْء" pos="مصرفة منتظمة" prefix="" root="جزأ" pattern="فُعْل" suffix="" />
				<ArabicLexical word="مِنْ" lemma="مِنْ" pos="جامدة" prefix="" root="مِنْ" pattern="مِنْ" suffix="" />
				<ArabicLexical word="مُحَاوَلَةٍ" lemma="مُحَاوَلَة" pos="مصرفة منتظمة" prefix="" root="حول" pattern="مُفَاعَل" suffix="ة" />
				<ArabicLexical word="مُنَظَّمَةٍ" lemma="مُنَظَّمَة" pos="مصرفة منتظمة" prefix="" root="نظم" pattern="مُفَعَّل" suffix="ة" />
				<ArabicLexical word="مِنْ" lemma="مِنْ" pos="جامدة" prefix="" root="مِنْ" pattern="مِنْ" suffix="" />
				<ArabicLexical word="جَانِبِ" lemma="جَانِب" pos="مصرفة منتظمة" prefix="" root="جنب" pattern="فَاعِل" suffix="" />
				<ArabicLexical word="اَلْمُسْتَوْطِنِينَ" lemma="مُسْتَوْطِن" pos="مصرفة منتظمة" prefix="ال" root="وطن" pattern="مُسْتَفْعِل" suffix="ينَ" />
				<ArabicLexical word="لِإِخْلَاءِ" lemma="إِخْلَاء" pos="مصرفة منتظمة" prefix="لِ" root="خلو" pattern="إِفْعَال" suffix="" />
				<ArabicLexical word="اَلْأَرْضِ" lemma="أَرْض" pos="مصرفة منتظمة" prefix="ال" root="أرض" pattern="فَعْل" suffix="" />
				<ArabicLexical word="مِنْ" lemma="مِنْ" pos="جامدة" prefix="" root="مِنْ" pattern="مِنْ" suffix="" />
				<ArabicLexical word="أَصْحَابِهَا" lemma="صَاحِب" pos="مصرفة منتظمة" prefix="" root="صحب" pattern="أَفْعَال" suffix="هَا" />
				<ArabicLexical word="اَلْفِلَسْطِينِيِّينَ" lemma="فِلَسْطِينِيّ" pos="معربة" prefix="ال" root="فِلَسْطِين" pattern="فِلَسْطِين" suffix="يِّينَ" />
			</annotation>
		</sentence>
		<sentence id="08833">
			<text>وَأَكَّدَ اَلْجَعْبَرِيُّ أَنَّ هذَا اَلْعَمَلَ يُمَثِّلُ تَصْعِيدًا خَطِيرًا، وَأَنَّ اَلْفِلَسْطِينِيِّينَ لَنْ يَلْزَمُوا اَلصَّمْتَ.. هذِهِ جَرِيمَةُ تَسْمِيمٍ أَدَّتْ إِلَى مَقْتَلِ 20 رَأْسِ غَنَمٍ وَإِصَابَةِ 82 رَأْسًا أُخْرَى. </text>
			<annotation>
				<ArabicLexical word="وَأَكَّدَ" lemma="أَكَّدَ" pos="مصرفة منتظمة" prefix="وَ" root="أكد" pattern="فَعَّلَ" suffix="" />
				<ArabicLexical word="اَلْجَعْبَرِيُّ" lemma="+" pos="غير عربية" prefix="" root="" pattern="" suffix="" />
				<ArabicLexical word="أَنَّ" lemma="أَنَّ" pos="جامدة" prefix="" root="أَنَّ" pattern="أَنَّ" suffix="" />
				<ArabicLexical word="هذَا" lemma="ذَا" pos="جامدة" prefix="" root="ذَا" pattern="هذَا" suffix="" />
				<ArabicLexical word="اَلْعَمَلَ" lemma="عَمَل" pos="مصرفة منتظمة" prefix="ال" root="عمل" pattern="فَعَل" suffix="" />
				<ArabicLexical word="يُمَثِّلُ" lemma="مَثَّلَ" pos="مصرفة منتظمة" prefix="ي" root="مثل" pattern="فَعَّلَ" suffix="" />
				<ArabicLexical word="تَصْعِيدًا" lemma="تَصْعِيد" pos="مصرفة منتظمة" prefix="" root="صعد" pattern="تَفْعِيل" suffix="" />
				<ArabicLexical word="خَطِيرًا" lemma="خَطِير" pos="مصرفة منتظمة" prefix="" root="خطر" pattern="فَعِيل" suffix="" />
				<ArabicLexical word="وَأَنَّ" lemma="أَنَّ" pos="جامدة" prefix="وَ" root="أَنَّ" pattern="أَنَّ" suffix="" />
				<ArabicLexical word="اَلْفِلَسْطِينِيِّينَ" lemma="فِلَسْطِينِيّ" pos="معربة" prefix="ال" root="فِلَسْطِين" pattern="فِلَسْطِين" suffix="يِّينَ" />
				<ArabicLexical word="لَنْ" lemma="لَنْ" pos="جامدة" prefix="" root="لَنْ" pattern="لَنْ" suffix="" />
				<ArabicLexical word="يَلْزَمُوا" lemma="لَزِمَ" pos="مصرفة منتظمة" prefix="ي" root="لزم" pattern="فْعَل" suffix="وا" />
				<ArabicLexical word="اَلصَّمْتَ" lemma="صَمْت" pos="مصرفة منتظمة" prefix="ال" root="صمت" pattern="فَعْل" suffix="" />
				<ArabicLexical word="هذِهِ" lemma="ذَا" pos="جامدة" prefix="" root="ذَا" pattern="هذِهِ" suffix="" />
				<ArabicLexical word="جَرِيمَةُ" lemma="جَرِيمَة" pos="مصرفة منتظمة" prefix="" root="جرم" pattern="فَعِيل" suffix="ة" />
				<ArabicLexical word="تَسْمِيمٍ" lemma="تَسْمِيم" pos="مصرفة منتظمة" prefix="" root="سمم" pattern="تَفْعِيل" suffix="" />
				<ArabicLexical word="أَدَّتْ" lemma="أَدَّى" pos="مصرفة منتظمة" prefix="" root="أدي" pattern="فَعَّل" suffix="تْ" />
				<ArabicLexical word="إِلَى" lemma="إِلَى" pos="جامدة" prefix="" root="إِلَى" pattern="إِلَى" suffix="" />
				<ArabicLexical word="مَقْتَلِ" lemma="مَقْتَل" pos="مصرفة منتظمة" prefix="" root="قتل" pattern="مَفْعَل" suffix="" />
				<ArabicLexical word="رَأْسِ" lemma="رَأْس" pos="مصرفة منتظمة" prefix="" root="رأس" pattern="فَعْل" suffix="" />
				<ArabicLexical word="غَنَمٍ" lemma="غَنَم" pos="مصرفة منتظمة" prefix="" root="غنم" pattern="فَعَل" suffix="" />
				<ArabicLexical word="وَإِصَابَةِ" lemma="إِصَابَة" pos="مصرفة منتظمة" prefix="وَ" root="صوب" pattern="إِفَعالَ" suffix="ة" />
				<ArabicLexical word="رَأْسًا" lemma="رَأْس" pos="مصرفة منتظمة" prefix="" root="رأس" pattern="فَعْل" suffix="" />
				<ArabicLexical word="أُخْرَى" lemma="أُخْرَى" pos="مصرفة منتظمة" prefix="" root="أخر" pattern="فُعْلَى" suffix="" />
			</annotation>
		</sentence>
		<sentence id="08834">
			<text>وَقَالَ رُعَاةٌ فِلَسْطِينِيُّونَ تَرْعَى أَغْنَامُهُمْ فِي هذِهِ اَلْمِنْطَقَةِ لرُويْتِرْزْ: إِنَّهُمْ شَاهَدُوا مُسْتَوْطِنِينَ يُلْقُونَ فِيمَا يَبْدُو حُبُوبًا فِي اَلْحُقُولِ أَوَاخِرَ مَارِسَ 2005، وَأَكَّدُوا أَنَّهُ بَعْدَ عِدَّةِ أَيَّامٍ بَدَأَتْ اَلْأَغْنَامُ تُصَابُ بِالْمَرَضِ.</text>
			<annotation>
				<ArabicLexical word="وَقَالَ" lemma="قَالَ" pos="مصرفة منتظمة" prefix="وَ" root="قول" pattern="فَعلَ" suffix="" />
				<ArabicLexical word="رُعَاةٌ" lemma="رَاعٍ" pos="مصرفة منتظمة" prefix="" root="رعي" pattern="فُعَل" suffix="ة" />
				<ArabicLexical word="فِلَسْطِينِيُّونَ" lemma="فِلَسْطِينِيّ" pos="معربة" prefix="" root="فِلَسْطِين" pattern="فِلَسْطِين" suffix="يُّونَ" />
				<ArabicLexical word="تَرْعَى" lemma="رَعَى" pos="مصرفة منتظمة" prefix="ت" root="رعي" pattern="فْعَل" suffix="" />
				<ArabicLexical word="أَغْنَامُهُمْ" lemma="غَنَم" pos="مصرفة منتظمة" prefix="" root="غنم" pattern="أَفْعَال" suffix="همْ" />
				<ArabicLexical word="فِي" lemma="فِي" pos="جامدة" prefix="" root="فِي" pattern="فِي" suffix="" />
				<ArabicLexical word="هذِهِ" lemma="ذَا" pos="جامدة" prefix="" root="ذَا" pattern="هذِهِ" suffix="" />
				<ArabicLexical word="اَلْمِنْطَقَةِ" lemma="مِنْطَقَة" pos="مصرفة منتظمة" prefix="ال" root="نطق" pattern="مِفْعَل" suffix="ة" />
				<ArabicLexical word="ل" lemma="+" pos="غير عربية" prefix="" root="" pattern="" suffix="" />
				<ArabicLexical word="رُويْتِرْزْ" lemma="رُويْتِرْز" pos="غير عربية" prefix="" root="" pattern="" suffix="" />
				<ArabicLexical word="إِنَّهُمْ" lemma="أَنَّ" pos="جامدة" prefix="" root="إِنَّ" pattern="إِنَّ" suffix="همْ" />
				<ArabicLexical word="شَاهَدُوا" lemma="شَاهَدَ" pos="مصرفة منتظمة" prefix="" root="شهد" pattern="فَاعَلَ" suffix="وا" />
				<ArabicLexical word="مُسْتَوْطِنِينَ" lemma="مُسْتَوْطِن" pos="مصرفة منتظمة" prefix="" root="وطن" pattern="مُسْتَفْعِل" suffix="ينَ" />
				<ArabicLexical word="يُلْقُونَ" lemma="أَلْقَى" pos="مصرفة منتظمة" prefix="ي" root="لقي" pattern="أَفْعِل" suffix="ونَ" />
				<ArabicLexical word="فِيمَا" lemma="فِي" pos="جامدة" prefix="" root="فِي" pattern="فِيمَا" suffix="" />
				<ArabicLexical word="يَبْدُو" lemma="بَدَا" pos="مصرفة منتظمة" prefix="ي" root="بدو" pattern="فْعُل" suffix="" />
				<ArabicLexical word="حُبُوبًا" lemma="حَبّ" pos="مصرفة منتظمة" prefix="" root="حبب" pattern="فُعُول" suffix="" />
				<ArabicLexical word="فِي" lemma="فِي" pos="جامدة" prefix="" root="فِي" pattern="فِي" suffix="" />
				<ArabicLexical word="اَلْحُقُولِ" lemma="حَقْل" pos="مصرفة منتظمة" prefix="ال" root="حقل" pattern="فُعُول" suffix="" />
				<ArabicLexical word="أَوَاخِرَ" lemma="آخِر" pos="مصرفة منتظمة" prefix="" root="أخر" pattern="فَوَاعِل" suffix="" />
				<ArabicLexical word="مَارِسَ" lemma="مَارِس" pos="معربة" prefix="" root="مَارِس" pattern="مَارِس" suffix="" />
				<ArabicLexical word="وَأَكَّدُوا" lemma="أَكَّدَ" pos="مصرفة منتظمة" prefix="وَ" root="أكد" pattern="فَعَّلَ" suffix="وا" />
				<ArabicLexical word="أَنَّهُ" lemma="أَنَّ" pos="جامدة" prefix="" root="أَنَّ" pattern="أَنَّ" suffix="ه" />
				<ArabicLexical word="بَعْدَ" lemma="بَعْدَ" pos="مصرفة منتظمة" prefix="" root="بعد" pattern="فَعْل" suffix="" />
				<ArabicLexical word="عِدَّةِ" lemma="عِدَّة" pos="مصرفة منتظمة" prefix="" root="عدد" pattern="فِلّ" suffix="ة" />
				<ArabicLexical word="أَيَّامٍ" lemma="يَوْم" pos="استثناء صرفي" prefix="" root="يوم" pattern="أَيَّام" suffix="" />
				<ArabicLexical word="بَدَأَتْ" lemma="بَدَأَ" pos="مصرفة منتظمة" prefix="" root="بدأ" pattern="فَعَلَ" suffix="تْ" />
				<ArabicLexical word="اَلْأَغْنَامُ" lemma="غَنَم" pos="مصرفة منتظمة" prefix="ال" root="غنم" pattern="أَفْعَال" suffix="" />
				<ArabicLexical word="تُصَابُ" lemma="أَصَابَ" pos="مصرفة منتظمة" prefix="تُ" root="صوب" pattern="أَفَعلَ" suffix="" />
				<ArabicLexical word="بِالْمَرَضِ" lemma="مَرَض" pos="مصرفة منتظمة" prefix="بِال" root="مرض" pattern="فَعَل" suffix="" />
			</annotation>
		</sentence>
		<sentence id="08835">
			<text>وَتَعْلِيقًا عَلَى هذِهِ اَلْحَادِثَةِ قَالَ رَئِيسُ اَلْوُزَرَاءِ اَلْفِلَسْطِينِيِّ أَحْمَدُ قُرَيْعٍ فِي تَصْرِيحَاتٍ لِلصَّحَفِيِّينَ اَلثُّلَاثَاءَ: إِنَّ هذِهِ قَضِيَّةٌ بَالِغَةُ اَلْخُطُورَةِ.</text>
			<annotation>
				<ArabicLexical word="وَتَعْلِيقًا" lemma="تَعْلِيق" pos="مصرفة منتظمة" prefix="وَ" root="علق" pattern="تَفْعِيل" suffix="" />
				<ArabicLexical word="عَلَى" lemma="عَلَى" pos="جامدة" prefix="" root="عَلَى" pattern="عَلَى" suffix="" />
				<ArabicLexical word="هذِهِ" lemma="ذَا" pos="جامدة" prefix="" root="ذَا" pattern="هذِهِ" suffix="" />
				<ArabicLexical word="اَلْحَادِثَةِ" lemma="حَادِث" pos="مصرفة منتظمة" prefix="ال" root="حدث" pattern="فَاعِل" suffix="ة" />
				<ArabicLexical word="قَالَ" lemma="قَالَ" pos="مصرفة منتظمة" prefix="" root="قول" pattern="فَعلَ" suffix="" />
				<ArabicLexical word="رَئِيسُ" lemma="رَئِيس" pos="مصرفة منتظمة" prefix="" root="رأس" pattern="فَعِيل" suffix="" />
				<ArabicLexical word="اَلْوُزَرَاءِ" lemma="وَزِير" pos="مصرفة منتظمة" prefix="ال" root="وزر" pattern="فُعَلَاء" suffix="" />
				<ArabicLexical word="اَلْفِلَسْطِينِيِّ" lemma="فِلَسْطِينِيّ" pos="معربة" prefix="ال" root="فِلَسْطِين" pattern="فِلَسْطِين" suffix="يّ" />
				<ArabicLexical word="أَحْمَدُ" lemma="أَحْمَد" pos="مصرفة منتظمة" prefix="" root="حمد" pattern="أَفْعَل" suffix="" />
				<ArabicLexical word="قُرَيْعٍ" lemma="قُرَيْع" pos="مصرفة منتظمة" prefix="" root="قرع" pattern="فُعَيْل" suffix="" />
				<ArabicLexical word="فِي" lemma="فِي" pos="جامدة" prefix="" root="فِي" pattern="فِي" suffix="" />
				<ArabicLexical word="تَصْرِيحَاتٍ" lemma="تَصْرِيح" pos="مصرفة منتظمة" prefix="" root="صرح" pattern="تَفْعِيل" suffix="ات" />
				<ArabicLexical word="لِلصَّحَفِيِّينَ" lemma="صَحَفِيّ" pos="مصرفة منتظمة" prefix="لِل" root="صحف" pattern="فَعَل" suffix="يِّينَ" />
				<ArabicLexical word="اَلثُّلَاثَاءَ" lemma="ثُلَاثَاء" pos="استثناء صرفي" prefix="ال" root="ثلث" pattern="ثُلَاثَاء" suffix="" />
				<ArabicLexical word="إِنَّ" lemma="أَنَّ" pos="جامدة" prefix="" root="إِنَّ" pattern="إِنَّ" suffix="" />
				<ArabicLexical word="هذِهِ" lemma="ذَا" pos="جامدة" prefix="" root="ذَا" pattern="هذِهِ" suffix="" />
				<ArabicLexical word="قَضِيَّةٌ" lemma="قَضِيَّة" pos="مصرفة منتظمة" prefix="" root="قضي" pattern="فَعِلّ" suffix="ة" />
				<ArabicLexical word="بَالِغَةُ" lemma="بَالِغ" pos="مصرفة منتظمة" prefix="" root="بلغ" pattern="فَاعِل" suffix="ة" />
				<ArabicLexical word="اَلْخُطُورَةِ" lemma="خُطُور" pos="مصرفة منتظمة" prefix="ال" root="خطر" pattern="فُعُول" suffix="ة" />
			</annotation>
		</sentence>
		<sentence id="08836">
			<text>وَنَقَلَتْ رُويْتِرْزْ عَنْ خَبِيرِ سُمُومٍ فِلَسْطِينِيٍّ أَشْرَفَ عَلَى فَحْصِ اَلْحَبَّاتِ فِي مَعْمَلِ جَامِعَةِ بِيرِزِيتْ بِالضِّفَّةِ اَلْغَرْبِيَّةِ أَنَّ اَلْمَادَّةَ اَلْكِيمَاوِيَّةَ شَدِيدَةُ اَلسُّمِّيَّةِ، وَتُسْتَخْدَمُ عَادَةً لِقَتْلِ اَلْقَوَارِضِ.</text>
			<annotation>
				<ArabicLexical word="وَنَقَلَتْ" lemma="نَقَلَ" pos="مصرفة منتظمة" prefix="وَ" root="نقل" pattern="فَعَلَ" suffix="تْ" />
				<ArabicLexical word="رُويْتِرْزْ" lemma="رُويْتِرْز" pos="غير عربية" prefix="" root="" pattern="" suffix="" />
				<ArabicLexical word="عَنْ" lemma="عَنْ" pos="جامدة" prefix="" root="عَنْ" pattern="عَنْ" suffix="" />
				<ArabicLexical word="خَبِيرِ" lemma="خَبِير" pos="مصرفة منتظمة" prefix="" root="خبر" pattern="فَعِيل" suffix="" />
				<ArabicLexical word="سُمُومٍ" lemma="سُمُوم" pos="مصرفة منتظمة" prefix="" root="سمم" pattern="فُعُول" suffix="" />
				<ArabicLexical word="فِلَسْطِينِيٍّ" lemma="فِلَسْطِينِيّ" pos="معربة" prefix="" root="فِلَسْطِين" pattern="فِلَسْطِين" suffix="يّ" />
				<ArabicLexical word="أَشْرَفَ" lemma="أَشْرَفَ" pos="مصرفة منتظمة" prefix="" root="شرف" pattern="أَفْعَلَ" suffix="" />
				<ArabicLexical word="عَلَى" lemma="عَلَى" pos="جامدة" prefix="" root="عَلَى" pattern="عَلَى" suffix="" />
				<ArabicLexical word="فَحْصِ" lemma="فَحْص" pos="مصرفة منتظمة" prefix="" root="فحص" pattern="فَعْل" suffix="" />
				<ArabicLexical word="اَلْحَبَّاتِ" lemma="حَبّ" pos="مصرفة منتظمة" prefix="ال" root="حبب" pattern="فَلّ" suffix="ات" />
				<ArabicLexical word="فِي" lemma="فِي" pos="جامدة" prefix="" root="فِي" pattern="فِي" suffix="" />
				<ArabicLexical word="مَعْمَلِ" lemma="مَعْمَل" pos="مصرفة منتظمة" prefix="" root="عمل" pattern="مَفْعَل" suffix="" />
				<ArabicLexical word="جَامِعَةِ" lemma="جَامِع" pos="مصرفة منتظمة" prefix="" root="جمع" pattern="فَاعِل" suffix="ة" />
				<ArabicLexical word="بِيرِزِيتْ" lemma="" pos="غير عربية" prefix="" root="" pattern="" suffix="" />
				<ArabicLexical word="بِالضِّفَّةِ" lemma="ضِفَّة" pos="مصرفة منتظمة" prefix="بِال" root="ضفف" pattern="فِلّ" suffix="ة" />
				<ArabicLexical word="اَلْغَرْبِيَّةِ" lemma="غَرْبِيّ" pos="مصرفة منتظمة" prefix="ال" root="غرب" pattern="فَعْل" suffix="يَّة" />
				<ArabicLexical word="أَنَّ" lemma="أَنَّ" pos="جامدة" prefix="" root="أَنَّ" pattern="أَنَّ" suffix="" />
				<ArabicLexical word="اَلْمَادَّةَ" lemma="مَادَّة" pos="مصرفة منتظمة" prefix="ال" root="مدد" pattern="فَالّ" suffix="ة" />
				<ArabicLexical word="اَلْكِيمَاوِيَّةَ" lemma="كِيمَاوِيّ" pos="غير عربية" prefix="" root="" pattern="" suffix="" />
				<ArabicLexical word="شَدِيدَةُ" lemma="شَدِيد" pos="مصرفة منتظمة" prefix="" root="شدد" pattern="فَعِيل" suffix="ة" />
				<ArabicLexical word="اَلسُّمِّيَّةِ" lemma="سُمِّيَّة" pos="مصرفة منتظمة" prefix="ال" root="سمم" pattern="فُلّ" suffix="يَّة" />
				<ArabicLexical word="وَتُسْتَخْدَمُ" lemma="اسْتَخْدَمَ" pos="مصرفة منتظمة" prefix="وَتُ" root="خدم" pattern="اِسْتَفْعَلَ" suffix="" />
				<ArabicLexical word="عَادَةً" lemma="عَادَة" pos="مصرفة منتظمة" prefix="" root="عود" pattern="فَعل" suffix="ة" />
				<ArabicLexical word="لِقَتْلِ" lemma="قَتْل" pos="مصرفة منتظمة" prefix="لِ" root="قتل" pattern="فَعْل" suffix="" />
				<ArabicLexical word="اَلْقَوَارِضِ" lemma="قَارِض" pos="مصرفة منتظمة" prefix="ال" root="قرض" pattern="فَوَاعِل" suffix="" />
			</annotation>
		</sentence>
		<sentence id="08837">
			<text>تَحْقِيقٌ إِسْرَائِيلِيٌّ</text>
			<annotation>
				<ArabicLexical word="تَحْقِيقٌ" lemma="تَحْقِيق" pos="مصرفة منتظمة" prefix="" root="حقق" pattern="تَفْعِيل" suffix="" />
				<ArabicLexical word="إِسْرَائِيلِيٌّ" lemma="إِسْرَائِيلِيّ" pos="معربة" prefix="" root="إِسْرَائِيل" pattern="إِسْرَائِيل" suffix="يّ" />
			</annotation>
		</sentence>
		<sentence id="08838">
			<text>عَلَى اَلْجَانِبِ اَلْآخَرِ قَالَ شُلُومُو دُرُورْ اَلْمُتَحَدِّثُ بِاسْمِ اَلشُّرْطَةِ اَلْإِسْرَائِيلِيَّةِ فِي اَلْأَرَاضِي اَلْمُحْتَلَّةِ: إِنَّ اَلشُّرْطَةَ بَدَأَتْ تَحْقِيقًا حَوْلَ تِلْكَ اَلِاتِّهَامَاتِ.</text>
			<annotation>
				<ArabicLexical word="عَلَى" lemma="عَلَى" pos="جامدة" prefix="" root="عَلَى" pattern="عَلَى" suffix="" />
				<ArabicLexical word="اَلْجَانِبِ" lemma="جَانِب" pos="مصرفة منتظمة" prefix="ال" root="جنب" pattern="فَاعِل" suffix="" />
				<ArabicLexical word="اَلْآخَرِ" lemma="آخَر" pos="مصرفة منتظمة" prefix="ال" root="أخر" pattern="أَفعَل" suffix="" />
				<ArabicLexical word="قَالَ" lemma="قَالَ" pos="مصرفة منتظمة" prefix="" root="قول" pattern="فَعلَ" suffix="" />
				<ArabicLexical word="شُلُومُو" lemma="" pos="غير عربية" prefix="" root="" pattern="" suffix="" />
				<ArabicLexical word="دُرُورْ" lemma="+" pos="غير عربية" prefix="" root="" pattern="" suffix="" />
				<ArabicLexical word="اَلْمُتَحَدِّثُ" lemma="مُتَحَدِّث" pos="مصرفة منتظمة" prefix="ال" root="حدث" pattern="مُتَفَعِّل" suffix="" />
				<ArabicLexical word="بِاسْمِ" lemma="اسْم" pos="استثناء صرفي" prefix="بِ" root="سمو" pattern="اِسْم" suffix="" />
				<ArabicLexical word="اَلشُّرْطَةِ" lemma="شُرْطَة" pos="مصرفة منتظمة" prefix="ال" root="شرط" pattern="فُعْل" suffix="ة" />
				<ArabicLexical word="اَلْإِسْرَائِيلِيَّةِ" lemma="إِسْرَائِيلِيّ" pos="معربة" prefix="ال" root="إِسْرَائِيل" pattern="إِسْرَائِيل" suffix="يَّة" />
				<ArabicLexical word="فِي" lemma="فِي" pos="جامدة" prefix="" root="فِي" pattern="فِي" suffix="" />
				<ArabicLexical word="اَلْأَرَاضِي" lemma="أَرْض" pos="مصرفة منتظمة" prefix="ال" root="أرض" pattern="فَعَالِي" suffix="" />
				<ArabicLexical word="اَلْمُحْتَلَّةِ" lemma="مُحْتَلّ" pos="مصرفة منتظمة" prefix="ال" root="حلل" pattern="مُفْتَلّ" suffix="ة" />
				<ArabicLexical word="إِنَّ" lemma="أَنَّ" pos="جامدة" prefix="" root="إِنَّ" pattern="إِنَّ" suffix="" />
				<ArabicLexical word="اَلشُّرْطَةَ" lemma="شُرْطَة" pos="مصرفة منتظمة" prefix="ال" root="شرط" pattern="فُعْل" suffix="ة" />
				<ArabicLexical word="بَدَأَتْ" lemma="بَدَأَ" pos="مصرفة منتظمة" prefix="" root="بدأ" pattern="فَعَلَ" suffix="تْ" />
				<ArabicLexical word="تَحْقِيقًا" lemma="تَحْقِيق" pos="مصرفة منتظمة" prefix="" root="حقق" pattern="تَفْعِيل" suffix="" />
				<ArabicLexical word="حَوْلَ" lemma="حَوْل" pos="مصرفة منتظمة" prefix="" root="حول" pattern="فَعْل" suffix="" />
				<ArabicLexical word="تِلْكَ" lemma="ذَا" pos="جامدة" prefix="" root="ذَا" pattern="تِلْ" suffix="كَ" />
				<ArabicLexical word="اَلِاتِّهَامَاتِ" lemma="اتِّهَام" pos="مصرفة منتظمة" prefix="ال" root="وهم" pattern="اِفِّعَال" suffix="ات" />
			</annotation>
		</sentence>
		<sentence id="08839">
			<text>وَأَشَارَ دُرُورْ إِلَى أَنَّ اَلْمُسْتَوْطِنِينَ قَدْ يَكُونُونَ مَسْؤُولِينَ، لكِنْ هُنَاكَ حَاجَةٌ لِإِجْرَاءِ تَحْقِيقٍ حَوْلَ هذَا اَلْعَمَلِ اَلْإِجْرَامِيِّ.. هذِهِ هِيَ اَلْمَرَّةُ اَلْأُولَى اَلَّتِي نُشَاهِدُ فِيهَا هذَا اَلنَّوْعَ مِنْ اَلتَّسْمِيمِ.</text>
			<annotation>
				<ArabicLexical word="وَأَشَارَ" lemma="أَشَارَ" pos="مصرفة منتظمة" prefix="وَ" root="شور" pattern="أَفَعلَ" suffix="" />
				<ArabicLexical word="دُرُورْ" lemma="+" pos="غير عربية" prefix="" root="" pattern="" suffix="" />
				<ArabicLexical word="إِلَى" lemma="إِلَى" pos="جامدة" prefix="" root="إِلَى" pattern="إِلَى" suffix="" />
				<ArabicLexical word="أَنَّ" lemma="أَنَّ" pos="جامدة" prefix="" root="أَنَّ" pattern="أَنَّ" suffix="" />
				<ArabicLexical word="اَلْمُسْتَوْطِنِينَ" lemma="مُسْتَوْطِن" pos="مصرفة منتظمة" prefix="ال" root="وطن" pattern="مُسْتَفْعِل" suffix="ينَ" />
				<ArabicLexical word="قَدْ" lemma="قَدْ" pos="جامدة" prefix="" root="قَدْ" pattern="قَدْ" suffix="" />
				<ArabicLexical word="يَكُونُونَ" lemma="كَانَ" pos="مصرفة منتظمة" prefix="ي" root="كون" pattern="فُعل" suffix="ونَ" />
				<ArabicLexical word="مَسْؤُولِينَ" lemma="مَسْؤُول" pos="مصرفة منتظمة" prefix="" root="سأل" pattern="مَفْعُول" suffix="ينَ" />
				<ArabicLexical word="لكِنْ" lemma="كَانَ" pos="جامدة" prefix="" root="لكِنْ" pattern="لكِنْ" suffix="" />
				<ArabicLexical word="هُنَاكَ" lemma="هُنَا" pos="جامدة" prefix="" root="هُنَا" pattern="هُنَاكَ" suffix="" />
				<ArabicLexical word="حَاجَةٌ" lemma="حَاجَة" pos="مصرفة منتظمة" prefix="" root="حوج" pattern="فَعل" suffix="ة" />
				<ArabicLexical word="لِإِجْرَاءِ" lemma="إِجْرَاء" pos="مصرفة منتظمة" prefix="لِ" root="جري" pattern="إِفْعَال" suffix="" />
				<ArabicLexical word="تَحْقِيقٍ" lemma="تَحْقِيق" pos="مصرفة منتظمة" prefix="" root="حقق" pattern="تَفْعِيل" suffix="" />
				<ArabicLexical word="حَوْلَ" lemma="حَوْل" pos="مصرفة منتظمة" prefix="" root="حول" pattern="فَعْل" suffix="" />
				<ArabicLexical word="هذَا" lemma="ذَا" pos="جامدة" prefix="" root="ذَا" pattern="هذَا" suffix="" />
				<ArabicLexical word="اَلْعَمَلِ" lemma="عَمَل" pos="مصرفة منتظمة" prefix="ال" root="عمل" pattern="فَعَل" suffix="" />
				<ArabicLexical word="اَلْإِجْرَامِيِّ" lemma="إِجْرَامِيّ" pos="مصرفة منتظمة" prefix="ال" root="جرم" pattern="إِفْعَال" suffix="يّ" />
				<ArabicLexical word="هذِهِ" lemma="ذَا" pos="جامدة" prefix="" root="ذَا" pattern="هذِهِ" suffix="" />
				<ArabicLexical word="هِيَ" lemma="هُوَ" pos="جامدة" prefix="" root="هُوَ" pattern="هِيَ" suffix="" />
				<ArabicLexical word="اَلْمَرَّةُ" lemma="مَرَّة" pos="مصرفة منتظمة" prefix="ال" root="مرر" pattern="فَلّ" suffix="ة" />
				<ArabicLexical word="اَلْأُولَى" lemma="أَوَّل" pos="مصرفة منتظمة" prefix="ال" root="أول" pattern="فُعلَى" suffix="" />
				<ArabicLexical word="اَلَّتِي" lemma="اَلَّذِي" pos="جامدة" prefix="ال" root="اَلَّذِي" pattern="لَتِي" suffix="" />
				<ArabicLexical word="نُشَاهِدُ" lemma="شَاهَدَ" pos="مصرفة منتظمة" prefix="ن" root="شهد" pattern="فَاعَلَ" suffix="" />
				<ArabicLexical word="فِيهَا" lemma="فِي" pos="جامدة" prefix="" root="فِي" pattern="فِي" suffix="هَا" />
				<ArabicLexical word="هذَا" lemma="ذَا" pos="جامدة" prefix="" root="ذَا" pattern="هذَا" suffix="" />
				<ArabicLexical word="اَلنَّوْعَ" lemma="نَوْع" pos="مصرفة منتظمة" prefix="ال" root="نوع" pattern="فَعْل" suffix="" />
				<ArabicLexical word="مِنْ" lemma="مِنْ" pos="جامدة" prefix="" root="مِنْ" pattern="مِنْ" suffix="" />
				<ArabicLexical word="اَلتَّسْمِيمِ" lemma="تَسْمِيم" pos="مصرفة منتظمة" prefix="ال" root="سمم" pattern="تَفْعِيل" suffix="" />
			</annotation>
		</sentence>
		<sentence id="08840">
			<text>وَقَالَ دُرُورْ: بَعْضُ اَلنَّاسِ يُحَاوِلُونَ جَعْلَ حَيَاةِ اَلْفِلَسْطِينِيِّينَ أَسْوَأَ، فِي إِشَارَةٍ إِلَى اَلْإِسْرَائِيلِيِّينَ اَلْمُتَطَرِّفِينَ.</text>
			<annotation>
				<ArabicLexical word="وَقَالَ" lemma="قَالَ" pos="مصرفة منتظمة" prefix="وَ" root="قول" pattern="فَعلَ" suffix="" />
				<ArabicLexical word="دُرُورْ" lemma="+" pos="غير عربية" prefix="" root="" pattern="" suffix="" />
				<ArabicLexical word="بَعْضُ" lemma="بَعْض" pos="مصرفة منتظمة" prefix="" root="بعض" pattern="فَعْل" suffix="" />
				<ArabicLexical word="اَلنَّاسِ" lemma="نَاس" pos="مصرفة منتظمة" prefix="ال" root="نوس" pattern="فَعل" suffix="" />
				<ArabicLexical word="يُحَاوِلُونَ" lemma="حَاوَلَ" pos="مصرفة منتظمة" prefix="ي" root="حول" pattern="فَاعَلَ" suffix="ونَ" />
				<ArabicLexical word="جَعْلَ" lemma="جَعْل" pos="مصرفة منتظمة" prefix="" root="جعل" pattern="فَعْل" suffix="" />
				<ArabicLexical word="حَيَاةِ" lemma="حَيَاة" pos="مصرفة منتظمة" prefix="" root="حيي" pattern="فَعَل" suffix="ة" />
				<ArabicLexical word="اَلْفِلَسْطِينِيِّينَ" lemma="فِلَسْطِينِيّ" pos="معربة" prefix="ال" root="فِلَسْطِين" pattern="فِلَسْطِين" suffix="يِّينَ" />
				<ArabicLexical word="أَسْوَأَ" lemma="أَسْوَأ" pos="مصرفة منتظمة" prefix="" root="سوأ" pattern="أَفْعَل" suffix="" />
				<ArabicLexical word="فِي" lemma="فِي" pos="جامدة" prefix="" root="فِي" pattern="فِي" suffix="" />
				<ArabicLexical word="إِشَارَةٍ" lemma="إِشَارَة" pos="مصرفة منتظمة" prefix="" root="شور" pattern="إِفَعالَ" suffix="ة" />
				<ArabicLexical word="إِلَى" lemma="إِلَى" pos="جامدة" prefix="" root="إِلَى" pattern="إِلَى" suffix="" />
				<ArabicLexical word="اَلْإِسْرَائِيلِيِّينَ" lemma="إِسْرَائِيلِيّ" pos="معربة" prefix="ال" root="إِسْرَائِيل" pattern="إِسْرَائِيل" suffix="يِّينَ" />
				<ArabicLexical word="اَلْمُتَطَرِّفِينَ" lemma="مُتَطَرِّف" pos="مصرفة منتظمة" prefix="ال" root="طرف" pattern="مُتَفَعِّل" suffix="ينَ" />
			</annotation>
		</sentence>
		<sentence id="08841">
			<text>وَتَابَعَ: شَاهَدْنَا فِي اَلْمَاضِي أَعْمَالَ عُنْفٍ ضِدَّ مُمْتَلَكَاتٍ (لِلْفِلَسْطِينِيِّينَ) مِثْلَ قَطْعِ أَشْجَارٍ وَتَدْمِيرِ مَنَازِلَ وَسَيَّارَاتٍ، أَوْ حَتَّى فِي بَعْضِ اَلْأَحْيَانِ أَعْمَالَ عُنْفٍ ضِدَّ أَشْخَاصٍ.. هذَا أَمْرٌ سَيِّئٌ لِلْغَايَةِ.</text>
			<annotation>
				<ArabicLexical word="وَتَابَعَ" lemma="تَابَعَ" pos="مصرفة منتظمة" prefix="وَ" root="تبع" pattern="فَاعَلَ" suffix="" />
				<ArabicLexical word="شَاهَدْنَا" lemma="شَاهَدَ" pos="مصرفة منتظمة" prefix="" root="شهد" pattern="فَاعَلَ" suffix="نَا" />
				<ArabicLexical word="فِي" lemma="فِي" pos="جامدة" prefix="" root="فِي" pattern="فِي" suffix="" />
				<ArabicLexical word="اَلْمَاضِي" lemma="مَاضِي" pos="مصرفة منتظمة" prefix="ال" root="مضي" pattern="فَاعِل" suffix="" />
				<ArabicLexical word="أَعْمَالَ" lemma="عَمَل" pos="مصرفة منتظمة" prefix="" root="عمل" pattern="أَفْعَال" suffix="" />
				<ArabicLexical word="عُنْفٍ" lemma="عُنْف" pos="مصرفة منتظمة" prefix="" root="عنف" pattern="فُعْل" suffix="" />
				<ArabicLexical word="ضِدَّ" lemma="ضِدّ" pos="مصرفة منتظمة" prefix="" root="ضدد" pattern="فِلّ" suffix="" />
				<ArabicLexical word="مُمْتَلَكَاتٍ" lemma="مُمْتَلَك" pos="مصرفة منتظمة" prefix="" root="ملك" pattern="مُفْتَعَل" suffix="ات" />
				<ArabicLexical word="لِلْفِلَسْطِينِيِّينَ" lemma="فِلَسْطِينِيّ" pos="معربة" prefix="لِل" root="فِلَسْطِين" pattern="فِلَسْطِين" suffix="يِّينَ" />
				<ArabicLexical word="مِثْلَ" lemma="مِثْل" pos="مصرفة منتظمة" prefix="" root="مثل" pattern="فِعْل" suffix="" />
				<ArabicLexical word="قَطْعِ" lemma="قَطْع" pos="مصرفة منتظمة" prefix="" root="قطع" pattern="فَعْل" suffix="" />
				<ArabicLexical word="أَشْجَارٍ" lemma="شَجَرَة" pos="مصرفة منتظمة" prefix="" root="شجر" pattern="أَفْعَال" suffix="" />
				<ArabicLexical word="وَتَدْمِيرِ" lemma="تَدْمِير" pos="مصرفة منتظمة" prefix="وَ" root="دمر" pattern="تَفْعِيل" suffix="" />
				<ArabicLexical word="مَنَازِلَ" lemma="مَنْزِل" pos="مصرفة منتظمة" prefix="" root="نزل" pattern="مَفَاعِل" suffix="" />
				<ArabicLexical word="وَسَيَّارَاتٍ" lemma="سَيَّارَة" pos="مصرفة منتظمة" prefix="وَ" root="سير" pattern="فَعَّال" suffix="ات" />
				<ArabicLexical word="أَوْ" lemma="أَوْ" pos="جامدة" prefix="" root="أَوْ" pattern="أَوْ" suffix="" />
				<ArabicLexical word="حَتَّى" lemma="حَتَّى" pos="جامدة" prefix="" root="حَتَّى" pattern="حَتَّى" suffix="" />
				<ArabicLexical word="فِي" lemma="فِي" pos="جامدة" prefix="" root="فِي" pattern="فِي" suffix="" />
				<ArabicLexical word="بَعْضِ" lemma="بَعْض" pos="مصرفة منتظمة" prefix="" root="بعض" pattern="فَعْل" suffix="" />
				<ArabicLexical word="اَلْأَحْيَانِ" lemma="حِين" pos="مصرفة منتظمة" prefix="ال" root="حين" pattern="أَفْعَال" suffix="" />
				<ArabicLexical word="أَعْمَالَ" lemma="عَمَل" pos="مصرفة منتظمة" prefix="" root="عمل" pattern="أَفْعَال" suffix="" />
				<ArabicLexical word="عُنْفٍ" lemma="عُنْف" pos="مصرفة منتظمة" prefix="" root="عنف" pattern="فُعْل" suffix="" />
				<ArabicLexical word="ضِدَّ" lemma="ضِدّ" pos="مصرفة منتظمة" prefix="" root="ضدد" pattern="فِلّ" suffix="" />
				<ArabicLexical word="أَشْخَاصٍ" lemma="شَخْص" pos="مصرفة منتظمة" prefix="" root="شخص" pattern="أَفْعَال" suffix="" />
				<ArabicLexical word="هذَا" lemma="ذَا" pos="جامدة" prefix="" root="ذَا" pattern="هذَا" suffix="" />
				<ArabicLexical word="أَمْرٌ" lemma="أَمْر" pos="مصرفة منتظمة" prefix="" root="أمر" pattern="فَعْل" suffix="" />
				<ArabicLexical word="سَيِّئٌ" lemma="سَيِّئ" pos="مصرفة منتظمة" prefix="" root="سوأ" pattern="فَعِّل" suffix="" />
				<ArabicLexical word="لِلْغَايَةِ" lemma="غَايَة" pos="استثناء صرفي" prefix="لِل" root="غيي" pattern="غَاي" suffix="ة" />
			</annotation>
		</sentence>
		<sentence id="08842">
			<text>فِي اَلْوَقْتِ نَفْسِهِ نَفَتْ إِمِيلِي أَمَرُوسِي اَلْمُتَحَدِّثَةُ بِاسْمِ اَلْمُسْتَوْطِنِينَ بِالْخَلِيلِ أَنْ يَكُونَ مَنْ قَامُوا بِتَسْمِيمِ اَلْمَرَاعِي اَلْفِلَسْطِينِيَّةِ يَهُودًا. وَنَقَلَتْ رُويْتِرْزْ عَنْ أَمَرُوسِي زَعْمَهَا أَنَّ هذِهِ اَلْأَعْمَالَ لَيْسَتْ مِنْ يَهُودٍ وَإِنَّمَا مِنْ فِلَسْطِينِيِّينَ.</text>
			<annotation>
				<ArabicLexical word="فِي" lemma="فِي" pos="جامدة" prefix="" root="فِي" pattern="فِي" suffix="" />
				<ArabicLexical word="اَلْوَقْتِ" lemma="وَقْت" pos="مصرفة منتظمة" prefix="ال" root="وقت" pattern="فَعْل" suffix="" />
				<ArabicLexical word="نَفْسِهِ" lemma="نَفْس" pos="مصرفة منتظمة" prefix="" root="نفس" pattern="فَعْل" suffix="ه" />
				<ArabicLexical word="نَفَتْ" lemma="نَفَى" pos="مصرفة منتظمة" prefix="" root="نفي" pattern="فَعَل" suffix="تْ" />
				<ArabicLexical word="إِمِيلِي" lemma="إِمِيلِي" pos="غير عربية" prefix="" root="" pattern="" suffix="" />
				<ArabicLexical word="أَمَرُوسِي" lemma="مَرُوس" pos="غير عربية" prefix="" root="" pattern="" suffix="" />
				<ArabicLexical word="اَلْمُتَحَدِّثَةُ" lemma="مُتَحَدِّث" pos="مصرفة منتظمة" prefix="ال" root="حدث" pattern="مُتَفَعِّل" suffix="ة" />
				<ArabicLexical word="بِاسْمِ" lemma="اسْم" pos="استثناء صرفي" prefix="بِ" root="سمو" pattern="اِسْم" suffix="" />
				<ArabicLexical word="اَلْمُسْتَوْطِنِينَ" lemma="مُسْتَوْطِن" pos="مصرفة منتظمة" prefix="ال" root="وطن" pattern="مُسْتَفْعِل" suffix="ينَ" />
				<ArabicLexical word="بِالْخَلِيلِ" lemma="خَلِيل" pos="مصرفة منتظمة" prefix="بِال" root="خلل" pattern="فَعِيل" suffix="" />
				<ArabicLexical word="أَنْ" lemma="أَنْ" pos="جامدة" prefix="" root="أَنْ" pattern="أَنْ" suffix="" />
				<ArabicLexical word="يَكُونَ" lemma="كَانَ" pos="مصرفة منتظمة" prefix="ي" root="كون" pattern="فُعل" suffix="" />
				<ArabicLexical word="مَنْ" lemma="مَنْ" pos="جامدة" prefix="" root="اَلَّذِي" pattern="مَنْ" suffix="" />
				<ArabicLexical word="قَامُوا" lemma="قَامَ" pos="مصرفة منتظمة" prefix="" root="قوم" pattern="فَعلَ" suffix="وا" />
				<ArabicLexical word="بِتَسْمِيمِ" lemma="تَسْمِيم" pos="مصرفة منتظمة" prefix="بِ" root="سمم" pattern="تَفْعِيل" suffix="" />
				<ArabicLexical word="اَلْمَرَاعِي" lemma="مَرْعَى" pos="مصرفة منتظمة" prefix="ال" root="رعي" pattern="مَفَاعِل" suffix="" />
				<ArabicLexical word="اَلْفِلَسْطِينِيَّةِ" lemma="فِلَسْطِينِيّ" pos="معربة" prefix="ال" root="فِلَسْطِين" pattern="فِلَسْطِين" suffix="يَّة" />
				<ArabicLexical word="يَهُودًا" lemma="يَهُود" pos="استثناء صرفي" prefix="" root="هود" pattern="يَهُود" suffix="" />
				<ArabicLexical word="وَنَقَلَتْ" lemma="نَقَلَ" pos="مصرفة منتظمة" prefix="وَ" root="نقل" pattern="فَعَلَ" suffix="تْ" />
				<ArabicLexical word="رُويْتِرْزْ" lemma="رُويْتِرْز" pos="غير عربية" prefix="" root="" pattern="" suffix="" />
				<ArabicLexical word="عَنْ" lemma="عَنْ" pos="جامدة" prefix="" root="عَنْ" pattern="عَنْ" suffix="" />
				<ArabicLexical word="أَمَرُوسِي" lemma="مَرُوس" pos="غير عربية" prefix="" root="" pattern="" suffix="" />
				<ArabicLexical word="زَعْمَهَا" lemma="زَعْم" pos="مصرفة منتظمة" prefix="" root="زعم" pattern="فَعْل" suffix="هَا" />
				<ArabicLexical word="أَنَّ" lemma="أَنَّ" pos="جامدة" prefix="" root="أَنَّ" pattern="أَنَّ" suffix="" />
				<ArabicLexical word="هذِهِ" lemma="ذَا" pos="جامدة" prefix="" root="ذَا" pattern="هذِهِ" suffix="" />
				<ArabicLexical word="اَلْأَعْمَالَ" lemma="عَمَل" pos="مصرفة منتظمة" prefix="ال" root="عمل" pattern="أَفْعَال" suffix="" />
				<ArabicLexical word="لَيْسَتْ" lemma="لَيْسَ" pos="جامدة" prefix="" root="لَيْسَ" pattern="لَيْسَ" suffix="تْ" />
				<ArabicLexical word="مِنْ" lemma="مِنْ" pos="جامدة" prefix="" root="مِنْ" pattern="مِنْ" suffix="" />
				<ArabicLexical word="يَهُودٍ" lemma="يَهُود" pos="استثناء صرفي" prefix="" root="هود" pattern="يَهُود" suffix="" />
				<ArabicLexical word="وَإِنَّمَا" lemma="إِنَّ" pos="جامدة" prefix="وَ" root="إِنَّ" pattern="إِنَّمَا" suffix="" />
				<ArabicLexical word="مِنْ" lemma="مِنْ" pos="جامدة" prefix="" root="مِنْ" pattern="مِنْ" suffix="" />
				<ArabicLexical word="فِلَسْطِينِيِّينَ" lemma="فِلَسْطِينِيّ" pos="معربة" prefix="" root="فِلَسْطِين" pattern="فِلَسْطِين" suffix="يِّينَ" />
			</annotation>
		</sentence>
		<sentence id="08843">
			<text>وَدَأَبَ اَلْمُسْتَوْطِنُونَ اَلْيَهُودُ عَلَى اِرْتِكَابِ أَعْمَالِ عُنْفٍ وَمُضَايَقَاتٍ بِحَقِّ اَلْفِلَسْطِينِيِّينَ تَسْتَهْدِفُ طَرْدَهُمْ مِنْ أَرَاضِيهِمْ، وَنَادِرًا مَا تُجْرِي اَلسُّلُطَاتُ اَلْإِسْرَائِيلِيَّةُ تَحْقِيقَاتٍ حَوْلَ تِلْكَ اَلْحَوَادِثِ.</text>
			<annotation>
				<ArabicLexical word="وَدَأَبَ" lemma="دَأَب" pos="مصرفة منتظمة" prefix="وَ" root="دأب" pattern="فَعَلَ" suffix="" />
				<ArabicLexical word="اَلْمُسْتَوْطِنُونَ" lemma="مُسْتَوْطِن" pos="مصرفة منتظمة" prefix="ال" root="وطن" pattern="مُسْتَفْعِل" suffix="ونَ" />
				<ArabicLexical word="اَلْيَهُودُ" lemma="يَهُود" pos="استثناء صرفي" prefix="ال" root="هود" pattern="يَهُود" suffix="" />
				<ArabicLexical word="عَلَى" lemma="عَلَى" pos="جامدة" prefix="" root="عَلَى" pattern="عَلَى" suffix="" />
				<ArabicLexical word="اِرْتِكَابِ" lemma="ارْتِكَاب" pos="مصرفة منتظمة" prefix="" root="ركب" pattern="اِفْتِعَال" suffix="" />
				<ArabicLexical word="أَعْمَالِ" lemma="عَمَل" pos="مصرفة منتظمة" prefix="" root="عمل" pattern="أَفْعَال" suffix="" />
				<ArabicLexical word="عُنْفٍ" lemma="عُنْف" pos="مصرفة منتظمة" prefix="" root="عنف" pattern="فُعْل" suffix="" />
				<ArabicLexical word="وَمُضَايَقَاتٍ" lemma="مُضَايَقَة" pos="مصرفة منتظمة" prefix="وَ" root="ضيق" pattern="مُفَاعَل" suffix="ات" />
				<ArabicLexical word="بِحَقِّ" lemma="حَقّ" pos="مصرفة منتظمة" prefix="بِ" root="حقق" pattern="فَلّ" suffix="" />
				<ArabicLexical word="اَلْفِلَسْطِينِيِّينَ" lemma="فِلَسْطِينِيّ" pos="معربة" prefix="ال" root="فِلَسْطِين" pattern="فِلَسْطِين" suffix="يِّينَ" />
				<ArabicLexical word="تَسْتَهْدِفُ" lemma="اسْتَهْدَفَ" pos="مصرفة منتظمة" prefix="ت" root="هدف" pattern="اِسْتَفْعَلَ" suffix="" />
				<ArabicLexical word="طَرْدَهُمْ" lemma="طَرْد" pos="مصرفة منتظمة" prefix="" root="طرد" pattern="فَعْل" suffix="همْ" />
				<ArabicLexical word="مِنْ" lemma="مِنْ" pos="جامدة" prefix="" root="مِنْ" pattern="مِنْ" suffix="" />
				<ArabicLexical word="أَرَاضِيهِمْ" lemma="أَرْض" pos="مصرفة منتظمة" prefix="" root="أرض" pattern="فَعَالِي" suffix="همْ" />
				<ArabicLexical word="وَنَادِرًا" lemma="نَادِر" pos="مصرفة منتظمة" prefix="وَ" root="ندر" pattern="فَاعِل" suffix="" />
				<ArabicLexical word="مَا" lemma="مَا" pos="جامدة" prefix="" root="اَلَّذِي" pattern="مَا" suffix="" />
				<ArabicLexical word="تُجْرِي" lemma="أَجْرَى" pos="مصرفة منتظمة" prefix="ت" root="جري" pattern="أَفْعِل" suffix="" />
				<ArabicLexical word="اَلسُّلُطَاتُ" lemma="سُلْطَة" pos="مصرفة منتظمة" prefix="ال" root="سلط" pattern="فُعُل" suffix="ات" />
				<ArabicLexical word="اَلْإِسْرَائِيلِيَّةُ" lemma="إِسْرَائِيلِيّ" pos="معربة" prefix="ال" root="إِسْرَائِيل" pattern="إِسْرَائِيل" suffix="يَّة" />
				<ArabicLexical word="تَحْقِيقَاتٍ" lemma="تَحْقِيق" pos="مصرفة منتظمة" prefix="" root="حقق" pattern="تَفْعِيل" suffix="ات" />
				<ArabicLexical word="حَوْلَ" lemma="حَوْل" pos="مصرفة منتظمة" prefix="" root="حول" pattern="فَعْل" suffix="" />
				<ArabicLexical word="تِلْكَ" lemma="ذَا" pos="جامدة" prefix="" root="ذَا" pattern="تِلْ" suffix="كَ" />
				<ArabicLexical word="اَلْحَوَادِثِ" lemma="حَادِث" pos="مصرفة منتظمة" prefix="ال" root="حدث" pattern="فَوَاعِل" suffix="" />
			</annotation>
		</sentence>
		<sentence id="08844">
			<text>وَتَأْتِي اِنْتِهَاكَاتُ اَلْمُسْتَوْطِنِينَ ضِدَّ اَلْفِلَسْطِينِيِّينَ بِالتَّزَامُنِ مَعَ تَعَهُّدِ رَئِيسِ اَلْوُزَرَاءِ اَلْإِسْرَائِيلِيِّ إِرِيلْ شَارُونْ اَلِاثْنَيْنِ 4-4-2005 بِالْمُضِيِّ قُدُمًا فِي تَوْسِيعِ مُسْتَوْطَنَةِ مَعَالِيهْ أُدُومِيمْ بِالضِّفَّةِ بِالْقُرْبِ مِنْ اَلْقُدْسِ.</text>
			<annotation>
				<ArabicLexical word="وَتَأْتِي" lemma="أَتَى" pos="مصرفة منتظمة" prefix="وَت" root="أتي" pattern="فْعِل" suffix="" />
				<ArabicLexical word="اِنْتِهَاكَاتُ" lemma="انْتِهَاك" pos="مصرفة منتظمة" prefix="" root="نهك" pattern="اِفْتِعَال" suffix="ات" />
				<ArabicLexical word="اَلْمُسْتَوْطِنِينَ" lemma="مُسْتَوْطِن" pos="مصرفة منتظمة" prefix="ال" root="وطن" pattern="مُسْتَفْعِل" suffix="ينَ" />
				<ArabicLexical word="ضِدَّ" lemma="ضِدّ" pos="مصرفة منتظمة" prefix="" root="ضدد" pattern="فِلّ" suffix="" />
				<ArabicLexical word="اَلْفِلَسْطِينِيِّينَ" lemma="فِلَسْطِينِيّ" pos="معربة" prefix="ال" root="فِلَسْطِين" pattern="فِلَسْطِين" suffix="يِّينَ" />
				<ArabicLexical word="بِالتَّزَامُنِ" lemma="تَزَامُن" pos="مصرفة منتظمة" prefix="بِال" root="زمن" pattern="تَفَاعُل" suffix="" />
				<ArabicLexical word="مَعَ" lemma="مَعَ" pos="جامدة" prefix="" root="مَعَ" pattern="مَعَ" suffix="" />
				<ArabicLexical word="تَعَهُّدِ" lemma="تَعَهُّد" pos="مصرفة منتظمة" prefix="" root="عهد" pattern="تَفَعُّل" suffix="" />
				<ArabicLexical word="رَئِيسِ" lemma="رَئِيس" pos="مصرفة منتظمة" prefix="" root="رأس" pattern="فَعِيل" suffix="" />
				<ArabicLexical word="اَلْوُزَرَاءِ" lemma="وَزِير" pos="مصرفة منتظمة" prefix="ال" root="وزر" pattern="فُعَلَاء" suffix="" />
				<ArabicLexical word="اَلْإِسْرَائِيلِيِّ" lemma="إِسْرَائِيلِيّ" pos="معربة" prefix="ال" root="إِسْرَائِيل" pattern="إِسْرَائِيل" suffix="يّ" />
				<ArabicLexical word="إِرْيِلْ" lemma="إِرْيِل" pos="غير عربية" prefix="" root="" pattern="" suffix="" />
				<ArabicLexical word="شَارُونْ" lemma="شَارُون" pos="غير عربية" prefix="" root="" pattern="" suffix="" />
				<ArabicLexical word="اَلِاثْنَيْنِ" lemma="اثْنَيْن" pos="استثناء صرفي" prefix="ال" root="ثني" pattern="اِثْن" suffix="يْنِ" />
				<ArabicLexical word="بِالْمُضِيِّ" lemma="مُضِيّ" pos="مصرفة منتظمة" prefix="بِال" root="مضي" pattern="فُعِلّ" suffix="" />
				<ArabicLexical word="قُدُمًا" lemma="قُدُم" pos="مصرفة منتظمة" prefix="" root="قدم" pattern="فُعُل" suffix="" />
				<ArabicLexical word="فِي" lemma="فِي" pos="جامدة" prefix="" root="فِي" pattern="فِي" suffix="" />
				<ArabicLexical word="تَوْسِيعِ" lemma="تَوْسِيع" pos="مصرفة منتظمة" prefix="" root="وسع" pattern="تَفْعِيل" suffix="" />
				<ArabicLexical word="مُسْتَوْطَنَةِ" lemma="مُسْتَوْطَن" pos="مصرفة منتظمة" prefix="" root="وطن" pattern="مُسْتَفْعَل" suffix="ة" />
				<ArabicLexical word="مَعَالِيهْ" lemma="" pos="غير عربية" prefix="" root="" pattern="" suffix="" />
				<ArabicLexical word="أُدُومِيمْ" lemma="+" pos="غير عربية" prefix="" root="" pattern="" suffix="" />
				<ArabicLexical word="بِالضِّفَّةِ" lemma="ضِفَّة" pos="مصرفة منتظمة" prefix="بِال" root="ضفف" pattern="فِلّ" suffix="ة" />
				<ArabicLexical word="بِالْقُرْبِ" lemma="قُرْب" pos="مصرفة منتظمة" prefix="بِال" root="قرب" pattern="فُعْل" suffix="" />
				<ArabicLexical word="مِنْ" lemma="مِنْ" pos="جامدة" prefix="" root="مِنْ" pattern="مِنْ" suffix="" />
				<ArabicLexical word="اَلْقُدْسِ" lemma="قُدْس" pos="مصرفة منتظمة" prefix="ال" root="قدس" pattern="فُعْل" suffix="" />
			</annotation>
		</sentence>
		<sentence id="08845">
			<text>وَأَثَارَ ذلِكَ اَلْإِعْلَانُ مُعَارَضَةَ اَلْبَيْتِ اَلْأَبْيَضِ وَقَلَقَ اَلسُّلْطَةِ اَلْفِلَسْطِينِيَّةِ اَلَّتِي طَالَبَتْ اَللَّجْنَةَ اَلرُّبَاعِيَّةَ بِالتَّدَخُّلِ لِمَنْعِ هذِهِ اَلْخُطْوَةِ اَلَّتِي تَتَعَارَضُ مَعَ خَرِيطَةِ اَلطَّرِيقِ اَلَّتِي تَرْعَاهَا اَلْوِلَايَاتُ اَلْمُتَّحِدَةُ.</text>
			<annotation>
				<ArabicLexical word="وَأَثَارَ" lemma="أَثَارَ" pos="مصرفة منتظمة" prefix="وَ" root="ثور" pattern="أَفَعلَ" suffix="" />
				<ArabicLexical word="ذلِكَ" lemma="ذَا" pos="جامدة" prefix="" root="ذَا" pattern="ذلِ" suffix="كَ" />
				<ArabicLexical word="اَلْإِعْلَانُ" lemma="إِعْلَان" pos="مصرفة منتظمة" prefix="ال" root="علن" pattern="إِفْعَال" suffix="" />
				<ArabicLexical word="مُعَارَضَةَ" lemma="مُعَارَضَة" pos="مصرفة منتظمة" prefix="" root="عرض" pattern="مُفَاعَل" suffix="ة" />
				<ArabicLexical word="اَلْبَيْتِ" lemma="بَيْت" pos="مصرفة منتظمة" prefix="ال" root="بيت" pattern="فَعْل" suffix="" />
				<ArabicLexical word="اَلْأَبْيَضِ" lemma="أَبْيَض" pos="مصرفة منتظمة" prefix="ال" root="بيض" pattern="أَفْعَل" suffix="" />
				<ArabicLexical word="وَقَلَقَ" lemma="قَلَق" pos="مصرفة منتظمة" prefix="وَ" root="قلق" pattern="فَعَل" suffix="" />
				<ArabicLexical word="اَلسُّلْطَةِ" lemma="سُلْطَة" pos="مصرفة منتظمة" prefix="ال" root="سلط" pattern="فُعْل" suffix="ة" />
				<ArabicLexical word="اَلْفِلَسْطِينِيَّةِ" lemma="فِلَسْطِينِيّ" pos="معربة" prefix="ال" root="فِلَسْطِين" pattern="فِلَسْطِين" suffix="يَّة" />
				<ArabicLexical word="اَلَّتِي" lemma="اَلَّذِي" pos="جامدة" prefix="ال" root="اَلَّذِي" pattern="لَتِي" suffix="" />
				<ArabicLexical word="طَالَبَتْ" lemma="طَالَبَ" pos="مصرفة منتظمة" prefix="" root="طلب" pattern="فَاعَلَ" suffix="تْ" />
				<ArabicLexical word="اَللَّجْنَةَ" lemma="لَجْنَة" pos="مصرفة منتظمة" prefix="ال" root="لجن" pattern="فَعْل" suffix="ة" />
				<ArabicLexical word="اَلرُّبَاعِيَّةَ" lemma="رُبَاعِيّ" pos="مصرفة منتظمة" prefix="ال" root="ربع" pattern="فُعَال" suffix="يَّة" />
				<ArabicLexical word="بِالتَّدَخُّلِ" lemma="تَدَخُّل" pos="مصرفة منتظمة" prefix="بِال" root="دخل" pattern="تَفَعُّل" suffix="" />
				<ArabicLexical word="لِمَنْعِ" lemma="مَنْع" pos="مصرفة منتظمة" prefix="لِ" root="منع" pattern="فَعْل" suffix="" />
				<ArabicLexical word="هذِهِ" lemma="ذَا" pos="جامدة" prefix="" root="ذَا" pattern="هذِهِ" suffix="" />
				<ArabicLexical word="اَلْخُطْوَةِ" lemma="خُطْوَة" pos="مصرفة منتظمة" prefix="ال" root="خطو" pattern="فُعْل" suffix="ة" />
				<ArabicLexical word="اَلَّتِي" lemma="اَلَّذِي" pos="جامدة" prefix="ال" root="اَلَّذِي" pattern="لَتِي" suffix="" />
				<ArabicLexical word="تَتَعَارَضُ" lemma="تَعَارَضَ" pos="مصرفة منتظمة" prefix="ت" root="عرض" pattern="تَفَاعَلَ" suffix="" />
				<ArabicLexical word="مَعَ" lemma="مَعَ" pos="جامدة" prefix="" root="مَعَ" pattern="مَعَ" suffix="" />
				<ArabicLexical word="خَرِيطَةِ" lemma="خَرِيطَة" pos="مصرفة منتظمة" prefix="" root="خرط" pattern="فَعِيل" suffix="ة" />
				<ArabicLexical word="اَلطَّرِيقِ" lemma="طَرِيق" pos="مصرفة منتظمة" prefix="ال" root="طرق" pattern="فَعِيل" suffix="" />
				<ArabicLexical word="اَلَّتِي" lemma="اَلَّذِي" pos="جامدة" prefix="ال" root="اَلَّذِي" pattern="لَتِي" suffix="" />
				<ArabicLexical word="تَرْعَاهَا" lemma="رَعَى" pos="مصرفة منتظمة" prefix="ت" root="رعي" pattern="فْعَل" suffix="هَا" />
				<ArabicLexical word="اَلْوِلَايَاتُ" lemma="وِلَايَة" pos="مصرفة منتظمة" prefix="ال" root="ولي" pattern="فِعَال" suffix="ات" />
				<ArabicLexical word="اَلْمُتَّحِدَةُ" lemma="مُتَّحِد" pos="مصرفة منتظمة" prefix="ال" root="وحد" pattern="مُفَّعِل" suffix="ة" />
			</annotation>
		</sentence>
		<sentence id="08846">
			<text>وَتَتَشَكَّلُ اَللَّجْنَةُ اَلرُّبَاعِيَّةُ مِنْ اَلْوِلَايَاتِ اَلْمُتَّحِدَةِ وَالْأُمَمِ اَلْمُتَّحِدَةِ وَرُوسْيَا وَالِاتِّحَادِ اَلْأُورُوبِّيِّ.</text>
			<annotation>
				<ArabicLexical word="وَتَتَشَكَّلُ" lemma="تَشَكَّلَ" pos="مصرفة منتظمة" prefix="وَت" root="شكل" pattern="تَفَعَّلَ" suffix="" />
				<ArabicLexical word="اَللَّجْنَةُ" lemma="لَجْنَة" pos="مصرفة منتظمة" prefix="ال" root="لجن" pattern="فَعْل" suffix="ة" />
				<ArabicLexical word="اَلرُّبَاعِيَّةُ" lemma="رُبَاعِيّ" pos="مصرفة منتظمة" prefix="ال" root="ربع" pattern="فُعَال" suffix="يَّة" />
				<ArabicLexical word="مِنْ" lemma="مِنْ" pos="جامدة" prefix="" root="مِنْ" pattern="مِنْ" suffix="" />
				<ArabicLexical word="اَلْوِلَايَاتِ" lemma="وِلَايَة" pos="مصرفة منتظمة" prefix="ال" root="ولي" pattern="فِعَال" suffix="ات" />
				<ArabicLexical word="اَلْمُتَّحِدَةِ" lemma="مُتَّحِد" pos="مصرفة منتظمة" prefix="ال" root="وحد" pattern="مُفَّعِل" suffix="ة" />
				<ArabicLexical word="وَالْأُمَمِ" lemma="أُمَّة" pos="مصرفة منتظمة" prefix="وَال" root="أمم" pattern="فُعَل" suffix="" />
				<ArabicLexical word="اَلْمُتَّحِدَةِ" lemma="مُتَّحِد" pos="مصرفة منتظمة" prefix="ال" root="وحد" pattern="مُفَّعِل" suffix="ة" />
				<ArabicLexical word="وَرُوسْيَا" lemma="رُوسْيَا" pos="غير عربية" prefix="" root="" pattern="" suffix="" />
				<ArabicLexical word="وَالِاتِّحَادِ" lemma="اتِّحَاد" pos="مصرفة منتظمة" prefix="وَال" root="وحد" pattern="اِفِّعَال" suffix="" />
				<ArabicLexical word="اَلْأُورُوبِّيِّ" lemma="أُورُوبِّيّ" pos="معربة" prefix="ال" root="أُورُوبَّا" pattern="أُورُوبِّ" suffix="يّ" />
			</annotation>
		</sentence>
		<sentence id="08847">
			<text>وَيَخْشَى اَلْكَثِيرُونَ مِنْ اَلْفِلَسْطِينِيِّينَ أَنْ تَكُونَ خُطَّةُ شارُونْ لِلِانْسِحَابِ اَلْأُحَادِيِّ اَلْمُزْمَعِ مِنْ غَزَّةَ وَبَعْضِ مُسْتَوْطِنَاتِ اَلضِّفَّةِ، وَالْمُقَرَّرِ أَنْ يَبْدَأَ فِي اَلنِّصْفِ اَلثَّانِي مِنْ عَامِ 2005 مُجَرَّدَ خُدْعَةٍ لِنَقْلِ اَلْمُسْتَوْطِنِينَ اَلْمَعْزُولِينَ فِي غَزَّةَ إِلَى اَلضِّفَّةِ اَلْغَرْبِيَّةِ حَيْثُ يُقِيمُ أَغْلَبُ اَلْمُسْتَوْطِنِينَ اَلْإِسْرَائِيلِيِّينَ</text>
			<annotation>
				<ArabicLexical word="وَيَخْشَى" lemma="خَشِيَ" pos="مصرفة منتظمة" prefix="وَي" root="خشي" pattern="فْعَل" suffix="" />
				<ArabicLexical word="اَلْكَثِيرُونَ" lemma="كَثِير" pos="مصرفة منتظمة" prefix="ال" root="كثر" pattern="فَعِيل" suffix="ونَ" />
				<ArabicLexical word="مِنْ" lemma="مِنْ" pos="جامدة" prefix="" root="مِنْ" pattern="مِنْ" suffix="" />
				<ArabicLexical word="اَلْفِلَسْطِينِيِّينَ" lemma="فِلَسْطِينِيّ" pos="معربة" prefix="ال" root="فِلَسْطِين" pattern="فِلَسْطِين" suffix="يِّينَ" />
				<ArabicLexical word="أَنْ" lemma="أَنْ" pos="جامدة" prefix="" root="أَنْ" pattern="أَنْ" suffix="" />
				<ArabicLexical word="تَكُونَ" lemma="كَانَ" pos="مصرفة منتظمة" prefix="ت" root="كون" pattern="فُعل" suffix="" />
				<ArabicLexical word="خُطَّةُ" lemma="خُطَّة" pos="مصرفة منتظمة" prefix="" root="خطط" pattern="فُلّ" suffix="ة" />
				<ArabicLexical word="شارُونْ" lemma="" pos="غير عربية" prefix="" root="" pattern="" suffix="" />
				<ArabicLexical word="لِلِانْسِحَابِ" lemma="انْسِحَاب" pos="مصرفة منتظمة" prefix="لِل" root="سحب" pattern="اِنْفِعَال" suffix="" />
				<ArabicLexical word="اَلْأُحَادِيِّ" lemma="أُحَادِيّ" pos="مصرفة منتظمة" prefix="ال" root="أحد" pattern="فُعَال" suffix="يّ" />
				<ArabicLexical word="اَلْمُزْمَعِ" lemma="مُزْمَع" pos="مصرفة منتظمة" prefix="ال" root="زمع" pattern="مُفْعَل" suffix="" />
				<ArabicLexical word="مِنْ" lemma="مِنْ" pos="جامدة" prefix="" root="مِنْ" pattern="مِنْ" suffix="" />
				<ArabicLexical word="غَزَّةَ" lemma="غَزَّة" pos="مصرفة منتظمة" prefix="" root="غزز" pattern="فَلّ" suffix="ة" />
				<ArabicLexical word="وَبَعْضِ" lemma="بَعْض" pos="مصرفة منتظمة" prefix="وَ" root="بعض" pattern="فَعْل" suffix="" />
				<ArabicLexical word="مُسْتَوْطِنَاتِ" lemma="مُسْتَوْطِن" pos="مصرفة منتظمة" prefix="" root="وطن" pattern="مُسْتَفْعِل" suffix="ات" />
				<ArabicLexical word="اَلضِّفَّةِ" lemma="ضِفَّة" pos="مصرفة منتظمة" prefix="ال" root="ضفف" pattern="فِلّ" suffix="ة" />
				<ArabicLexical word="وَالْمُقَرَّرِ" lemma="مُقَرَّر" pos="مصرفة منتظمة" prefix="وَال" root="قرر" pattern="مُفَعَّل" suffix="" />
				<ArabicLexical word="أَنْ" lemma="أَنْ" pos="جامدة" prefix="" root="أَنْ" pattern="أَنْ" suffix="" />
				<ArabicLexical word="يَبْدَأَ" lemma="بَدَأَ" pos="مصرفة منتظمة" prefix="ي" root="بدأ" pattern="فْعَل" suffix="" />
				<ArabicLexical word="فِي" lemma="فِي" pos="جامدة" prefix="" root="فِي" pattern="فِي" suffix="" />
				<ArabicLexical word="اَلنِّصْفِ" lemma="نِصْف" pos="مصرفة منتظمة" prefix="ال" root="نصف" pattern="فِعْل" suffix="" />
				<ArabicLexical word="اَلثَّانِي" lemma="ثَان" pos="مصرفة منتظمة" prefix="ال" root="ثني" pattern="فَاعِل" suffix="" />
				<ArabicLexical word="مِنْ" lemma="مِنْ" pos="جامدة" prefix="" root="مِنْ" pattern="مِنْ" suffix="" />
				<ArabicLexical word="عَامِ" lemma="عَام" pos="مصرفة منتظمة" prefix="" root="عوم" pattern="فَعل" suffix="" />
				<ArabicLexical word="مُجَرَّدَ" lemma="مُجَرَّد" pos="مصرفة منتظمة" prefix="" root="جرد" pattern="مُفَعَّل" suffix="" />
				<ArabicLexical word="خُدْعَةٍ" lemma="خُدْعَة" pos="مصرفة منتظمة" prefix="" root="خدع" pattern="فُعْل" suffix="ة" />
				<ArabicLexical word="لِنَقْلِ" lemma="نَقْل" pos="مصرفة منتظمة" prefix="لِ" root="نقل" pattern="فَعْل" suffix="" />
				<ArabicLexical word="اَلْمُسْتَوْطِنِينَ" lemma="مُسْتَوْطِن" pos="مصرفة منتظمة" prefix="ال" root="وطن" pattern="مُسْتَفْعِل" suffix="ينَ" />
				<ArabicLexical word="اَلْمَعْزُولِينَ" lemma="مَعْزُول" pos="مصرفة منتظمة" prefix="ال" root="عزل" pattern="مَفْعُول" suffix="ينَ" />
				<ArabicLexical word="فِي" lemma="فِي" pos="جامدة" prefix="" root="فِي" pattern="فِي" suffix="" />
				<ArabicLexical word="غَزَّةَ" lemma="غَزَّة" pos="مصرفة منتظمة" prefix="" root="غزز" pattern="فَلّ" suffix="ة" />
				<ArabicLexical word="إِلَى" lemma="إِلَى" pos="جامدة" prefix="" root="إِلَى" pattern="إِلَى" suffix="" />
				<ArabicLexical word="اَلضِّفَّةِ" lemma="ضِفَّة" pos="مصرفة منتظمة" prefix="ال" root="ضفف" pattern="فِلّ" suffix="ة" />
				<ArabicLexical word="اَلْغَرْبِيَّةِ" lemma="غَرْبِيّ" pos="مصرفة منتظمة" prefix="ال" root="غرب" pattern="فَعْل" suffix="يَّة" />
				<ArabicLexical word="حَيْثُ" lemma="حَيْثُ" pos="جامدة" prefix="" root="حَيْثُ" pattern="حَيْثُ" suffix="" />
				<ArabicLexical word="يُقِيمُ" lemma="أَقَامَ" pos="مصرفة منتظمة" prefix="ي" root="قوم" pattern="أَفِعلَ" suffix="" />
				<ArabicLexical word="أَغْلَبُ" lemma="أَغْلَب" pos="مصرفة منتظمة" prefix="" root="غلب" pattern="أَفْعَل" suffix="" />
				<ArabicLexical word="اَلْمُسْتَوْطِنِينَ" lemma="مُسْتَوْطِن" pos="مصرفة منتظمة" prefix="ال" root="وطن" pattern="مُسْتَفْعِل" suffix="ينَ" />
				<ArabicLexical word="اَلْإِسْرَائِيلِيِّينَ" lemma="إِسْرَائِيلِيّ" pos="معربة" prefix="ال" root="إِسْرَائِيل" pattern="إِسْرَائِيل" suffix="يِّينَ" />
			</annotation>
		</sentence>
	</FILE>
	</NEMLAR>