<NEMLAR><FILE name="GeneralNews" number="042">
		<sentence id="06399">
			<text>?بَعْدَ 40 عَامًا.. رَمَضَانُ مِصْرَ بِدُونَ فَوَازِيرَ </text>
			<annotation>
				<ArabicLexical word="بَعْدَ" lemma="بَعْدَ" pos="مصرفة منتظمة" prefix="" root="بعد" pattern="فَعْل" suffix="" />
				<ArabicLexical word="عَامًا" lemma="عَام" pos="مصرفة منتظمة" prefix="" root="عوم" pattern="فَعل" suffix="" />
				<ArabicLexical word="رَمَضَانُ" lemma="رَمَضَان" pos="مصرفة منتظمة" prefix="" root="رمض" pattern="فَعَلَان" suffix="" />
				<ArabicLexical word="مِصْرَ" lemma="مِصْر" pos="مصرفة منتظمة" prefix="" root="مصر" pattern="فِعْل" suffix="" />
				<ArabicLexical word="بِدُونَ" lemma="دُون" pos="جامدة" prefix="بِ" root="دُونَ" pattern="دُونَ" suffix="" />
				<ArabicLexical word="فَوَازِيرَ" lemma="فَزُّورَة" pos="مصرفة منتظمة" prefix="" root="فزر" pattern="فَوَاعِيل" suffix="" />
			</annotation>
		</sentence>
		<sentence id="06400">
			<text> </text>
			<annotation>
			</annotation>
		</sentence>
		<sentence id="06401">
			<text>اَلْقَاهِرَةُ- مُحَمَّدُ جَمَالِ عَرَفَةَ- إِسْلَامْ أُونْ لَايْنْ.نِتْ/ 18-10-2004 </text>
			<annotation>
				<ArabicLexical word="اَلْقَاهِرَةُ" lemma="قَاهِرَة" pos="مصرفة منتظمة" prefix="ال" root="قهر" pattern="فَاعِل" suffix="ة" />
				<ArabicLexical word="مُحَمَّدُ" lemma="مُحَمَّد" pos="مصرفة منتظمة" prefix="" root="حمد" pattern="مُفَعَّل" suffix="" />
				<ArabicLexical word="جَمَالِ" lemma="جَمَال" pos="مصرفة منتظمة" prefix="" root="جمل" pattern="فَعَال" suffix="" />
				<ArabicLexical word="عَرَفَةَ" lemma="عَرَفَة" pos="مصرفة منتظمة" prefix="" root="عرف" pattern="فَعَل" suffix="ة" />
				<ArabicLexical word="إِسْلَامْ" lemma="إِسْلَام" pos="غير عربية" prefix="" root="" pattern="" suffix="" />
				<ArabicLexical word="أُونْ" lemma="أُونْ" pos="غير عربية" prefix="" root="" pattern="" suffix="" />
				<ArabicLexical word="لَايْنْ" lemma="+" pos="غير عربية" prefix="" root="" pattern="" suffix="" />
				<ArabicLexical word="نِتْ" lemma="نِت" pos="غير عربية" prefix="" root="" pattern="" suffix="" />
			</annotation>
		</sentence>
		<sentence id="06402">
			<text> </text>
			<annotation>
			</annotation>
		</sentence>
		<sentence id="06403">
			<text> </text>
			<annotation>
			</annotation>
		</sentence>
		<sentence id="06404">
			<text>مَبْنَى اَلْإِذَاعَةِ وَالتِّلِيفِزْيُونْ اَلْمِصْرِيُّ عَلَى ضِفَافِ نِيلِ اَلْقَاهِرَةِ</text>
			<annotation>
				<ArabicLexical word="مَبْنَى" lemma="مَبْنَى" pos="مصرفة منتظمة" prefix="" root="بني" pattern="مَفْعَل" suffix="" />
				<ArabicLexical word="اَلْإِذَاعَةِ" lemma="إِذَاعَة" pos="مصرفة منتظمة" prefix="ال" root="ذيع" pattern="إِفَعالَ" suffix="ة" />
				<ArabicLexical word="وَالتِّلِيفِزْيُونْ" lemma="تِلِيفِزْيُون" pos="غير عربية" prefix="" root="" pattern="" suffix="" />
				<ArabicLexical word="اَلْمِصْرِيُّ" lemma="مِصْرِيّ" pos="مصرفة منتظمة" prefix="ال" root="مصر" pattern="فِعْل" suffix="يّ" />
				<ArabicLexical word="عَلَى" lemma="عَلَى" pos="جامدة" prefix="" root="عَلَى" pattern="عَلَى" suffix="" />
				<ArabicLexical word="ضِفَافِ" lemma="ضِفَاف" pos="مصرفة منتظمة" prefix="" root="ضفف" pattern="فِعَال" suffix="" />
				<ArabicLexical word="نِيلِ" lemma="نِيل" pos="مصرفة منتظمة" prefix="" root="نيل" pattern="فِعل" suffix="" />
				<ArabicLexical word="اَلْقَاهِرَةِ" lemma="قَاهِرَة" pos="مصرفة منتظمة" prefix="ال" root="قهر" pattern="فَاعِل" suffix="ة" />
			</annotation>
		</sentence>
		<sentence id="06405">
			<text> </text>
			<annotation>
			</annotation>
		</sentence>
		<sentence id="06406">
			<text>لِأَوَّلِ مَرَّةٍ بَعْدَ قُرَابَةِ 40 عَامًا، قَرَّرَ اَلتِّلِيفِزْيُونْ اَلْمِصْرِيُّ اَلرَّسْمِيُّ هذَا اَلْعَامَ عَدَمَ تَقْدِيمِ فَوَازِيرِ رَمَضَانَ اَلَّتِي كَانَتْ تُعْرَضُ عَقِبَ اَلْإِفْطَارِ فِي رَمَضَانَ مِنْ كُلِّ عَامٍ، بَعْدَ أَنْ عَزَفَ اَلْجُمْهُورُ عَنْ مُتَابَعَتِهَا. </text>
			<annotation>
				<ArabicLexical word="لِأَوَّلِ" lemma="أَوَّل" pos="استثناء صرفي" prefix="لِ" root="أول" pattern="أَوَّل" suffix="" />
				<ArabicLexical word="مَرَّةٍ" lemma="مَرَّة" pos="مصرفة منتظمة" prefix="" root="مرر" pattern="فَلّ" suffix="ة" />
				<ArabicLexical word="بَعْدَ" lemma="بَعْدَ" pos="مصرفة منتظمة" prefix="" root="بعد" pattern="فَعْل" suffix="" />
				<ArabicLexical word="قُرَابَةِ" lemma="قُرَابَة" pos="مصرفة منتظمة" prefix="" root="قرب" pattern="فُعَال" suffix="ة" />
				<ArabicLexical word="عَامًا" lemma="عَام" pos="مصرفة منتظمة" prefix="" root="عوم" pattern="فَعل" suffix="" />
				<ArabicLexical word="قَرَّرَ" lemma="قَرَّرَ" pos="مصرفة منتظمة" prefix="" root="قرر" pattern="فَعَّلَ" suffix="" />
				<ArabicLexical word="اَلتِّلِيفِزْيُونْ" lemma="تِلِيفِزْيُون" pos="غير عربية" prefix="" root="" pattern="" suffix="" />
				<ArabicLexical word="اَلْمِصْرِيُّ" lemma="مِصْرِيّ" pos="مصرفة منتظمة" prefix="ال" root="مصر" pattern="فِعْل" suffix="يّ" />
				<ArabicLexical word="اَلرَّسْمِيُّ" lemma="رَسْمِيّ" pos="مصرفة منتظمة" prefix="ال" root="رسم" pattern="فَعْل" suffix="يّ" />
				<ArabicLexical word="هذَا" lemma="ذَا" pos="جامدة" prefix="" root="ذَا" pattern="هذَا" suffix="" />
				<ArabicLexical word="اَلْعَامَ" lemma="عَام" pos="مصرفة منتظمة" prefix="ال" root="عوم" pattern="فَعل" suffix="" />
				<ArabicLexical word="عَدَمَ" lemma="عَدَم" pos="مصرفة منتظمة" prefix="" root="عدم" pattern="فَعَل" suffix="" />
				<ArabicLexical word="تَقْدِيمِ" lemma="تَقْدِيم" pos="مصرفة منتظمة" prefix="" root="قدم" pattern="تَفْعِيل" suffix="" />
				<ArabicLexical word="فَوَازِيرِ" lemma="فَزُّورَة" pos="مصرفة منتظمة" prefix="" root="فزر" pattern="فَوَاعِيل" suffix="" />
				<ArabicLexical word="رَمَضَانَ" lemma="رَمَضَان" pos="مصرفة منتظمة" prefix="" root="رمض" pattern="فَعَلَان" suffix="" />
				<ArabicLexical word="اَلَّتِي" lemma="اَلَّذِي" pos="جامدة" prefix="ال" root="اَلَّذِي" pattern="لَتِي" suffix="" />
				<ArabicLexical word="كَانَتْ" lemma="كَانَ" pos="مصرفة منتظمة" prefix="" root="كون" pattern="فَعلَ" suffix="تْ" />
				<ArabicLexical word="تُعْرَضُ" lemma="عَرَضَ" pos="مصرفة منتظمة" prefix="تُ" root="عرض" pattern="فْعَل" suffix="" />
				<ArabicLexical word="عَقِبَ" lemma="عَقِب" pos="مصرفة منتظمة" prefix="" root="عقب" pattern="فَعِل" suffix="" />
				<ArabicLexical word="اَلْإِفْطَارِ" lemma="إِفْطَار" pos="مصرفة منتظمة" prefix="ال" root="فطر" pattern="إِفْعَال" suffix="" />
				<ArabicLexical word="فِي" lemma="فِي" pos="جامدة" prefix="" root="فِي" pattern="فِي" suffix="" />
				<ArabicLexical word="رَمَضَانَ" lemma="رَمَضَان" pos="مصرفة منتظمة" prefix="" root="رمض" pattern="فَعَلَان" suffix="" />
				<ArabicLexical word="مِنْ" lemma="مِنْ" pos="جامدة" prefix="" root="مِنْ" pattern="مِنْ" suffix="" />
				<ArabicLexical word="كُلِّ" lemma="كُلّ" pos="جامدة" prefix="" root="كُلّ" pattern="كُلّ" suffix="" />
				<ArabicLexical word="عَامٍ" lemma="عَام" pos="مصرفة منتظمة" prefix="" root="عوم" pattern="فَعل" suffix="" />
				<ArabicLexical word="بَعْدَ" lemma="بَعْدَ" pos="مصرفة منتظمة" prefix="" root="بعد" pattern="فَعْل" suffix="" />
				<ArabicLexical word="أَنْ" lemma="أَنْ" pos="جامدة" prefix="" root="أَنْ" pattern="أَنْ" suffix="" />
				<ArabicLexical word="عَزَفَ" lemma="عَزَفَ" pos="مصرفة منتظمة" prefix="" root="عزف" pattern="فَعَلَ" suffix="" />
				<ArabicLexical word="اَلْجُمْهُورُ" lemma="جُمْهُور" pos="مصرفة منتظمة" prefix="ال" root="جمهر" pattern="فُعْلُول" suffix="" />
				<ArabicLexical word="عَنْ" lemma="عَنْ" pos="جامدة" prefix="" root="عَنْ" pattern="عَنْ" suffix="" />
				<ArabicLexical word="مُتَابَعَتِهَا" lemma="مُتَابَعَة" pos="مصرفة منتظمة" prefix="" root="تبع" pattern="مُفَاعَل" suffix="تهَا" />
			</annotation>
		</sentence>
		<sentence id="06407">
			<text>وَأَقَرَّتْ قِيَادَاتُ اَلتِّلِيفِزْيُونْ لِأَوَّلِ مَرَّةٍ أَنَّ اَلْفَوَازِيرَ تُؤَدِّي إِلَى ضَيَاعِ وَقْتِ اَلْمُشَاهِدِينَ وَتَتَكَلَّفُ أَمْوَالًا بَاهِظَةً، بَعْدَ أَنْ عَزَفَ اَلْجُمْهُورُ عَنْ مُتَابَعَتِهَا. </text>
			<annotation>
				<ArabicLexical word="وَأَقَرَّتْ" lemma="أَقَرَّ" pos="مصرفة منتظمة" prefix="وَ" root="قرر" pattern="أَفَلَّ" suffix="تْ" />
				<ArabicLexical word="قِيَادَاتُ" lemma="قِيَادَة" pos="مصرفة منتظمة" prefix="" root="قود" pattern="فِعَال" suffix="ات" />
				<ArabicLexical word="اَلتِّلِيفِزْيُونْ" lemma="تِلِيفِزْيُون" pos="غير عربية" prefix="" root="" pattern="" suffix="" />
				<ArabicLexical word="لِأَوَّلِ" lemma="أَوَّل" pos="استثناء صرفي" prefix="لِ" root="أول" pattern="أَوَّل" suffix="" />
				<ArabicLexical word="مَرَّةٍ" lemma="مَرَّة" pos="مصرفة منتظمة" prefix="" root="مرر" pattern="فَلّ" suffix="ة" />
				<ArabicLexical word="أَنَّ" lemma="أَنَّ" pos="جامدة" prefix="" root="أَنَّ" pattern="أَنَّ" suffix="" />
				<ArabicLexical word="اَلْفَوَازِيرَ" lemma="فَزُّورَة" pos="مصرفة منتظمة" prefix="ال" root="فزر" pattern="فَوَاعِيل" suffix="" />
				<ArabicLexical word="تُؤَدِّي" lemma="أَدَّى" pos="مصرفة منتظمة" prefix="ت" root="أدي" pattern="فَعِّل" suffix="" />
				<ArabicLexical word="إِلَى" lemma="إِلَى" pos="جامدة" prefix="" root="إِلَى" pattern="إِلَى" suffix="" />
				<ArabicLexical word="ضَيَاعِ" lemma="ضَيَاع" pos="مصرفة منتظمة" prefix="" root="ضيع" pattern="فَعَال" suffix="" />
				<ArabicLexical word="وَقْتِ" lemma="وَقْت" pos="مصرفة منتظمة" prefix="" root="وقت" pattern="فَعْل" suffix="" />
				<ArabicLexical word="اَلْمُشَاهِدِينَ" lemma="مُشَاهِد" pos="مصرفة منتظمة" prefix="ال" root="شهد" pattern="مُفَاعِل" suffix="ينَ" />
				<ArabicLexical word="وَتَتَكَلَّفُ" lemma="تَكَلَّفَ" pos="مصرفة منتظمة" prefix="وَت" root="كلف" pattern="تَفَعَّلَ" suffix="" />
				<ArabicLexical word="أَمْوَالًا" lemma="مَال" pos="مصرفة منتظمة" prefix="" root="مول" pattern="أَفْعَال" suffix="" />
				<ArabicLexical word="بَاهِظَةً" lemma="بَاهِظ" pos="مصرفة منتظمة" prefix="" root="بهظ" pattern="فَاعِل" suffix="ة" />
				<ArabicLexical word="بَعْدَ" lemma="بَعْدَ" pos="مصرفة منتظمة" prefix="" root="بعد" pattern="فَعْل" suffix="" />
				<ArabicLexical word="أَنْ" lemma="أَنْ" pos="جامدة" prefix="" root="أَنْ" pattern="أَنْ" suffix="" />
				<ArabicLexical word="عَزَفَ" lemma="عَزَفَ" pos="مصرفة منتظمة" prefix="" root="عزف" pattern="فَعَلَ" suffix="" />
				<ArabicLexical word="اَلْجُمْهُورُ" lemma="جُمْهُور" pos="مصرفة منتظمة" prefix="ال" root="جمهر" pattern="فُعْلُول" suffix="" />
				<ArabicLexical word="عَنْ" lemma="عَنْ" pos="جامدة" prefix="" root="عَنْ" pattern="عَنْ" suffix="" />
				<ArabicLexical word="مُتَابَعَتِهَا" lemma="مُتَابَعَة" pos="مصرفة منتظمة" prefix="" root="تبع" pattern="مُفَاعَل" suffix="تهَا" />
			</annotation>
		</sentence>
		<sentence id="06408">
			<text>وَخَلَتْ قَائِمَةُ اَلْبَرَامِجِ اَلرَّمَضَانِيَّةِ هذَا اَلْعَامَ مِنْ اَلْفَوَازِيرِ لِأَوَّلِ مَرَّةٍ مُنْذُ بِدَايَةِ تَقْدِيمِهَا فِي أَوَاخِرِ اَلسِّتِّينِيَّاتِ مِنْ اَلْقَرْنِ اَلْمَاضِي، بَعْدَ أَنْ طَالَبَتْ اَللَّجْنَةُ اَلْعُلْيَا لِلْبَرَامِجِ فِي اَلتِّلِيفِزْيُونْ اَلْمِصْرِيِّ بِرِئَاسَةِ زَيْنَبَ سُوَيْدَانْ رَئِيسَةِ اَلتِّلِيفِزْيُونْ بِالْحَدِّ مِنْ اَلْفَوَازِيرِ وَبَرَامِجِ اَلْمُسَابَقَاتِ عُمُومًا؛ لِأَنَّهَا تُؤَدِّي إِلَى ضَيَاعِ وَقْتِ اَلْمُشَاهِدِينَ وَتَتَكَلَّفُ أَمْوَالًا بَاهِظَةً. </text>
			<annotation>
				<ArabicLexical word="وَخَلَتْ" lemma="خَلَا" pos="مصرفة منتظمة" prefix="وَ" root="خلو" pattern="فَعَل" suffix="تْ" />
				<ArabicLexical word="قَائِمَةُ" lemma="قَائِم" pos="مصرفة منتظمة" prefix="" root="قوم" pattern="فَاعِل" suffix="ة" />
				<ArabicLexical word="اَلْبَرَامِجِ" lemma="بَرْنَامَج" pos="مصرفة منتظمة" prefix="ال" root="برمج" pattern="فَعَالِل" suffix="" />
				<ArabicLexical word="اَلرَّمَضَانِيَّةِ" lemma="رَمَضَانِيّ" pos="مصرفة منتظمة" prefix="ال" root="رمض" pattern="فَعَلَان" suffix="يَّة" />
				<ArabicLexical word="هذَا" lemma="ذَا" pos="جامدة" prefix="" root="ذَا" pattern="هذَا" suffix="" />
				<ArabicLexical word="اَلْعَامَ" lemma="عَام" pos="مصرفة منتظمة" prefix="ال" root="عوم" pattern="فَعل" suffix="" />
				<ArabicLexical word="مِنْ" lemma="مِنْ" pos="جامدة" prefix="" root="مِنْ" pattern="مِنْ" suffix="" />
				<ArabicLexical word="اَلْفَوَازِيرِ" lemma="فَزُّورَة" pos="مصرفة منتظمة" prefix="ال" root="فزر" pattern="فَوَاعِيل" suffix="" />
				<ArabicLexical word="لِأَوَّلِ" lemma="أَوَّل" pos="استثناء صرفي" prefix="لِ" root="أول" pattern="أَوَّل" suffix="" />
				<ArabicLexical word="مَرَّةٍ" lemma="مَرَّة" pos="مصرفة منتظمة" prefix="" root="مرر" pattern="فَلّ" suffix="ة" />
				<ArabicLexical word="مُنْذُ" lemma="مُنْذُ" pos="جامدة" prefix="" root="مُنْذُ" pattern="مُنْذُ" suffix="" />
				<ArabicLexical word="بِدَايَةِ" lemma="بِدَايَة" pos="استثناء صرفي" prefix="" root="بدأ" pattern="بِدَايَ" suffix="ة" />
				<ArabicLexical word="تَقْدِيمِهَا" lemma="تَقْدِيم" pos="مصرفة منتظمة" prefix="" root="قدم" pattern="تَفْعِيل" suffix="هَا" />
				<ArabicLexical word="فِي" lemma="فِي" pos="جامدة" prefix="" root="فِي" pattern="فِي" suffix="" />
				<ArabicLexical word="أَوَاخِرِ" lemma="آخِر" pos="مصرفة منتظمة" prefix="" root="أخر" pattern="فَوَاعِل" suffix="" />
				<ArabicLexical word="اَلسِّتِّينِيَّاتِ" lemma="سِتِّينِيّ" pos="غير عربية" prefix="" root="" pattern="" suffix="" />
				<ArabicLexical word="مِنْ" lemma="مِنْ" pos="جامدة" prefix="" root="مِنْ" pattern="مِنْ" suffix="" />
				<ArabicLexical word="اَلْقَرْنِ" lemma="قَرْن" pos="مصرفة منتظمة" prefix="ال" root="قرن" pattern="فَعْل" suffix="" />
				<ArabicLexical word="اَلْمَاضِي" lemma="مَاضِي" pos="مصرفة منتظمة" prefix="ال" root="مضي" pattern="فَاعِل" suffix="" />
				<ArabicLexical word="بَعْدَ" lemma="بَعْدَ" pos="مصرفة منتظمة" prefix="" root="بعد" pattern="فَعْل" suffix="" />
				<ArabicLexical word="أَنْ" lemma="أَنْ" pos="جامدة" prefix="" root="أَنْ" pattern="أَنْ" suffix="" />
				<ArabicLexical word="طَالَبَتْ" lemma="طَالَبَ" pos="مصرفة منتظمة" prefix="" root="طلب" pattern="فَاعَلَ" suffix="تْ" />
				<ArabicLexical word="اَللَّجْنَةُ" lemma="لَجْنَة" pos="مصرفة منتظمة" prefix="ال" root="لجن" pattern="فَعْل" suffix="ة" />
				<ArabicLexical word="اَلْعُلْيَا" lemma="عُلْيَا" pos="مصرفة منتظمة" prefix="ال" root="علو" pattern="فُعْلَا" suffix="" />
				<ArabicLexical word="لِلْبَرَامِجِ" lemma="بَرْنَامَج" pos="مصرفة منتظمة" prefix="لِل" root="برمج" pattern="فَعَالِل" suffix="" />
				<ArabicLexical word="فِي" lemma="فِي" pos="جامدة" prefix="" root="فِي" pattern="فِي" suffix="" />
				<ArabicLexical word="اَلتِّلِيفِزْيُونْ" lemma="تِلِيفِزْيُون" pos="غير عربية" prefix="" root="" pattern="" suffix="" />
				<ArabicLexical word="اَلْمِصْرِيِّ" lemma="مِصْرِيّ" pos="مصرفة منتظمة" prefix="ال" root="مصر" pattern="فِعْل" suffix="يّ" />
				<ArabicLexical word="بِرِئَاسَةِ" lemma="رِئَاسَة" pos="مصرفة منتظمة" prefix="بِ" root="رأس" pattern="فِعَال" suffix="ة" />
				<ArabicLexical word="زَيْنَبَ" lemma="زَيْنَب" pos="استثناء صرفي" prefix="" root="زنب" pattern="زَيْنَب" suffix="" />
				<ArabicLexical word="سُوَيْدَانْ" lemma="" pos="غير عربية" prefix="" root="" pattern="" suffix="" />
				<ArabicLexical word="رَئِيسَةِ" lemma="رَئِيس" pos="مصرفة منتظمة" prefix="" root="رأس" pattern="فَعِيل" suffix="ة" />
				<ArabicLexical word="اَلتِّلِيفِزْيُونْ" lemma="تِلِيفِزْيُون" pos="غير عربية" prefix="" root="" pattern="" suffix="" />
				<ArabicLexical word="بِالْحَدِّ" lemma="حَدّ" pos="مصرفة منتظمة" prefix="بِال" root="حدد" pattern="فَلّ" suffix="" />
				<ArabicLexical word="مِنْ" lemma="مِنْ" pos="جامدة" prefix="" root="مِنْ" pattern="مِنْ" suffix="" />
				<ArabicLexical word="اَلْفَوَازِيرِ" lemma="فَزُّورَة" pos="مصرفة منتظمة" prefix="ال" root="فزر" pattern="فَوَاعِيل" suffix="" />
				<ArabicLexical word="وَبَرَامِجِ" lemma="بَرْنَامَج" pos="مصرفة منتظمة" prefix="وَ" root="برمج" pattern="فَعَالِل" suffix="" />
				<ArabicLexical word="اَلْمُسَابَقَاتِ" lemma="مُسَابَقَة" pos="مصرفة منتظمة" prefix="ال" root="سبق" pattern="مُفَاعَل" suffix="ات" />
				<ArabicLexical word="عُمُومًا" lemma="عُمُوم" pos="مصرفة منتظمة" prefix="" root="عمم" pattern="فُعُول" suffix="" />
				<ArabicLexical word="لِأَنَّهَا" lemma="أَنَّ" pos="جامدة" prefix="لِ" root="أَنَّ" pattern="أَنَّ" suffix="هَا" />
				<ArabicLexical word="تُؤَدِّي" lemma="أَدَّى" pos="مصرفة منتظمة" prefix="ت" root="أدي" pattern="فَعِّل" suffix="" />
				<ArabicLexical word="إِلَى" lemma="إِلَى" pos="جامدة" prefix="" root="إِلَى" pattern="إِلَى" suffix="" />
				<ArabicLexical word="ضَيَاعِ" lemma="ضَيَاع" pos="مصرفة منتظمة" prefix="" root="ضيع" pattern="فَعَال" suffix="" />
				<ArabicLexical word="وَقْتِ" lemma="وَقْت" pos="مصرفة منتظمة" prefix="" root="وقت" pattern="فَعْل" suffix="" />
				<ArabicLexical word="اَلْمُشَاهِدِينَ" lemma="مُشَاهِد" pos="مصرفة منتظمة" prefix="ال" root="شهد" pattern="مُفَاعِل" suffix="ينَ" />
				<ArabicLexical word="وَتَتَكَلَّفُ" lemma="تَكَلَّفَ" pos="مصرفة منتظمة" prefix="وَت" root="كلف" pattern="تَفَعَّلَ" suffix="" />
				<ArabicLexical word="أَمْوَالًا" lemma="مَال" pos="مصرفة منتظمة" prefix="" root="مول" pattern="أَفْعَال" suffix="" />
				<ArabicLexical word="بَاهِظَةً" lemma="بَاهِظ" pos="مصرفة منتظمة" prefix="" root="بهظ" pattern="فَاعِل" suffix="ة" />
			</annotation>
		</sentence>
		<sentence id="06409">
			<text>وَتَنَاوَبَ عَلَى تَقْدِيمِ اَلْفَوَازِيرِ اَلرَّمَضَانِيَّةِ طَوَالَ تِلْكَ اَلْفَتْرَةِ اَلْعَدِيدُ مِنْ اَلْمُمَثِّلِينَ وَالْمُمَثِّلَاتِ حَيْثُ كَانَتْ تُقَدَّمُ فِي قَالِبٍ اِسْتِعْرَاضِيٍّ غِنَائِيٍّ يَدُورُ حَوْلَ اَلسُّؤَالِ عَنْ أُمُورٍ تَارِيخِيَّةٍ أَوْ مَعْلُومَاتٍ عَامَّةٍ. </text>
			<annotation>
				<ArabicLexical word="وَتَنَاوَبَ" lemma="تَنَاوَبَ" pos="مصرفة منتظمة" prefix="وَ" root="نوب" pattern="تَفَاعَلَ" suffix="" />
				<ArabicLexical word="عَلَى" lemma="عَلَى" pos="جامدة" prefix="" root="عَلَى" pattern="عَلَى" suffix="" />
				<ArabicLexical word="تَقْدِيمِ" lemma="تَقْدِيم" pos="مصرفة منتظمة" prefix="" root="قدم" pattern="تَفْعِيل" suffix="" />
				<ArabicLexical word="اَلْفَوَازِيرِ" lemma="فَزُّورَة" pos="مصرفة منتظمة" prefix="ال" root="فزر" pattern="فَوَاعِيل" suffix="" />
				<ArabicLexical word="اَلرَّمَضَانِيَّةِ" lemma="رَمَضَانِيّ" pos="مصرفة منتظمة" prefix="ال" root="رمض" pattern="فَعَلَان" suffix="يَّة" />
				<ArabicLexical word="طَوَالَ" lemma="طَوَال" pos="مصرفة منتظمة" prefix="" root="طول" pattern="فَعَال" suffix="" />
				<ArabicLexical word="تِلْكَ" lemma="ذَا" pos="جامدة" prefix="" root="ذَا" pattern="تِلْ" suffix="كَ" />
				<ArabicLexical word="اَلْفَتْرَةِ" lemma="فَتْرَة" pos="مصرفة منتظمة" prefix="ال" root="فتر" pattern="فَعْل" suffix="ة" />
				<ArabicLexical word="اَلْعَدِيدُ" lemma="عَدِيد" pos="مصرفة منتظمة" prefix="ال" root="عدد" pattern="فَعِيل" suffix="" />
				<ArabicLexical word="مِنْ" lemma="مِنْ" pos="جامدة" prefix="" root="مِنْ" pattern="مِنْ" suffix="" />
				<ArabicLexical word="اَلْمُمَثِّلِينَ" lemma="مُمَثِّل" pos="مصرفة منتظمة" prefix="ال" root="مثل" pattern="مُفَعِّل" suffix="ينَ" />
				<ArabicLexical word="وَالْمُمَثِّلَاتِ" lemma="مُمَثِّل" pos="مصرفة منتظمة" prefix="وَال" root="مثل" pattern="مُفَعِّل" suffix="ات" />
				<ArabicLexical word="حَيْثُ" lemma="حَيْثُ" pos="جامدة" prefix="" root="حَيْثُ" pattern="حَيْثُ" suffix="" />
				<ArabicLexical word="كَانَتْ" lemma="كَانَ" pos="مصرفة منتظمة" prefix="" root="كون" pattern="فَعلَ" suffix="تْ" />
				<ArabicLexical word="تُقَدَّمُ" lemma="قَدَّمَ" pos="مصرفة منتظمة" prefix="تُ" root="قدم" pattern="فَعَّلَ" suffix="" />
				<ArabicLexical word="فِي" lemma="فِي" pos="جامدة" prefix="" root="فِي" pattern="فِي" suffix="" />
				<ArabicLexical word="قَالِبٍ" lemma="قَالِب" pos="مصرفة منتظمة" prefix="" root="قلب" pattern="فَاعِل" suffix="" />
				<ArabicLexical word="اِسْتِعْرَاضِيٍّ" lemma="اِسْتِعْرَاضِيّ" pos="مصرفة منتظمة" prefix="" root="عرض" pattern="اِسْتِفْعَال" suffix="يّ" />
				<ArabicLexical word="غِنَائِيٍّ" lemma="غِنَائِيّ" pos="مصرفة منتظمة" prefix="" root="غني" pattern="فِعَال" suffix="يّ" />
				<ArabicLexical word="يَدُورُ" lemma="دَارَ" pos="مصرفة منتظمة" prefix="ي" root="دور" pattern="فُعل" suffix="" />
				<ArabicLexical word="حَوْلَ" lemma="حَوْل" pos="مصرفة منتظمة" prefix="" root="حول" pattern="فَعْل" suffix="" />
				<ArabicLexical word="اَلسُّؤَالِ" lemma="سُؤَال" pos="مصرفة منتظمة" prefix="ال" root="سأل" pattern="فُعَال" suffix="" />
				<ArabicLexical word="عَنْ" lemma="عَنْ" pos="جامدة" prefix="" root="عَنْ" pattern="عَنْ" suffix="" />
				<ArabicLexical word="أُمُورٍ" lemma="أَمْر" pos="مصرفة منتظمة" prefix="" root="أمر" pattern="فُعُول" suffix="" />
				<ArabicLexical word="تَارِيخِيَّةٍ" lemma="تَارِيخِيّ" pos="استثناء صرفي" prefix="" root="أرخ" pattern="تَارِيخ" suffix="يَّة" />
				<ArabicLexical word="أَوْ" lemma="أَوْ" pos="جامدة" prefix="" root="أَوْ" pattern="أَوْ" suffix="" />
				<ArabicLexical word="مَعْلُومَاتٍ" lemma="مَعْلُومَة" pos="مصرفة منتظمة" prefix="" root="علم" pattern="مَفْعُول" suffix="ات" />
				<ArabicLexical word="عَامَّةٍ" lemma="عَامّ" pos="مصرفة منتظمة" prefix="" root="عمم" pattern="فَالّ" suffix="ة" />
			</annotation>
		</sentence>
		<sentence id="06410">
			<text>وَتُشِيرُ بَعْضُ اَلتَّقْدِيرَاتِ إِلَى أَنَّ اَلْفَوَازِيرَ اَلْمِصْرِيَّةَ فِي شَهْرِ رَمَضَانَ تَكَلَّفَتْ مَبَالِغَ طَائِلَةً خُصُوصًا فِي اَلسَّنَوَاتِ اَلْأَخِيرَةِ اَلَّتِي تَعَاقَبَ عَلَى تَقْدِيمِهَا فَنَّانَاتٌ اِسْتِعْرَاضِيَّاتٌ مِثْلُ نِيلْلِي وَشَرِيهَانْ كُنَّ يَتَسَوَّقْنَ مَلَابِسَ اَلْفَوَازِيرِ وَشَخْصِيَّاتِهَا مِنْ أُورُبَّا، وَصَلَتْ قِيمَتُهَا اَلْإِجْمَالِيَّةُ فِي بَعْضِ اَلْأَحْيَانِ إِلَى حَوَالَيْ 5 مَلَايِينِ جُنَيْهٍ مِصْرِيٍّ (اَلدُّولَارْ = 6.24 جُنَيْهٍ مِصْرِيٍّ تَقْرِيبًا)؛ وَهُوَ مَا أَثَارَ اِنْتِقَادَاتٍ حَادَّةً مِنْ جَانِبِ بَرْلَمَانِيِّينَ وَنُقَّادٍ فَنِّيِّينَ. </text>
			<annotation>
				<ArabicLexical word="وَتُشِيرُ" lemma="أَشَارَ" pos="مصرفة منتظمة" prefix="وَت" root="شور" pattern="أَفِعلَ" suffix="" />
				<ArabicLexical word="بَعْضُ" lemma="بَعْض" pos="مصرفة منتظمة" prefix="" root="بعض" pattern="فَعْل" suffix="" />
				<ArabicLexical word="اَلتَّقْدِيرَاتِ" lemma="تَقْدِير" pos="مصرفة منتظمة" prefix="ال" root="قدر" pattern="تَفْعِيل" suffix="ات" />
				<ArabicLexical word="إِلَى" lemma="إِلَى" pos="جامدة" prefix="" root="إِلَى" pattern="إِلَى" suffix="" />
				<ArabicLexical word="أَنَّ" lemma="أَنَّ" pos="جامدة" prefix="" root="أَنَّ" pattern="أَنَّ" suffix="" />
				<ArabicLexical word="اَلْفَوَازِيرَ" lemma="فَزُّورَة" pos="مصرفة منتظمة" prefix="ال" root="فزر" pattern="فَوَاعِيل" suffix="" />
				<ArabicLexical word="اَلْمِصْرِيَّةَ" lemma="مِصْرِيّ" pos="مصرفة منتظمة" prefix="ال" root="مصر" pattern="فِعْل" suffix="يَّة" />
				<ArabicLexical word="فِي" lemma="فِي" pos="جامدة" prefix="" root="فِي" pattern="فِي" suffix="" />
				<ArabicLexical word="شَهْرِ" lemma="شَهْر" pos="مصرفة منتظمة" prefix="" root="شهر" pattern="فَعْل" suffix="" />
				<ArabicLexical word="رَمَضَانَ" lemma="رَمَضَان" pos="مصرفة منتظمة" prefix="" root="رمض" pattern="فَعَلَان" suffix="" />
				<ArabicLexical word="تَكَلَّفَتْ" lemma="تَكَلَّفَ" pos="مصرفة منتظمة" prefix="" root="كلف" pattern="تَفَعَّلَ" suffix="تْ" />
				<ArabicLexical word="مَبَالِغَ" lemma="مَبْلَغ" pos="مصرفة منتظمة" prefix="" root="بلغ" pattern="مَفَاعِل" suffix="" />
				<ArabicLexical word="طَائِلَةً" lemma="طَائِل" pos="مصرفة منتظمة" prefix="" root="طول" pattern="فَاعِل" suffix="ة" />
				<ArabicLexical word="خُصُوصًا" lemma="خُصُوص" pos="مصرفة منتظمة" prefix="" root="خصص" pattern="فُعُول" suffix="" />
				<ArabicLexical word="فِي" lemma="فِي" pos="جامدة" prefix="" root="فِي" pattern="فِي" suffix="" />
				<ArabicLexical word="اَلسَّنَوَاتِ" lemma="سَنَة" pos="استثناء صرفي" prefix="ال" root="سنه" pattern="سَنَوَ" suffix="ات" />
				<ArabicLexical word="اَلْأَخِيرَةِ" lemma="أَخِير" pos="مصرفة منتظمة" prefix="ال" root="أخر" pattern="فَعِيل" suffix="ة" />
				<ArabicLexical word="اَلَّتِي" lemma="اَلَّذِي" pos="جامدة" prefix="ال" root="اَلَّذِي" pattern="لَتِي" suffix="" />
				<ArabicLexical word="تَعَاقَبَ" lemma="تَعَاقَبَ" pos="مصرفة منتظمة" prefix="" root="عقب" pattern="تَفَاعَلَ" suffix="" />
				<ArabicLexical word="عَلَى" lemma="عَلَى" pos="جامدة" prefix="" root="عَلَى" pattern="عَلَى" suffix="" />
				<ArabicLexical word="تَقْدِيمِهَا" lemma="تَقْدِيم" pos="مصرفة منتظمة" prefix="" root="قدم" pattern="تَفْعِيل" suffix="هَا" />
				<ArabicLexical word="فَنَّانَاتٌ" lemma="فَنَّان" pos="مصرفة منتظمة" prefix="" root="فنن" pattern="فَعَّال" suffix="ات" />
				<ArabicLexical word="اِسْتِعْرَاضِيَّاتٌ" lemma="اِسْتِعْرَاضِيّ" pos="مصرفة منتظمة" prefix="" root="عرض" pattern="اِسْتِفْعَال" suffix="يَّات" />
				<ArabicLexical word="مِثْلُ" lemma="مِثْل" pos="مصرفة منتظمة" prefix="" root="مثل" pattern="فِعْل" suffix="" />
				<ArabicLexical word="نِيلْلِي" lemma="" pos="غير عربية" prefix="" root="" pattern="" suffix="" />
				<ArabicLexical word="وَشَرِيهَانْ" lemma="+" pos="غير عربية" prefix="" root="" pattern="" suffix="" />
				<ArabicLexical word="كُنَّ" lemma="كَانَ" pos="مصرفة منتظمة" prefix="" root="كون" pattern="فُعلْ" suffix="نَ" />
				<ArabicLexical word="يَتَسَوَّقْنَ" lemma="تَسَوَّقَ" pos="مصرفة منتظمة" prefix="ي" root="سوق" pattern="تَفَعَّلَ" suffix="نَ" />
				<ArabicLexical word="مَلَابِسَ" lemma="مَلْبَس" pos="مصرفة منتظمة" prefix="" root="لبس" pattern="مَفَاعِل" suffix="" />
				<ArabicLexical word="اَلْفَوَازِيرِ" lemma="فَزُّورَة" pos="مصرفة منتظمة" prefix="ال" root="فزر" pattern="فَوَاعِيل" suffix="" />
				<ArabicLexical word="وَشَخْصِيَّاتِهَا" lemma="شَخْصِيَّة" pos="مصرفة منتظمة" prefix="وَ" root="شخص" pattern="فَعْل" suffix="يَّاتهَا" />
				<ArabicLexical word="مِنْ" lemma="مِنْ" pos="جامدة" prefix="" root="مِنْ" pattern="مِنْ" suffix="" />
				<ArabicLexical word="أُورُبَّا" lemma="أُورُبَّا" pos="معربة" prefix="" root="أُورُوبَّا" pattern="أُورُبَّا" suffix="" />
				<ArabicLexical word="وَصَلَتْ" lemma="وَصَلَ" pos="مصرفة منتظمة" prefix="" root="وصل" pattern="فَعَلَ" suffix="تْ" />
				<ArabicLexical word="قِيمَتُهَا" lemma="قِيمَة" pos="مصرفة منتظمة" prefix="" root="قوم" pattern="فِعل" suffix="تهَا" />
				<ArabicLexical word="اَلْإِجْمَالِيَّةُ" lemma="إِجْمَالِيّ" pos="مصرفة منتظمة" prefix="ال" root="جمل" pattern="إِفْعَال" suffix="يَّة" />
				<ArabicLexical word="فِي" lemma="فِي" pos="جامدة" prefix="" root="فِي" pattern="فِي" suffix="" />
				<ArabicLexical word="بَعْضِ" lemma="بَعْض" pos="مصرفة منتظمة" prefix="" root="بعض" pattern="فَعْل" suffix="" />
				<ArabicLexical word="اَلْأَحْيَانِ" lemma="حِين" pos="مصرفة منتظمة" prefix="ال" root="حين" pattern="أَفْعَال" suffix="" />
				<ArabicLexical word="إِلَى" lemma="إِلَى" pos="جامدة" prefix="" root="إِلَى" pattern="إِلَى" suffix="" />
				<ArabicLexical word="حَوَالَيْ" lemma="حَوَالَيْ" pos="مصرفة منتظمة" prefix="" root="حول" pattern="فَعَال" suffix="يْ" />
				<ArabicLexical word="مَلَايِينِ" lemma="مِلْيُون" pos="معربة" prefix="" root="مِلْيُون" pattern="مَلَايِين" suffix="" />
				<ArabicLexical word="جُنَيْهٍ" lemma="جُنَيْه" pos="معربة" prefix="" root="جُنَيْه" pattern="جُنَيْه" suffix="" />
				<ArabicLexical word="مِصْرِيٍّ" lemma="مِصْرِيّ" pos="مصرفة منتظمة" prefix="" root="مصر" pattern="فِعْل" suffix="يّ" />
				<ArabicLexical word="اَلدُّولَارْ" lemma="دُولَار" pos="غير عربية" prefix="" root="" pattern="" suffix="" />
				<ArabicLexical word="جُنَيْهٍ" lemma="جُنَيْه" pos="معربة" prefix="" root="جُنَيْه" pattern="جُنَيْه" suffix="" />
				<ArabicLexical word="مِصْرِيٍّ" lemma="مِصْرِيّ" pos="مصرفة منتظمة" prefix="" root="مصر" pattern="فِعْل" suffix="يّ" />
				<ArabicLexical word="تَقْرِيبًا" lemma="تَقْرِيب" pos="مصرفة منتظمة" prefix="" root="قرب" pattern="تَفْعِيل" suffix="" />
				<ArabicLexical word="وَهُوَ" lemma="هُو" pos="جامدة" prefix="وَ" root="هُوَ" pattern="هُوَ" suffix="" />
				<ArabicLexical word="مَا" lemma="مَا" pos="جامدة" prefix="" root="اَلَّذِي" pattern="مَا" suffix="" />
				<ArabicLexical word="أَثَارَ" lemma="أَثَارَ" pos="مصرفة منتظمة" prefix="" root="ثور" pattern="أَفَعلَ" suffix="" />
				<ArabicLexical word="اِنْتِقَادَاتٍ" lemma="انْتِقَاد" pos="مصرفة منتظمة" prefix="" root="نقد" pattern="اِفْتِعَال" suffix="ات" />
				<ArabicLexical word="حَادَّةً" lemma="حَادّ" pos="مصرفة منتظمة" prefix="" root="حدد" pattern="فَالّ" suffix="ة" />
				<ArabicLexical word="مِنْ" lemma="مِنْ" pos="جامدة" prefix="" root="مِنْ" pattern="مِنْ" suffix="" />
				<ArabicLexical word="جَانِبِ" lemma="جَانِب" pos="مصرفة منتظمة" prefix="" root="جنب" pattern="فَاعِل" suffix="" />
				<ArabicLexical word="بَرْلَمَانِيِّينَ" lemma="بَرْلَمَانِيّ" pos="غير عربية" prefix="" root="" pattern="" suffix="" />
				<ArabicLexical word="وَنُقَّادٍ" lemma="نَاقِد" pos="مصرفة منتظمة" prefix="وَ" root="نقد" pattern="فُعَّال" suffix="" />
				<ArabicLexical word="فَنِّيِّينَ" lemma="فَنِّيّ" pos="مصرفة منتظمة" prefix="" root="فنن" pattern="فَلّ" suffix="يِّينَ" />
			</annotation>
		</sentence>
		<sentence id="06411">
			<text>لكِنَّ مُنْتِجِي اَلْفَوَازِيرِ وَمُخْرِجِيهَا أَكَّدُوا أَنَّ اَلتِّلِيفِزْيُونْ اَلْمِصْرِيَّ فِي اَلْمُقَابِلِ كَانَ يَجْنِي أَرْبَاحًا طَائِلَةً مِنْ ثَمَنِ اَلْإِعْلَانَاتِ اَلَّتِي كَانَتْ تُبَثُّ وَقْتَ اَلْفَوَازِيرِ بِحَيْثُ تُغَطِّي تَكَالِيفَ اَلْعَمَلِ وَتَفِيضُ مُحَقِّقَةً أَرْبَاحًا. </text>
			<annotation>
				<ArabicLexical word="لكِنَّ" lemma="كَانَ" pos="جامدة" prefix="" root="لكِنَّ" pattern="لكِنَّ" suffix="" />
				<ArabicLexical word="مُنْتِجِي" lemma="مُنْتِج" pos="مصرفة منتظمة" prefix="" root="نتج" pattern="مُفْعِل" suffix="ي" />
				<ArabicLexical word="اَلْفَوَازِيرِ" lemma="فَزُّورَة" pos="مصرفة منتظمة" prefix="ال" root="فزر" pattern="فَوَاعِيل" suffix="" />
				<ArabicLexical word="وَمُخْرِجِيهَا" lemma="مُخْرِج" pos="مصرفة منتظمة" prefix="وَ" root="خرج" pattern="مُفْعِل" suffix="يهَا" />
				<ArabicLexical word="أَكَّدُوا" lemma="أَكَّدَ" pos="مصرفة منتظمة" prefix="" root="أكد" pattern="فَعَّلَ" suffix="وا" />
				<ArabicLexical word="أَنَّ" lemma="أَنَّ" pos="جامدة" prefix="" root="أَنَّ" pattern="أَنَّ" suffix="" />
				<ArabicLexical word="اَلتِّلِيفِزْيُونْ" lemma="تِلِيفِزْيُون" pos="غير عربية" prefix="" root="" pattern="" suffix="" />
				<ArabicLexical word="اَلْمِصْرِيَّ" lemma="مِصْرِيّ" pos="مصرفة منتظمة" prefix="ال" root="مصر" pattern="فِعْل" suffix="يّ" />
				<ArabicLexical word="فِي" lemma="فِي" pos="جامدة" prefix="" root="فِي" pattern="فِي" suffix="" />
				<ArabicLexical word="اَلْمُقَابِلِ" lemma="مُقَابِل" pos="مصرفة منتظمة" prefix="ال" root="قبل" pattern="مُفَاعِل" suffix="" />
				<ArabicLexical word="كَانَ" lemma="كَانَ" pos="مصرفة منتظمة" prefix="" root="كون" pattern="فَعلَ" suffix="" />
				<ArabicLexical word="يَجْنِي" lemma="جَنَى" pos="مصرفة منتظمة" prefix="ي" root="جني" pattern="فْعِل" suffix="" />
				<ArabicLexical word="أَرْبَاحًا" lemma="رِبْح" pos="مصرفة منتظمة" prefix="" root="ربح" pattern="أَفْعَال" suffix="" />
				<ArabicLexical word="طَائِلَةً" lemma="طَائِل" pos="مصرفة منتظمة" prefix="" root="طول" pattern="فَاعِل" suffix="ة" />
				<ArabicLexical word="مِنْ" lemma="مِنْ" pos="جامدة" prefix="" root="مِنْ" pattern="مِنْ" suffix="" />
				<ArabicLexical word="ثَمَنِ" lemma="ثَمَن" pos="مصرفة منتظمة" prefix="" root="ثمن" pattern="فَعَل" suffix="" />
				<ArabicLexical word="اَلْإِعْلَانَاتِ" lemma="إِعْلَان" pos="مصرفة منتظمة" prefix="ال" root="علن" pattern="إِفْعَال" suffix="ات" />
				<ArabicLexical word="اَلَّتِي" lemma="اَلَّذِي" pos="جامدة" prefix="ال" root="اَلَّذِي" pattern="لَتِي" suffix="" />
				<ArabicLexical word="كَانَتْ" lemma="كَانَ" pos="مصرفة منتظمة" prefix="" root="كون" pattern="فَعلَ" suffix="تْ" />
				<ArabicLexical word="تُبَثُّ" lemma="بَثَّ" pos="مصرفة منتظمة" prefix="تُ" root="بثث" pattern="فَلّ" suffix="" />
				<ArabicLexical word="وَقْتَ" lemma="وَقْت" pos="مصرفة منتظمة" prefix="" root="وقت" pattern="فَعْل" suffix="" />
				<ArabicLexical word="اَلْفَوَازِيرِ" lemma="فَزُّورَة" pos="مصرفة منتظمة" prefix="ال" root="فزر" pattern="فَوَاعِيل" suffix="" />
				<ArabicLexical word="بِحَيْثُ" lemma="حَيْثُ" pos="جامدة" prefix="بِ" root="حَيْثُ" pattern="حَيْثُ" suffix="" />
				<ArabicLexical word="تُغَطِّي" lemma="غَطَّى" pos="مصرفة منتظمة" prefix="ت" root="غطو" pattern="فَعِّل" suffix="" />
				<ArabicLexical word="تَكَالِيفَ" lemma="تَكْلِيف" pos="مصرفة منتظمة" prefix="" root="كلف" pattern="تَفَاعِيل" suffix="" />
				<ArabicLexical word="اَلْعَمَلِ" lemma="عَمَل" pos="مصرفة منتظمة" prefix="ال" root="عمل" pattern="فَعَل" suffix="" />
				<ArabicLexical word="وَتَفِيضُ" lemma="فَاضَ" pos="مصرفة منتظمة" prefix="وَت" root="فيض" pattern="فِعل" suffix="" />
				<ArabicLexical word="مُحَقِّقَةً" lemma="مُحَقِّق" pos="مصرفة منتظمة" prefix="" root="حقق" pattern="مُفَعِّل" suffix="ة" />
				<ArabicLexical word="أَرْبَاحًا" lemma="رِبْح" pos="مصرفة منتظمة" prefix="" root="ربح" pattern="أَفْعَال" suffix="" />
			</annotation>
		</sentence>
		<sentence id="06412">
			<text>عُزُوفُ اَلْجَمَاهِيرِ </text>
			<annotation>
				<ArabicLexical word="عُزُوفُ" lemma="عُزُوف" pos="مصرفة منتظمة" prefix="" root="عزف" pattern="فُعُول" suffix="" />
				<ArabicLexical word="اَلْجَمَاهِيرِ" lemma="جُمْهُور" pos="مصرفة منتظمة" prefix="ال" root="جمهر" pattern="فَعَالِيل" suffix="" />
			</annotation>
		</sentence>
		<sentence id="06413">
			<text>وَيَقُولُ مُرَاقِبُونَ لِلْوَسَطِ اَلْفَنِّيِّ: إِنَّ آخِرَ فَوَازِيرَ جَرَى تَقْدِيمُهَا فِي رَمَضَانَ اَلْمَاضِي بِعُنْوَانِ فَرَحٌ فَرَحٌ لَمْ تَلْقَ إِقْبَالًا مِنْ اَلْجُمْهُورِ، وَلَمْ تُحَقِّقْ أَرْبَاحًا كَثِيرَةً. وَأَضَافَتْ تِلْكَ اَلْأَوْسَاطُ أَنَّهُ لُوحِظَ عُزُوفُ اَلْجُمْهُورِ عُمُومًا عَنْ اَلْفَوَازِيرِ فِي اَلسَّنَوَاتِ اَلْأَخِيرَةِ بِسَبَبِ سَطْحِيَّتِهَا وَاسْتِهْلَاكِ اَلْأَفْكَارِ اَلَّتِي تُعْرَضُ بِهَا. </text>
			<annotation>
				<ArabicLexical word="وَيَقُولُ" lemma="قَالَ" pos="مصرفة منتظمة" prefix="وَي" root="قول" pattern="فُعل" suffix="" />
				<ArabicLexical word="مُرَاقِبُونَ" lemma="مُرَاقِب" pos="مصرفة منتظمة" prefix="" root="رقب" pattern="مُفَاعِل" suffix="ونَ" />
				<ArabicLexical word="لِلْوَسَطِ" lemma="وَسَط" pos="مصرفة منتظمة" prefix="لِل" root="وسط" pattern="فَعَل" suffix="" />
				<ArabicLexical word="اَلْفَنِّيِّ" lemma="فَنِّيّ" pos="مصرفة منتظمة" prefix="ال" root="فنن" pattern="فَلّ" suffix="يّ" />
				<ArabicLexical word="إِنَّ" lemma="أَنَّ" pos="جامدة" prefix="" root="إِنَّ" pattern="إِنَّ" suffix="" />
				<ArabicLexical word="آخِرَ" lemma="آخِر" pos="مصرفة منتظمة" prefix="" root="أخر" pattern="فَاعِل" suffix="" />
				<ArabicLexical word="فَوَازِيرَ" lemma="فَزُّورَة" pos="مصرفة منتظمة" prefix="" root="فزر" pattern="فَوَاعِيل" suffix="" />
				<ArabicLexical word="جَرَى" lemma="جَرَى" pos="مصرفة منتظمة" prefix="" root="جري" pattern="فَعَل" suffix="" />
				<ArabicLexical word="تَقْدِيمُهَا" lemma="تَقْدِيم" pos="مصرفة منتظمة" prefix="" root="قدم" pattern="تَفْعِيل" suffix="هَا" />
				<ArabicLexical word="فِي" lemma="فِي" pos="جامدة" prefix="" root="فِي" pattern="فِي" suffix="" />
				<ArabicLexical word="رَمَضَانَ" lemma="رَمَضَان" pos="مصرفة منتظمة" prefix="" root="رمض" pattern="فَعَلَان" suffix="" />
				<ArabicLexical word="اَلْمَاضِي" lemma="مَاضِي" pos="مصرفة منتظمة" prefix="ال" root="مضي" pattern="فَاعِل" suffix="" />
				<ArabicLexical word="بِعُنْوَانِ" lemma="عُنْوَان" pos="مصرفة منتظمة" prefix="بِ" root="عنون" pattern="فُعْلَال" suffix="" />
				<ArabicLexical word="فَرَحٌ" lemma="فَرَح" pos="مصرفة منتظمة" prefix="" root="فرح" pattern="فَعَل" suffix="" />
				<ArabicLexical word="فَرَحٌ" lemma="فَرَح" pos="مصرفة منتظمة" prefix="" root="فرح" pattern="فَعَل" suffix="" />
				<ArabicLexical word="لَمْ" lemma="لَمْ" pos="جامدة" prefix="" root="لَمْ" pattern="لَمْ" suffix="" />
				<ArabicLexical word="تَلْقَ" lemma="لَقِيَ" pos="مصرفة منتظمة" prefix="ت" root="لقي" pattern="فْعَل" suffix="" />
				<ArabicLexical word="إِقْبَالًا" lemma="إِقْبَال" pos="مصرفة منتظمة" prefix="" root="قبل" pattern="إِفْعَال" suffix="" />
				<ArabicLexical word="مِنْ" lemma="مِنْ" pos="جامدة" prefix="" root="مِنْ" pattern="مِنْ" suffix="" />
				<ArabicLexical word="اَلْجُمْهُورِ" lemma="جُمْهُور" pos="مصرفة منتظمة" prefix="ال" root="جمهر" pattern="فُعْلُول" suffix="" />
				<ArabicLexical word="وَلَمْ" lemma="لَمْ" pos="جامدة" prefix="وَ" root="لَمْ" pattern="لَمْ" suffix="" />
				<ArabicLexical word="تُحَقِّقْ" lemma="حَقَّقَ" pos="مصرفة منتظمة" prefix="ت" root="حقق" pattern="فَعَّلَ" suffix="" />
				<ArabicLexical word="أَرْبَاحًا" lemma="رِبْح" pos="مصرفة منتظمة" prefix="" root="ربح" pattern="أَفْعَال" suffix="" />
				<ArabicLexical word="كَثِيرَةً" lemma="كَثِير" pos="مصرفة منتظمة" prefix="" root="كثر" pattern="فَعِيل" suffix="ة" />
				<ArabicLexical word="وَأَضَافَتْ" lemma="أَضَافَ" pos="مصرفة منتظمة" prefix="وَ" root="ضيف" pattern="أَفَعلَ" suffix="تْ" />
				<ArabicLexical word="تِلْكَ" lemma="ذَا" pos="جامدة" prefix="" root="ذَا" pattern="تِلْ" suffix="كَ" />
				<ArabicLexical word="اَلْأَوْسَاطُ" lemma="أَوْسَط" pos="مصرفة منتظمة" prefix="ال" root="وسط" pattern="أَفْعَال" suffix="" />
				<ArabicLexical word="أَنَّهُ" lemma="أَنَّ" pos="جامدة" prefix="" root="أَنَّ" pattern="أَنَّ" suffix="ه" />
				<ArabicLexical word="لُوحِظَ" lemma="لاحَظَ" pos="مصرفة منتظمة" prefix="" root="لحظ" pattern="فُوعِلَ" suffix="" />
				<ArabicLexical word="عُزُوفُ" lemma="عُزُوف" pos="مصرفة منتظمة" prefix="" root="عزف" pattern="فُعُول" suffix="" />
				<ArabicLexical word="اَلْجُمْهُورِ" lemma="جُمْهُور" pos="مصرفة منتظمة" prefix="ال" root="جمهر" pattern="فُعْلُول" suffix="" />
				<ArabicLexical word="عُمُومًا" lemma="عُمُوم" pos="مصرفة منتظمة" prefix="" root="عمم" pattern="فُعُول" suffix="" />
				<ArabicLexical word="عَنْ" lemma="عَنْ" pos="جامدة" prefix="" root="عَنْ" pattern="عَنْ" suffix="" />
				<ArabicLexical word="اَلْفَوَازِيرِ" lemma="فَزُّورَة" pos="مصرفة منتظمة" prefix="ال" root="فزر" pattern="فَوَاعِيل" suffix="" />
				<ArabicLexical word="فِي" lemma="فِي" pos="جامدة" prefix="" root="فِي" pattern="فِي" suffix="" />
				<ArabicLexical word="اَلسَّنَوَاتِ" lemma="سَنَة" pos="استثناء صرفي" prefix="ال" root="سنه" pattern="سَنَوَ" suffix="ات" />
				<ArabicLexical word="اَلْأَخِيرَةِ" lemma="أَخِير" pos="مصرفة منتظمة" prefix="ال" root="أخر" pattern="فَعِيل" suffix="ة" />
				<ArabicLexical word="بِسَبَبِ" lemma="سَبَب" pos="مصرفة منتظمة" prefix="بِ" root="سبب" pattern="فَعَل" suffix="" />
				<ArabicLexical word="سَطْحِيَّتِهَا" lemma="سَطْحِيّ" pos="مصرفة منتظمة" prefix="" root="سطح" pattern="فَعْل" suffix="يَّتهَا" />
				<ArabicLexical word="وَاسْتِهْلَاكِ" lemma="اسْتِهْلَاك" pos="مصرفة منتظمة" prefix="وَ" root="هلك" pattern="اِسْتِفْعَال" suffix="" />
				<ArabicLexical word="اَلْأَفْكَارِ" lemma="فِكْر" pos="مصرفة منتظمة" prefix="ال" root="فكر" pattern="أَفْعَال" suffix="" />
				<ArabicLexical word="اَلَّتِي" lemma="اَلَّذِي" pos="جامدة" prefix="ال" root="اَلَّذِي" pattern="لَتِي" suffix="" />
				<ArabicLexical word="تُعْرَضُ" lemma="عَرَضَ" pos="مصرفة منتظمة" prefix="تُ" root="عرض" pattern="فْعَل" suffix="" />
				<ArabicLexical word="بِهَا" lemma="بِي" pos="جامدة" prefix="" root="بِي" pattern="بِهَا" suffix="" />
			</annotation>
		</sentence>
		<sentence id="06414">
			<text>بِدَايَةُ فِكْرَةِ اَلْفَوَازِيرِ </text>
			<annotation>
				<ArabicLexical word="بِدَايَةُ" lemma="بِدَايَة" pos="استثناء صرفي" prefix="" root="بدأ" pattern="بِدَايَ" suffix="ة" />
				<ArabicLexical word="فِكْرَةِ" lemma="فِكْرَة" pos="مصرفة منتظمة" prefix="" root="فكر" pattern="فِعْل" suffix="ة" />
				<ArabicLexical word="اَلْفَوَازِيرِ" lemma="فَزُّورَة" pos="مصرفة منتظمة" prefix="ال" root="فزر" pattern="فَوَاعِيل" suffix="" />
			</annotation>
		</sentence>
		<sentence id="06415">
			<text>وَكَانَتْ فِكْرَةُ اَلْفَوَازِيرِ قَدْ بَدَأَتْ خِلَالَ اَلسِّتِّينِيَّاتِ مِنْ اَلْقَرْنِ اَلْعِشْرِينَ عَلَى يَدِ ثُلَاثِيِّ أَضْوَاءِ اَلْمَسْرَحِ (سَمِيرُ غَانِمٍ وَجُورْجْ سَيِّدِهِمْ وَالضَّيْفُ أَحْمَدَ) فِي صُورَةٍ كُومِيدِيَّةٍ جَذَّابَةٍ لِلْجُمْهُورِ اَلْمِصْرِيِّ، وَاسْتَمَرَّ اَلثُّلَاثِيُّ فِي تَقْدِيمِهَا عِدَّةَ سَنَوَاتٍ قَبْلَ أَنْ يُتَوَفَّى اَلضَّيْفُ أَحْمَدَ. وَاسْتَمَرَّ تَقْدِيمُهَا بِثُنَائِيٍّ فَقَطْ حَتَّى حَدَثَ اِنْفِصَالٌ فَنِّيٌّ بَيْنَهُمَا، وَظَلَّتْ فِكْرَةُ اَلْفَوَازِيرِ تُعْرَضُ بِشَكْلٍ مُخْتَلِفٍ عَلَى يَدِ فَنَّانِينَ مِصْرِيِّينَ آخَرِينَ، ثُمَّ تَوَلَّتْهَا فَنَّانَاتٌ اِسْتِعْرَاضِيَّاتٌ أَضْفَيْنَ عَلَيْهَا نَمَاذِجَ مِنْ اَلْبَهْرَجَةِ اَلْإِعْلَامِيَّةِ بِالْمَلَابِسِ وَالرَّقَصَاتِ اَلِاسْتِعْرَاضِيَّةِ وَعُنْصُرِ اَلْإِبْهَارِ. </text>
			<annotation>
				<ArabicLexical word="وَكَانَتْ" lemma="كَانَ" pos="مصرفة منتظمة" prefix="وَ" root="كون" pattern="فَعلَ" suffix="تْ" />
				<ArabicLexical word="فِكْرَةُ" lemma="فِكْرَة" pos="مصرفة منتظمة" prefix="" root="فكر" pattern="فِعْل" suffix="ة" />
				<ArabicLexical word="اَلْفَوَازِيرِ" lemma="فَزُّورَة" pos="مصرفة منتظمة" prefix="ال" root="فزر" pattern="فَوَاعِيل" suffix="" />
				<ArabicLexical word="قَدْ" lemma="قَدْ" pos="جامدة" prefix="" root="قَدْ" pattern="قَدْ" suffix="" />
				<ArabicLexical word="بَدَأَتْ" lemma="بَدَأَ" pos="مصرفة منتظمة" prefix="" root="بدأ" pattern="فَعَلَ" suffix="تْ" />
				<ArabicLexical word="خِلَالَ" lemma="خِلَال" pos="مصرفة منتظمة" prefix="" root="خلل" pattern="فِعَال" suffix="" />
				<ArabicLexical word="اَلسِّتِّينِيَّاتِ" lemma="سِتِّينِيّ" pos="غير عربية" prefix="" root="" pattern="" suffix="" />
				<ArabicLexical word="مِنْ" lemma="مِنْ" pos="جامدة" prefix="" root="مِنْ" pattern="مِنْ" suffix="" />
				<ArabicLexical word="اَلْقَرْنِ" lemma="قَرْن" pos="مصرفة منتظمة" prefix="ال" root="قرن" pattern="فَعْل" suffix="" />
				<ArabicLexical word="اَلْعِشْرِينَ" lemma="عِشْرِين" pos="استثناء صرفي" prefix="ال" root="عشر" pattern="عِشْر" suffix="ينَ" />
				<ArabicLexical word="عَلَى" lemma="عَلَى" pos="جامدة" prefix="" root="عَلَى" pattern="عَلَى" suffix="" />
				<ArabicLexical word="يَدِ" lemma="يَد" pos="استثناء صرفي" prefix="" root="يدي" pattern="يَد" suffix="" />
				<ArabicLexical word="ثُلَاثِيِّ" lemma="ثُلَاثِيّ" pos="مصرفة منتظمة" prefix="" root="ثلث" pattern="فُعَال" suffix="يّ" />
				<ArabicLexical word="أَضْوَاءِ" lemma="ضَوْء" pos="مصرفة منتظمة" prefix="" root="ضوأ" pattern="أَفْعَال" suffix="" />
				<ArabicLexical word="اَلْمَسْرَحِ" lemma="مَسْرَح" pos="مصرفة منتظمة" prefix="ال" root="سرح" pattern="مَفْعَل" suffix="" />
				<ArabicLexical word="سَمِيرُ" lemma="سَمِير" pos="مصرفة منتظمة" prefix="" root="سمر" pattern="فَعِيل" suffix="" />
				<ArabicLexical word="غَانِمٍ" lemma="غَانِم" pos="مصرفة منتظمة" prefix="" root="غنم" pattern="فَاعِل" suffix="" />
				<ArabicLexical word="وَجُورْجْ" lemma="جُورْج" pos="غير عربية" prefix="" root="" pattern="" suffix="" />
				<ArabicLexical word="سَيِّدِهِمْ" lemma="سَيِّد" pos="مصرفة منتظمة" prefix="" root="سود" pattern="فَعِّل" suffix="همْ" />
				<ArabicLexical word="وَالضَّيْفُ" lemma="ضَيْف" pos="مصرفة منتظمة" prefix="وَال" root="ضيف" pattern="فَعْل" suffix="" />
				<ArabicLexical word="أَحْمَدَ" lemma="حَمِدَ" pos="مصرفة منتظمة" prefix="" root="حمد" pattern="أَفْعَل" suffix="" />
				<ArabicLexical word="فِي" lemma="فِي" pos="جامدة" prefix="" root="فِي" pattern="فِي" suffix="" />
				<ArabicLexical word="صُورَةٍ" lemma="صُورَة" pos="مصرفة منتظمة" prefix="" root="صور" pattern="فُعل" suffix="ة" />
				<ArabicLexical word="كُومِيدِيَّةٍ" lemma="" pos="غير عربية" prefix="" root="" pattern="" suffix="" />
				<ArabicLexical word="جَذَّابَةٍ" lemma="جَذَّاب" pos="مصرفة منتظمة" prefix="" root="جذب" pattern="فَعَّال" suffix="ة" />
				<ArabicLexical word="لِلْجُمْهُورِ" lemma="جُمْهُور" pos="مصرفة منتظمة" prefix="لِل" root="جمهر" pattern="فُعْلُول" suffix="" />
				<ArabicLexical word="اَلْمِصْرِيِّ" lemma="مِصْرِيّ" pos="مصرفة منتظمة" prefix="ال" root="مصر" pattern="فِعْل" suffix="يّ" />
				<ArabicLexical word="وَاسْتَمَرَّ" lemma="اسْتَمَرَّ" pos="مصرفة منتظمة" prefix="وَ" root="مرر" pattern="اِسْتَفَلَّ" suffix="" />
				<ArabicLexical word="اَلثُّلَاثِيُّ" lemma="ثُلَاثِيّ" pos="مصرفة منتظمة" prefix="ال" root="ثلث" pattern="فُعَال" suffix="يّ" />
				<ArabicLexical word="فِي" lemma="فِي" pos="جامدة" prefix="" root="فِي" pattern="فِي" suffix="" />
				<ArabicLexical word="تَقْدِيمِهَا" lemma="تَقْدِيم" pos="مصرفة منتظمة" prefix="" root="قدم" pattern="تَفْعِيل" suffix="هَا" />
				<ArabicLexical word="عِدَّةَ" lemma="عِدَّة" pos="مصرفة منتظمة" prefix="" root="عدد" pattern="فِلّ" suffix="ة" />
				<ArabicLexical word="سَنَوَاتٍ" lemma="سَنَة" pos="استثناء صرفي" prefix="" root="سنه" pattern="سَنَوَ" suffix="ات" />
				<ArabicLexical word="قَبْلَ" lemma="قَبْلَ" pos="مصرفة منتظمة" prefix="" root="قبل" pattern="فَعْل" suffix="" />
				<ArabicLexical word="أَنْ" lemma="أَنْ" pos="جامدة" prefix="" root="أَنْ" pattern="أَنْ" suffix="" />
				<ArabicLexical word="يُتَوَفَّى" lemma="تَوَفَّى" pos="مصرفة منتظمة" prefix="يُ" root="وفي" pattern="تَفَعَّل" suffix="" />
				<ArabicLexical word="اَلضَّيْفُ" lemma="ضَيْف" pos="مصرفة منتظمة" prefix="ال" root="ضيف" pattern="فَعْل" suffix="" />
				<ArabicLexical word="أَحْمَدَ" lemma="حَمِدَ" pos="مصرفة منتظمة" prefix="" root="حمد" pattern="أَفْعَل" suffix="" />
				<ArabicLexical word="وَاسْتَمَرَّ" lemma="اسْتَمَرَّ" pos="مصرفة منتظمة" prefix="وَ" root="مرر" pattern="اِسْتَفَلَّ" suffix="" />
				<ArabicLexical word="تَقْدِيمُهَا" lemma="تَقْدِيم" pos="مصرفة منتظمة" prefix="" root="قدم" pattern="تَفْعِيل" suffix="هَا" />
				<ArabicLexical word="بِثُنَائِيٍّ" lemma="-" pos="مصرفة منتظمة" prefix="بِ" root="ثني" pattern="فُعَال" suffix="يّ" />
				<ArabicLexical word="فَقَطْ" lemma="فَقَطْ" pos="غير عربية" prefix="" root="" pattern="" suffix="" />
				<ArabicLexical word="حَتَّى" lemma="حَتَّى" pos="جامدة" prefix="" root="حَتَّى" pattern="حَتَّى" suffix="" />
				<ArabicLexical word="حَدَثَ" lemma="حَدَث" pos="مصرفة منتظمة" prefix="" root="حدث" pattern="فَعَلَ" suffix="" />
				<ArabicLexical word="اِنْفِصَالٌ" lemma="انْفِصَال" pos="مصرفة منتظمة" prefix="" root="فصل" pattern="اِنْفِعَال" suffix="" />
				<ArabicLexical word="فَنِّيٌّ" lemma="فَنِّيّ" pos="مصرفة منتظمة" prefix="" root="فنن" pattern="فَلّ" suffix="يّ" />
				<ArabicLexical word="بَيْنَهُمَا" lemma="بَيْنَ" pos="مصرفة منتظمة" prefix="" root="بين" pattern="فَعْل" suffix="همَا" />
				<ArabicLexical word="وَظَلَّتْ" lemma="ظَلَّ" pos="مصرفة منتظمة" prefix="وَ" root="ظلل" pattern="فَلَّ" suffix="تْ" />
				<ArabicLexical word="فِكْرَةُ" lemma="فِكْرَة" pos="مصرفة منتظمة" prefix="" root="فكر" pattern="فِعْل" suffix="ة" />
				<ArabicLexical word="اَلْفَوَازِيرِ" lemma="فَزُّورَة" pos="مصرفة منتظمة" prefix="ال" root="فزر" pattern="فَوَاعِيل" suffix="" />
				<ArabicLexical word="تُعْرَضُ" lemma="عَرَضَ" pos="مصرفة منتظمة" prefix="تُ" root="عرض" pattern="فْعَل" suffix="" />
				<ArabicLexical word="بِشَكْلٍ" lemma="شَكْل" pos="مصرفة منتظمة" prefix="بِ" root="شكل" pattern="فَعْل" suffix="" />
				<ArabicLexical word="مُخْتَلِفٍ" lemma="مُخْتَلِف" pos="مصرفة منتظمة" prefix="" root="خلف" pattern="مُفْتَعِل" suffix="" />
				<ArabicLexical word="عَلَى" lemma="عَلَى" pos="جامدة" prefix="" root="عَلَى" pattern="عَلَى" suffix="" />
				<ArabicLexical word="يَدِ" lemma="يَد" pos="استثناء صرفي" prefix="" root="يدي" pattern="يَد" suffix="" />
				<ArabicLexical word="فَنَّانِينَ" lemma="فَنَّان" pos="مصرفة منتظمة" prefix="" root="فنن" pattern="فَعَّال" suffix="ينَ" />
				<ArabicLexical word="مِصْرِيِّينَ" lemma="مِصْرِيّ" pos="مصرفة منتظمة" prefix="" root="مصر" pattern="فِعْل" suffix="يِّينَ" />
				<ArabicLexical word="آخَرِينَ" lemma="آخَر" pos="مصرفة منتظمة" prefix="" root="أخر" pattern="أَفعَل" suffix="ينَ" />
				<ArabicLexical word="ثُمَّ" lemma="ثُمَّ" pos="جامدة" prefix="" root="ثُمَّ" pattern="ثُمَّ" suffix="" />
				<ArabicLexical word="تَوَلَّتْهَا" lemma="تَوَلَّى" pos="مصرفة منتظمة" prefix="" root="ولي" pattern="تَفَعَّل" suffix="تْهَا" />
				<ArabicLexical word="فَنَّانَاتٌ" lemma="فَنَّان" pos="مصرفة منتظمة" prefix="" root="فنن" pattern="فَعَّال" suffix="ات" />
				<ArabicLexical word="اِسْتِعْرَاضِيَّاتٌ" lemma="اِسْتِعْرَاضِيّ" pos="مصرفة منتظمة" prefix="" root="عرض" pattern="اِسْتِفْعَال" suffix="يَّات" />
				<ArabicLexical word="أَضْفَيْنَ" lemma="أَضْفَى" pos="مصرفة منتظمة" prefix="" root="ضفو" pattern="أَفْعَل" suffix="نَ" />
				<ArabicLexical word="عَلَيْهَا" lemma="عَلَى" pos="جامدة" prefix="" root="عَلَى" pattern="عَلَيْ" suffix="هَا" />
				<ArabicLexical word="نَمَاذِجَ" lemma="نَمُوذَج" pos="مصرفة منتظمة" prefix="" root="نمذج" pattern="فَعَالِل" suffix="" />
				<ArabicLexical word="مِنْ" lemma="مِنْ" pos="جامدة" prefix="" root="مِنْ" pattern="مِنْ" suffix="" />
				<ArabicLexical word="اَلْبَهْرَجَةِ" lemma="بَهْرَجَة" pos="مصرفة منتظمة" prefix="ال" root="بهرج" pattern="فَعْلَل" suffix="ة" />
				<ArabicLexical word="اَلْإِعْلَامِيَّةِ" lemma="إِعْلَامِيّ" pos="مصرفة منتظمة" prefix="ال" root="علم" pattern="إِفْعَال" suffix="يَّة" />
				<ArabicLexical word="بِالْمَلَابِسِ" lemma="مَلْبَس" pos="مصرفة منتظمة" prefix="بِال" root="لبس" pattern="مَفَاعِل" suffix="" />
				<ArabicLexical word="وَالرَّقَصَاتِ" lemma="رَقْصَة" pos="مصرفة منتظمة" prefix="وَال" root="رقص" pattern="فَعَل" suffix="ات" />
				<ArabicLexical word="اَلِاسْتِعْرَاضِيَّةِ" lemma="اِسْتِعْرَاضِيّ" pos="مصرفة منتظمة" prefix="ال" root="عرض" pattern="اِسْتِفْعَال" suffix="يَّة" />
				<ArabicLexical word="وَعُنْصُرِ" lemma="عُنْصُر" pos="مصرفة منتظمة" prefix="وَ" root="عنصر" pattern="فُعْلُل" suffix="" />
				<ArabicLexical word="اَلْإِبْهَارِ" lemma="إِبْهَار" pos="مصرفة منتظمة" prefix="ال" root="بهر" pattern="إِفْعَال" suffix="" />
			</annotation>
		</sentence>
		<sentence id="06416">
			<text>وَسَبَقَ أَنْ هَاجَمَ كُتَّابٌ وَشَخْصِيَّاتٌ إِسْلَامِيَّةٌ فِكْرَةَ اَلْفَوَازِيرِ اَلِاسْتِعْرَاضِيَّةِ عَشَرَاتِ اَلْمَرَّاتِ وَطَالَبُوا بِوَقْفِهَا لِكَوْنِهَا تَنْشُرُ اَلرَّقْصَ وَالْخَلَاعَةَ وَتَتَكَلَّفُ اَلْمَلَايِينَ بِلَا هَدَفٍ سِوَى إِلْهَاءِ اَلْمُسْلِمِينَ فِي رَمَضَانَ. </text>
			<annotation>
				<ArabicLexical word="وَسَبَقَ" lemma="سَبَقَ" pos="مصرفة منتظمة" prefix="وَ" root="سبق" pattern="فَعَلَ" suffix="" />
				<ArabicLexical word="أَنْ" lemma="أَنْ" pos="جامدة" prefix="" root="أَنْ" pattern="أَنْ" suffix="" />
				<ArabicLexical word="هَاجَمَ" lemma="هَاجَمَ" pos="مصرفة منتظمة" prefix="" root="هجم" pattern="فَاعَلَ" suffix="" />
				<ArabicLexical word="كُتَّابٌ" lemma="كَاتِب" pos="مصرفة منتظمة" prefix="" root="كتب" pattern="فُعَّال" suffix="" />
				<ArabicLexical word="وَشَخْصِيَّاتٌ" lemma="شَخْصِيَّة" pos="مصرفة منتظمة" prefix="وَ" root="شخص" pattern="فَعْل" suffix="يَّات" />
				<ArabicLexical word="إِسْلَامِيَّةٌ" lemma="إِسْلَامِيّ" pos="مصرفة منتظمة" prefix="" root="سلم" pattern="إِفْعَال" suffix="يَّة" />
				<ArabicLexical word="فِكْرَةَ" lemma="فِكْرَة" pos="مصرفة منتظمة" prefix="" root="فكر" pattern="فِعْل" suffix="ة" />
				<ArabicLexical word="اَلْفَوَازِيرِ" lemma="فَزُّورَة" pos="مصرفة منتظمة" prefix="ال" root="فزر" pattern="فَوَاعِيل" suffix="" />
				<ArabicLexical word="اَلِاسْتِعْرَاضِيَّةِ" lemma="اِسْتِعْرَاضِيّ" pos="مصرفة منتظمة" prefix="ال" root="عرض" pattern="اِسْتِفْعَال" suffix="يَّة" />
				<ArabicLexical word="عَشَرَاتِ" lemma="عَشْرَة" pos="مصرفة منتظمة" prefix="" root="عشر" pattern="فَعَل" suffix="ات" />
				<ArabicLexical word="اَلْمَرَّاتِ" lemma="مَرَّة" pos="مصرفة منتظمة" prefix="ال" root="مرر" pattern="فَلّ" suffix="ات" />
				<ArabicLexical word="وَطَالَبُوا" lemma="طَالَبَ" pos="مصرفة منتظمة" prefix="وَ" root="طلب" pattern="فَاعَلَ" suffix="وا" />
				<ArabicLexical word="بِوَقْفِهَا" lemma="وَقْف" pos="مصرفة منتظمة" prefix="بِ" root="وقف" pattern="فَعْل" suffix="هَا" />
				<ArabicLexical word="لِكَوْنِهَا" lemma="كَوْن" pos="مصرفة منتظمة" prefix="لِ" root="كون" pattern="فَعْل" suffix="هَا" />
				<ArabicLexical word="تَنْشُرُ" lemma="نَشَرَ" pos="مصرفة منتظمة" prefix="ت" root="نشر" pattern="فْعُل" suffix="" />
				<ArabicLexical word="اَلرَّقْصَ" lemma="رَقْص" pos="مصرفة منتظمة" prefix="ال" root="رقص" pattern="فَعْل" suffix="" />
				<ArabicLexical word="وَالْخَلَاعَةَ" lemma="خَلَاعَة" pos="مصرفة منتظمة" prefix="وَال" root="خلع" pattern="فَعَال" suffix="ة" />
				<ArabicLexical word="وَتَتَكَلَّفُ" lemma="تَكَلَّفَ" pos="مصرفة منتظمة" prefix="وَت" root="كلف" pattern="تَفَعَّلَ" suffix="" />
				<ArabicLexical word="اَلْمَلَايِينَ" lemma="مِلْيُون" pos="معربة" prefix="ال" root="مِلْيُون" pattern="مَلَايِين" suffix="" />
				<ArabicLexical word="بِلَا" lemma="لَا" pos="جامدة" prefix="بِ" root="لَا" pattern="لَا" suffix="" />
				<ArabicLexical word="هَدَفٍ" lemma="هَدَف" pos="مصرفة منتظمة" prefix="" root="هدف" pattern="فَعَل" suffix="" />
				<ArabicLexical word="سِوَى" lemma="سِوَى" pos="مصرفة منتظمة" prefix="" root="سوي" pattern="فِعَل" suffix="" />
				<ArabicLexical word="إِلْهَاءِ" lemma="إِلْهَاء" pos="مصرفة منتظمة" prefix="" root="لهو" pattern="إِفْعَال" suffix="" />
				<ArabicLexical word="اَلْمُسْلِمِينَ" lemma="مُسْلِم" pos="مصرفة منتظمة" prefix="ال" root="سلم" pattern="مُفْعِل" suffix="ينَ" />
				<ArabicLexical word="فِي" lemma="فِي" pos="جامدة" prefix="" root="فِي" pattern="فِي" suffix="" />
				<ArabicLexical word="رَمَضَانَ" lemma="رَمَضَان" pos="مصرفة منتظمة" prefix="" root="رمض" pattern="فَعَلَان" suffix="" />
			</annotation>
		</sentence>
		<sentence id="06417">
			<text>لكِنَّ عَرْضَ اَلْفَوَازِيرِ اِسْتَمَرَّ بِدَعْوَى أَنَّهَا تُدِرُّ أَرْبَاحًا هَائِلَةً لِلتِّلِيفِزْيُونْ مِنْ اَلْإِعْلَانَاتِ اَلَّتِي تَمْلَأُ فَتْرَةَ اَلْفَوَازِيرِ وَالْبَرَامِجِ اَلِاسْتِعْرَاضِيَّةِ وَالْمُسَابَقَاتِ عُمُومًا. </text>
			<annotation>
				<ArabicLexical word="لكِنَّ" lemma="كَانَ" pos="جامدة" prefix="" root="لكِنَّ" pattern="لكِنَّ" suffix="" />
				<ArabicLexical word="عَرْضَ" lemma="عَرْض" pos="مصرفة منتظمة" prefix="" root="عرض" pattern="فَعْل" suffix="" />
				<ArabicLexical word="اَلْفَوَازِيرِ" lemma="فَزُّورَة" pos="مصرفة منتظمة" prefix="ال" root="فزر" pattern="فَوَاعِيل" suffix="" />
				<ArabicLexical word="اِسْتَمَرَّ" lemma="اسْتَمَرَّ" pos="مصرفة منتظمة" prefix="" root="مرر" pattern="اِسْتَفَلَّ" suffix="" />
				<ArabicLexical word="بِدَعْوَى" lemma="دَعْوَى" pos="مصرفة منتظمة" prefix="بِ" root="دعو" pattern="فَعْلَى" suffix="" />
				<ArabicLexical word="أَنَّهَا" lemma="أَنَّ" pos="جامدة" prefix="" root="أَنَّ" pattern="أَنَّ" suffix="هَا" />
				<ArabicLexical word="تُدِرُّ" lemma="أَدَرَّ" pos="مصرفة منتظمة" prefix="ت" root="درر" pattern="أَفَلَّ" suffix="" />
				<ArabicLexical word="أَرْبَاحًا" lemma="رِبْح" pos="مصرفة منتظمة" prefix="" root="ربح" pattern="أَفْعَال" suffix="" />
				<ArabicLexical word="هَائِلَةً" lemma="هَائِل" pos="مصرفة منتظمة" prefix="" root="هول" pattern="فَاعِل" suffix="ة" />
				<ArabicLexical word="لِلتِّلِيفِزْيُونْ" lemma="تِلِيفِزْيُون" pos="غير عربية" prefix="" root="" pattern="" suffix="" />
				<ArabicLexical word="مِنْ" lemma="مِنْ" pos="جامدة" prefix="" root="مِنْ" pattern="مِنْ" suffix="" />
				<ArabicLexical word="اَلْإِعْلَانَاتِ" lemma="إِعْلَان" pos="مصرفة منتظمة" prefix="ال" root="علن" pattern="إِفْعَال" suffix="ات" />
				<ArabicLexical word="اَلَّتِي" lemma="اَلَّذِي" pos="جامدة" prefix="ال" root="اَلَّذِي" pattern="لَتِي" suffix="" />
				<ArabicLexical word="تَمْلَأُ" lemma="مَلَأَ" pos="مصرفة منتظمة" prefix="ت" root="ملأ" pattern="فْعَل" suffix="" />
				<ArabicLexical word="فَتْرَةَ" lemma="فَتْرَة" pos="مصرفة منتظمة" prefix="" root="فتر" pattern="فَعْل" suffix="ة" />
				<ArabicLexical word="اَلْفَوَازِيرِ" lemma="فَزُّورَة" pos="مصرفة منتظمة" prefix="ال" root="فزر" pattern="فَوَاعِيل" suffix="" />
				<ArabicLexical word="وَالْبَرَامِجِ" lemma="بَرْنَامَج" pos="مصرفة منتظمة" prefix="وَال" root="برمج" pattern="فَعَالِل" suffix="" />
				<ArabicLexical word="اَلِاسْتِعْرَاضِيَّةِ" lemma="اِسْتِعْرَاضِيّ" pos="مصرفة منتظمة" prefix="ال" root="عرض" pattern="اِسْتِفْعَال" suffix="يَّة" />
				<ArabicLexical word="وَالْمُسَابَقَاتِ" lemma="مُسَابَقَة" pos="مصرفة منتظمة" prefix="وَال" root="سبق" pattern="مُفَاعَل" suffix="ات" />
				<ArabicLexical word="عُمُومًا" lemma="عُمُوم" pos="مصرفة منتظمة" prefix="" root="عمم" pattern="فُعُول" suffix="" />
			</annotation>
		</sentence>
		<sentence id="06418">
			<text>وَيَقُولُ خُبَرَاءُ فِي اَلْوَسَطِ اَلْفَنِّيِّ: إِنَّ مَا مَيَّزَ اَلْفَوَازِيرَ اَلْأَخِيرَةَ كَانَ اَلِاسْتِعْرَاضَاتِ وَلَيْسَ اَلْفَوَازِيرَ بِحَدِّ ذَاتِهَا، رَغْمَ جَوَائِزِهَا اَلَّتِي تَجْذِبُ اَلْمَلَايِينَ مِنْ اَلْجُمْهُورِ بِشَكْلٍ يُصَعِّبُ عَمَلِيَّةَ فَرْزِ اَلْخِطَابَاتِ. </text>
			<annotation>
				<ArabicLexical word="وَيَقُولُ" lemma="قَالَ" pos="مصرفة منتظمة" prefix="وَي" root="قول" pattern="فُعل" suffix="" />
				<ArabicLexical word="خُبَرَاءُ" lemma="خَبِير" pos="مصرفة منتظمة" prefix="" root="خبر" pattern="فُعَلَاء" suffix="" />
				<ArabicLexical word="فِي" lemma="فِي" pos="جامدة" prefix="" root="فِي" pattern="فِي" suffix="" />
				<ArabicLexical word="اَلْوَسَطِ" lemma="وَسَط" pos="مصرفة منتظمة" prefix="ال" root="وسط" pattern="فَعَل" suffix="" />
				<ArabicLexical word="اَلْفَنِّيِّ" lemma="فَنِّيّ" pos="مصرفة منتظمة" prefix="ال" root="فنن" pattern="فَلّ" suffix="يّ" />
				<ArabicLexical word="إِنَّ" lemma="أَنَّ" pos="جامدة" prefix="" root="إِنَّ" pattern="إِنَّ" suffix="" />
				<ArabicLexical word="مَا" lemma="مَا" pos="جامدة" prefix="" root="اَلَّذِي" pattern="مَا" suffix="" />
				<ArabicLexical word="مَيَّزَ" lemma="مَيَّزَ" pos="مصرفة منتظمة" prefix="" root="ميز" pattern="فَعَّلَ" suffix="" />
				<ArabicLexical word="اَلْفَوَازِيرَ" lemma="فَزُّورَة" pos="مصرفة منتظمة" prefix="ال" root="فزر" pattern="فَوَاعِيل" suffix="" />
				<ArabicLexical word="اَلْأَخِيرَةَ" lemma="أَخِير" pos="مصرفة منتظمة" prefix="ال" root="أخر" pattern="فَعِيل" suffix="ة" />
				<ArabicLexical word="كَانَ" lemma="كَانَ" pos="مصرفة منتظمة" prefix="" root="كون" pattern="فَعلَ" suffix="" />
				<ArabicLexical word="اَلِاسْتِعْرَاضَاتِ" lemma="اسْتِعْرَاض" pos="مصرفة منتظمة" prefix="ال" root="عرض" pattern="اِسْتِفْعَال" suffix="ات" />
				<ArabicLexical word="وَلَيْسَ" lemma="لَيْسَ" pos="جامدة" prefix="وَ" root="لَيْسَ" pattern="لَيْسَ" suffix="" />
				<ArabicLexical word="اَلْفَوَازِيرَ" lemma="فَزُّورَة" pos="مصرفة منتظمة" prefix="ال" root="فزر" pattern="فَوَاعِيل" suffix="" />
				<ArabicLexical word="بِحَدِّ" lemma="حَدّ" pos="مصرفة منتظمة" prefix="بِ" root="حدد" pattern="فَلّ" suffix="" />
				<ArabicLexical word="ذَاتِهَا" lemma="ذَات" pos="جامدة" prefix="" root="ذُو" pattern="ذَات" suffix="هَا" />
				<ArabicLexical word="رَغْمَ" lemma="رَغْم" pos="مصرفة منتظمة" prefix="" root="رغم" pattern="فَعْل" suffix="" />
				<ArabicLexical word="جَوَائِزِهَا" lemma="جَائِزَة" pos="مصرفة منتظمة" prefix="" root="جوز" pattern="فَوَاعِل" suffix="هَا" />
				<ArabicLexical word="اَلَّتِي" lemma="اَلَّذِي" pos="جامدة" prefix="ال" root="اَلَّذِي" pattern="لَتِي" suffix="" />
				<ArabicLexical word="تَجْذِبُ" lemma="جَذَبَ" pos="مصرفة منتظمة" prefix="ت" root="جذب" pattern="فْعِل" suffix="" />
				<ArabicLexical word="اَلْمَلَايِينَ" lemma="مِلْيُون" pos="معربة" prefix="ال" root="مِلْيُون" pattern="مَلَايِين" suffix="" />
				<ArabicLexical word="مِنْ" lemma="مِنْ" pos="جامدة" prefix="" root="مِنْ" pattern="مِنْ" suffix="" />
				<ArabicLexical word="اَلْجُمْهُورِ" lemma="جُمْهُور" pos="مصرفة منتظمة" prefix="ال" root="جمهر" pattern="فُعْلُول" suffix="" />
				<ArabicLexical word="بِشَكْلٍ" lemma="شَكْل" pos="مصرفة منتظمة" prefix="بِ" root="شكل" pattern="فَعْل" suffix="" />
				<ArabicLexical word="يُصَعِّبُ" lemma="صَعَّبَ" pos="مصرفة منتظمة" prefix="ي" root="صعب" pattern="فَعَّلَ" suffix="" />
				<ArabicLexical word="عَمَلِيَّةَ" lemma="عَمَلِيَّة" pos="مصرفة منتظمة" prefix="" root="عمل" pattern="فَعَل" suffix="يَّة" />
				<ArabicLexical word="فَرْزِ" lemma="فَرْز" pos="مصرفة منتظمة" prefix="" root="فرز" pattern="فَعْل" suffix="" />
				<ArabicLexical word="اَلْخِطَابَاتِ" lemma="خِطَاب" pos="مصرفة منتظمة" prefix="ال" root="خطب" pattern="فِعَال" suffix="ات" />
			</annotation>
		</sentence>
		<sentence id="06419">
			<text>إِلَّا أَنَّ اِنْتِشَارَ اَلْفِيدْيُو كِلِيبْ عَلَى نِطَاقٍ وَاسِعٍ بِمَا تَضَمَّنَهُ مِنْ اِسْتِعْرَاضٍ وَغِنَاءٍ أَكْثَرَ اِتِّسَاعًا قَدْ غَطَّى عَلَى اَلْفَوَازِيرِ وَجَعَلَ اَلْجُمْهُورَ يَنْصَرِفُ عَنْهَا</text>
			<annotation>
				<ArabicLexical word="إِلَّا" lemma="إِلَّا" pos="جامدة" prefix="" root="إِلَّا" pattern="إِلَّا" suffix="" />
				<ArabicLexical word="أَنَّ" lemma="أَنَّ" pos="جامدة" prefix="" root="أَنَّ" pattern="أَنَّ" suffix="" />
				<ArabicLexical word="اِنْتِشَارَ" lemma="انْتِشَار" pos="مصرفة منتظمة" prefix="" root="نشر" pattern="اِفْتِعَال" suffix="" />
				<ArabicLexical word="اَلْفِيدْيُو" lemma="فِيدْيُو" pos="معربة" prefix="ال" root="فِيدْيُو" pattern="فِيدْيُو" suffix="" />
				<ArabicLexical word="كِلِيبْ" lemma="كِلِيب" pos="غير عربية" prefix="" root="" pattern="" suffix="" />
				<ArabicLexical word="عَلَى" lemma="عَلَى" pos="جامدة" prefix="" root="عَلَى" pattern="عَلَى" suffix="" />
				<ArabicLexical word="نِطَاقٍ" lemma="نِطَاق" pos="مصرفة منتظمة" prefix="" root="نطق" pattern="فِعَال" suffix="" />
				<ArabicLexical word="وَاسِعٍ" lemma="وَاسِع" pos="مصرفة منتظمة" prefix="" root="وسع" pattern="فَاعِل" suffix="" />
				<ArabicLexical word="بِمَا" lemma="مَا" pos="جامدة" prefix="بِ" root="اَلَّذِي" pattern="مَا" suffix="" />
				<ArabicLexical word="تَضَمَّنَهُ" lemma="تَضَمَّنَ" pos="مصرفة منتظمة" prefix="" root="ضمن" pattern="تَفَعَّلَ" suffix="ه" />
				<ArabicLexical word="مِنْ" lemma="مِنْ" pos="جامدة" prefix="" root="مِنْ" pattern="مِنْ" suffix="" />
				<ArabicLexical word="اِسْتِعْرَاضٍ" lemma="اسْتِعْرَاض" pos="مصرفة منتظمة" prefix="" root="عرض" pattern="اِسْتِفْعَال" suffix="" />
				<ArabicLexical word="وَغِنَاءٍ" lemma="غِنَاء" pos="مصرفة منتظمة" prefix="وَ" root="غني" pattern="فِعَال" suffix="" />
				<ArabicLexical word="أَكْثَرَ" lemma="أَكْثَرَ" pos="مصرفة منتظمة" prefix="" root="كثر" pattern="أَفْعَل" suffix="" />
				<ArabicLexical word="اِتِّسَاعًا" lemma="اتِّسَاع" pos="مصرفة منتظمة" prefix="" root="وسع" pattern="اِفِّعَال" suffix="" />
				<ArabicLexical word="قَدْ" lemma="قَدْ" pos="جامدة" prefix="" root="قَدْ" pattern="قَدْ" suffix="" />
				<ArabicLexical word="غَطَّى" lemma="غَطَّى" pos="مصرفة منتظمة" prefix="" root="غطو" pattern="فَعَّل" suffix="" />
				<ArabicLexical word="عَلَى" lemma="عَلَى" pos="جامدة" prefix="" root="عَلَى" pattern="عَلَى" suffix="" />
				<ArabicLexical word="اَلْفَوَازِيرِ" lemma="فَزُّورَة" pos="مصرفة منتظمة" prefix="ال" root="فزر" pattern="فَوَاعِيل" suffix="" />
				<ArabicLexical word="وَجَعَلَ" lemma="جَعَلَ" pos="مصرفة منتظمة" prefix="وَ" root="جعل" pattern="فَعَلَ" suffix="" />
				<ArabicLexical word="اَلْجُمْهُورَ" lemma="جُمْهُور" pos="مصرفة منتظمة" prefix="ال" root="جمهر" pattern="فُعْلُول" suffix="" />
				<ArabicLexical word="يَنْصَرِفُ" lemma="انْصَرَفَ" pos="مصرفة منتظمة" prefix="ي" root="صرف" pattern="اِنْفَعَلَ" suffix="" />
				<ArabicLexical word="عَنْهَا" lemma="عَنْ" pos="جامدة" prefix="" root="عَنْ" pattern="عَنْ" suffix="هَا" />
			</annotation>
		</sentence>
	</FILE>
	</NEMLAR>