<NEMLAR><FILE name="GeneralNews" number="034">
		<sentence id="06263">
			<text>?مُشْكِلَاتُ اَلتَّرْجَمَةِ إِلَى اَلْعَرَبِيَّةِ فِي مُؤْتَمَرٍ بِالْقَاهِرَةِ</text>
			<annotation>
				<ArabicLexical word="مُشْكِلَاتُ" lemma="مُشْكِل" pos="مصرفة منتظمة" prefix="" root="شكل" pattern="مُفْعِل" suffix="ات" />
				<ArabicLexical word="اَلتَّرْجَمَةِ" lemma="تَرْجَمَة" pos="مصرفة منتظمة" prefix="ال" root="ترجم" pattern="فَعْلَل" suffix="ة" />
				<ArabicLexical word="إِلَى" lemma="إِلَى" pos="جامدة" prefix="" root="إِلَى" pattern="إِلَى" suffix="" />
				<ArabicLexical word="اَلْعَرَبِيَّةِ" lemma="عَرَبِيّ" pos="مصرفة منتظمة" prefix="ال" root="عرب" pattern="فَعَل" suffix="يَّة" />
				<ArabicLexical word="فِي" lemma="فِي" pos="جامدة" prefix="" root="فِي" pattern="فِي" suffix="" />
				<ArabicLexical word="مُؤْتَمَرٍ" lemma="مُؤْتَمَر" pos="مصرفة منتظمة" prefix="" root="أمر" pattern="مُفْتَعَل" suffix="" />
				<ArabicLexical word="بِالْقَاهِرَةِ" lemma="قَاهِرَة" pos="مصرفة منتظمة" prefix="بِال" root="قهر" pattern="فَاعِل" suffix="ة" />
			</annotation>
		</sentence>
		<sentence id="06264">
			<text>اَلْقَاهِرَةُ- عَبِيرُ صَلَاحِ اَلدِّينِ </text>
			<annotation>
				<ArabicLexical word="اَلْقَاهِرَةُ" lemma="قَاهِرَة" pos="مصرفة منتظمة" prefix="ال" root="قهر" pattern="فَاعِل" suffix="ة" />
				<ArabicLexical word="عَبِيرُ" lemma="عَبِير" pos="مصرفة منتظمة" prefix="" root="عبر" pattern="فَعِيل" suffix="" />
				<ArabicLexical word="صَلَاحِ" lemma="صَلَاح" pos="مصرفة منتظمة" prefix="" root="صلح" pattern="فَعَال" suffix="" />
				<ArabicLexical word="اَلدِّينِ" lemma="دِين" pos="مصرفة منتظمة" prefix="ال" root="دين" pattern="فِعل" suffix="" />
			</annotation>
		</sentence>
		<sentence id="06265">
			<text>تُنَظِّمُ كُلِّيَّةُ اَلْأَلْسُنِ بِجَامِعَةِ عَيْنَ شَمْسَ اَلْمُؤْتَمَرَ اَلْعَرَبِيَّ اَلْأَوَّلَ لِلتَّرْجَمَةِ فِي اَلْفَتْرَةِ مِنْ 25-26 سِبْتَمْبِرَ اَلْحَالِيِّ تَحْتَ عُنْوَانِ (اَلتَّرْجِمَةُ: اَلْمَاضِي - اَلْحَاضِرُ - اَلْمُسْتَقْبَلُ) بِمُشَارَكَةِ عَدَدٍ مِنْ اَلْأَسَاتِذَةِ اَلْمُتَخَصِّصِينَ فِي اَلتَّرْجَمَةِ وَاللُّغَةِ اَلْعَرَبِيَّةِ مِنْ اَلْجَامِعَاتِ اَلْمِصْرِيَّةِ وَالْعَرَبِيَّةِ وَوِزَارَاتِ اَلثَّقَافَةِ اَلْعَرَبِيَّةِ. </text>
			<annotation>
				<ArabicLexical word="تُنَظِّمُ" lemma="نَظَّمَ" pos="مصرفة منتظمة" prefix="ت" root="نظم" pattern="فَعَّلَ" suffix="" />
				<ArabicLexical word="كُلِّيَّةُ" lemma="كُلِّيَّة" pos="جامدة" prefix="" root="كُلّ" pattern="كُلّ" suffix="يَّة" />
				<ArabicLexical word="اَلْأَلْسُنِ" lemma="لِسَان" pos="مصرفة منتظمة" prefix="ال" root="لسن" pattern="أَفْعُل" suffix="" />
				<ArabicLexical word="بِجَامِعَةِ" lemma="جَامِعَة" pos="مصرفة منتظمة" prefix="بِ" root="جمع" pattern="فَاعِل" suffix="ة" />
				<ArabicLexical word="عَيْنَ" lemma="عَيْن" pos="مصرفة منتظمة" prefix="" root="عين" pattern="فَعْل" suffix="" />
				<ArabicLexical word="شَمْسَ" lemma="شَمْس" pos="مصرفة منتظمة" prefix="" root="شمس" pattern="فَعْل" suffix="" />
				<ArabicLexical word="اَلْمُؤْتَمَرَ" lemma="مُؤْتَمَر" pos="مصرفة منتظمة" prefix="ال" root="أمر" pattern="مُفْتَعَل" suffix="" />
				<ArabicLexical word="اَلْعَرَبِيَّ" lemma="عَرَبِيّ" pos="مصرفة منتظمة" prefix="ال" root="عرب" pattern="فَعَل" suffix="يّ" />
				<ArabicLexical word="اَلْأَوَّلَ" lemma="أَوَّل" pos="استثناء صرفي" prefix="ال" root="أول" pattern="أَوَّل" suffix="" />
				<ArabicLexical word="لِلتَّرْجَمَةِ" lemma="تَرْجَمَة" pos="مصرفة منتظمة" prefix="لِل" root="ترجم" pattern="فَعْلَل" suffix="ة" />
				<ArabicLexical word="فِي" lemma="فِي" pos="جامدة" prefix="" root="فِي" pattern="فِي" suffix="" />
				<ArabicLexical word="اَلْفَتْرَةِ" lemma="فَتْرَة" pos="مصرفة منتظمة" prefix="ال" root="فتر" pattern="فَعْل" suffix="ة" />
				<ArabicLexical word="مِنْ" lemma="مِنْ" pos="جامدة" prefix="" root="مِنْ" pattern="مِنْ" suffix="" />
				<ArabicLexical word="سِبْتَمْبِرَ" lemma="سِبْتَمْبِر" pos="معربة" prefix="" root="سِبْتَمْبِر" pattern="سِبْتَمْبِر" suffix="" />
				<ArabicLexical word="اَلْحَالِيِّ" lemma="حَالِيّ" pos="مصرفة منتظمة" prefix="ال" root="حول" pattern="فَعل" suffix="يّ" />
				<ArabicLexical word="تَحْتَ" lemma="تَحْتَ" pos="جامدة" prefix="" root="تَحْتَ" pattern="تَحْتَ" suffix="" />
				<ArabicLexical word="عُنْوَانِ" lemma="عُنْوَان" pos="مصرفة منتظمة" prefix="" root="عنون" pattern="فُعْلَال" suffix="" />
				<ArabicLexical word="اَلتَّرْجِمَةُ" lemma="-" pos="مصرفة منتظمة" prefix="ال" root="رجم" pattern="تَفْعِلَ" suffix="ة" />
				<ArabicLexical word="اَلْمَاضِي" lemma="مَاضِي" pos="مصرفة منتظمة" prefix="ال" root="مضي" pattern="فَاعِل" suffix="" />
				<ArabicLexical word="اَلْحَاضِرُ" lemma="حَاضِر" pos="مصرفة منتظمة" prefix="ال" root="حضر" pattern="فَاعِل" suffix="" />
				<ArabicLexical word="اَلْمُسْتَقْبَلُ" lemma="مُسْتَقْبَل" pos="مصرفة منتظمة" prefix="ال" root="قبل" pattern="مُسْتَفْعَل" suffix="" />
				<ArabicLexical word="بِمُشَارَكَةِ" lemma="مُشَارَكَة" pos="مصرفة منتظمة" prefix="بِ" root="شرك" pattern="مُفَاعَل" suffix="ة" />
				<ArabicLexical word="عَدَدٍ" lemma="عَدَد" pos="مصرفة منتظمة" prefix="" root="عدد" pattern="فَعَل" suffix="" />
				<ArabicLexical word="مِنْ" lemma="مِنْ" pos="جامدة" prefix="" root="مِنْ" pattern="مِنْ" suffix="" />
				<ArabicLexical word="اَلْأَسَاتِذَةِ" lemma="أُسْتَاذ" pos="مصرفة منتظمة" prefix="ال" root="أستذ" pattern="فَعَالِل" suffix="ة" />
				<ArabicLexical word="اَلْمُتَخَصِّصِينَ" lemma="مُتَخَصِّص" pos="مصرفة منتظمة" prefix="ال" root="خصص" pattern="مُتَفَعِّل" suffix="ينَ" />
				<ArabicLexical word="فِي" lemma="فِي" pos="جامدة" prefix="" root="فِي" pattern="فِي" suffix="" />
				<ArabicLexical word="اَلتَّرْجَمَةِ" lemma="تَرْجَمَة" pos="مصرفة منتظمة" prefix="ال" root="ترجم" pattern="فَعْلَل" suffix="ة" />
				<ArabicLexical word="وَاللُّغَةِ" lemma="لُغَة" pos="استثناء صرفي" prefix="وَال" root="لغو" pattern="لُغَ" suffix="ة" />
				<ArabicLexical word="اَلْعَرَبِيَّةِ" lemma="عَرَبِيّ" pos="مصرفة منتظمة" prefix="ال" root="عرب" pattern="فَعَل" suffix="يَّة" />
				<ArabicLexical word="مِنْ" lemma="مِنْ" pos="جامدة" prefix="" root="مِنْ" pattern="مِنْ" suffix="" />
				<ArabicLexical word="اَلْجَامِعَاتِ" lemma="جَامِعَة" pos="مصرفة منتظمة" prefix="ال" root="جمع" pattern="فَاعِل" suffix="ات" />
				<ArabicLexical word="اَلْمِصْرِيَّةِ" lemma="مِصْرِيّ" pos="مصرفة منتظمة" prefix="ال" root="مصر" pattern="فِعْل" suffix="يَّة" />
				<ArabicLexical word="وَالْعَرَبِيَّةِ" lemma="عَرَبِيّ" pos="مصرفة منتظمة" prefix="وَال" root="عرب" pattern="فَعَل" suffix="يَّة" />
				<ArabicLexical word="وَوِزَارَاتِ" lemma="وِزَارَة" pos="مصرفة منتظمة" prefix="وَ" root="وزر" pattern="فِعَال" suffix="ات" />
				<ArabicLexical word="اَلثَّقَافَةِ" lemma="ثَقَافَة" pos="مصرفة منتظمة" prefix="ال" root="ثقف" pattern="فَعَال" suffix="ة" />
				<ArabicLexical word="اَلْعَرَبِيَّةِ" lemma="عَرَبِيّ" pos="مصرفة منتظمة" prefix="ال" root="عرب" pattern="فَعَل" suffix="يَّة" />
			</annotation>
		</sentence>
		<sentence id="06266">
			<text>وَيَقُولُ اَلدُّكْتُورُ صَالِحُ هَاشِمٍ عَمِيدُ اَلْكُلِّيَّةِ وَرَئِيسُ اَلْمُؤْتَمَرِ: إِنَّ اَلْمُؤْتَمَرَ سَيُنَاقِشُ عِدَّةَ مَحَاوِرَ مِنْهَا اَلتَّرْجَمَةُ حَتَّى مَدْرَسَةِ رَفَاعَةَ اَلطَّهْطَاوِيِّ، وَالتَّأْرِيخُ لِمَدْرَسَةِ اَلطَّهْطَاوِيِّ فِي اَلتَّرْجَمَةِ، وَوَاقِعُ اَلتَّرْجَمَةِ بَيْنَ اَلْعَرَبِيَّةِ وَاللُّغَاتِ اَلْأُخْرَى، وَالْمِحْوَرُ اَلْأَخِيرُ يَدُورُ حَوْلَ اَلتَّرْجَمَةِ وَالْمُسْتَقْبَلِ. </text>
			<annotation>
				<ArabicLexical word="وَيَقُولُ" lemma="قَالَ" pos="مصرفة منتظمة" prefix="وَي" root="قول" pattern="فُعل" suffix="" />
				<ArabicLexical word="اَلدُّكْتُورُ" lemma="دُكْتُور" pos="معربة" prefix="ال" root="دُكْتُور" pattern="دُكْتُور" suffix="" />
				<ArabicLexical word="صَالِحُ" lemma="صَالِح" pos="مصرفة منتظمة" prefix="" root="صلح" pattern="فَاعِل" suffix="" />
				<ArabicLexical word="هَاشِمٍ" lemma="هَاشِم" pos="مصرفة منتظمة" prefix="" root="هشم" pattern="فَاعِل" suffix="" />
				<ArabicLexical word="عَمِيدُ" lemma="عَمِيد" pos="مصرفة منتظمة" prefix="" root="عمد" pattern="فَعِيل" suffix="" />
				<ArabicLexical word="اَلْكُلِّيَّةِ" lemma="كُلِّيَّة" pos="جامدة" prefix="ال" root="كُلّ" pattern="كُلّ" suffix="يَّة" />
				<ArabicLexical word="وَرَئِيسُ" lemma="رَئِيس" pos="مصرفة منتظمة" prefix="وَ" root="رأس" pattern="فَعِيل" suffix="" />
				<ArabicLexical word="اَلْمُؤْتَمَرِ" lemma="مُؤْتَمَر" pos="مصرفة منتظمة" prefix="ال" root="أمر" pattern="مُفْتَعَل" suffix="" />
				<ArabicLexical word="إِنَّ" lemma="أَنَّ" pos="جامدة" prefix="" root="إِنَّ" pattern="إِنَّ" suffix="" />
				<ArabicLexical word="اَلْمُؤْتَمَرَ" lemma="مُؤْتَمَر" pos="مصرفة منتظمة" prefix="ال" root="أمر" pattern="مُفْتَعَل" suffix="" />
				<ArabicLexical word="سَيُنَاقِشُ" lemma="نَاقَشَ" pos="مصرفة منتظمة" prefix="سَي" root="نقش" pattern="فَاعَلَ" suffix="" />
				<ArabicLexical word="عِدَّةَ" lemma="عِدَّة" pos="مصرفة منتظمة" prefix="" root="عدد" pattern="فِلّ" suffix="ة" />
				<ArabicLexical word="مَحَاوِرَ" lemma="مِحْوَر" pos="مصرفة منتظمة" prefix="" root="حور" pattern="مَفَاعِل" suffix="" />
				<ArabicLexical word="مِنْهَا" lemma="مِنْ" pos="جامدة" prefix="" root="مِنْ" pattern="مِنْ" suffix="هَا" />
				<ArabicLexical word="اَلتَّرْجَمَةُ" lemma="تَرْجَمَة" pos="مصرفة منتظمة" prefix="ال" root="ترجم" pattern="فَعْلَل" suffix="ة" />
				<ArabicLexical word="حَتَّى" lemma="حَتَّى" pos="جامدة" prefix="" root="حَتَّى" pattern="حَتَّى" suffix="" />
				<ArabicLexical word="مَدْرَسَةِ" lemma="مَدْرَسَة" pos="مصرفة منتظمة" prefix="" root="درس" pattern="مَفْعَل" suffix="ة" />
				<ArabicLexical word="رَفَاعَةَ" lemma="رَفَاع" pos="مصرفة منتظمة" prefix="" root="رفع" pattern="فَعَال" suffix="ة" />
				<ArabicLexical word="اَلطَّهْطَاوِيِّ" lemma="+" pos="غير عربية" prefix="" root="" pattern="" suffix="" />
				<ArabicLexical word="وَالتَّأْرِيخُ" lemma="تَأْرِيخ" pos="مصرفة منتظمة" prefix="وَال" root="أرخ" pattern="تَفْعِيل" suffix="" />
				<ArabicLexical word="لِمَدْرَسَةِ" lemma="مَدْرَسَة" pos="مصرفة منتظمة" prefix="لِ" root="درس" pattern="مَفْعَل" suffix="ة" />
				<ArabicLexical word="اَلطَّهْطَاوِيِّ" lemma="+" pos="غير عربية" prefix="" root="" pattern="" suffix="" />
				<ArabicLexical word="فِي" lemma="فِي" pos="جامدة" prefix="" root="فِي" pattern="فِي" suffix="" />
				<ArabicLexical word="اَلتَّرْجَمَةِ" lemma="تَرْجَمَة" pos="مصرفة منتظمة" prefix="ال" root="ترجم" pattern="فَعْلَل" suffix="ة" />
				<ArabicLexical word="وَوَاقِعُ" lemma="وَاقِع" pos="مصرفة منتظمة" prefix="وَ" root="وقع" pattern="فَاعِل" suffix="" />
				<ArabicLexical word="اَلتَّرْجَمَةِ" lemma="تَرْجَمَة" pos="مصرفة منتظمة" prefix="ال" root="ترجم" pattern="فَعْلَل" suffix="ة" />
				<ArabicLexical word="بَيْنَ" lemma="بَيْن" pos="مصرفة منتظمة" prefix="" root="بين" pattern="فَعْل" suffix="" />
				<ArabicLexical word="اَلْعَرَبِيَّةِ" lemma="عَرَبِيّ" pos="مصرفة منتظمة" prefix="ال" root="عرب" pattern="فَعَل" suffix="يَّة" />
				<ArabicLexical word="وَاللُّغَاتِ" lemma="لُغَة" pos="استثناء صرفي" prefix="وَال" root="لغو" pattern="لُغَ" suffix="ات" />
				<ArabicLexical word="اَلْأُخْرَى" lemma="أُخْرَى" pos="مصرفة منتظمة" prefix="ال" root="أخر" pattern="فُعْلَى" suffix="" />
				<ArabicLexical word="وَالْمِحْوَرُ" lemma="مِحْوَر" pos="مصرفة منتظمة" prefix="وَال" root="حور" pattern="مِفْعَل" suffix="" />
				<ArabicLexical word="اَلْأَخِيرُ" lemma="أَخِير" pos="مصرفة منتظمة" prefix="ال" root="أخر" pattern="فَعِيل" suffix="" />
				<ArabicLexical word="يَدُورُ" lemma="دَارَ" pos="مصرفة منتظمة" prefix="ي" root="دور" pattern="فُعل" suffix="" />
				<ArabicLexical word="حَوْلَ" lemma="حَوْل" pos="مصرفة منتظمة" prefix="" root="حول" pattern="فَعْل" suffix="" />
				<ArabicLexical word="اَلتَّرْجَمَةِ" lemma="تَرْجَمَة" pos="مصرفة منتظمة" prefix="ال" root="ترجم" pattern="فَعْلَل" suffix="ة" />
				<ArabicLexical word="وَالْمُسْتَقْبَلِ" lemma="مُسْتَقْبَل" pos="مصرفة منتظمة" prefix="وَال" root="قبل" pattern="مُسْتَفْعَل" suffix="" />
			</annotation>
		</sentence>
		<sentence id="06267">
			<text>كَمَا يُنَاقِشُ اَلْمُؤْتَمَرُ اَلْعَدِيدَ مِنْ اَلسَّلْبِيَّاتِ اَلَّتِي تُوَاجِهُ اَلتَّرْجَمَةَ فِي اَلْعَالَمِ اَلْعَرَبِيِّ إِلَى اَللُّغَةِ اَلْعَرَبِيَّةِ، مِنْهَا اِزْدِوَاجُ اَلتَّرْجَمَةِ لِعَمَلٍ وَاحِدٍ فِي فَتْرَةٍ زَمَنِيَّةٍ وَاحِدَةٍ، وَبَعْثَرَةُ اَلْجُهُودِ وَالْأَمْوَالِ بَيْنَ مَشْرُوعَاتٍ مُخْتَلِفَةٍ لِلتَّرْجَمَةِ تَفْتَقِدُ إِلَى اَلتَّنْسِيقِ فِيمَا بَيْنَهَا مِنْ جِهَةٍ، وَإِلَى بَرْنَامَجٍ مُحَدَّدٍ لِلتَّرْجَمَةِ يَعْتَمِدُ عَلَى خُطَّةٍ قَوْمِيَّةٍ تَرْتَبِطُ بِدَرَجَةِ تَطَوُّرِ اَلْمُجْتَمَعِ وَحَاجَاتِهِ فِي اَلتَّخَصُّصَاتِ اَلْمُخْتَلِفَةِ مِنْ جِهَةٍ أُخْرَى، بِالْإِضَافَةِ إِلَى اَلْمُعَوِّقَاتِ اَلَّتِي فَرَضَتْهَا قَوَانِينُ حِمَايَةِ اَلْحُقُوقِ اَلْفِكْرِيَّةِ مِنْ أَعْبَاءٍ تُضَافُ إِلَى صِنَاعَةِ اَلْكُتُبِ اَلْمُتَرْجَمَةِ بِسَبَبِ مَا قَدْ يَطْلُبُهُ اَلنَّاشِرُونَ اَلْأَصْلِيُّونَ أَوْ اَلْمُؤَلِّفُونَ مِنْ أَمْوَالٍ لِقَاءَ تَرْجَمَةِ كُتُبِهِمْ لِلْعَرَبِيَّةِ، أَوْ رَفْضِهِمْ تَرْجَمَتَهَا مِنْ اَلْأَصْلِ، وَهُوَ مَا تَفْعَلُهُ إِسْرَائِيلُ اَلْآنَ حَيْثُ لَا تُعْطِي تَرْخِيصًا لِتَرْجَمَةِ كُتُبِهَا لِلْعَرَبِيَّةِ خَارِجَ أَرَاضِيهَا، فِي حِينِ أَنَّ اَلْأُورُوبِّيِّينَ فِي عَصْرِ اَلنَّهْضَةِ تَرْجَمُوا مَا تَرْجَمُوهُ مِنْ اَلتُّرَاثِ اَلْأَدَبِيِّ وَالْعِلْمِيِّ مِنْ اَلْعَرَبِيَّةِ دُونَ أَنْ يَمْنَعَهُمْ أَحَدٌ أَوْ يُطَالِبَهُمْ بِحُقُوقٍ فِكْرِيَّةٍ. </text>
			<annotation>
				<ArabicLexical word="كَمَا" lemma="مَا" pos="جامدة" prefix="كَ" root="اَلَّذِي" pattern="مَا" suffix="" />
				<ArabicLexical word="يُنَاقِشُ" lemma="نَاقَشَ" pos="مصرفة منتظمة" prefix="ي" root="نقش" pattern="فَاعَلَ" suffix="" />
				<ArabicLexical word="اَلْمُؤْتَمَرُ" lemma="مُؤْتَمَر" pos="مصرفة منتظمة" prefix="ال" root="أمر" pattern="مُفْتَعَل" suffix="" />
				<ArabicLexical word="اَلْعَدِيدَ" lemma="عَدِيد" pos="مصرفة منتظمة" prefix="ال" root="عدد" pattern="فَعِيل" suffix="" />
				<ArabicLexical word="مِنْ" lemma="مِنْ" pos="جامدة" prefix="" root="مِنْ" pattern="مِنْ" suffix="" />
				<ArabicLexical word="اَلسَّلْبِيَّاتِ" lemma="سَلْبِيَّة" pos="مصرفة منتظمة" prefix="ال" root="سلب" pattern="فَعْل" suffix="يَّات" />
				<ArabicLexical word="اَلَّتِي" lemma="اَلَّذِي" pos="جامدة" prefix="ال" root="اَلَّذِي" pattern="لَتِي" suffix="" />
				<ArabicLexical word="تُوَاجِهُ" lemma="وَاجَهَ" pos="مصرفة منتظمة" prefix="ت" root="وجه" pattern="فَاعَلَ" suffix="" />
				<ArabicLexical word="اَلتَّرْجَمَةَ" lemma="تَرْجَمَة" pos="مصرفة منتظمة" prefix="ال" root="ترجم" pattern="فَعْلَل" suffix="ة" />
				<ArabicLexical word="فِي" lemma="فِي" pos="جامدة" prefix="" root="فِي" pattern="فِي" suffix="" />
				<ArabicLexical word="اَلْعَالَمِ" lemma="عَالَم" pos="استثناء صرفي" prefix="ال" root="علم" pattern="عَالَم" suffix="" />
				<ArabicLexical word="اَلْعَرَبِيِّ" lemma="عَرَبِيّ" pos="مصرفة منتظمة" prefix="ال" root="عرب" pattern="فَعَل" suffix="يّ" />
				<ArabicLexical word="إِلَى" lemma="إِلَى" pos="جامدة" prefix="" root="إِلَى" pattern="إِلَى" suffix="" />
				<ArabicLexical word="اَللُّغَةِ" lemma="لُغَة" pos="استثناء صرفي" prefix="ال" root="لغو" pattern="لُغَ" suffix="ة" />
				<ArabicLexical word="اَلْعَرَبِيَّةِ" lemma="عَرَبِيّ" pos="مصرفة منتظمة" prefix="ال" root="عرب" pattern="فَعَل" suffix="يَّة" />
				<ArabicLexical word="مِنْهَا" lemma="مِنْ" pos="جامدة" prefix="" root="مِنْ" pattern="مِنْ" suffix="هَا" />
				<ArabicLexical word="اِزْدِوَاجُ" lemma="ازْدِوَاج" pos="مصرفة منتظمة" prefix="" root="زوج" pattern="اِفْدِعَال" suffix="" />
				<ArabicLexical word="اَلتَّرْجَمَةِ" lemma="تَرْجَمَة" pos="مصرفة منتظمة" prefix="ال" root="ترجم" pattern="فَعْلَل" suffix="ة" />
				<ArabicLexical word="لِعَمَلٍ" lemma="عَمَل" pos="مصرفة منتظمة" prefix="لِ" root="عمل" pattern="فَعَل" suffix="" />
				<ArabicLexical word="وَاحِدٍ" lemma="وَاحِد" pos="مصرفة منتظمة" prefix="" root="وحد" pattern="فَاعِل" suffix="" />
				<ArabicLexical word="فِي" lemma="فِي" pos="جامدة" prefix="" root="فِي" pattern="فِي" suffix="" />
				<ArabicLexical word="فَتْرَةٍ" lemma="فَتْرَة" pos="مصرفة منتظمة" prefix="" root="فتر" pattern="فَعْل" suffix="ة" />
				<ArabicLexical word="زَمَنِيَّةٍ" lemma="زَمَنِيّ" pos="مصرفة منتظمة" prefix="" root="زمن" pattern="فَعَل" suffix="يَّة" />
				<ArabicLexical word="وَاحِدَةٍ" lemma="وَاحِد" pos="مصرفة منتظمة" prefix="" root="وحد" pattern="فَاعِل" suffix="ة" />
				<ArabicLexical word="وَبَعْثَرَةُ" lemma="بَعْثَرَة" pos="مصرفة منتظمة" prefix="وَ" root="بعثر" pattern="فَعْلَل" suffix="ة" />
				<ArabicLexical word="اَلْجُهُودِ" lemma="جُهْد" pos="مصرفة منتظمة" prefix="ال" root="جهد" pattern="فُعُول" suffix="" />
				<ArabicLexical word="وَالْأَمْوَالِ" lemma="مَال" pos="مصرفة منتظمة" prefix="وَال" root="مول" pattern="أَفْعَال" suffix="" />
				<ArabicLexical word="بَيْنَ" lemma="بَيْنَ" pos="مصرفة منتظمة" prefix="" root="بين" pattern="فَعْل" suffix="" />
				<ArabicLexical word="مَشْرُوعَاتٍ" lemma="مَشْرُوع" pos="مصرفة منتظمة" prefix="" root="شرع" pattern="مَفْعُول" suffix="ات" />
				<ArabicLexical word="مُخْتَلِفَةٍ" lemma="مُخْتَلِف" pos="مصرفة منتظمة" prefix="" root="خلف" pattern="مُفْتَعِل" suffix="ة" />
				<ArabicLexical word="لِلتَّرْجَمَةِ" lemma="تَرْجَمَة" pos="مصرفة منتظمة" prefix="لِل" root="ترجم" pattern="فَعْلَل" suffix="ة" />
				<ArabicLexical word="تَفْتَقِدُ" lemma="افْتَقَدَ" pos="مصرفة منتظمة" prefix="ت" root="فقد" pattern="اِفْتَعَلَ" suffix="" />
				<ArabicLexical word="إِلَى" lemma="إِلَى" pos="جامدة" prefix="" root="إِلَى" pattern="إِلَى" suffix="" />
				<ArabicLexical word="اَلتَّنْسِيقِ" lemma="تَنْسِيق" pos="مصرفة منتظمة" prefix="ال" root="نسق" pattern="تَفْعِيل" suffix="" />
				<ArabicLexical word="فِيمَا" lemma="فِي" pos="جامدة" prefix="" root="فِي" pattern="فِيمَا" suffix="" />
				<ArabicLexical word="بَيْنَهَا" lemma="بَيْن" pos="مصرفة منتظمة" prefix="" root="بين" pattern="فَعْل" suffix="هَا" />
				<ArabicLexical word="مِنْ" lemma="مِنْ" pos="جامدة" prefix="" root="مِنْ" pattern="مِنْ" suffix="" />
				<ArabicLexical word="جِهَةٍ" lemma="جِهَة" pos="مصرفة منتظمة" prefix="" root="وجه" pattern="فعِلَ" suffix="ة" />
				<ArabicLexical word="وَإِلَى" lemma="إِلَى" pos="جامدة" prefix="وَ" root="إِلَى" pattern="إِلَى" suffix="" />
				<ArabicLexical word="بَرْنَامَجٍ" lemma="بَرْنَامَج" pos="استثناء صرفي" prefix="" root="برمج" pattern="بَرْنَامَج" suffix="" />
				<ArabicLexical word="مُحَدَّدٍ" lemma="مُحَدَّد" pos="مصرفة منتظمة" prefix="" root="حدد" pattern="مُفَعَّل" suffix="" />
				<ArabicLexical word="لِلتَّرْجَمَةِ" lemma="تَرْجَمَة" pos="مصرفة منتظمة" prefix="لِل" root="ترجم" pattern="فَعْلَل" suffix="ة" />
				<ArabicLexical word="يَعْتَمِدُ" lemma="اعْتَمَدَ" pos="مصرفة منتظمة" prefix="ي" root="عمد" pattern="اِفْتَعَلَ" suffix="" />
				<ArabicLexical word="عَلَى" lemma="عَلَى" pos="جامدة" prefix="" root="عَلَى" pattern="عَلَى" suffix="" />
				<ArabicLexical word="خُطَّةٍ" lemma="خُطَّة" pos="مصرفة منتظمة" prefix="" root="خطط" pattern="فُلّ" suffix="ة" />
				<ArabicLexical word="قَوْمِيَّةٍ" lemma="قَوْمِيّ" pos="مصرفة منتظمة" prefix="" root="قوم" pattern="فَعْل" suffix="يَّة" />
				<ArabicLexical word="تَرْتَبِطُ" lemma="ارْتَبَطَ" pos="مصرفة منتظمة" prefix="ت" root="ربط" pattern="اِفْتَعَلَ" suffix="" />
				<ArabicLexical word="بِدَرَجَةِ" lemma="دَرَجَة" pos="مصرفة منتظمة" prefix="بِ" root="درج" pattern="فَعَل" suffix="ة" />
				<ArabicLexical word="تَطَوُّرِ" lemma="تَطَوُّر" pos="مصرفة منتظمة" prefix="" root="طور" pattern="تَفَعُّل" suffix="" />
				<ArabicLexical word="اَلْمُجْتَمَعِ" lemma="مُجْتَمَع" pos="مصرفة منتظمة" prefix="ال" root="جمع" pattern="مُفْتَعَل" suffix="" />
				<ArabicLexical word="وَحَاجَاتِهِ" lemma="حَاجَة" pos="مصرفة منتظمة" prefix="وَ" root="حوج" pattern="فَعل" suffix="اته" />
				<ArabicLexical word="فِي" lemma="فِي" pos="جامدة" prefix="" root="فِي" pattern="فِي" suffix="" />
				<ArabicLexical word="اَلتَّخَصُّصَاتِ" lemma="تَخَصُّص" pos="مصرفة منتظمة" prefix="ال" root="خصص" pattern="تَفَعُّل" suffix="ات" />
				<ArabicLexical word="اَلْمُخْتَلِفَةِ" lemma="مُخْتَلِف" pos="مصرفة منتظمة" prefix="ال" root="خلف" pattern="مُفْتَعِل" suffix="ة" />
				<ArabicLexical word="مِنْ" lemma="مِنْ" pos="جامدة" prefix="" root="مِنْ" pattern="مِنْ" suffix="" />
				<ArabicLexical word="جِهَةٍ" lemma="جِهَة" pos="مصرفة منتظمة" prefix="" root="وجه" pattern="فعِلَ" suffix="ة" />
				<ArabicLexical word="أُخْرَى" lemma="أُخْرَى" pos="مصرفة منتظمة" prefix="" root="أخر" pattern="فُعْلَى" suffix="" />
				<ArabicLexical word="بِالْإِضَافَةِ" lemma="إِضَافَة" pos="مصرفة منتظمة" prefix="بِال" root="ضيف" pattern="إِفَعالَ" suffix="ة" />
				<ArabicLexical word="إِلَى" lemma="إِلَى" pos="جامدة" prefix="" root="إِلَى" pattern="إِلَى" suffix="" />
				<ArabicLexical word="اَلْمُعَوِّقَاتِ" lemma="مُعَوِّق" pos="مصرفة منتظمة" prefix="ال" root="عوق" pattern="مُفَعِّل" suffix="ات" />
				<ArabicLexical word="اَلَّتِي" lemma="اَلَّذِي" pos="جامدة" prefix="ال" root="اَلَّذِي" pattern="لَتِي" suffix="" />
				<ArabicLexical word="فَرَضَتْهَا" lemma="فَرَضَ" pos="مصرفة منتظمة" prefix="" root="فرض" pattern="فَعَلَ" suffix="تْهَا" />
				<ArabicLexical word="قَوَانِينُ" lemma="قَانُون" pos="مصرفة منتظمة" prefix="" root="قنن" pattern="فَوَاعِيل" suffix="" />
				<ArabicLexical word="حِمَايَةِ" lemma="حِمَايَة" pos="مصرفة منتظمة" prefix="" root="حمي" pattern="فِعَال" suffix="ة" />
				<ArabicLexical word="اَلْحُقُوقِ" lemma="حَقّ" pos="مصرفة منتظمة" prefix="ال" root="حقق" pattern="فُعُول" suffix="" />
				<ArabicLexical word="اَلْفِكْرِيَّةِ" lemma="فِكْرِيّ" pos="مصرفة منتظمة" prefix="ال" root="فكر" pattern="فِعْل" suffix="يَّة" />
				<ArabicLexical word="مِنْ" lemma="مِنْ" pos="جامدة" prefix="" root="مِنْ" pattern="مِنْ" suffix="" />
				<ArabicLexical word="أَعْبَاءٍ" lemma="عِبْء" pos="مصرفة منتظمة" prefix="" root="عبأ" pattern="أَفْعَال" suffix="" />
				<ArabicLexical word="تُضَافُ" lemma="أَضَافَ" pos="مصرفة منتظمة" prefix="تُ" root="ضيف" pattern="أَفَعلَ" suffix="" />
				<ArabicLexical word="إِلَى" lemma="إِلَى" pos="جامدة" prefix="" root="إِلَى" pattern="إِلَى" suffix="" />
				<ArabicLexical word="صِنَاعَةِ" lemma="صِنَاعَة" pos="مصرفة منتظمة" prefix="" root="صنع" pattern="فِعَال" suffix="ة" />
				<ArabicLexical word="اَلْكُتُبِ" lemma="كِتَاب" pos="مصرفة منتظمة" prefix="ال" root="كتب" pattern="فُعُل" suffix="" />
				<ArabicLexical word="اَلْمُتَرْجَمَةِ" lemma="مُتَرْجَم" pos="مصرفة منتظمة" prefix="ال" root="ترجم" pattern="مُفَعْلَل" suffix="ة" />
				<ArabicLexical word="بِسَبَبِ" lemma="سَبَب" pos="مصرفة منتظمة" prefix="بِ" root="سبب" pattern="فَعَل" suffix="" />
				<ArabicLexical word="مَا" lemma="مَا" pos="جامدة" prefix="" root="اَلَّذِي" pattern="مَا" suffix="" />
				<ArabicLexical word="قَدْ" lemma="قَدْ" pos="جامدة" prefix="" root="قَدْ" pattern="قَدْ" suffix="" />
				<ArabicLexical word="يَطْلُبُهُ" lemma="طَلَبَ" pos="مصرفة منتظمة" prefix="ي" root="طلب" pattern="فْعُل" suffix="ه" />
				<ArabicLexical word="اَلنَّاشِرُونَ" lemma="نَاشِر" pos="مصرفة منتظمة" prefix="ال" root="نشر" pattern="فَاعِل" suffix="ونَ" />
				<ArabicLexical word="اَلْأَصْلِيُّونَ" lemma="أَصْلِيّ" pos="مصرفة منتظمة" prefix="ال" root="أصل" pattern="فَعْل" suffix="يُّونَ" />
				<ArabicLexical word="أَوْ" lemma="أَوْ" pos="جامدة" prefix="" root="أَوْ" pattern="أَوْ" suffix="" />
				<ArabicLexical word="اَلْمُؤَلِّفُونَ" lemma="مُؤَلِّف" pos="مصرفة منتظمة" prefix="ال" root="ألف" pattern="مُفَعِّل" suffix="ونَ" />
				<ArabicLexical word="مِنْ" lemma="مِنْ" pos="جامدة" prefix="" root="مِنْ" pattern="مِنْ" suffix="" />
				<ArabicLexical word="أَمْوَالٍ" lemma="مَال" pos="مصرفة منتظمة" prefix="" root="مول" pattern="أَفْعَال" suffix="" />
				<ArabicLexical word="لِقَاءَ" lemma="لِقَاء" pos="مصرفة منتظمة" prefix="" root="لقي" pattern="فِعَال" suffix="" />
				<ArabicLexical word="تَرْجَمَةِ" lemma="تَرْجَمَة" pos="مصرفة منتظمة" prefix="" root="ترجم" pattern="فَعْلَل" suffix="ة" />
				<ArabicLexical word="كُتُبِهِمْ" lemma="كِتَاب" pos="مصرفة منتظمة" prefix="" root="كتب" pattern="فُعُل" suffix="همْ" />
				<ArabicLexical word="لِلْعَرَبِيَّةِ" lemma="عَرَبِيّ" pos="مصرفة منتظمة" prefix="لِل" root="عرب" pattern="فَعَل" suffix="يَّة" />
				<ArabicLexical word="أَوْ" lemma="أَوْ" pos="جامدة" prefix="" root="أَوْ" pattern="أَوْ" suffix="" />
				<ArabicLexical word="رَفْضِهِمْ" lemma="رَفْض" pos="مصرفة منتظمة" prefix="" root="رفض" pattern="فَعْل" suffix="همْ" />
				<ArabicLexical word="تَرْجَمَتَهَا" lemma="تَرْجَمَة" pos="مصرفة منتظمة" prefix="" root="ترجم" pattern="فَعْلَل" suffix="تهَا" />
				<ArabicLexical word="مِنْ" lemma="مِنْ" pos="جامدة" prefix="" root="مِنْ" pattern="مِنْ" suffix="" />
				<ArabicLexical word="اَلْأَصْلِ" lemma="أَصْل" pos="مصرفة منتظمة" prefix="ال" root="أصل" pattern="فَعْل" suffix="" />
				<ArabicLexical word="وَهُوَ" lemma="هُو" pos="جامدة" prefix="وَ" root="هُوَ" pattern="هُوَ" suffix="" />
				<ArabicLexical word="مَا" lemma="مَا" pos="جامدة" prefix="" root="اَلَّذِي" pattern="مَا" suffix="" />
				<ArabicLexical word="تَفْعَلُهُ" lemma="فَعَلَ" pos="مصرفة منتظمة" prefix="ت" root="فعل" pattern="فْعَل" suffix="ه" />
				<ArabicLexical word="إِسْرَائِيلُ" lemma="إِسْرَائِيل" pos="معربة" prefix="" root="إِسْرَائِيل" pattern="إِسْرَائِيل" suffix="" />
				<ArabicLexical word="اَلْآنَ" lemma="آن" pos="مصرفة منتظمة" prefix="ال" root="أون" pattern="فَعل" suffix="" />
				<ArabicLexical word="حَيْثُ" lemma="حَيْثُ" pos="جامدة" prefix="" root="حَيْثُ" pattern="حَيْثُ" suffix="" />
				<ArabicLexical word="لَا" lemma="لَا" pos="جامدة" prefix="" root="لَا" pattern="لَا" suffix="" />
				<ArabicLexical word="تُعْطِي" lemma="أَعْطَى" pos="مصرفة منتظمة" prefix="ت" root="عطو" pattern="أَفْعِل" suffix="" />
				<ArabicLexical word="تَرْخِيصًا" lemma="تَرْخِيص" pos="مصرفة منتظمة" prefix="" root="رخص" pattern="تَفْعِيل" suffix="" />
				<ArabicLexical word="لِتَرْجَمَةِ" lemma="تَرْجَمَة" pos="مصرفة منتظمة" prefix="لِ" root="ترجم" pattern="فَعْلَل" suffix="ة" />
				<ArabicLexical word="كُتُبِهَا" lemma="كِتَاب" pos="مصرفة منتظمة" prefix="" root="كتب" pattern="فُعُل" suffix="هَا" />
				<ArabicLexical word="لِلْعَرَبِيَّةِ" lemma="عَرَبِيّ" pos="مصرفة منتظمة" prefix="لِل" root="عرب" pattern="فَعَل" suffix="يَّة" />
				<ArabicLexical word="خَارِجَ" lemma="خَارِج" pos="مصرفة منتظمة" prefix="" root="خرج" pattern="فَاعِل" suffix="" />
				<ArabicLexical word="أَرَاضِيهَا" lemma="أَرْض" pos="مصرفة منتظمة" prefix="" root="أرض" pattern="فَعَالِي" suffix="هَا" />
				<ArabicLexical word="فِي" lemma="فِي" pos="جامدة" prefix="" root="فِي" pattern="فِي" suffix="" />
				<ArabicLexical word="حِينِ" lemma="حِين" pos="مصرفة منتظمة" prefix="" root="حين" pattern="فِعل" suffix="" />
				<ArabicLexical word="أَنَّ" lemma="أَنَّ" pos="جامدة" prefix="" root="أَنَّ" pattern="أَنَّ" suffix="" />
				<ArabicLexical word="اَلْأُورُوبِّيِّينَ" lemma="أُورُوبِّيّ" pos="معربة" prefix="ال" root="أُورُوبَّا" pattern="أُورُوبِّ" suffix="يِّينَ" />
				<ArabicLexical word="فِي" lemma="فِي" pos="جامدة" prefix="" root="فِي" pattern="فِي" suffix="" />
				<ArabicLexical word="عَصْرِ" lemma="عَصْر" pos="مصرفة منتظمة" prefix="" root="عصر" pattern="فَعْل" suffix="" />
				<ArabicLexical word="اَلنَّهْضَةِ" lemma="نَهْضَة" pos="مصرفة منتظمة" prefix="ال" root="نهض" pattern="فَعْل" suffix="ة" />
				<ArabicLexical word="تَرْجَمُوا" lemma="تَرْجَمَ" pos="مصرفة منتظمة" prefix="" root="ترجم" pattern="فَعْلَلَ" suffix="وا" />
				<ArabicLexical word="مَا" lemma="مَا" pos="جامدة" prefix="" root="اَلَّذِي" pattern="مَا" suffix="" />
				<ArabicLexical word="تَرْجَمُوهُ" lemma="تَرْجَمَ" pos="مصرفة منتظمة" prefix="" root="ترجم" pattern="فَعْلَلَ" suffix="وهُ" />
				<ArabicLexical word="مِنْ" lemma="مِنْ" pos="جامدة" prefix="" root="مِنْ" pattern="مِنْ" suffix="" />
				<ArabicLexical word="اَلتُّرَاثِ" lemma="تُرَاث" pos="استثناء صرفي" prefix="ال" root="ورث" pattern="تُرَاث" suffix="" />
				<ArabicLexical word="اَلْأَدَبِيِّ" lemma="أَدَبِيّ" pos="مصرفة منتظمة" prefix="ال" root="أدب" pattern="فَعَل" suffix="يّ" />
				<ArabicLexical word="وَالْعِلْمِيِّ" lemma="عِلْمِيّ" pos="مصرفة منتظمة" prefix="وَال" root="علم" pattern="فِعْل" suffix="يّ" />
				<ArabicLexical word="مِنْ" lemma="مِنْ" pos="جامدة" prefix="" root="مِنْ" pattern="مِنْ" suffix="" />
				<ArabicLexical word="اَلْعَرَبِيَّةِ" lemma="عَرَبِيّ" pos="مصرفة منتظمة" prefix="ال" root="عرب" pattern="فَعَل" suffix="يَّة" />
				<ArabicLexical word="دُونَ" lemma="دُونَ" pos="جامدة" prefix="" root="دُونَ" pattern="دُونَ" suffix="" />
				<ArabicLexical word="أَنْ" lemma="أَنْ" pos="جامدة" prefix="" root="أَنْ" pattern="أَنْ" suffix="" />
				<ArabicLexical word="يَمْنَعَهُمْ" lemma="مَنَعَ" pos="مصرفة منتظمة" prefix="ي" root="منع" pattern="فْعَل" suffix="همْ" />
				<ArabicLexical word="أَحَدٌ" lemma="أَحَد" pos="مصرفة منتظمة" prefix="" root="أحد" pattern="فَعَل" suffix="" />
				<ArabicLexical word="أَوْ" lemma="أَوْ" pos="جامدة" prefix="" root="أَوْ" pattern="أَوْ" suffix="" />
				<ArabicLexical word="يُطَالِبَهُمْ" lemma="طَالَبَ" pos="مصرفة منتظمة" prefix="ي" root="طلب" pattern="فَاعَلَ" suffix="همْ" />
				<ArabicLexical word="بِحُقُوقٍ" lemma="حَقّ" pos="مصرفة منتظمة" prefix="بِ" root="حقق" pattern="فُعُول" suffix="" />
				<ArabicLexical word="فِكْرِيَّةٍ" lemma="فِكْرِيّ" pos="مصرفة منتظمة" prefix="" root="فكر" pattern="فِعْل" suffix="يَّة" />
			</annotation>
		</sentence>
		<sentence id="06268">
			<text>يُنَاقِشُ اَلْمُؤْتَمَرُ أَيْضًا فِكْرَةَ إِنْشَاءِ مُؤَسَّسَةٍ عَرَبِيَّةٍ لِلتَّرْجَمَةِ تَنْهَضُ بِدَوْرِ اَلْمُنَسِّقِ وَالْمُخَطَّطِ وَالْمُنَفِّذِ لِعَمَلِيَّاتِ اَلتَّرْجَمَةِ اَلَّتِي تَتِمُّ عَلَى مُسْتَوَى اَلْعَالَمِ اَلْعَرَبِيِّ، وَهُوَ مَا نَادَى بِهِ طه حُسَيْنٍ مُنْذُ سَنَوَاتٍ طَوِيلَةٍ لكِنَّهُ لَمْ يَتَحَقَّقْ حَتَّى اَلْآنَ</text>
			<annotation>
				<ArabicLexical word="يُنَاقِشُ" lemma="نَاقَشَ" pos="مصرفة منتظمة" prefix="ي" root="نقش" pattern="فَاعَلَ" suffix="" />
				<ArabicLexical word="اَلْمُؤْتَمَرُ" lemma="مُؤْتَمَر" pos="مصرفة منتظمة" prefix="ال" root="أمر" pattern="مُفْتَعَل" suffix="" />
				<ArabicLexical word="أَيْضًا" lemma="أَيْض" pos="مصرفة منتظمة" prefix="" root="أيض" pattern="فَعْل" suffix="" />
				<ArabicLexical word="فِكْرَةَ" lemma="فِكْرَة" pos="مصرفة منتظمة" prefix="" root="فكر" pattern="فِعْل" suffix="ة" />
				<ArabicLexical word="إِنْشَاءِ" lemma="إِنْشَاء" pos="مصرفة منتظمة" prefix="" root="نشأ" pattern="إِفْعَال" suffix="" />
				<ArabicLexical word="مُؤَسَّسَةٍ" lemma="مُؤَسَّسَة" pos="مصرفة منتظمة" prefix="" root="أسس" pattern="مُفَعَّل" suffix="ة" />
				<ArabicLexical word="عَرَبِيَّةٍ" lemma="عَرَبِيّ" pos="مصرفة منتظمة" prefix="" root="عرب" pattern="فَعَل" suffix="يَّة" />
				<ArabicLexical word="لِلتَّرْجَمَةِ" lemma="تَرْجَمَة" pos="مصرفة منتظمة" prefix="لِل" root="ترجم" pattern="فَعْلَل" suffix="ة" />
				<ArabicLexical word="تَنْهَضُ" lemma="نَهَضَ" pos="مصرفة منتظمة" prefix="ت" root="نهض" pattern="فْعَل" suffix="" />
				<ArabicLexical word="بِدَوْرِ" lemma="دَوْر" pos="مصرفة منتظمة" prefix="بِ" root="دور" pattern="فَعْل" suffix="" />
				<ArabicLexical word="اَلْمُنَسِّقِ" lemma="مُنَسِّق" pos="مصرفة منتظمة" prefix="ال" root="نسق" pattern="مُفَعِّل" suffix="" />
				<ArabicLexical word="وَالْمُخَطَّطِ" lemma="مُخَطَّط" pos="مصرفة منتظمة" prefix="وَال" root="خطط" pattern="مُفَعَّل" suffix="" />
				<ArabicLexical word="وَالْمُنَفِّذِ" lemma="مُنَفِّذ" pos="مصرفة منتظمة" prefix="وَال" root="نفذ" pattern="مُفَعِّل" suffix="" />
				<ArabicLexical word="لِعَمَلِيَّاتِ" lemma="عَمَلِيَّة" pos="مصرفة منتظمة" prefix="لِ" root="عمل" pattern="فَعَل" suffix="يَّات" />
				<ArabicLexical word="اَلتَّرْجَمَةِ" lemma="تَرْجَمَة" pos="مصرفة منتظمة" prefix="ال" root="ترجم" pattern="فَعْلَل" suffix="ة" />
				<ArabicLexical word="اَلَّتِي" lemma="اَلَّذِي" pos="جامدة" prefix="ال" root="اَلَّذِي" pattern="لَتِي" suffix="" />
				<ArabicLexical word="تَتِمُّ" lemma="تَمَّ" pos="مصرفة منتظمة" prefix="ت" root="تمم" pattern="فِلّ" suffix="" />
				<ArabicLexical word="عَلَى" lemma="عَلَى" pos="جامدة" prefix="" root="عَلَى" pattern="عَلَى" suffix="" />
				<ArabicLexical word="مُسْتَوَى" lemma="مُسْتَوًى" pos="مصرفة منتظمة" prefix="" root="سوي" pattern="مُفْتَعَل" suffix="" />
				<ArabicLexical word="اَلْعَالَمِ" lemma="عَالَم" pos="استثناء صرفي" prefix="ال" root="علم" pattern="عَالَم" suffix="" />
				<ArabicLexical word="اَلْعَرَبِيِّ" lemma="عَرَبِيّ" pos="مصرفة منتظمة" prefix="ال" root="عرب" pattern="فَعَل" suffix="يّ" />
				<ArabicLexical word="وَهُوَ" lemma="هُو" pos="جامدة" prefix="وَ" root="هُوَ" pattern="هُوَ" suffix="" />
				<ArabicLexical word="مَا" lemma="مَا" pos="جامدة" prefix="" root="اَلَّذِي" pattern="مَا" suffix="" />
				<ArabicLexical word="نَادَى" lemma="نَادَى" pos="مصرفة منتظمة" prefix="" root="ندو" pattern="فَاعَل" suffix="" />
				<ArabicLexical word="بِهِ" lemma="بِي" pos="جامدة" prefix="" root="بِي" pattern="بِهِ" suffix="" />
				<ArabicLexical word="طه" lemma="طَه" pos="معربة" prefix="" root="طه" pattern="طه" suffix="" />
				<ArabicLexical word="حُسَيْنٍ" lemma="حُسَيْن" pos="مصرفة منتظمة" prefix="" root="حسن" pattern="فُعَيْل" suffix="" />
				<ArabicLexical word="مُنْذُ" lemma="مُنْذُ" pos="جامدة" prefix="" root="مُنْذُ" pattern="مُنْذُ" suffix="" />
				<ArabicLexical word="سَنَوَاتٍ" lemma="سَنَة" pos="استثناء صرفي" prefix="" root="سنه" pattern="سَنَوَ" suffix="ات" />
				<ArabicLexical word="طَوِيلَةٍ" lemma="طَوِيل" pos="مصرفة منتظمة" prefix="" root="طول" pattern="فَعِيل" suffix="ة" />
				<ArabicLexical word="لكِنَّهُ" lemma="لَكِنَّ" pos="جامدة" prefix="" root="لكِنَّ" pattern="لكِنَّ" suffix="ه" />
				<ArabicLexical word="لَمْ" lemma="لَمْ" pos="جامدة" prefix="" root="لَمْ" pattern="لَمْ" suffix="" />
				<ArabicLexical word="يَتَحَقَّقْ" lemma="تَحَقَّقَ" pos="مصرفة منتظمة" prefix="ي" root="حقق" pattern="تَفَعَّلَ" suffix="" />
				<ArabicLexical word="حَتَّى" lemma="حَتَّى" pos="جامدة" prefix="" root="حَتَّى" pattern="حَتَّى" suffix="" />
				<ArabicLexical word="اَلْآنَ" lemma="آن" pos="مصرفة منتظمة" prefix="ال" root="أون" pattern="فَعل" suffix="" />
			</annotation>
		</sentence>
	</FILE>
	</NEMLAR>