<NEMLAR><FILE name="GeneralNews" number="058">
		<sentence id="06879">
			<text>?وَفَاةُ أَمِينَةَ رِزْقٍ بَعْدَ 80 عَامًا عَلَى اَلْمَسْرَحِ </text>
			<annotation>
				<ArabicLexical word="وَفَاةُ" lemma="وَفَاة" pos="مصرفة منتظمة" prefix="" root="وفي" pattern="فَعَل" suffix="ة" />
				<ArabicLexical word="أَمِينَةَ" lemma="أَمِين" pos="مصرفة منتظمة" prefix="" root="أمن" pattern="فَعِيل" suffix="ة" />
				<ArabicLexical word="رِزْقٍ" lemma="رِزْق" pos="مصرفة منتظمة" prefix="" root="رزق" pattern="فِعْل" suffix="" />
				<ArabicLexical word="بَعْدَ" lemma="بَعْدَ" pos="مصرفة منتظمة" prefix="" root="بعد" pattern="فَعْل" suffix="" />
				<ArabicLexical word="عَامًا" lemma="عَام" pos="مصرفة منتظمة" prefix="" root="عوم" pattern="فَعل" suffix="" />
				<ArabicLexical word="عَلَى" lemma="عَلَى" pos="جامدة" prefix="" root="عَلَى" pattern="عَلَى" suffix="" />
				<ArabicLexical word="اَلْمَسْرَحِ" lemma="مَسْرَح" pos="مصرفة منتظمة" prefix="ال" root="سرح" pattern="مَفْعَل" suffix="" />
			</annotation>
		</sentence>
		<sentence id="06880">
			<text> </text>
			<annotation>
			</annotation>
		</sentence>
		<sentence id="06881">
			<text>اَلْقَاهِرَةُ- أ ف ب- إِسْلَامُ أُونْ لَايْنْ.نِتْ/ 24-8-2003 </text>
			<annotation>
				<ArabicLexical word="اَلْقَاهِرَةُ" lemma="قَاهِرَة" pos="مصرفة منتظمة" prefix="ال" root="قهر" pattern="فَاعِل" suffix="ة" />
				<ArabicLexical word="أ" lemma="+" pos="غير عربية" prefix="" root="" pattern="" suffix="" />
				<ArabicLexical word="ف" lemma="+" pos="غير عربية" prefix="" root="" pattern="" suffix="" />
				<ArabicLexical word="ب" lemma="+" pos="غير عربية" prefix="" root="" pattern="" suffix="" />
				<ArabicLexical word="إِسْلَامُ" lemma="إِسْلَام" pos="مصرفة منتظمة" prefix="" root="سلم" pattern="إِفْعَال" suffix="" />
				<ArabicLexical word="أُونْ" lemma="أُونْ" pos="غير عربية" prefix="" root="" pattern="" suffix="" />
				<ArabicLexical word="لَايْنْ" lemma="+" pos="غير عربية" prefix="" root="" pattern="" suffix="" />
				<ArabicLexical word="نِتْ" lemma="نِت" pos="غير عربية" prefix="" root="" pattern="" suffix="" />
			</annotation>
		</sentence>
		<sentence id="06882">
			<text> </text>
			<annotation>
			</annotation>
		</sentence>
		<sentence id="06883">
			<text> </text>
			<annotation>
			</annotation>
		</sentence>
		<sentence id="06884">
			<text>أَمِينَةُ رِزْقٍ</text>
			<annotation>
				<ArabicLexical word="أَمِينَةُ" lemma="أَمِين" pos="مصرفة منتظمة" prefix="" root="أمن" pattern="فَعِيل" suffix="ة" />
				<ArabicLexical word="رِزْقٍ" lemma="رِزْق" pos="مصرفة منتظمة" prefix="" root="رزق" pattern="فِعْل" suffix="" />
			</annotation>
		</sentence>
		<sentence id="06885">
			<text> </text>
			<annotation>
			</annotation>
		</sentence>
		<sentence id="06886">
			<text>تُوُفِّيَتْ اَلْمُمَثِّلَةُ اَلْمِصْرِيَّةُ أَمِينَةُ مُحَمَّدِ رِزْقٍ فَجْرَ اَلْأَحَدِ 24-8-2003 بِأَحَدِ مُسْتَشْفَيَاتِ اَلْقَاهِرَةِ إِثْرَ إِصَابَتِهَا بِهُبُوطٍ حَادٍّ فِي اَلدَّوْرَةِ اَلدَّمَوِيَّةِ، وَذلِكَ بَعْدَ صِرَاعٍ مَعَ اَلْمَرَضِ اِسْتَمَرَّ شَهْرَيْنِ. وَعُرِفَ عَنْ اَلْفَنَّانَةِ اَلرَّاحِلَةِ اِلْتِزَامُهَا وَاخْتِيَارُهَا لِلْأَدْوَارِ اَلْجَادَّةِ وَالْهَادِفَةِ بَعِيدًا عَنْ اَلْإِسْفَافِ أَوْ اَلِابْتِذَالِ.</text>
			<annotation>
				<ArabicLexical word="تُوُفِّيَتْ" lemma="تَوَفَّى" pos="مصرفة منتظمة" prefix="" root="وفي" pattern="تُفُعِّلَ" suffix="تْ" />
				<ArabicLexical word="اَلْمُمَثِّلَةُ" lemma="مُمَثِّل" pos="مصرفة منتظمة" prefix="ال" root="مثل" pattern="مُفَعِّل" suffix="ة" />
				<ArabicLexical word="اَلْمِصْرِيَّةُ" lemma="مِصْرِيّ" pos="مصرفة منتظمة" prefix="ال" root="مصر" pattern="فِعْل" suffix="يَّة" />
				<ArabicLexical word="أَمِينَةُ" lemma="أَمِين" pos="مصرفة منتظمة" prefix="" root="أمن" pattern="فَعِيل" suffix="ة" />
				<ArabicLexical word="مُحَمَّدِ" lemma="مُحَمَّد" pos="مصرفة منتظمة" prefix="" root="حمد" pattern="مُفَعَّل" suffix="" />
				<ArabicLexical word="رِزْقٍ" lemma="رِزْق" pos="مصرفة منتظمة" prefix="" root="رزق" pattern="فِعْل" suffix="" />
				<ArabicLexical word="فَجْرَ" lemma="فَجْر" pos="مصرفة منتظمة" prefix="" root="فجر" pattern="فَعْل" suffix="" />
				<ArabicLexical word="اَلْأَحَدِ" lemma="أَحَد" pos="مصرفة منتظمة" prefix="ال" root="أحد" pattern="فَعَل" suffix="" />
				<ArabicLexical word="بِأَحَدِ" lemma="أَحَد" pos="مصرفة منتظمة" prefix="بِ" root="أحد" pattern="فَعَل" suffix="" />
				<ArabicLexical word="مُسْتَشْفَيَاتِ" lemma="مُسْتَشْفَى" pos="مصرفة منتظمة" prefix="" root="شفي" pattern="مُسْتَفْعَل" suffix="ات" />
				<ArabicLexical word="اَلْقَاهِرَةِ" lemma="قَاهِرَة" pos="مصرفة منتظمة" prefix="ال" root="قهر" pattern="فَاعِل" suffix="ة" />
				<ArabicLexical word="إِثْرَ" lemma="إِثْر" pos="مصرفة منتظمة" prefix="" root="أثر" pattern="فِعْل" suffix="" />
				<ArabicLexical word="إِصَابَتِهَا" lemma="إِصَابَة" pos="مصرفة منتظمة" prefix="" root="صوب" pattern="إِفَعالَ" suffix="تهَا" />
				<ArabicLexical word="بِهُبُوطٍ" lemma="هُبُوط" pos="مصرفة منتظمة" prefix="بِ" root="هبط" pattern="فُعُول" suffix="" />
				<ArabicLexical word="حَادٍّ" lemma="حَادّ" pos="مصرفة منتظمة" prefix="" root="حدد" pattern="فَالّ" suffix="" />
				<ArabicLexical word="فِي" lemma="فِي" pos="جامدة" prefix="" root="فِي" pattern="فِي" suffix="" />
				<ArabicLexical word="اَلدَّوْرَةِ" lemma="دَوْرَة" pos="مصرفة منتظمة" prefix="ال" root="دور" pattern="فَعْل" suffix="ة" />
				<ArabicLexical word="اَلدَّمَوِيَّةِ" lemma="دَمَوِيّ" pos="مصرفة منتظمة" prefix="ال" root="دمي" pattern="فَعَلِ" suffix="يَّة" />
				<ArabicLexical word="وَذلِكَ" lemma="ذَا" pos="جامدة" prefix="وَ" root="ذَا" pattern="ذلِ" suffix="كَ" />
				<ArabicLexical word="بَعْدَ" lemma="بَعْدَ" pos="مصرفة منتظمة" prefix="" root="بعد" pattern="فَعْل" suffix="" />
				<ArabicLexical word="صِرَاعٍ" lemma="صِرَاع" pos="مصرفة منتظمة" prefix="" root="صرع" pattern="فِعَال" suffix="" />
				<ArabicLexical word="مَعَ" lemma="مَعَ" pos="جامدة" prefix="" root="مَعَ" pattern="مَعَ" suffix="" />
				<ArabicLexical word="اَلْمَرَضِ" lemma="مَرَض" pos="مصرفة منتظمة" prefix="ال" root="مرض" pattern="فَعَل" suffix="" />
				<ArabicLexical word="اِسْتَمَرَّ" lemma="اسْتَمَرَّ" pos="مصرفة منتظمة" prefix="" root="مرر" pattern="اِسْتَفَلَّ" suffix="" />
				<ArabicLexical word="شَهْرَيْنِ" lemma="شَهْر" pos="مصرفة منتظمة" prefix="" root="شهر" pattern="فَعْل" suffix="يْنِ" />
				<ArabicLexical word="وَعُرِفَ" lemma="عَرَفَ" pos="مصرفة منتظمة" prefix="وَ" root="عرف" pattern="فُعِلَ" suffix="" />
				<ArabicLexical word="عَنْ" lemma="عَنْ" pos="جامدة" prefix="" root="عَنْ" pattern="عَنْ" suffix="" />
				<ArabicLexical word="اَلْفَنَّانَةِ" lemma="فَنَّان" pos="مصرفة منتظمة" prefix="ال" root="فنن" pattern="فَعَّال" suffix="ة" />
				<ArabicLexical word="اَلرَّاحِلَةِ" lemma="رَاحِل" pos="مصرفة منتظمة" prefix="ال" root="رحل" pattern="فَاعِل" suffix="ة" />
				<ArabicLexical word="اِلْتِزَامُهَا" lemma="الْتِزَام" pos="مصرفة منتظمة" prefix="" root="لزم" pattern="اِفْتِعَال" suffix="هَا" />
				<ArabicLexical word="وَاخْتِيَارُهَا" lemma="اخْتِيَار" pos="مصرفة منتظمة" prefix="وَ" root="خير" pattern="اِفْتِعَال" suffix="هَا" />
				<ArabicLexical word="لِلْأَدْوَارِ" lemma="دَوْر" pos="مصرفة منتظمة" prefix="لِل" root="دور" pattern="أَفْعَال" suffix="" />
				<ArabicLexical word="اَلْجَادَّةِ" lemma="جَادّ" pos="مصرفة منتظمة" prefix="ال" root="جدد" pattern="فَالّ" suffix="ة" />
				<ArabicLexical word="وَالْهَادِفَةِ" lemma="هَادِف" pos="مصرفة منتظمة" prefix="وَال" root="هدف" pattern="فَاعِل" suffix="ة" />
				<ArabicLexical word="بَعِيدًا" lemma="بَعِيد" pos="مصرفة منتظمة" prefix="" root="بعد" pattern="فَعِيل" suffix="" />
				<ArabicLexical word="عَنْ" lemma="عَنْ" pos="جامدة" prefix="" root="عَنْ" pattern="عَنْ" suffix="" />
				<ArabicLexical word="اَلْإِسْفَافِ" lemma="إِسْفَاف" pos="مصرفة منتظمة" prefix="ال" root="سفف" pattern="إِفْعَال" suffix="" />
				<ArabicLexical word="أَوْ" lemma="أَوْ" pos="جامدة" prefix="" root="أَوْ" pattern="أَوْ" suffix="" />
				<ArabicLexical word="اَلِابْتِذَالِ" lemma="ابْتِذَال" pos="مصرفة منتظمة" prefix="ال" root="بذل" pattern="اِفْتِعَال" suffix="" />
			</annotation>
		</sentence>
		<sentence id="06887">
			<text>وَأَوْضَحَ أُسْتَاذُ جِرَاحَةِ اَلْأَمْرَاضِ اَلصَّدْرِيَّةِ بِمُسْتَشْفَى قَصْرِ اَلْعَيْنِيِّ د. مُحَمَّدُ عَبْدِ اَلْحَكِيمِ، فِي تَصْرِيحَاتٍ صَحَفِيَّةٍ، أَنَّ اَلْهُبُوطَ اَلْحَادَّ فِي اَلدَّوْرَةِ اَلدَّمَوِيَّةِ جَاءَ بِسَبَبِ وُجُودِ وَرَمٍ حَمِيدٍ فِي اَلرِّئَةِ اَلْيُسْرَى إِضَافَةً إِلَى اِضْطِرَابَاتٍ فِي وَظَائِفِ جِهَازِ اَلتَّنَفُّسِ، مِمَّا أَدَّى إِلَى وَفَاةِ اَلْفَنَّانَةِ صَبَاحَ اَلْيَوْمِ (اَلْأَحَدِ).</text>
			<annotation>
				<ArabicLexical word="وَأَوْضَحَ" lemma="أَوْضَح" pos="مصرفة منتظمة" prefix="وَ" root="وضح" pattern="أَفْعَلَ" suffix="" />
				<ArabicLexical word="أُسْتَاذُ" lemma="أُسْتَاذ" pos="مصرفة منتظمة" prefix="" root="أستذ" pattern="فُعْلَال" suffix="" />
				<ArabicLexical word="جِرَاحَةِ" lemma="جِرَاحَة" pos="مصرفة منتظمة" prefix="" root="جرح" pattern="فِعَال" suffix="ة" />
				<ArabicLexical word="اَلْأَمْرَاضِ" lemma="مَرَض" pos="مصرفة منتظمة" prefix="ال" root="مرض" pattern="أَفْعَال" suffix="" />
				<ArabicLexical word="اَلصَّدْرِيَّةِ" lemma="صَدْرِيّ" pos="مصرفة منتظمة" prefix="ال" root="صدر" pattern="فَعْل" suffix="يَّة" />
				<ArabicLexical word="بِمُسْتَشْفَى" lemma="مُسْتَشْفَى" pos="مصرفة منتظمة" prefix="بِ" root="شفي" pattern="مُسْتَفْعَل" suffix="" />
				<ArabicLexical word="قَصْرِ" lemma="قَصْر" pos="مصرفة منتظمة" prefix="" root="قصر" pattern="فَعْل" suffix="" />
				<ArabicLexical word="اَلْعَيْنِيِّ" lemma="عَيْنِيّ" pos="مصرفة منتظمة" prefix="ال" root="عين" pattern="فَعْل" suffix="يّ" />
				<ArabicLexical word="د" lemma="+" pos="غير عربية" prefix="" root="" pattern="" suffix="" />
				<ArabicLexical word="مُحَمَّدُ" lemma="مُحَمَّد" pos="مصرفة منتظمة" prefix="" root="حمد" pattern="مُفَعَّل" suffix="" />
				<ArabicLexical word="عَبْدِ" lemma="عَبْد" pos="مصرفة منتظمة" prefix="" root="عبد" pattern="فَعْل" suffix="" />
				<ArabicLexical word="اَلْحَكِيمِ" lemma="حَكِيم" pos="مصرفة منتظمة" prefix="ال" root="حكم" pattern="فَعِيل" suffix="" />
				<ArabicLexical word="فِي" lemma="فِي" pos="جامدة" prefix="" root="فِي" pattern="فِي" suffix="" />
				<ArabicLexical word="تَصْرِيحَاتٍ" lemma="تَصْرِيح" pos="مصرفة منتظمة" prefix="" root="صرح" pattern="تَفْعِيل" suffix="ات" />
				<ArabicLexical word="صَحَفِيَّةٍ" lemma="صَحَفِيّ" pos="مصرفة منتظمة" prefix="" root="صحف" pattern="فَعَل" suffix="يَّة" />
				<ArabicLexical word="أَنَّ" lemma="أَنّ" pos="جامدة" prefix="" root="أَنَّ" pattern="أَنَّ" suffix="" />
				<ArabicLexical word="اَلْهُبُوطَ" lemma="هُبُوط" pos="مصرفة منتظمة" prefix="ال" root="هبط" pattern="فُعُول" suffix="" />
				<ArabicLexical word="اَلْحَادَّ" lemma="حَادّ" pos="مصرفة منتظمة" prefix="ال" root="حدد" pattern="فَالّ" suffix="" />
				<ArabicLexical word="فِي" lemma="فِي" pos="جامدة" prefix="" root="فِي" pattern="فِي" suffix="" />
				<ArabicLexical word="اَلدَّوْرَةِ" lemma="دَوْرَة" pos="مصرفة منتظمة" prefix="ال" root="دور" pattern="فَعْل" suffix="ة" />
				<ArabicLexical word="اَلدَّمَوِيَّةِ" lemma="دَمَوِيّ" pos="مصرفة منتظمة" prefix="ال" root="دمي" pattern="فَعَلِ" suffix="يَّة" />
				<ArabicLexical word="جَاءَ" lemma="جَاءَ" pos="مصرفة منتظمة" prefix="" root="جيأ" pattern="فَعلَ" suffix="" />
				<ArabicLexical word="بِسَبَبِ" lemma="سَبَب" pos="مصرفة منتظمة" prefix="بِ" root="سبب" pattern="فَعَل" suffix="" />
				<ArabicLexical word="وُجُودِ" lemma="وُجُود" pos="مصرفة منتظمة" prefix="" root="وجد" pattern="فُعُول" suffix="" />
				<ArabicLexical word="وَرَمٍ" lemma="وَرَم" pos="مصرفة منتظمة" prefix="" root="ورم" pattern="فَعَل" suffix="" />
				<ArabicLexical word="حَمِيدٍ" lemma="حَمِيد" pos="مصرفة منتظمة" prefix="" root="حمد" pattern="فَعِيل" suffix="" />
				<ArabicLexical word="فِي" lemma="فِي" pos="جامدة" prefix="" root="فِي" pattern="فِي" suffix="" />
				<ArabicLexical word="اَلرِّئَةِ" lemma="رِئَة" pos="استثناء صرفي" prefix="ال" root="رأي" pattern="رِئَ" suffix="ة" />
				<ArabicLexical word="اَلْيُسْرَى" lemma="يُسْرَى" pos="مصرفة منتظمة" prefix="ال" root="يسر" pattern="فُعْلَى" suffix="" />
				<ArabicLexical word="إِضَافَةً" lemma="إِضَافَة" pos="مصرفة منتظمة" prefix="" root="ضيف" pattern="إِفَعالَ" suffix="ة" />
				<ArabicLexical word="إِلَى" lemma="إِلَى" pos="جامدة" prefix="" root="إِلَى" pattern="إِلَى" suffix="" />
				<ArabicLexical word="اِضْطِرَابَاتٍ" lemma="اضْطِرَاب" pos="مصرفة منتظمة" prefix="" root="ضرب" pattern="اِفْطِعَال" suffix="ات" />
				<ArabicLexical word="فِي" lemma="فِي" pos="جامدة" prefix="" root="فِي" pattern="فِي" suffix="" />
				<ArabicLexical word="وَظَائِفِ" lemma="وَظِيفَة" pos="مصرفة منتظمة" prefix="" root="وظف" pattern="فَعَائِل" suffix="" />
				<ArabicLexical word="جِهَازِ" lemma="جِهَاز" pos="مصرفة منتظمة" prefix="" root="جهز" pattern="فِعَال" suffix="" />
				<ArabicLexical word="اَلتَّنَفُّسِ" lemma="تَنَفُّس" pos="مصرفة منتظمة" prefix="ال" root="نفس" pattern="تَفَعُّل" suffix="" />
				<ArabicLexical word="مِمَّا" lemma="مِنْ" pos="جامدة" prefix="" root="مِنْ" pattern="مِمَّا" suffix="" />
				<ArabicLexical word="أَدَّى" lemma="أَدَّى" pos="مصرفة منتظمة" prefix="" root="أدي" pattern="فَعَّل" suffix="" />
				<ArabicLexical word="إِلَى" lemma="إِلَى" pos="جامدة" prefix="" root="إِلَى" pattern="إِلَى" suffix="" />
				<ArabicLexical word="وَفَاةِ" lemma="وَفَاة" pos="مصرفة منتظمة" prefix="" root="وفي" pattern="فَعَل" suffix="ة" />
				<ArabicLexical word="اَلْفَنَّانَةِ" lemma="فَنَّان" pos="مصرفة منتظمة" prefix="ال" root="فنن" pattern="فَعَّال" suffix="ة" />
				<ArabicLexical word="صَبَاحَ" lemma="صَبَاح" pos="مصرفة منتظمة" prefix="" root="صبح" pattern="فَعَال" suffix="" />
				<ArabicLexical word="اَلْيَوْمِ" lemma="يَوْم" pos="مصرفة منتظمة" prefix="ال" root="يوم" pattern="فَعْل" suffix="" />
				<ArabicLexical word="اَلْأَحَدِ" lemma="أَحَد" pos="مصرفة منتظمة" prefix="ال" root="أحد" pattern="فَعَل" suffix="" />
			</annotation>
		</sentence>
		<sentence id="06888">
			<text>وَوُلِدَتْ اَلرَّاحِلَةُ بِمَدِينَةِ طَنْطَا (110 كِيلُو مِتْرَاتٍ شَمَالَ اَلْقَاهِرَةِ) عَامَ 1910 وَبَدَأَتْ دِرَاسَتَهَا بِمَدْرَسَةِ ضِيَاءِ اَلشَّرْقِ عَامَ 1916 ثُمَّ اِنْتَقَلَتْ وَوَالِدَتُهَا لِلْعَيْشِ فِي اَلْقَاهِرَةِ مَعَ خَالَتِهَا اَلْفَنَّانَةِ أَمِينَةَ مُحَمَّدٍ إِثْرَ وَفَاةِ وَالِدِهَا، حِينَ كَانَ عُمُرُهَا ثَمَانِي سَنَوَاتٍ.</text>
			<annotation>
				<ArabicLexical word="وَوُلِدَتْ" lemma="وَلَدَ" pos="مصرفة منتظمة" prefix="وَ" root="ولد" pattern="فُعِلَ" suffix="تْ" />
				<ArabicLexical word="اَلرَّاحِلَةُ" lemma="رَاحِل" pos="مصرفة منتظمة" prefix="ال" root="رحل" pattern="فَاعِل" suffix="ة" />
				<ArabicLexical word="بِمَدِينَةِ" lemma="مَدِينَة" pos="مصرفة منتظمة" prefix="بِ" root="مدن" pattern="فَعِيل" suffix="ة" />
				<ArabicLexical word="طَنْطَا" lemma="طَنْطَا" pos="غير عربية" prefix="" root="" pattern="" suffix="" />
				<ArabicLexical word="كِيلُو" lemma="كِيلُو" pos="معربة" prefix="" root="كِيلُو" pattern="كِيلُو" suffix="" />
				<ArabicLexical word="مِتْرَاتٍ" lemma="مِتْر" pos="مصرفة منتظمة" prefix="" root="متر" pattern="فِعْل" suffix="ات" />
				<ArabicLexical word="شَمَالَ" lemma="شَمَال" pos="مصرفة منتظمة" prefix="" root="شمل" pattern="فَعَال" suffix="" />
				<ArabicLexical word="اَلْقَاهِرَةِ" lemma="قَاهِرَة" pos="مصرفة منتظمة" prefix="ال" root="قهر" pattern="فَاعِل" suffix="ة" />
				<ArabicLexical word="عَامَ" lemma="عَام" pos="مصرفة منتظمة" prefix="" root="عوم" pattern="فَعل" suffix="" />
				<ArabicLexical word="وَبَدَأَتْ" lemma="بَدَأَ" pos="مصرفة منتظمة" prefix="وَ" root="بدأ" pattern="فَعَلَ" suffix="تْ" />
				<ArabicLexical word="دِرَاسَتَهَا" lemma="دِرَاسَة" pos="مصرفة منتظمة" prefix="" root="درس" pattern="فِعَال" suffix="تهَا" />
				<ArabicLexical word="بِمَدْرَسَةِ" lemma="مَدْرَسَة" pos="مصرفة منتظمة" prefix="بِ" root="درس" pattern="مَفْعَل" suffix="ة" />
				<ArabicLexical word="ضِيَاءِ" lemma="ضِيَاء" pos="مصرفة منتظمة" prefix="" root="ضوأ" pattern="فِعَال" suffix="" />
				<ArabicLexical word="اَلشَّرْقِ" lemma="شَرْق" pos="مصرفة منتظمة" prefix="ال" root="شرق" pattern="فَعْل" suffix="" />
				<ArabicLexical word="عَامَ" lemma="عَام" pos="مصرفة منتظمة" prefix="" root="عوم" pattern="فَعل" suffix="" />
				<ArabicLexical word="ثُمَّ" lemma="ثُمَّ" pos="جامدة" prefix="" root="ثُمَّ" pattern="ثُمَّ" suffix="" />
				<ArabicLexical word="اِنْتَقَلَتْ" lemma="انْتَقَلَ" pos="مصرفة منتظمة" prefix="" root="نقل" pattern="اِفْتَعَلَ" suffix="تْ" />
				<ArabicLexical word="وَوَالِدَتُهَا" lemma="وَالِد" pos="مصرفة منتظمة" prefix="وَ" root="ولد" pattern="فَاعِل" suffix="تهَا" />
				<ArabicLexical word="لِلْعَيْشِ" lemma="عَيْش" pos="مصرفة منتظمة" prefix="لِل" root="عيش" pattern="فَعْل" suffix="" />
				<ArabicLexical word="فِي" lemma="فِي" pos="جامدة" prefix="" root="فِي" pattern="فِي" suffix="" />
				<ArabicLexical word="اَلْقَاهِرَةِ" lemma="قَاهِرَة" pos="مصرفة منتظمة" prefix="ال" root="قهر" pattern="فَاعِل" suffix="ة" />
				<ArabicLexical word="مَعَ" lemma="مَعَ" pos="جامدة" prefix="" root="مَعَ" pattern="مَعَ" suffix="" />
				<ArabicLexical word="خَالَتِهَا" lemma="خَال" pos="مصرفة منتظمة" prefix="" root="خول" pattern="فَعل" suffix="تهَا" />
				<ArabicLexical word="اَلْفَنَّانَةِ" lemma="فَنَّان" pos="مصرفة منتظمة" prefix="ال" root="فنن" pattern="فَعَّال" suffix="ة" />
				<ArabicLexical word="أَمِينَةَ" lemma="أَمِين" pos="مصرفة منتظمة" prefix="" root="أمن" pattern="فَعِيل" suffix="ة" />
				<ArabicLexical word="مُحَمَّدٍ" lemma="مُحَمَّد" pos="مصرفة منتظمة" prefix="" root="حمد" pattern="مُفَعَّل" suffix="" />
				<ArabicLexical word="إِثْرَ" lemma="إِثْر" pos="مصرفة منتظمة" prefix="" root="أثر" pattern="فِعْل" suffix="" />
				<ArabicLexical word="وَفَاةِ" lemma="وَفَاة" pos="مصرفة منتظمة" prefix="" root="وفي" pattern="فَعَل" suffix="ة" />
				<ArabicLexical word="وَالِدِهَا" lemma="وَالِد" pos="مصرفة منتظمة" prefix="" root="ولد" pattern="فَاعِل" suffix="هَا" />
				<ArabicLexical word="حِينَ" lemma="حِين" pos="مصرفة منتظمة" prefix="" root="حين" pattern="فِعل" suffix="" />
				<ArabicLexical word="كَانَ" lemma="كَانَ" pos="مصرفة منتظمة" prefix="" root="كون" pattern="فَعلَ" suffix="" />
				<ArabicLexical word="عُمُرُهَا" lemma="عُمُر" pos="مصرفة منتظمة" prefix="" root="عمر" pattern="فُعُل" suffix="هَا" />
				<ArabicLexical word="ثَمَانِي" lemma="ثَمَان" pos="مصرفة منتظمة" prefix="" root="ثمن" pattern="فَعَالِي" suffix="" />
				<ArabicLexical word="سَنَوَاتٍ" lemma="سَنَة" pos="استثناء صرفي" prefix="" root="سنه" pattern="سَنَوَ" suffix="ات" />
			</annotation>
		</sentence>
		<sentence id="06889">
			<text>وَظَهَرَتْ اَلْفَنَّانَةُ لِأَوَّلِ مَرَّةٍ عَلَى خَشَبَةِ اَلْمَسْرَحِ عَامَ 1922 حَيْثُ قَامَتْ بِالْغِنَاءِ إِلَى جِوَارِ خَالَتِهَا فِي إِحْدَى مَسْرَحِيَّاتِ فِرْقَةِ عَلِيٍّ اَلْكَسَّارِ فِي مَسَارِحِ رَوْضِ اَلْفَرَجِ، وَانْتَقَلَتْ لِلْعَمَلِ مَعَ فِرْقَةِ رَمْسِيسْ اَلْمَسْرَحِيَّةِ اَلَّتِي أَسَّسَهَا عَمِيدُ اَلْمَسْرَحِ اَلْعَرَبِيِّ يُوسُفُ وَهْبِي عَامَ 1924 حَيْثُ ظَهَرَتْ فِي مَسْرَحِيَّةِ رَاسْبُوتِينْ.</text>
			<annotation>
				<ArabicLexical word="وَظَهَرَتْ" lemma="ظَهَرَ" pos="مصرفة منتظمة" prefix="وَ" root="ظهر" pattern="فَعَلَ" suffix="تْ" />
				<ArabicLexical word="اَلْفَنَّانَةُ" lemma="فَنَّان" pos="مصرفة منتظمة" prefix="ال" root="فنن" pattern="فَعَّال" suffix="ة" />
				<ArabicLexical word="لِأَوَّلِ" lemma="أَوَّل" pos="استثناء صرفي" prefix="لِ" root="أول" pattern="أَوَّل" suffix="" />
				<ArabicLexical word="مَرَّةٍ" lemma="مَرَّة" pos="مصرفة منتظمة" prefix="" root="مرر" pattern="فَلّ" suffix="ة" />
				<ArabicLexical word="عَلَى" lemma="عَلَى" pos="جامدة" prefix="" root="عَلَى" pattern="عَلَى" suffix="" />
				<ArabicLexical word="خَشَبَةِ" lemma="خَشَب" pos="مصرفة منتظمة" prefix="" root="خشب" pattern="فَعَل" suffix="ة" />
				<ArabicLexical word="اَلْمَسْرَحِ" lemma="مَسْرَح" pos="مصرفة منتظمة" prefix="ال" root="سرح" pattern="مَفْعَل" suffix="" />
				<ArabicLexical word="عَامَ" lemma="عَام" pos="مصرفة منتظمة" prefix="" root="عوم" pattern="فَعل" suffix="" />
				<ArabicLexical word="حَيْثُ" lemma="حَيْثُ" pos="جامدة" prefix="" root="حَيْثُ" pattern="حَيْثُ" suffix="" />
				<ArabicLexical word="قَامَتْ" lemma="قَامَ" pos="مصرفة منتظمة" prefix="" root="قوم" pattern="فَعلَ" suffix="تْ" />
				<ArabicLexical word="بِالْغِنَاءِ" lemma="غِنَاء" pos="مصرفة منتظمة" prefix="بِال" root="غني" pattern="فِعَال" suffix="" />
				<ArabicLexical word="إِلَى" lemma="إِلَى" pos="جامدة" prefix="" root="إِلَى" pattern="إِلَى" suffix="" />
				<ArabicLexical word="جِوَارِ" lemma="جِوَار" pos="مصرفة منتظمة" prefix="" root="جور" pattern="فِعَال" suffix="" />
				<ArabicLexical word="خَالَتِهَا" lemma="خَال" pos="مصرفة منتظمة" prefix="" root="خول" pattern="فَعل" suffix="تهَا" />
				<ArabicLexical word="فِي" lemma="فِي" pos="جامدة" prefix="" root="فِي" pattern="فِي" suffix="" />
				<ArabicLexical word="إِحْدَى" lemma="أَحَد" pos="استثناء صرفي" prefix="" root="أحد" pattern="إِحْدَى" suffix="" />
				<ArabicLexical word="مَسْرَحِيَّاتِ" lemma="مَسْرَحِيَّة" pos="مصرفة منتظمة" prefix="" root="سرح" pattern="مَفْعَل" suffix="يَّات" />
				<ArabicLexical word="فِرْقَةِ" lemma="فِرْقَة" pos="مصرفة منتظمة" prefix="" root="فرق" pattern="فِعْل" suffix="ة" />
				<ArabicLexical word="عَلِيٍّ" lemma="عَلِيّ" pos="مصرفة منتظمة" prefix="" root="علو" pattern="فَعِلّ" suffix="" />
				<ArabicLexical word="اَلْكَسَّارِ" lemma="كَسَّار" pos="مصرفة منتظمة" prefix="ال" root="كسر" pattern="فَعَّال" suffix="" />
				<ArabicLexical word="فِي" lemma="فِي" pos="جامدة" prefix="" root="فِي" pattern="فِي" suffix="" />
				<ArabicLexical word="مَسَارِحِ" lemma="مَسْرَح" pos="مصرفة منتظمة" prefix="" root="سرح" pattern="مَفَاعِل" suffix="" />
				<ArabicLexical word="رَوْضِ" lemma="رَوْضَة" pos="مصرفة منتظمة" prefix="" root="روض" pattern="فَعْل" suffix="" />
				<ArabicLexical word="اَلْفَرَجِ" lemma="فَرَج" pos="مصرفة منتظمة" prefix="ال" root="فرج" pattern="فَعَل" suffix="" />
				<ArabicLexical word="وَانْتَقَلَتْ" lemma="انْتَقَلَ" pos="مصرفة منتظمة" prefix="وَ" root="نقل" pattern="اِفْتَعَلَ" suffix="تْ" />
				<ArabicLexical word="لِلْعَمَلِ" lemma="عَمَل" pos="مصرفة منتظمة" prefix="لِل" root="عمل" pattern="فَعَل" suffix="" />
				<ArabicLexical word="مَعَ" lemma="مَعَ" pos="جامدة" prefix="" root="مَعَ" pattern="مَعَ" suffix="" />
				<ArabicLexical word="فِرْقَةِ" lemma="فِرْقَة" pos="مصرفة منتظمة" prefix="" root="فرق" pattern="فِعْل" suffix="ة" />
				<ArabicLexical word="رَمْسِيسْ" lemma="" pos="غير عربية" prefix="" root="" pattern="" suffix="" />
				<ArabicLexical word="اَلْمَسْرَحِيَّةِ" lemma="مَسْرَحِيَّة" pos="مصرفة منتظمة" prefix="ال" root="سرح" pattern="مَفْعَل" suffix="يَّة" />
				<ArabicLexical word="اَلَّتِي" lemma="اَلَّذِي" pos="جامدة" prefix="ال" root="اَلَّذِي" pattern="لَتِي" suffix="" />
				<ArabicLexical word="أَسَّسَهَا" lemma="أَسَّسَ" pos="مصرفة منتظمة" prefix="" root="أسس" pattern="فَعَّلَ" suffix="هَا" />
				<ArabicLexical word="عَمِيدُ" lemma="عَمِيد" pos="مصرفة منتظمة" prefix="" root="عمد" pattern="فَعِيل" suffix="" />
				<ArabicLexical word="اَلْمَسْرَحِ" lemma="مَسْرَح" pos="مصرفة منتظمة" prefix="ال" root="سرح" pattern="مَفْعَل" suffix="" />
				<ArabicLexical word="اَلْعَرَبِيِّ" lemma="عَرَبِيّ" pos="مصرفة منتظمة" prefix="ال" root="عرب" pattern="فَعَل" suffix="يّ" />
				<ArabicLexical word="يُوسُفُ" lemma="يُوسُف" pos="معربة" prefix="" root="يُوسُف" pattern="يُوسُف" suffix="" />
				<ArabicLexical word="وَهْبِي" lemma="وَهْب" pos="مصرفة منتظمة" prefix="" root="وهب" pattern="فَعْل" suffix="ي" />
				<ArabicLexical word="عَامَ" lemma="عَام" pos="مصرفة منتظمة" prefix="" root="عوم" pattern="فَعل" suffix="" />
				<ArabicLexical word="حَيْثُ" lemma="حَيْثُ" pos="جامدة" prefix="" root="حَيْثُ" pattern="حَيْثُ" suffix="" />
				<ArabicLexical word="ظَهَرَتْ" lemma="ظَهَرَ" pos="مصرفة منتظمة" prefix="" root="ظهر" pattern="فَعَلَ" suffix="تْ" />
				<ArabicLexical word="فِي" lemma="فِي" pos="جامدة" prefix="" root="فِي" pattern="فِي" suffix="" />
				<ArabicLexical word="مَسْرَحِيَّةِ" lemma="مَسْرَحِيَّة" pos="مصرفة منتظمة" prefix="" root="سرح" pattern="مَفْعَل" suffix="يَّة" />
				<ArabicLexical word="رَاسْبُوتِينْ" lemma="" pos="غير عربية" prefix="" root="" pattern="" suffix="" />
			</annotation>
		</sentence>
		<sentence id="06890">
			<text>وَكَانَ هذَا اَلِانْتِقَالُ وَرَاءَ شُهْرَةِ أَمِينَةَ رِزْقٍ اَلَّتِي أَصْبَحَتْ إِحْدَى اَلشَّخْصِيَّاتِ اَلْأَسَاسِيَّةِ فِي اَلْمَسْرَحِيَّاتِ اَلَّتِي قَدَّمَتْهَا اَلْفِرْقَةُ، وَكَذلِكَ فِي اَلْأَفْلَامِ اَلَّتِي أَنْتَجَهَا يُوسُفُ وَهْبِي.</text>
			<annotation>
				<ArabicLexical word="وَكَانَ" lemma="كَانَ" pos="مصرفة منتظمة" prefix="وَ" root="كون" pattern="فَعلَ" suffix="" />
				<ArabicLexical word="هذَا" lemma="ذَا" pos="جامدة" prefix="" root="ذَا" pattern="هذَا" suffix="" />
				<ArabicLexical word="اَلِانْتِقَالُ" lemma="انْتِقَال" pos="مصرفة منتظمة" prefix="ال" root="نقل" pattern="اِفْتِعَال" suffix="" />
				<ArabicLexical word="وَرَاءَ" lemma="وَرَاء" pos="مصرفة منتظمة" prefix="" root="وري" pattern="فَعَال" suffix="" />
				<ArabicLexical word="شُهْرَةِ" lemma="شُهْرَة" pos="مصرفة منتظمة" prefix="" root="شهر" pattern="فُعْل" suffix="ة" />
				<ArabicLexical word="أَمِينَةَ" lemma="أَمِين" pos="مصرفة منتظمة" prefix="" root="أمن" pattern="فَعِيل" suffix="ة" />
				<ArabicLexical word="رِزْقٍ" lemma="رِزْق" pos="مصرفة منتظمة" prefix="" root="رزق" pattern="فِعْل" suffix="" />
				<ArabicLexical word="اَلَّتِي" lemma="اَلَّذِي" pos="جامدة" prefix="ال" root="اَلَّذِي" pattern="لَتِي" suffix="" />
				<ArabicLexical word="أَصْبَحَتْ" lemma="أَصْبَحَ" pos="مصرفة منتظمة" prefix="" root="صبح" pattern="أَفْعَلَ" suffix="تْ" />
				<ArabicLexical word="إِحْدَى" lemma="أَحَد" pos="استثناء صرفي" prefix="" root="أحد" pattern="إِحْدَى" suffix="" />
				<ArabicLexical word="اَلشَّخْصِيَّاتِ" lemma="شَخْصِيَّة" pos="مصرفة منتظمة" prefix="ال" root="شخص" pattern="فَعْل" suffix="يَّات" />
				<ArabicLexical word="اَلْأَسَاسِيَّةِ" lemma="أَسَاسِيّ" pos="مصرفة منتظمة" prefix="ال" root="أسس" pattern="فَعَال" suffix="يَّة" />
				<ArabicLexical word="فِي" lemma="فِي" pos="جامدة" prefix="" root="فِي" pattern="فِي" suffix="" />
				<ArabicLexical word="اَلْمَسْرَحِيَّاتِ" lemma="مَسْرَحِيَّة" pos="مصرفة منتظمة" prefix="ال" root="سرح" pattern="مَفْعَل" suffix="يَّات" />
				<ArabicLexical word="اَلَّتِي" lemma="اَلَّذِي" pos="جامدة" prefix="ال" root="اَلَّذِي" pattern="لَتِي" suffix="" />
				<ArabicLexical word="قَدَّمَتْهَا" lemma="قَدَّمَ" pos="مصرفة منتظمة" prefix="" root="قدم" pattern="فَعَّلَ" suffix="تْهَا" />
				<ArabicLexical word="اَلْفِرْقَةُ" lemma="فِرْقَة" pos="مصرفة منتظمة" prefix="ال" root="فرق" pattern="فِعْل" suffix="ة" />
				<ArabicLexical word="وَكَذلِكَ" lemma="ذَا" pos="جامدة" prefix="وَكَ" root="ذَا" pattern="ذلِ" suffix="كَ" />
				<ArabicLexical word="فِي" lemma="فِي" pos="جامدة" prefix="" root="فِي" pattern="فِي" suffix="" />
				<ArabicLexical word="اَلْأَفْلَامِ" lemma="فِيلْم" pos="معربة" prefix="ال" root="فِيلْم" pattern="أَفْلَام" suffix="" />
				<ArabicLexical word="اَلَّتِي" lemma="اَلَّذِي" pos="جامدة" prefix="ال" root="اَلَّذِي" pattern="لَتِي" suffix="" />
				<ArabicLexical word="أَنْتَجَهَا" lemma="أَنْتَجَ" pos="مصرفة منتظمة" prefix="" root="نتج" pattern="أَفْعَلَ" suffix="هَا" />
				<ArabicLexical word="يُوسُفُ" lemma="يُوسُف" pos="معربة" prefix="" root="يُوسُف" pattern="يُوسُف" suffix="" />
				<ArabicLexical word="وَهْبِي" lemma="وَهْب" pos="مصرفة منتظمة" prefix="" root="وهب" pattern="فَعْل" suffix="ي" />
			</annotation>
		</sentence>
		<sentence id="06891">
			<text>وَمِنْ أَبْرَزِ مَسْرَحِيَّاتِهَا اَلَّتِي قَدَّمَتْهَا فِي اَلسِّتِينِيَّاتِ وَالسَّبِعِينِيَّاتِ اَلسِّنْيُورَةْ، وَالْمَسْرَحِيَّةُ اَلْكُومِيدِيَّةُ إِنَّهَا حَقًّا عَائِلَةٌ مُحْتَرَمَةٌ جِدًّا، وَكَانَ آخِرُ مَا قَدَّمَتْهُ عَلَى خَشَبَةِ اَلْمَسْرَحِ قَبْلَ شُهُورٍ مَسْرَحِيَّةُ تَوْفِيقِ اَلْحَكِيمِ يَا طَالِعَ اَلشَّجَرَةِ إِلَى جَانِبِ اَلْفَنَّانِ أَحْمَدَ فُؤَادِ سَلِيمٍ.</text>
			<annotation>
				<ArabicLexical word="وَمِنْ" lemma="مِنْ" pos="جامدة" prefix="وَ" root="مِنْ" pattern="مِنْ" suffix="" />
				<ArabicLexical word="أَبْرَزِ" lemma="أَبْرَز" pos="مصرفة منتظمة" prefix="" root="برز" pattern="أَفْعَل" suffix="" />
				<ArabicLexical word="مَسْرَحِيَّاتِهَا" lemma="مَسْرَحِيّ" pos="مصرفة منتظمة" prefix="" root="سرح" pattern="مَفْعَل" suffix="يَّاتهَا" />
				<ArabicLexical word="اَلَّتِي" lemma="اَلَّذِي" pos="جامدة" prefix="ال" root="اَلَّذِي" pattern="لَتِي" suffix="" />
				<ArabicLexical word="قَدَّمَتْهَا" lemma="قَدَّمَ" pos="مصرفة منتظمة" prefix="" root="قدم" pattern="فَعَّلَ" suffix="تْهَا" />
				<ArabicLexical word="فِي" lemma="فِي" pos="جامدة" prefix="" root="فِي" pattern="فِي" suffix="" />
				<ArabicLexical word="اَلسِّتِّينِيَّاتِ" lemma="سِتِّينِيّ" pos="غير عربية" prefix="" root="" pattern="" suffix="" />
				<ArabicLexical word="وَالسَّبْعِينِيَّاتِ" lemma="سَبْعِينِيّ" pos="غير عربية" prefix="" root="" pattern="" suffix="" />
				<ArabicLexical word="اَلسِّنْيُورَةْ" lemma="سِنْيُورَة" pos="غير عربية" prefix="" root="" pattern="" suffix="" />
				<ArabicLexical word="وَالْمَسْرَحِيَّةُ" lemma="مَسْرَحِيّ" pos="مصرفة منتظمة" prefix="وَال" root="سرح" pattern="مَفْعَل" suffix="يَّة" />
				<ArabicLexical word="اَلْكُومِيدِيَّةُ" lemma="كُومِيدِيّ" pos="غير عربية" prefix="" root="" pattern="" suffix="" />
				<ArabicLexical word="إِنَّهَا" lemma="أَنَّ" pos="جامدة" prefix="" root="إِنَّ" pattern="إِنَّ" suffix="هَا" />
				<ArabicLexical word="حَقًّا" lemma="حَقّ" pos="مصرفة منتظمة" prefix="" root="حقق" pattern="فَلّ" suffix="" />
				<ArabicLexical word="عَائِلَةٌ" lemma="عَائِلَة" pos="مصرفة منتظمة" prefix="" root="عول" pattern="فَاعِل" suffix="ة" />
				<ArabicLexical word="مُحْتَرَمَةٌ" lemma="مُحْتَرَم" pos="مصرفة منتظمة" prefix="" root="حرم" pattern="مُفْتَعَل" suffix="ة" />
				<ArabicLexical word="جِدًّا" lemma="جِدّ" pos="مصرفة منتظمة" prefix="" root="جدد" pattern="فِلّ" suffix="" />
				<ArabicLexical word="وَكَانَ" lemma="كَانَ" pos="مصرفة منتظمة" prefix="وَ" root="كون" pattern="فَعلَ" suffix="" />
				<ArabicLexical word="آخِرُ" lemma="آخِر" pos="مصرفة منتظمة" prefix="" root="أخر" pattern="فَاعِل" suffix="" />
				<ArabicLexical word="مَا" lemma="مَا" pos="جامدة" prefix="" root="اَلَّذِي" pattern="مَا" suffix="" />
				<ArabicLexical word="قَدَّمَتْهُ" lemma="قَدَّمَ" pos="مصرفة منتظمة" prefix="" root="قدم" pattern="فَعَّلَ" suffix="تْهُ" />
				<ArabicLexical word="عَلَى" lemma="عَلَى" pos="جامدة" prefix="" root="عَلَى" pattern="عَلَى" suffix="" />
				<ArabicLexical word="خَشَبَةِ" lemma="خَشَب" pos="مصرفة منتظمة" prefix="" root="خشب" pattern="فَعَل" suffix="ة" />
				<ArabicLexical word="اَلْمَسْرَحِ" lemma="مَسْرَح" pos="مصرفة منتظمة" prefix="ال" root="سرح" pattern="مَفْعَل" suffix="" />
				<ArabicLexical word="قَبْلَ" lemma="قَبْلَ" pos="مصرفة منتظمة" prefix="" root="قبل" pattern="فَعْل" suffix="" />
				<ArabicLexical word="شُهُورٍ" lemma="شَهْر" pos="مصرفة منتظمة" prefix="" root="شهر" pattern="فُعُول" suffix="" />
				<ArabicLexical word="مَسْرَحِيَّةُ" lemma="مَسْرَحِيَّة" pos="مصرفة منتظمة" prefix="" root="سرح" pattern="مَفْعَل" suffix="يَّة" />
				<ArabicLexical word="تَوْفِيقِ" lemma="تَوْفِيق" pos="مصرفة منتظمة" prefix="" root="وفق" pattern="تَفْعِيل" suffix="" />
				<ArabicLexical word="اَلْحَكِيمِ" lemma="حَكِيم" pos="مصرفة منتظمة" prefix="ال" root="حكم" pattern="فَعِيل" suffix="" />
				<ArabicLexical word="يَا" lemma="يَا" pos="جامدة" prefix="" root="يَا" pattern="يَا" suffix="" />
				<ArabicLexical word="طَالِعَ" lemma="طَالِع" pos="مصرفة منتظمة" prefix="" root="طلع" pattern="فَاعِل" suffix="" />
				<ArabicLexical word="اَلشَّجَرَةِ" lemma="شَجَرَة" pos="مصرفة منتظمة" prefix="ال" root="شجر" pattern="فَعَل" suffix="ة" />
				<ArabicLexical word="إِلَى" lemma="إِلَى" pos="جامدة" prefix="" root="إِلَى" pattern="إِلَى" suffix="" />
				<ArabicLexical word="جَانِبِ" lemma="جَانِب" pos="مصرفة منتظمة" prefix="" root="جنب" pattern="فَاعِل" suffix="" />
				<ArabicLexical word="اَلْفَنَّانِ" lemma="فَنَّان" pos="مصرفة منتظمة" prefix="ال" root="فنن" pattern="فَعَّال" suffix="" />
				<ArabicLexical word="أَحْمَدَ" lemma="أَحْمَد" pos="مصرفة منتظمة" prefix="" root="حمد" pattern="أَفْعَل" suffix="" />
				<ArabicLexical word="فُؤَادِ" lemma="فُؤَاد" pos="مصرفة منتظمة" prefix="" root="فأد" pattern="فُعَال" suffix="" />
				<ArabicLexical word="سَلِيمٍ" lemma="سَلِيم" pos="مصرفة منتظمة" prefix="" root="سلم" pattern="فَعِيل" suffix="" />
			</annotation>
		</sentence>
		<sentence id="06892">
			<text>وَكَانَ مَرْكَزُ اَلْهَنَاجِرِ لِلْفُنُونِ قَدْ اِحْتَفَلَ نِهَايَةَ 2002 بِالرَّاحِلَةِ بِمُنَاسَبَةِ مُرُورِ 80 عَامًا عَلَى وَقُوفِهَا عَلَى خَشَبَةِ اَلْمَسْرَحِ خِلَالَ تَأْدِيَتِهَا دَوْرَ اَلرَّاوِيَةِ فِي مَسْرَحِيَّةِ عَبْدِ اَللّهِ اَلطُّوخَى أَلْفِ لَيْلَةٍ وَلَيْلَةٍ اَلَّتِي قُدِّمَتْ عَلَى مَدَارِ شَهْرَيْنِ فِي مَسْرَحِ اَلْهَنَاجِرْ.</text>
			<annotation>
				<ArabicLexical word="وَكَانَ" lemma="كَانَ" pos="مصرفة منتظمة" prefix="وَ" root="كون" pattern="فَعلَ" suffix="" />
				<ArabicLexical word="مَرْكَزُ" lemma="مَرْكَز" pos="مصرفة منتظمة" prefix="" root="ركز" pattern="مَفْعَل" suffix="" />
				<ArabicLexical word="اَلْهَنَاجِرِ" lemma="+" pos="غير عربية" prefix="" root="" pattern="" suffix="" />
				<ArabicLexical word="لِلْفُنُونِ" lemma="فَنّ" pos="مصرفة منتظمة" prefix="لِل" root="فنن" pattern="فُعُول" suffix="" />
				<ArabicLexical word="قَدْ" lemma="قَدْ" pos="جامدة" prefix="" root="قَدْ" pattern="قَدْ" suffix="" />
				<ArabicLexical word="اِحْتَفَلَ" lemma="احْتَفَلَ" pos="مصرفة منتظمة" prefix="" root="حفل" pattern="اِفْتَعَلَ" suffix="" />
				<ArabicLexical word="نِهَايَةَ" lemma="نِهَايَة" pos="مصرفة منتظمة" prefix="" root="نهي" pattern="فِعَال" suffix="ة" />
				<ArabicLexical word="بِالرَّاحِلَةِ" lemma="رَاحِل" pos="مصرفة منتظمة" prefix="بِال" root="رحل" pattern="فَاعِل" suffix="ة" />
				<ArabicLexical word="بِمُنَاسَبَةِ" lemma="مُنَاسَبَة" pos="مصرفة منتظمة" prefix="بِ" root="نسب" pattern="مُفَاعَل" suffix="ة" />
				<ArabicLexical word="مُرُورِ" lemma="مُرُور" pos="مصرفة منتظمة" prefix="" root="مرر" pattern="فُعُول" suffix="" />
				<ArabicLexical word="عَامًا" lemma="عَام" pos="مصرفة منتظمة" prefix="" root="عوم" pattern="فَعل" suffix="" />
				<ArabicLexical word="عَلَى" lemma="عَلَى" pos="جامدة" prefix="" root="عَلَى" pattern="عَلَى" suffix="" />
				<ArabicLexical word="وَقُوفِهَا" lemma="-" pos="مصرفة منتظمة" prefix="" root="وقف" pattern="فَعُول" suffix="هَا" />
				<ArabicLexical word="عَلَى" lemma="عَلَى" pos="جامدة" prefix="" root="عَلَى" pattern="عَلَى" suffix="" />
				<ArabicLexical word="خَشَبَةِ" lemma="خَشَب" pos="مصرفة منتظمة" prefix="" root="خشب" pattern="فَعَل" suffix="ة" />
				<ArabicLexical word="اَلْمَسْرَحِ" lemma="مَسْرَح" pos="مصرفة منتظمة" prefix="ال" root="سرح" pattern="مَفْعَل" suffix="" />
				<ArabicLexical word="خِلَالَ" lemma="خِلَال" pos="مصرفة منتظمة" prefix="" root="خلل" pattern="فِعَال" suffix="" />
				<ArabicLexical word="تَأْدِيَتِهَا" lemma="تَأْدِيَة" pos="مصرفة منتظمة" prefix="" root="أدي" pattern="تَفْعِلَ" suffix="تهَا" />
				<ArabicLexical word="دَوْرَ" lemma="دَوْر" pos="مصرفة منتظمة" prefix="" root="دور" pattern="فَعْل" suffix="" />
				<ArabicLexical word="اَلرَّاوِيَةِ" lemma="رَاوِيَة" pos="مصرفة منتظمة" prefix="ال" root="روي" pattern="فَاعِل" suffix="ة" />
				<ArabicLexical word="فِي" lemma="فِي" pos="جامدة" prefix="" root="فِي" pattern="فِي" suffix="" />
				<ArabicLexical word="مَسْرَحِيَّةِ" lemma="مَسْرَحِيَّة" pos="مصرفة منتظمة" prefix="" root="سرح" pattern="مَفْعَل" suffix="يَّة" />
				<ArabicLexical word="عَبْدِ" lemma="عَبْد" pos="مصرفة منتظمة" prefix="" root="عبد" pattern="فَعْل" suffix="" />
				<ArabicLexical word="اَللّهِ" lemma="الله" pos="استثناء صرفي" prefix="ال" root="أله" pattern="له" suffix="" />
				<ArabicLexical word="اَلطُّوخَى" lemma="-" pos="مصرفة منتظمة" prefix="ال" root="طيخ" pattern="فُعلَى" suffix="" />
				<ArabicLexical word="أَلْفِ" lemma="أَلْف" pos="مصرفة منتظمة" prefix="" root="ألف" pattern="فَعْل" suffix="" />
				<ArabicLexical word="لَيْلَةٍ" lemma="لَيْل" pos="مصرفة منتظمة" prefix="" root="ليل" pattern="فَعْل" suffix="ة" />
				<ArabicLexical word="وَلَيْلَةٍ" lemma="لَيْل" pos="مصرفة منتظمة" prefix="وَ" root="ليل" pattern="فَعْل" suffix="ة" />
				<ArabicLexical word="اَلَّتِي" lemma="اَلَّذِي" pos="جامدة" prefix="ال" root="اَلَّذِي" pattern="لَتِي" suffix="" />
				<ArabicLexical word="قُدِّمَتْ" lemma="قَدَّمَ" pos="مصرفة منتظمة" prefix="" root="قدم" pattern="فُعِّلَ" suffix="تْ" />
				<ArabicLexical word="عَلَى" lemma="عَلَى" pos="جامدة" prefix="" root="عَلَى" pattern="عَلَى" suffix="" />
				<ArabicLexical word="مَدَارِ" lemma="مَدَار" pos="مصرفة منتظمة" prefix="" root="دور" pattern="مَفَعل" suffix="" />
				<ArabicLexical word="شَهْرَيْنِ" lemma="شَهْر" pos="مصرفة منتظمة" prefix="" root="شهر" pattern="فَعْل" suffix="يْنِ" />
				<ArabicLexical word="فِي" lemma="فِي" pos="جامدة" prefix="" root="فِي" pattern="فِي" suffix="" />
				<ArabicLexical word="مَسْرَحِ" lemma="مَسْرَح" pos="مصرفة منتظمة" prefix="" root="سرح" pattern="مَفْعَل" suffix="" />
				<ArabicLexical word="اَلْهَنَاجِرْ" lemma="+" pos="غير عربية" prefix="" root="" pattern="" suffix="" />
			</annotation>
		</sentence>
		<sentence id="06893">
			<text>تَارِيخٌ لِلسِّينَمَا اَلْمِصْرِيَّةِ</text>
			<annotation>
				<ArabicLexical word="تَارِيخٌ" lemma="تَارِيخ" pos="استثناء صرفي" prefix="" root="أرخ" pattern="تَارِيخ" suffix="" />
				<ArabicLexical word="لِلسِّينِمَا" lemma="سِينِمَا" pos="غير عربية" prefix="" root="" pattern="" suffix="" />
				<ArabicLexical word="اَلْمِصْرِيَّةِ" lemma="مِصْرِيّ" pos="مصرفة منتظمة" prefix="ال" root="مصر" pattern="فِعْل" suffix="يَّة" />
			</annotation>
		</sentence>
		<sentence id="06894">
			<text>وَإِلَى جَانِبِ عَمَلِهَا فِي اَلْمَسْرَحِ فَإِنَّ حَيَاتَهَا تُعَدُّ تَارِيخًا لِلسِّينَمَا اَلْمِصْرِيَّةِ، حَيْثُ قَامَتْ بِأَحَدِ اَلْأَدْوَارِ فِي ثَانِي اَلْأَفْلَامِ فِي تَارِيخٍ لِلسِّينَمَا اَلْمِصْرِيَّةِ قُبْلَةٌ فِي اَلصَّحْرَاءِ اَلَّذِي عُرِضَ عَامَ 1924، وَتَلَاحَقَتْ بَعْدَهَا أَدْوَارُهَا فِي اَلسِّينَمَا حَتَّى وَصَلَتْ مُشَارَكَتُهَا فِي أَكْثَرَ مِنْ 100 فِيلْمٍ اِخْتِيرَ بَعْضُهَا -مِثْلُ دُعَاءِ اَلْكَرَوَانْ- مِنْ بَيْنِ أَفْضَلِ 100 فِيلْمٍ فِي تَارِيخِ اَلسِّينَمَا اَلْمِصْرِيَّةِ.</text>
			<annotation>
				<ArabicLexical word="وَإِلَى" lemma="إِلَى" pos="جامدة" prefix="وَ" root="إِلَى" pattern="إِلَى" suffix="" />
				<ArabicLexical word="جَانِبِ" lemma="جَانِب" pos="مصرفة منتظمة" prefix="" root="جنب" pattern="فَاعِل" suffix="" />
				<ArabicLexical word="عَمَلِهَا" lemma="عَمَل" pos="مصرفة منتظمة" prefix="" root="عمل" pattern="فَعَل" suffix="هَا" />
				<ArabicLexical word="فِي" lemma="فِي" pos="جامدة" prefix="" root="فِي" pattern="فِي" suffix="" />
				<ArabicLexical word="اَلْمَسْرَحِ" lemma="مَسْرَح" pos="مصرفة منتظمة" prefix="ال" root="سرح" pattern="مَفْعَل" suffix="" />
				<ArabicLexical word="فَإِنَّ" lemma="أَنَّ" pos="جامدة" prefix="فَ" root="إِنَّ" pattern="إِنَّ" suffix="" />
				<ArabicLexical word="حَيَاتَهَا" lemma="حَيَاة" pos="مصرفة منتظمة" prefix="" root="حيي" pattern="فَعَل" suffix="تهَا" />
				<ArabicLexical word="تُعَدُّ" lemma="عَدَّ" pos="مصرفة منتظمة" prefix="تُ" root="عدد" pattern="فَلّ" suffix="" />
				<ArabicLexical word="تَارِيخًا" lemma="تَارِيخ" pos="استثناء صرفي" prefix="" root="أرخ" pattern="تَارِيخ" suffix="" />
				<ArabicLexical word="لِلسِّينِمَا" lemma="سِينِمَا" pos="غير عربية" prefix="" root="" pattern="" suffix="" />
				<ArabicLexical word="اَلْمِصْرِيَّةِ" lemma="مِصْرِيّ" pos="مصرفة منتظمة" prefix="ال" root="مصر" pattern="فِعْل" suffix="يَّة" />
				<ArabicLexical word="حَيْثُ" lemma="حَيْثُ" pos="جامدة" prefix="" root="حَيْثُ" pattern="حَيْثُ" suffix="" />
				<ArabicLexical word="قَامَتْ" lemma="قَامَ" pos="مصرفة منتظمة" prefix="" root="قوم" pattern="فَعلَ" suffix="تْ" />
				<ArabicLexical word="بِأَحَدِ" lemma="أَحَد" pos="مصرفة منتظمة" prefix="بِ" root="أحد" pattern="فَعَل" suffix="" />
				<ArabicLexical word="اَلْأَدْوَارِ" lemma="دَوْر" pos="مصرفة منتظمة" prefix="ال" root="دور" pattern="أَفْعَال" suffix="" />
				<ArabicLexical word="فِي" lemma="فِي" pos="جامدة" prefix="" root="فِي" pattern="فِي" suffix="" />
				<ArabicLexical word="ثَانِي" lemma="ثَانِي" pos="مصرفة منتظمة" prefix="" root="ثني" pattern="فَاعِل" suffix="" />
				<ArabicLexical word="اَلْأَفْلَامِ" lemma="فِيلْم" pos="معربة" prefix="ال" root="فِيلْم" pattern="أَفْلَام" suffix="" />
				<ArabicLexical word="فِي" lemma="فِي" pos="جامدة" prefix="" root="فِي" pattern="فِي" suffix="" />
				<ArabicLexical word="تَارِيخٍ" lemma="تَارِيخ" pos="استثناء صرفي" prefix="" root="أرخ" pattern="تَارِيخ" suffix="" />
				<ArabicLexical word="لِلسِّينِمَا" lemma="سِينِمَا" pos="غير عربية" prefix="" root="" pattern="" suffix="" />
				<ArabicLexical word="اَلْمِصْرِيَّةِ" lemma="مِصْرِيّ" pos="مصرفة منتظمة" prefix="ال" root="مصر" pattern="فِعْل" suffix="يَّة" />
				<ArabicLexical word="قُبْلَةٌ" lemma="قُبْلَة" pos="مصرفة منتظمة" prefix="" root="قبل" pattern="فُعْل" suffix="ة" />
				<ArabicLexical word="فِي" lemma="فِي" pos="جامدة" prefix="" root="فِي" pattern="فِي" suffix="" />
				<ArabicLexical word="اَلصَّحْرَاءِ" lemma="صَحْرَاء" pos="مصرفة منتظمة" prefix="ال" root="صحر" pattern="فَعْلَاء" suffix="" />
				<ArabicLexical word="اَلَّذِي" lemma="اَلَّذِي" pos="جامدة" prefix="ال" root="اَلَّذِي" pattern="لَذِي" suffix="" />
				<ArabicLexical word="عُرِضَ" lemma="عَرَضَ" pos="مصرفة منتظمة" prefix="" root="عرض" pattern="فُعِلَ" suffix="" />
				<ArabicLexical word="عَامَ" lemma="عَام" pos="مصرفة منتظمة" prefix="" root="عوم" pattern="فَعل" suffix="" />
				<ArabicLexical word="وَتَلَاحَقَتْ" lemma="تَلاحَقَ" pos="مصرفة منتظمة" prefix="وَ" root="لحق" pattern="تَفَاعَلَ" suffix="تْ" />
				<ArabicLexical word="بَعْدَهَا" lemma="بَعْدَ" pos="مصرفة منتظمة" prefix="" root="بعد" pattern="فَعْل" suffix="هَا" />
				<ArabicLexical word="أَدْوَارُهَا" lemma="دَوْر" pos="مصرفة منتظمة" prefix="" root="دور" pattern="أَفْعَال" suffix="هَا" />
				<ArabicLexical word="فِي" lemma="فِي" pos="جامدة" prefix="" root="فِي" pattern="فِي" suffix="" />
				<ArabicLexical word="اَلسِّينِمَا" lemma="سِينِمَا" pos="غير عربية" prefix="" root="" pattern="" suffix="" />
				<ArabicLexical word="حَتَّى" lemma="حَتَّى" pos="جامدة" prefix="" root="حَتَّى" pattern="حَتَّى" suffix="" />
				<ArabicLexical word="وَصَلَتْ" lemma="وَصَلَ" pos="مصرفة منتظمة" prefix="" root="وصل" pattern="فَعَلَ" suffix="تْ" />
				<ArabicLexical word="مُشَارَكَتُهَا" lemma="مُشَارَكَة" pos="مصرفة منتظمة" prefix="" root="شرك" pattern="مُفَاعَل" suffix="تهَا" />
				<ArabicLexical word="فِي" lemma="فِي" pos="جامدة" prefix="" root="فِي" pattern="فِي" suffix="" />
				<ArabicLexical word="أَكْثَرَ" lemma="أَكْثَر" pos="مصرفة منتظمة" prefix="" root="كثر" pattern="أَفْعَل" suffix="" />
				<ArabicLexical word="مِنْ" lemma="مِنْ" pos="جامدة" prefix="" root="مِنْ" pattern="مِنْ" suffix="" />
				<ArabicLexical word="فِيلْمٍ" lemma="فِيلْم" pos="معربة" prefix="" root="فِيلْم" pattern="فِيلْم" suffix="" />
				<ArabicLexical word="اِخْتِيرَ" lemma="اخْتَارَ" pos="مصرفة منتظمة" prefix="" root="خير" pattern="اِفْتِعلَ" suffix="" />
				<ArabicLexical word="بَعْضُهَا" lemma="بَعْض" pos="مصرفة منتظمة" prefix="" root="بعض" pattern="فَعْل" suffix="هَا" />
				<ArabicLexical word="مِثْلُ" lemma="مِثْل" pos="مصرفة منتظمة" prefix="" root="مثل" pattern="فِعْل" suffix="" />
				<ArabicLexical word="دُعَاءِ" lemma="دُعَاء" pos="مصرفة منتظمة" prefix="" root="دعو" pattern="فُعَال" suffix="" />
				<ArabicLexical word="اَلْكَرَوَانْ" lemma="كَرَوَان" pos="غير عربية" prefix="" root="" pattern="" suffix="" />
				<ArabicLexical word="مِنْ" lemma="مِنْ" pos="جامدة" prefix="" root="مِنْ" pattern="مِنْ" suffix="" />
				<ArabicLexical word="بَيْنِ" lemma="بَيْن" pos="مصرفة منتظمة" prefix="" root="بين" pattern="فَعْل" suffix="" />
				<ArabicLexical word="أَفْضَلِ" lemma="أَفْضَل" pos="مصرفة منتظمة" prefix="" root="فضل" pattern="أَفْعَل" suffix="" />
				<ArabicLexical word="فِيلْمٍ" lemma="فِيلْم" pos="معربة" prefix="" root="فِيلْم" pattern="فِيلْم" suffix="" />
				<ArabicLexical word="فِي" lemma="فِي" pos="جامدة" prefix="" root="فِي" pattern="فِي" suffix="" />
				<ArabicLexical word="تَارِيخِ" lemma="تَارِيخ" pos="استثناء صرفي" prefix="" root="أرخ" pattern="تَارِيخ" suffix="" />
				<ArabicLexical word="اَلسِّينِمَا" lemma="سِينِمَا" pos="غير عربية" prefix="" root="" pattern="" suffix="" />
				<ArabicLexical word="اَلْمِصْرِيَّةِ" lemma="مِصْرِيّ" pos="مصرفة منتظمة" prefix="ال" root="مصر" pattern="فِعْل" suffix="يَّة" />
			</annotation>
		</sentence>
		<sentence id="06895">
			<text>وَكَانَتْ اَلرَّاحِلَةُ تُؤَدِّي فِي غَالِبِيَّةِ اَلْأَفْلَامِ اَلَّتِي قَدَّمَتْهَا دَوْرَ اَلْأُمِّ بَدْءًا مِنْ عَامِ 1945، وَلَمْ تَكُنْ قَدْ تَجَاوَزْتِ حِينَهَا ال 35 مِنْ عُمُرِهَا، فِي فِيلْمِ اَلْأُمِّ. وَتَتَالَتْ أَدْوَارُ اَلْأُمِّ فِي مُخْتَلَفِ اَلْأَفْلَامِ مِثْلِ دُعَاءِ اَلْكَرَوَانْ وبُورْ سَعِيدٍ وبِدَايَةٌ وَنِهَايَةٌ... وَكَذلِكَ قَدَّمَتْ فِي اَلْأَدْوَارِ اَلَّتِي قَامَتْ بِهَا صُورَةَ اَلزَّوْجَةِ اَلْعَاقِلَةِ وَالْمُضَحِّيَةِ مِنْ أَجْلِ أَبْنَائِهَا.</text>
			<annotation>
				<ArabicLexical word="وَكَانَتْ" lemma="كَانَ" pos="مصرفة منتظمة" prefix="وَ" root="كون" pattern="فَعلَ" suffix="تْ" />
				<ArabicLexical word="اَلرَّاحِلَةُ" lemma="رَاحِل" pos="مصرفة منتظمة" prefix="ال" root="رحل" pattern="فَاعِل" suffix="ة" />
				<ArabicLexical word="تُؤَدِّي" lemma="أَدَّى" pos="مصرفة منتظمة" prefix="ت" root="أدي" pattern="فَعِّل" suffix="" />
				<ArabicLexical word="فِي" lemma="فِي" pos="جامدة" prefix="" root="فِي" pattern="فِي" suffix="" />
				<ArabicLexical word="غَالِبِيَّةِ" lemma="غَالِبِيّ" pos="مصرفة منتظمة" prefix="" root="غلب" pattern="فَاعِل" suffix="يَّة" />
				<ArabicLexical word="اَلْأَفْلَامِ" lemma="فِيلْم" pos="معربة" prefix="ال" root="فِيلْم" pattern="أَفْلَام" suffix="" />
				<ArabicLexical word="اَلَّتِي" lemma="اَلَّذِي" pos="جامدة" prefix="ال" root="اَلَّذِي" pattern="لَتِي" suffix="" />
				<ArabicLexical word="قَدَّمَتْهَا" lemma="قَدَّمَ" pos="مصرفة منتظمة" prefix="" root="قدم" pattern="فَعَّلَ" suffix="تْهَا" />
				<ArabicLexical word="دَوْرَ" lemma="دَوْر" pos="مصرفة منتظمة" prefix="" root="دور" pattern="فَعْل" suffix="" />
				<ArabicLexical word="اَلْأُمِّ" lemma="أُمّ" pos="مصرفة منتظمة" prefix="ال" root="أمم" pattern="فُلّ" suffix="" />
				<ArabicLexical word="بَدْءًا" lemma="بَدْء" pos="مصرفة منتظمة" prefix="" root="بدأ" pattern="فَعْل" suffix="" />
				<ArabicLexical word="مِنْ" lemma="مِنْ" pos="جامدة" prefix="" root="مِنْ" pattern="مِنْ" suffix="" />
				<ArabicLexical word="عَامِ" lemma="عَام" pos="مصرفة منتظمة" prefix="" root="عوم" pattern="فَعل" suffix="" />
				<ArabicLexical word="وَلَمْ" lemma="لَمْ" pos="جامدة" prefix="وَ" root="لَمْ" pattern="لَمْ" suffix="" />
				<ArabicLexical word="تَكُنْ" lemma="كَانَ" pos="مصرفة منتظمة" prefix="ت" root="كون" pattern="فُعلْ" suffix="" />
				<ArabicLexical word="قَدْ" lemma="قَدْ" pos="جامدة" prefix="" root="قَدْ" pattern="قَدْ" suffix="" />
				<ArabicLexical word="تَجَاوَزْتِ" lemma="تَجَاوَزَ" pos="مصرفة منتظمة" prefix="" root="جوز" pattern="تَفَاعَلَ" suffix="تِ" />
				<ArabicLexical word="حِينَهَا" lemma="حِين" pos="مصرفة منتظمة" prefix="" root="حين" pattern="فِعل" suffix="هَا" />
				<ArabicLexical word="ال" lemma="+" pos="غير عربية" prefix="" root="" pattern="" suffix="" />
				<ArabicLexical word="مِنْ" lemma="مِنْ" pos="جامدة" prefix="" root="مِنْ" pattern="مِنْ" suffix="" />
				<ArabicLexical word="عُمُرِهَا" lemma="عُمُر" pos="مصرفة منتظمة" prefix="" root="عمر" pattern="فُعُل" suffix="هَا" />
				<ArabicLexical word="فِي" lemma="فِي" pos="جامدة" prefix="" root="فِي" pattern="فِي" suffix="" />
				<ArabicLexical word="فِيلْمِ" lemma="فِيلْم" pos="معربة" prefix="" root="فِيلْم" pattern="فِيلْم" suffix="" />
				<ArabicLexical word="اَلْأُمِّ" lemma="أُمّ" pos="مصرفة منتظمة" prefix="ال" root="أمم" pattern="فُلّ" suffix="" />
				<ArabicLexical word="وَتَتَالَتْ" lemma="تَتَالَى" pos="مصرفة منتظمة" prefix="وَ" root="تلو" pattern="تَفَاعَل" suffix="تْ" />
				<ArabicLexical word="أَدْوَارُ" lemma="دَوْر" pos="مصرفة منتظمة" prefix="" root="دور" pattern="أَفْعَال" suffix="" />
				<ArabicLexical word="اَلْأُمِّ" lemma="أُمّ" pos="مصرفة منتظمة" prefix="ال" root="أمم" pattern="فُلّ" suffix="" />
				<ArabicLexical word="فِي" lemma="فِي" pos="جامدة" prefix="" root="فِي" pattern="فِي" suffix="" />
				<ArabicLexical word="مُخْتَلَفِ" lemma="مُخْتَلَف" pos="مصرفة منتظمة" prefix="" root="خلف" pattern="مُفْتَعَل" suffix="" />
				<ArabicLexical word="اَلْأَفْلَامِ" lemma="فِيلْم" pos="معربة" prefix="ال" root="فِيلْم" pattern="أَفْلَام" suffix="" />
				<ArabicLexical word="مِثْلِ" lemma="مِثْل" pos="مصرفة منتظمة" prefix="" root="مثل" pattern="فِعْل" suffix="" />
				<ArabicLexical word="دُعَاءِ" lemma="دُعَاء" pos="مصرفة منتظمة" prefix="" root="دعو" pattern="فُعَال" suffix="" />
				<ArabicLexical word="اَلْكَرَوَانْ" lemma="كَرَوَان" pos="غير عربية" prefix="" root="" pattern="" suffix="" />
				<ArabicLexical word="و" lemma="+" pos="غير عربية" prefix="" root="" pattern="" suffix="" />
				<ArabicLexical word="بُورْ" lemma="+" pos="غير عربية" prefix="" root="" pattern="" suffix="" />
				<ArabicLexical word="سَعِيدٍ" lemma="سَعِيد" pos="مصرفة منتظمة" prefix="" root="سعد" pattern="فَعِيل" suffix="" />
				<ArabicLexical word="و" lemma="+" pos="غير عربية" prefix="" root="" pattern="" suffix="" />
				<ArabicLexical word="بِدَايَةٌ" lemma="بِدَايَة" pos="استثناء صرفي" prefix="" root="بدأ" pattern="بِدَايَ" suffix="ة" />
				<ArabicLexical word="وَنِهَايَةٌ" lemma="نِهَايَة" pos="مصرفة منتظمة" prefix="وَ" root="نهي" pattern="فِعَال" suffix="ة" />
				<ArabicLexical word="وَكَذلِكَ" lemma="ذَا" pos="جامدة" prefix="وَكَ" root="ذَا" pattern="ذلِ" suffix="كَ" />
				<ArabicLexical word="قَدَّمَتْ" lemma="قَدَّمَ" pos="مصرفة منتظمة" prefix="" root="قدم" pattern="فَعَّلَ" suffix="تْ" />
				<ArabicLexical word="فِي" lemma="فِي" pos="جامدة" prefix="" root="فِي" pattern="فِي" suffix="" />
				<ArabicLexical word="اَلْأَدْوَارِ" lemma="دَوْر" pos="مصرفة منتظمة" prefix="ال" root="دور" pattern="أَفْعَال" suffix="" />
				<ArabicLexical word="اَلَّتِي" lemma="اَلَّذِي" pos="جامدة" prefix="ال" root="اَلَّذِي" pattern="لَتِي" suffix="" />
				<ArabicLexical word="قَامَتْ" lemma="قَامَ" pos="مصرفة منتظمة" prefix="" root="قوم" pattern="فَعلَ" suffix="تْ" />
				<ArabicLexical word="بِهَا" lemma="بِي" pos="جامدة" prefix="" root="بِي" pattern="بِهَا" suffix="" />
				<ArabicLexical word="صُورَةَ" lemma="صُورَة" pos="مصرفة منتظمة" prefix="" root="صور" pattern="فُعل" suffix="ة" />
				<ArabicLexical word="اَلزَّوْجَةِ" lemma="زَوْجَة" pos="مصرفة منتظمة" prefix="ال" root="زوج" pattern="فَعْل" suffix="ة" />
				<ArabicLexical word="اَلْعَاقِلَةِ" lemma="عَاقِل" pos="مصرفة منتظمة" prefix="ال" root="عقل" pattern="فَاعِل" suffix="ة" />
				<ArabicLexical word="وَالْمُضَحِّيَةِ" lemma="مُضَحِّيَة" pos="مصرفة منتظمة" prefix="وَال" root="ضحو" pattern="مُفَعِّل" suffix="ة" />
				<ArabicLexical word="مِنْ" lemma="مِنْ" pos="جامدة" prefix="" root="مِنْ" pattern="مِنْ" suffix="" />
				<ArabicLexical word="أَجْلِ" lemma="أَجْل" pos="مصرفة منتظمة" prefix="" root="أجل" pattern="فَعْل" suffix="" />
				<ArabicLexical word="أَبْنَائِهَا" lemma="ابْن" pos="مصرفة منتظمة" prefix="" root="بنو" pattern="أَفْعَال" suffix="هَا" />
			</annotation>
		</sentence>
		<sentence id="06896">
			<text>وَلَمْ يَخْتَلِفْ دَوْرُهَا فِي اَلْمُسَلْسَلَاتِ اَلتِّلِفِزْيُونِيَّةِ اَلَّتِي قَدَّمَتْهَا عَنْ هذِهِ اَلِاتِّجَاهَاتِ فِي اَلسِّينَمَا، خُصُوصًا فِي مُسَلْسَلَيْ عُصْفُورِ اَلنَّارِ لِلْمُخْرِجِ مُحَمَّدِ فَاضِلٍ مَعَ اَلْفَنَّانِ مَحْمُودِ مُرْسِي وَفِرْدَوْسَ عَبْدِ اَلْحَمِيدِ، ووَقَالَ اَلْبَحْرُ، وأُوبْرَا عَايْدَةْ، وَغَيْرِهَا مِنْ اَلْمُسَلْسَلَاتِ اَلَّتِي تَجَاوَزَتْ اَلْعَشَرَاتِ، فَضْلًا عَنْ أَدْوَارِهَا اَلْإِذَاعِيَّةِ.</text>
			<annotation>
				<ArabicLexical word="وَلَمْ" lemma="لَمْ" pos="جامدة" prefix="وَ" root="لَمْ" pattern="لَمْ" suffix="" />
				<ArabicLexical word="يَخْتَلِفْ" lemma="اخْتَلَفَ" pos="مصرفة منتظمة" prefix="ي" root="خلف" pattern="اِفْتَعَلَ" suffix="" />
				<ArabicLexical word="دَوْرُهَا" lemma="دَوْر" pos="مصرفة منتظمة" prefix="" root="دور" pattern="فَعْل" suffix="هَا" />
				<ArabicLexical word="فِي" lemma="فِي" pos="جامدة" prefix="" root="فِي" pattern="فِي" suffix="" />
				<ArabicLexical word="اَلْمُسَلْسَلَاتِ" lemma="مُسَلْسَل" pos="مصرفة منتظمة" prefix="ال" root="سلسل" pattern="مُفَعْلَل" suffix="ات" />
				<ArabicLexical word="اَلتِّلِيفِزْيُونِيَّةِ" lemma="تِلِيفِزْيُونِيّ" pos="غير عربية" prefix="" root="" pattern="" suffix="" />
				<ArabicLexical word="اَلَّتِي" lemma="اَلَّذِي" pos="جامدة" prefix="ال" root="اَلَّذِي" pattern="لَتِي" suffix="" />
				<ArabicLexical word="قَدَّمَتْهَا" lemma="قَدَّمَ" pos="مصرفة منتظمة" prefix="" root="قدم" pattern="فَعَّلَ" suffix="تْهَا" />
				<ArabicLexical word="عَنْ" lemma="عَنْ" pos="جامدة" prefix="" root="عَنْ" pattern="عَنْ" suffix="" />
				<ArabicLexical word="هذِهِ" lemma="ذَا" pos="جامدة" prefix="" root="ذَا" pattern="هذِهِ" suffix="" />
				<ArabicLexical word="اَلِاتِّجَاهَاتِ" lemma="اتِّجَاه" pos="مصرفة منتظمة" prefix="ال" root="وجه" pattern="اِفِّعَال" suffix="ات" />
				<ArabicLexical word="فِي" lemma="فِي" pos="جامدة" prefix="" root="فِي" pattern="فِي" suffix="" />
				<ArabicLexical word="اَلسِّينِمَا" lemma="سِينِمَا" pos="غير عربية" prefix="" root="" pattern="" suffix="" />
				<ArabicLexical word="خُصُوصًا" lemma="خُصُوص" pos="مصرفة منتظمة" prefix="" root="خصص" pattern="فُعُول" suffix="" />
				<ArabicLexical word="فِي" lemma="فِي" pos="جامدة" prefix="" root="فِي" pattern="فِي" suffix="" />
				<ArabicLexical word="مُسَلْسَلَيْ" lemma="مُسَلْسَل" pos="مصرفة منتظمة" prefix="" root="سلسل" pattern="مُفَعْلَل" suffix="يْ" />
				<ArabicLexical word="عُصْفُورِ" lemma="عُصْفُور" pos="مصرفة منتظمة" prefix="" root="عصفر" pattern="فُعْلُول" suffix="" />
				<ArabicLexical word="اَلنَّارِ" lemma="نَار" pos="مصرفة منتظمة" prefix="ال" root="نور" pattern="فَعل" suffix="" />
				<ArabicLexical word="لِلْمُخْرِجِ" lemma="مُخْرِج" pos="مصرفة منتظمة" prefix="لِل" root="خرج" pattern="مُفْعِل" suffix="" />
				<ArabicLexical word="مُحَمَّدِ" lemma="مُحَمَّد" pos="مصرفة منتظمة" prefix="" root="حمد" pattern="مُفَعَّل" suffix="" />
				<ArabicLexical word="فَاضِلٍ" lemma="فَاضِل" pos="مصرفة منتظمة" prefix="" root="فضل" pattern="فَاعِل" suffix="" />
				<ArabicLexical word="مَعَ" lemma="مَعَ" pos="جامدة" prefix="" root="مَعَ" pattern="مَعَ" suffix="" />
				<ArabicLexical word="اَلْفَنَّانِ" lemma="فَنَّان" pos="مصرفة منتظمة" prefix="ال" root="فنن" pattern="فَعَّال" suffix="" />
				<ArabicLexical word="مَحْمُودِ" lemma="مَحْمُود" pos="مصرفة منتظمة" prefix="" root="حمد" pattern="مَفْعُول" suffix="" />
				<ArabicLexical word="مُرْسِي" lemma="مُرْس" pos="مصرفة منتظمة" prefix="" root="رسو" pattern="مُفْعِل" suffix="" />
				<ArabicLexical word="وَفِرْدَوْسَ" lemma="فِرْدَوْس" pos="استثناء صرفي" prefix="وَ" root="فردس" pattern="فِرْدَوْس" suffix="" />
				<ArabicLexical word="عَبْدِ" lemma="عَبْد" pos="مصرفة منتظمة" prefix="" root="عبد" pattern="فَعْل" suffix="" />
				<ArabicLexical word="اَلْحَمِيدِ" lemma="حَمِيد" pos="مصرفة منتظمة" prefix="ال" root="حمد" pattern="فَعِيل" suffix="" />
				<ArabicLexical word="و" lemma="+" pos="غير عربية" prefix="" root="" pattern="" suffix="" />
				<ArabicLexical word="وَقَالَ" lemma="قَالَ" pos="مصرفة منتظمة" prefix="وَ" root="قول" pattern="فَعلَ" suffix="" />
				<ArabicLexical word="اَلْبَحْرُ" lemma="بَحْر" pos="مصرفة منتظمة" prefix="ال" root="بحر" pattern="فَعْل" suffix="" />
				<ArabicLexical word="و" lemma="+" pos="غير عربية" prefix="" root="" pattern="" suffix="" />
				<ArabicLexical word="أُوبْرَا" lemma="أُوبْرَا" pos="غير عربية" prefix="" root="" pattern="" suffix="" />
				<ArabicLexical word="عَايْدَةْ" lemma="عَايْدَة" pos="غير عربية" prefix="" root="" pattern="" suffix="" />
				<ArabicLexical word="وَغَيْرِهَا" lemma="غَيْر" pos="مصرفة منتظمة" prefix="وَ" root="غير" pattern="فَعْل" suffix="هَا" />
				<ArabicLexical word="مِنْ" lemma="مِنْ" pos="جامدة" prefix="" root="مِنْ" pattern="مِنْ" suffix="" />
				<ArabicLexical word="اَلْمُسَلْسَلَاتِ" lemma="مُسَلْسَل" pos="مصرفة منتظمة" prefix="ال" root="سلسل" pattern="مُفَعْلَل" suffix="ات" />
				<ArabicLexical word="اَلَّتِي" lemma="اَلَّذِي" pos="جامدة" prefix="ال" root="اَلَّذِي" pattern="لَتِي" suffix="" />
				<ArabicLexical word="تَجَاوَزَتْ" lemma="تَجَاوَزَ" pos="مصرفة منتظمة" prefix="" root="جوز" pattern="تَفَاعَلَ" suffix="تْ" />
				<ArabicLexical word="اَلْعَشَرَاتِ" lemma="عَشْرَة" pos="مصرفة منتظمة" prefix="ال" root="عشر" pattern="فَعَل" suffix="ات" />
				<ArabicLexical word="فَضْلًا" lemma="فَضْل" pos="مصرفة منتظمة" prefix="" root="فضل" pattern="فَعْل" suffix="" />
				<ArabicLexical word="عَنْ" lemma="عَنْ" pos="جامدة" prefix="" root="عَنْ" pattern="عَنْ" suffix="" />
				<ArabicLexical word="أَدْوَارِهَا" lemma="دَوْر" pos="مصرفة منتظمة" prefix="" root="دور" pattern="أَفْعَال" suffix="هَا" />
				<ArabicLexical word="اَلْإِذَاعِيَّةِ" lemma="إِذَاعِيّ" pos="مصرفة منتظمة" prefix="ال" root="ذيع" pattern="إِفَعالَ" suffix="يَّة" />
			</annotation>
		</sentence>
		<sentence id="06897">
			<text>وَحَصَلَتْ أَمِينَةُ رِزْقٍ عَلَى وِسَامِ اَلِاسْتِحْقَاقِ مِنْ اَلدَّرَجَةِ اَلْأُولَى مِنْ اَلرَّئِيسِ اَلرَّاحِلِ جَمَالِ عَبْدِ اَلنَّاصِرِ، كَمَا مُنِحَتْ أَوْسِمَةً مِنْ اَلْمَغْرِبِ وَتُونُسَ، وَحَازَتْ عِدَّةَ مَرَّاتٍ عَلَى اَلْجَوَائِزِ اَلْأُولَى لِأَحْسَنِ مُمَثِّلَةٍ عَنْ أَعْمَالِهَا اَلسِّينَمَائِيَّةِ وَالْمَسْرَحِيَّةِ</text>
			<annotation>
				<ArabicLexical word="وَحَصَلَتْ" lemma="حَصَلَ" pos="مصرفة منتظمة" prefix="وَ" root="حصل" pattern="فَعَلَ" suffix="تْ" />
				<ArabicLexical word="أَمِينَةُ" lemma="أَمِين" pos="مصرفة منتظمة" prefix="" root="أمن" pattern="فَعِيل" suffix="ة" />
				<ArabicLexical word="رِزْقٍ" lemma="رِزْق" pos="مصرفة منتظمة" prefix="" root="رزق" pattern="فِعْل" suffix="" />
				<ArabicLexical word="عَلَى" lemma="عَلَى" pos="جامدة" prefix="" root="عَلَى" pattern="عَلَى" suffix="" />
				<ArabicLexical word="وِسَامِ" lemma="وِسَام" pos="مصرفة منتظمة" prefix="" root="وسم" pattern="فِعَال" suffix="" />
				<ArabicLexical word="اَلِاسْتِحْقَاقِ" lemma="اسْتِحْقَاق" pos="مصرفة منتظمة" prefix="ال" root="حقق" pattern="اِسْتِفْعَال" suffix="" />
				<ArabicLexical word="مِنْ" lemma="مِنْ" pos="جامدة" prefix="" root="مِنْ" pattern="مِنْ" suffix="" />
				<ArabicLexical word="اَلدَّرَجَةِ" lemma="دَرَجَة" pos="مصرفة منتظمة" prefix="ال" root="درج" pattern="فَعَل" suffix="ة" />
				<ArabicLexical word="اَلْأُولَى" lemma="أَوَّل" pos="مصرفة منتظمة" prefix="ال" root="أول" pattern="فُعلَى" suffix="" />
				<ArabicLexical word="مِنْ" lemma="مِنْ" pos="جامدة" prefix="" root="مِنْ" pattern="مِنْ" suffix="" />
				<ArabicLexical word="اَلرَّئِيسِ" lemma="رَئِيس" pos="مصرفة منتظمة" prefix="ال" root="رأس" pattern="فَعِيل" suffix="" />
				<ArabicLexical word="اَلرَّاحِلِ" lemma="رَاحِل" pos="مصرفة منتظمة" prefix="ال" root="رحل" pattern="فَاعِل" suffix="" />
				<ArabicLexical word="جَمَالِ" lemma="جَمَال" pos="مصرفة منتظمة" prefix="" root="جمل" pattern="فَعَال" suffix="" />
				<ArabicLexical word="عَبْدِ" lemma="عَبْد" pos="مصرفة منتظمة" prefix="" root="عبد" pattern="فَعْل" suffix="" />
				<ArabicLexical word="اَلنَّاصِرِ" lemma="نَاصِر" pos="مصرفة منتظمة" prefix="ال" root="نصر" pattern="فَاعِل" suffix="" />
				<ArabicLexical word="كَمَا" lemma="مَا" pos="جامدة" prefix="كَ" root="اَلَّذِي" pattern="مَا" suffix="" />
				<ArabicLexical word="مُنِحَتْ" lemma="مَنَحَ" pos="مصرفة منتظمة" prefix="" root="منح" pattern="فُعِلَ" suffix="تْ" />
				<ArabicLexical word="أَوْسِمَةً" lemma="وِسَام" pos="مصرفة منتظمة" prefix="" root="وسم" pattern="أَفْعِلَ" suffix="ة" />
				<ArabicLexical word="مِنْ" lemma="مِنْ" pos="جامدة" prefix="" root="مِنْ" pattern="مِنْ" suffix="" />
				<ArabicLexical word="اَلْمَغْرِبِ" lemma="مَغْرِب" pos="مصرفة منتظمة" prefix="ال" root="غرب" pattern="مَفْعِل" suffix="" />
				<ArabicLexical word="وَتُونُسَ" lemma="تُونُس" pos="معربة" prefix="وَ" root="تُونُس" pattern="تُونُس" suffix="" />
				<ArabicLexical word="وَحَازَتْ" lemma="حَازَ" pos="مصرفة منتظمة" prefix="وَ" root="حوز" pattern="فَعلَ" suffix="تْ" />
				<ArabicLexical word="عِدَّةَ" lemma="عِدَّة" pos="مصرفة منتظمة" prefix="" root="عدد" pattern="فِلّ" suffix="ة" />
				<ArabicLexical word="مَرَّاتٍ" lemma="مَرَّة" pos="مصرفة منتظمة" prefix="" root="مرر" pattern="فَلّ" suffix="ات" />
				<ArabicLexical word="عَلَى" lemma="عَلَى" pos="جامدة" prefix="" root="عَلَى" pattern="عَلَى" suffix="" />
				<ArabicLexical word="اَلْجَوَائِزِ" lemma="جَائِزَة" pos="مصرفة منتظمة" prefix="ال" root="جوز" pattern="فَوَاعِل" suffix="" />
				<ArabicLexical word="اَلْأُولَى" lemma="أَوَّل" pos="مصرفة منتظمة" prefix="ال" root="أول" pattern="فُعلَى" suffix="" />
				<ArabicLexical word="لِأَحْسَنِ" lemma="أَحْسَن" pos="مصرفة منتظمة" prefix="لِ" root="حسن" pattern="أَفْعَل" suffix="" />
				<ArabicLexical word="مُمَثِّلَةٍ" lemma="مُمَثِّل" pos="مصرفة منتظمة" prefix="" root="مثل" pattern="مُفَعِّل" suffix="ة" />
				<ArabicLexical word="عَنْ" lemma="عَنْ" pos="جامدة" prefix="" root="عَنْ" pattern="عَنْ" suffix="" />
				<ArabicLexical word="أَعْمَالِهَا" lemma="عَمَل" pos="مصرفة منتظمة" prefix="" root="عمل" pattern="أَفْعَال" suffix="هَا" />
				<ArabicLexical word="اَلسِّينِمَائِيَّةِ" lemma="سِينِمَائِيّ" pos="غير عربية" prefix="" root="" pattern="" suffix="" />
				<ArabicLexical word="وَالْمَسْرَحِيَّةِ" lemma="مَسْرَحِيّ" pos="مصرفة منتظمة" prefix="وَال" root="سرح" pattern="مَفْعَل" suffix="يَّة" />
			</annotation>
		</sentence>
	</FILE>
	</NEMLAR>