<NEMLAR><FILE name="GeneralNews" number="027">
		<sentence id="06186">
			<text>?اَلْكُوَيْتْ عَاصِمَةُ اَلثَّقَافَةِ اَلْعَرَبِيَّةِ فِي عَامِ 2001</text>
			<annotation>
				<ArabicLexical word="اَلْكُوَيْتْ" lemma="كُوَيْت" pos="غير عربية" prefix="" root="" pattern="" suffix="" />
				<ArabicLexical word="عَاصِمَةُ" lemma="عَاصِمَة" pos="مصرفة منتظمة" prefix="" root="عصم" pattern="فَاعِل" suffix="ة" />
				<ArabicLexical word="اَلثَّقَافَةِ" lemma="ثَقَافَة" pos="مصرفة منتظمة" prefix="ال" root="ثقف" pattern="فَعَال" suffix="ة" />
				<ArabicLexical word="اَلْعَرَبِيَّةِ" lemma="عَرَبِيّ" pos="مصرفة منتظمة" prefix="ال" root="عرب" pattern="فَعَل" suffix="يَّة" />
				<ArabicLexical word="فِي" lemma="فِي" pos="جامدة" prefix="" root="فِي" pattern="فِي" suffix="" />
				<ArabicLexical word="عَامِ" lemma="عَام" pos="مصرفة منتظمة" prefix="" root="عوم" pattern="فَعل" suffix="" />
			</annotation>
		</sentence>
		<sentence id="06187">
			<text>اَلْكُوَيْتْ- عَبْدُ اَلرَّحْمنِ سَعْدٍ- إِسْلَامُ أُونْ لَايْنْ- 6/1/2000</text>
			<annotation>
				<ArabicLexical word="اَلْكُوَيْتْ" lemma="كُوَيْت" pos="غير عربية" prefix="" root="" pattern="" suffix="" />
				<ArabicLexical word="عَبْدُ" lemma="عَبْد" pos="مصرفة منتظمة" prefix="" root="عبد" pattern="فَعْل" suffix="" />
				<ArabicLexical word="اَلرَّحْمنِ" lemma="رَحْمَن" pos="استثناء صرفي" prefix="ال" root="رحم" pattern="رَحْمن" suffix="" />
				<ArabicLexical word="سَعْدٍ" lemma="سَعْد" pos="مصرفة منتظمة" prefix="" root="سعد" pattern="فَعْل" suffix="" />
				<ArabicLexical word="إِسْلَامُ" lemma="إِسْلَام" pos="مصرفة منتظمة" prefix="" root="سلم" pattern="إِفْعَال" suffix="" />
				<ArabicLexical word="أُونْ" lemma="أُونْ" pos="غير عربية" prefix="" root="" pattern="" suffix="" />
				<ArabicLexical word="لَايْنْ" lemma="+" pos="غير عربية" prefix="" root="" pattern="" suffix="" />
			</annotation>
		</sentence>
		<sentence id="06188">
			<text>بَدَأَتْ اَلْكُوَيْتْ اَلسَّبْتَ (6/1/2000) فَاعِلِيَّاتٍ اِحْتِفَالِيَّةٍ ضَخْمَةٍ بِكَوْنِهَا عَاصِمَةً لِلثَّقَافَةِ اَلْعَرَبِيَّةِ لِلْعَامِ اَلْحَالِيِّ، تُسْتَهَلُّ بِتَدْشِينْ مَهْرَجَانِ اَلْقَرِينِ اَلثَّقَافِيِّ اَلسَّابِعِ.</text>
			<annotation>
				<ArabicLexical word="بَدَأَتْ" lemma="بَدَأَ" pos="مصرفة منتظمة" prefix="" root="بدأ" pattern="فَعَلَ" suffix="تْ" />
				<ArabicLexical word="اَلْكُوَيْتْ" lemma="كُوَيْت" pos="غير عربية" prefix="" root="" pattern="" suffix="" />
				<ArabicLexical word="اَلسَّبْتَ" lemma="سَبْت" pos="مصرفة منتظمة" prefix="ال" root="سبت" pattern="فَعْل" suffix="" />
				<ArabicLexical word="فَاعِلِيَّاتٍ" lemma="فَاعِلِيّ" pos="مصرفة منتظمة" prefix="" root="فعل" pattern="فَاعِل" suffix="يَّات" />
				<ArabicLexical word="اِحْتِفَالِيَّةٍ" lemma="احْتِفَالِيّ" pos="مصرفة منتظمة" prefix="" root="حفل" pattern="اِفْتِعَال" suffix="يَّة" />
				<ArabicLexical word="ضَخْمَةٍ" lemma="ضَخْم" pos="مصرفة منتظمة" prefix="" root="ضخم" pattern="فَعْل" suffix="ة" />
				<ArabicLexical word="بِكَوْنِهَا" lemma="كَوْن" pos="مصرفة منتظمة" prefix="بِ" root="كون" pattern="فَعْل" suffix="هَا" />
				<ArabicLexical word="عَاصِمَةً" lemma="عَاصِمَة" pos="مصرفة منتظمة" prefix="" root="عصم" pattern="فَاعِل" suffix="ة" />
				<ArabicLexical word="لِلثَّقَافَةِ" lemma="ثَقَافَة" pos="مصرفة منتظمة" prefix="لِل" root="ثقف" pattern="فَعَال" suffix="ة" />
				<ArabicLexical word="اَلْعَرَبِيَّةِ" lemma="عَرَبِيّ" pos="مصرفة منتظمة" prefix="ال" root="عرب" pattern="فَعَل" suffix="يَّة" />
				<ArabicLexical word="لِلْعَامِ" lemma="عَام" pos="مصرفة منتظمة" prefix="لِل" root="عوم" pattern="فَعل" suffix="" />
				<ArabicLexical word="اَلْحَالِيِّ" lemma="حَالِيّ" pos="مصرفة منتظمة" prefix="ال" root="حول" pattern="فَعل" suffix="يّ" />
				<ArabicLexical word="تُسْتَهَلُّ" lemma="اسْتَهَلَّ" pos="مصرفة منتظمة" prefix="تُ" root="هلل" pattern="اِسْتَفَلَّ" suffix="" />
				<ArabicLexical word="بِتَدْشِينْ" lemma="" pos="غير عربية" prefix="" root="" pattern="" suffix="" />
				<ArabicLexical word="مَهْرَجَانِ" lemma="مَهْرَجَان" pos="استثناء صرفي" prefix="" root="هرج" pattern="مَهْرَجَان" suffix="" />
				<ArabicLexical word="اَلْقَرِينِ" lemma="قَرِين" pos="مصرفة منتظمة" prefix="ال" root="قرن" pattern="فَعِيل" suffix="" />
				<ArabicLexical word="اَلثَّقَافِيِّ" lemma="ثَقَافِيّ" pos="مصرفة منتظمة" prefix="ال" root="ثقف" pattern="فَعَال" suffix="يّ" />
				<ArabicLexical word="اَلسَّابِعِ" lemma="سَابِع" pos="مصرفة منتظمة" prefix="ال" root="سبع" pattern="فَاعِل" suffix="" />
			</annotation>
		</sentence>
		<sentence id="06189">
			<text>وَشَارَكَ فِي فَاعِلِيَّاتِ اَلْمَهْرَجَانِ اَلَّذِي اِنْطَلَقَ مَسَاءَ اَلسَّبْتِ بِمُشَارَكَةِ عَدَدٍ كَبِيرٍ مِنْ وُزَرَاءِ اَلثَّقَافَةِ وَالْإِعْلَامِ اَلْعَرَبِ، وَالْأَمِينِ اَلْعَامِّ لِجَامِعَةِ اَلدُّوَلِ اَلْعَرَبِيَّةِ، وَالْأَمِينِ اَلْعَامِّ لِدُوَلِ مَجْلِسِ اَلتَّعَاوُنِ ‏اَلْخَلِيجِيِّ، وَعَدَدٍ كَبِيرٍ مِنْ اَلْقِيَادَاتِ اَلثَّقَافِيَّةِ، وَالْإِعْلَامِيَّةِ فِي اَلْوَطَنِ اَلْعَرَبِيِّ، وَمَسْؤُولِينَ ثَقَافِيِّينَ مِنْ مُؤَسَّسَاتٍ دَوْلِيَّةٍ.</text>
			<annotation>
				<ArabicLexical word="وَشَارَكَ" lemma="شَارَكَ" pos="مصرفة منتظمة" prefix="وَ" root="شرك" pattern="فَاعَلَ" suffix="" />
				<ArabicLexical word="فِي" lemma="فِي" pos="جامدة" prefix="" root="فِي" pattern="فِي" suffix="" />
				<ArabicLexical word="فَاعِلِيَّاتِ" lemma="فَاعِلِيّ" pos="غير عربية" prefix="" root="" pattern="" suffix="" />
				<ArabicLexical word="اَلْمَهْرَجَانِ" lemma="مَهْرَجَان" pos="استثناء صرفي" prefix="ال" root="هرج" pattern="مَهْرَجَان" suffix="" />
				<ArabicLexical word="اَلَّذِي" lemma="اَلَّذِي" pos="جامدة" prefix="ال" root="اَلَّذِي" pattern="لَذِي" suffix="" />
				<ArabicLexical word="اِنْطَلَقَ" lemma="انْطَلَقَ" pos="مصرفة منتظمة" prefix="" root="طلق" pattern="اِنْفَعَلَ" suffix="" />
				<ArabicLexical word="مَسَاءَ" lemma="مَسَاء" pos="مصرفة منتظمة" prefix="" root="مسو" pattern="فَعَال" suffix="" />
				<ArabicLexical word="اَلسَّبْتِ" lemma="سَبْت" pos="مصرفة منتظمة" prefix="ال" root="سبت" pattern="فَعْل" suffix="" />
				<ArabicLexical word="بِمُشَارَكَةِ" lemma="مُشَارَكَة" pos="مصرفة منتظمة" prefix="بِ" root="شرك" pattern="مُفَاعَل" suffix="ة" />
				<ArabicLexical word="عَدَدٍ" lemma="عَدَد" pos="مصرفة منتظمة" prefix="" root="عدد" pattern="فَعَل" suffix="" />
				<ArabicLexical word="كَبِيرٍ" lemma="كَبِير" pos="مصرفة منتظمة" prefix="" root="كبر" pattern="فَعِيل" suffix="" />
				<ArabicLexical word="مِنْ" lemma="مِنْ" pos="جامدة" prefix="" root="مِنْ" pattern="مِنْ" suffix="" />
				<ArabicLexical word="وُزَرَاءِ" lemma="وَزِير" pos="مصرفة منتظمة" prefix="" root="وزر" pattern="فُعَلَاء" suffix="" />
				<ArabicLexical word="اَلثَّقَافَةِ" lemma="ثَقَافَة" pos="مصرفة منتظمة" prefix="ال" root="ثقف" pattern="فَعَال" suffix="ة" />
				<ArabicLexical word="وَالْإِعْلَامِ" lemma="إِعْلَام" pos="مصرفة منتظمة" prefix="وَال" root="علم" pattern="إِفْعَال" suffix="" />
				<ArabicLexical word="اَلْعَرَبِ" lemma="عَرَبِيّ" pos="مصرفة منتظمة" prefix="ال" root="عرب" pattern="فَعَل" suffix="" />
				<ArabicLexical word="وَالْأَمِينِ" lemma="أَمِين" pos="مصرفة منتظمة" prefix="وَال" root="أمن" pattern="فَعِيل" suffix="" />
				<ArabicLexical word="اَلْعَامِّ" lemma="عَامّ" pos="مصرفة منتظمة" prefix="ال" root="عمم" pattern="فَالّ" suffix="" />
				<ArabicLexical word="لِجَامِعَةِ" lemma="جَامِعَة" pos="مصرفة منتظمة" prefix="لِ" root="جمع" pattern="فَاعِل" suffix="ة" />
				<ArabicLexical word="اَلدُّوَلِ" lemma="دَوْلَة" pos="مصرفة منتظمة" prefix="ال" root="دول" pattern="فُعَل" suffix="" />
				<ArabicLexical word="اَلْعَرَبِيَّةِ" lemma="عَرَبِيّ" pos="مصرفة منتظمة" prefix="ال" root="عرب" pattern="فَعَل" suffix="يَّة" />
				<ArabicLexical word="وَالْأَمِينِ" lemma="أَمِين" pos="مصرفة منتظمة" prefix="وَال" root="أمن" pattern="فَعِيل" suffix="" />
				<ArabicLexical word="اَلْعَامِّ" lemma="عَامّ" pos="مصرفة منتظمة" prefix="ال" root="عمم" pattern="فَالّ" suffix="" />
				<ArabicLexical word="لِدُوَلِ" lemma="دَوْلَة" pos="مصرفة منتظمة" prefix="لِ" root="دول" pattern="فُعَل" suffix="" />
				<ArabicLexical word="مَجْلِسِ" lemma="مَجْلِس" pos="مصرفة منتظمة" prefix="" root="جلس" pattern="مَفْعِل" suffix="" />
				<ArabicLexical word="اَلتَّعَاوُنِ" lemma="تَعَاوُن" pos="مصرفة منتظمة" prefix="ال" root="عون" pattern="تَفَاعُل" suffix="" />
				<ArabicLexical word="اَلْخَلِيجِيِّ" lemma="خَلِيجِيّ" pos="مصرفة منتظمة" prefix="ال" root="خلج" pattern="فَعِيل" suffix="يّ" />
				<ArabicLexical word="وَعَدَدٍ" lemma="عَدَد" pos="مصرفة منتظمة" prefix="وَ" root="عدد" pattern="فَعَل" suffix="" />
				<ArabicLexical word="كَبِيرٍ" lemma="كَبِير" pos="مصرفة منتظمة" prefix="" root="كبر" pattern="فَعِيل" suffix="" />
				<ArabicLexical word="مِنْ" lemma="مِنْ" pos="جامدة" prefix="" root="مِنْ" pattern="مِنْ" suffix="" />
				<ArabicLexical word="اَلْقِيَادَاتِ" lemma="قِيَادَة" pos="مصرفة منتظمة" prefix="ال" root="قود" pattern="فِعَال" suffix="ات" />
				<ArabicLexical word="اَلثَّقَافِيَّةِ" lemma="ثَقَافِيّ" pos="مصرفة منتظمة" prefix="ال" root="ثقف" pattern="فَعَال" suffix="يَّة" />
				<ArabicLexical word="وَالْإِعْلَامِيَّةِ" lemma="إِعْلَامِيّ" pos="مصرفة منتظمة" prefix="وَال" root="علم" pattern="إِفْعَال" suffix="يَّة" />
				<ArabicLexical word="فِي" lemma="فِي" pos="جامدة" prefix="" root="فِي" pattern="فِي" suffix="" />
				<ArabicLexical word="اَلْوَطَنِ" lemma="وَطَن" pos="مصرفة منتظمة" prefix="ال" root="وطن" pattern="فَعَل" suffix="" />
				<ArabicLexical word="اَلْعَرَبِيِّ" lemma="عَرَبِيّ" pos="مصرفة منتظمة" prefix="ال" root="عرب" pattern="فَعَل" suffix="يّ" />
				<ArabicLexical word="وَمَسْؤُولِينَ" lemma="مَسْؤُول" pos="مصرفة منتظمة" prefix="وَ" root="سأل" pattern="مَفْعُول" suffix="ينَ" />
				<ArabicLexical word="ثَقَافِيِّينَ" lemma="ثَقَافِيّ" pos="مصرفة منتظمة" prefix="" root="ثقف" pattern="فَعَال" suffix="يِّينَ" />
				<ArabicLexical word="مِنْ" lemma="مِنْ" pos="جامدة" prefix="" root="مِنْ" pattern="مِنْ" suffix="" />
				<ArabicLexical word="مُؤَسَّسَاتٍ" lemma="مُؤَسَّسَة" pos="مصرفة منتظمة" prefix="" root="أسس" pattern="مُفَعَّل" suffix="ات" />
				<ArabicLexical word="دَوْلِيَّةٍ" lemma="دَوْلِيّ" pos="مصرفة منتظمة" prefix="" root="دول" pattern="فَعْل" suffix="يَّة" />
			</annotation>
		</sentence>
		<sentence id="06190">
			<text>وَذَكَرَ اَلدُّكْتُورُ مُحَمَّدٌ اَلرُّمَيْحِيُّ اَلْأَمِينُ اَلْعَامُّ لِلْمَجْلِسِ اَلْوَطَنِيِّ لِلثَّقَافَةِ وَالْفُنُونِ وَالْآدَابِ أَنَّهُ دَرَجَتْ اَلْعَادَةُ فِي اَلْمَهْرَجَانِ عَلَى تَرْشِيحِ إِحْدَى اَلشَّخْصِيَّاتِ اَلْمُؤَثِّرَةِ فِي حَرَكَةِ اَلثَّقَافَةِ اَلْعَرَبِيَّةِ لِتَقْدِيمِ رُؤْيَتِهَا اَلْإِبْدَاعِيَّةِ، وَإِجْرَاءِ حِوَارٍ مَعَهَا خِلَالَ اَلْمَهْرَجَانِ مُوَضِّحًا أَنَّهُ تَمَّ اِخْتِيَارُ اَلدُّكْتُورِ مُحْيِي اَلدِّينِ عِمِيمُورْ وَزِيرِ اَلِاتِّصَالِ وَالثَّقَافَةِ اَلْجَزَائِرِيِّ شَخْصِيَّةَ هذَا اَلْعَامِ.</text>
			<annotation>
				<ArabicLexical word="وَذَكَرَ" lemma="ذَكَرَ" pos="مصرفة منتظمة" prefix="وَ" root="ذكر" pattern="فَعَلَ" suffix="" />
				<ArabicLexical word="اَلدُّكْتُورُ" lemma="دُكْتُور" pos="معربة" prefix="ال" root="دُكْتُور" pattern="دُكْتُور" suffix="" />
				<ArabicLexical word="مُحَمَّدٌ" lemma="مُحَمَّد" pos="مصرفة منتظمة" prefix="" root="حمد" pattern="مُفَعَّل" suffix="" />
				<ArabicLexical word="اَلرُّمَيْحِيُّ" lemma="رُمَيْحِيّ" pos="مصرفة منتظمة" prefix="ال" root="رمح" pattern="فُعَيْل" suffix="يّ" />
				<ArabicLexical word="اَلْأَمِينُ" lemma="أَمِين" pos="مصرفة منتظمة" prefix="ال" root="أمن" pattern="فَعِيل" suffix="" />
				<ArabicLexical word="اَلْعَامُّ" lemma="عَامّ" pos="مصرفة منتظمة" prefix="ال" root="عمم" pattern="فَالّ" suffix="" />
				<ArabicLexical word="لِلْمَجْلِسِ" lemma="مَجْلِس" pos="مصرفة منتظمة" prefix="لِل" root="جلس" pattern="مَفْعِل" suffix="" />
				<ArabicLexical word="اَلْوَطَنِيِّ" lemma="وَطَنِيّ" pos="مصرفة منتظمة" prefix="ال" root="وطن" pattern="فَعَل" suffix="يّ" />
				<ArabicLexical word="لِلثَّقَافَةِ" lemma="ثَقَافَة" pos="مصرفة منتظمة" prefix="لِل" root="ثقف" pattern="فَعَال" suffix="ة" />
				<ArabicLexical word="وَالْفُنُونِ" lemma="فَنّ" pos="مصرفة منتظمة" prefix="وَال" root="فنن" pattern="فُعُول" suffix="" />
				<ArabicLexical word="وَالْآدَابِ" lemma="أَدَب" pos="مصرفة منتظمة" prefix="وَال" root="أدب" pattern="أَفعَال" suffix="" />
				<ArabicLexical word="أَنَّهُ" lemma="أَنَّ" pos="جامدة" prefix="" root="أَنَّ" pattern="أَنَّ" suffix="ه" />
				<ArabicLexical word="دَرَجَتْ" lemma="دَرَجَ" pos="مصرفة منتظمة" prefix="" root="درج" pattern="فَعَلَ" suffix="تْ" />
				<ArabicLexical word="اَلْعَادَةُ" lemma="عَادَة" pos="مصرفة منتظمة" prefix="ال" root="عود" pattern="فَعل" suffix="ة" />
				<ArabicLexical word="فِي" lemma="فِي" pos="جامدة" prefix="" root="فِي" pattern="فِي" suffix="" />
				<ArabicLexical word="اَلْمَهْرَجَانِ" lemma="مَهْرَجَان" pos="استثناء صرفي" prefix="ال" root="هرج" pattern="مَهْرَجَان" suffix="" />
				<ArabicLexical word="عَلَى" lemma="عَلَى" pos="جامدة" prefix="" root="عَلَى" pattern="عَلَى" suffix="" />
				<ArabicLexical word="تَرْشِيحِ" lemma="تَرْشِيح" pos="مصرفة منتظمة" prefix="" root="رشح" pattern="تَفْعِيل" suffix="" />
				<ArabicLexical word="إِحْدَى" lemma="أَحَد" pos="استثناء صرفي" prefix="" root="أحد" pattern="إِحْدَى" suffix="" />
				<ArabicLexical word="اَلشَّخْصِيَّاتِ" lemma="شَخْصِيَّة" pos="مصرفة منتظمة" prefix="ال" root="شخص" pattern="فَعْل" suffix="يَّات" />
				<ArabicLexical word="اَلْمُؤَثِّرَةِ" lemma="مُؤَثِّر" pos="مصرفة منتظمة" prefix="ال" root="أثر" pattern="مُفَعِّل" suffix="ة" />
				<ArabicLexical word="فِي" lemma="فِي" pos="جامدة" prefix="" root="فِي" pattern="فِي" suffix="" />
				<ArabicLexical word="حَرَكَةِ" lemma="حَرَكَة" pos="مصرفة منتظمة" prefix="" root="حرك" pattern="فَعَل" suffix="ة" />
				<ArabicLexical word="اَلثَّقَافَةِ" lemma="ثَقَافَة" pos="مصرفة منتظمة" prefix="ال" root="ثقف" pattern="فَعَال" suffix="ة" />
				<ArabicLexical word="اَلْعَرَبِيَّةِ" lemma="عَرَبِيّ" pos="مصرفة منتظمة" prefix="ال" root="عرب" pattern="فَعَل" suffix="يَّة" />
				<ArabicLexical word="لِتَقْدِيمِ" lemma="تَقْدِيم" pos="مصرفة منتظمة" prefix="لِ" root="قدم" pattern="تَفْعِيل" suffix="" />
				<ArabicLexical word="رُؤْيَتِهَا" lemma="رُؤْيَة" pos="مصرفة منتظمة" prefix="" root="رأي" pattern="فُعْل" suffix="تهَا" />
				<ArabicLexical word="اَلْإِبْدَاعِيَّةِ" lemma="إِبْدَاعِيّ" pos="مصرفة منتظمة" prefix="ال" root="بدع" pattern="إِفْعَال" suffix="يَّة" />
				<ArabicLexical word="وَإِجْرَاءِ" lemma="إِجْرَاء" pos="مصرفة منتظمة" prefix="وَ" root="جري" pattern="إِفْعَال" suffix="" />
				<ArabicLexical word="حِوَارٍ" lemma="حِوَار" pos="مصرفة منتظمة" prefix="" root="حور" pattern="فِعَال" suffix="" />
				<ArabicLexical word="مَعَهَا" lemma="مَعَ" pos="جامدة" prefix="" root="مَعَ" pattern="مَعَ" suffix="هَا" />
				<ArabicLexical word="خِلَالَ" lemma="خِلَال" pos="مصرفة منتظمة" prefix="" root="خلل" pattern="فِعَال" suffix="" />
				<ArabicLexical word="اَلْمَهْرَجَانِ" lemma="مَهْرَجَان" pos="استثناء صرفي" prefix="ال" root="هرج" pattern="مَهْرَجَان" suffix="" />
				<ArabicLexical word="مُوَضِّحًا" lemma="مُوَضِّح" pos="مصرفة منتظمة" prefix="" root="وضح" pattern="مُفَعِّل" suffix="" />
				<ArabicLexical word="أَنَّهُ" lemma="أَنَّ" pos="جامدة" prefix="" root="أَنَّ" pattern="أَنَّ" suffix="ه" />
				<ArabicLexical word="تَمَّ" lemma="تَمَّ" pos="مصرفة منتظمة" prefix="" root="تمم" pattern="فَلَّ" suffix="" />
				<ArabicLexical word="اِخْتِيَارُ" lemma="اخْتِيَار" pos="مصرفة منتظمة" prefix="" root="خير" pattern="اِفْتِعَال" suffix="" />
				<ArabicLexical word="اَلدُّكْتُورِ" lemma="دُكْتُور" pos="معربة" prefix="ال" root="دُكْتُور" pattern="دُكْتُور" suffix="" />
				<ArabicLexical word="مُحْيِي" lemma="مُحْيِي" pos="مصرفة منتظمة" prefix="" root="حيي" pattern="مُفْعِل" suffix="" />
				<ArabicLexical word="اَلدِّينِ" lemma="دِين" pos="مصرفة منتظمة" prefix="ال" root="دين" pattern="فِعل" suffix="" />
				<ArabicLexical word="عِمِيمُورْ" lemma="" pos="غير عربية" prefix="" root="" pattern="" suffix="" />
				<ArabicLexical word="وَزِيرِ" lemma="وَزِير" pos="مصرفة منتظمة" prefix="" root="وزر" pattern="فَعِيل" suffix="" />
				<ArabicLexical word="اَلِاتِّصَالِ" lemma="اتِّصَال" pos="مصرفة منتظمة" prefix="ال" root="وصل" pattern="اِفِّعَال" suffix="" />
				<ArabicLexical word="وَالثَّقَافَةِ" lemma="ثَقَافَة" pos="مصرفة منتظمة" prefix="وَال" root="ثقف" pattern="فَعَال" suffix="ة" />
				<ArabicLexical word="اَلْجَزَائِرِيِّ" lemma="جَزَائِرِيّ" pos="مصرفة منتظمة" prefix="ال" root="جزر" pattern="فَعَائِل" suffix="يّ" />
				<ArabicLexical word="شَخْصِيَّةَ" lemma="شَخْصِيّ" pos="مصرفة منتظمة" prefix="" root="شخص" pattern="فَعْل" suffix="يَّة" />
				<ArabicLexical word="هذَا" lemma="ذَا" pos="جامدة" prefix="" root="ذَا" pattern="هذَا" suffix="" />
				<ArabicLexical word="اَلْعَامِ" lemma="عَام" pos="مصرفة منتظمة" prefix="ال" root="عوم" pattern="فَعل" suffix="" />
			</annotation>
		</sentence>
		<sentence id="06191">
			<text>يَشْمُلُ حَفْلُ اَلِافْتِتَاحِ عَدَدًا مِنْ اَلْفِقْرَاتِ؛ مِنْهَا عَرْضُ أُوبَرِيتْ وَطَنِ اَلْكِتَابِ، وَهُوَ عَمَلٌ فَنِّيٌّ يُجَسِّدُ تَارِيخَ اَلْكُوَيْتْ اَلثَّقَافِيِّ، وَعَرْضٌ فَنِّيٌّ ضَوْئِيٌّ، وَعَرْضٌ آخَرُ فُلُكْلُورِيٌّ.‏   </text>
			<annotation>
				<ArabicLexical word="يَشْمُلُ" lemma="شَمَلَ" pos="مصرفة منتظمة" prefix="ي" root="شمل" pattern="فْعُل" suffix="" />
				<ArabicLexical word="حَفْلُ" lemma="حَفْل" pos="مصرفة منتظمة" prefix="" root="حفل" pattern="فَعْل" suffix="" />
				<ArabicLexical word="اَلِافْتِتَاحِ" lemma="افْتِتَاح" pos="مصرفة منتظمة" prefix="ال" root="فتح" pattern="اِفْتِعَال" suffix="" />
				<ArabicLexical word="عَدَدًا" lemma="عَدَد" pos="مصرفة منتظمة" prefix="" root="عدد" pattern="فَعَل" suffix="" />
				<ArabicLexical word="مِنْ" lemma="مِنْ" pos="جامدة" prefix="" root="مِنْ" pattern="مِنْ" suffix="" />
				<ArabicLexical word="اَلْفِقْرَاتِ" lemma="فِقْرَة" pos="مصرفة منتظمة" prefix="ال" root="فقر" pattern="فِعْل" suffix="ات" />
				<ArabicLexical word="مِنْهَا" lemma="مِنْ" pos="جامدة" prefix="" root="مِنْ" pattern="مِنْ" suffix="هَا" />
				<ArabicLexical word="عَرْضُ" lemma="عَرْض" pos="مصرفة منتظمة" prefix="" root="عرض" pattern="فَعْل" suffix="" />
				<ArabicLexical word="أُوبَرِيتْ" lemma="+" pos="غير عربية" prefix="" root="" pattern="" suffix="" />
				<ArabicLexical word="وَطَنِ" lemma="وَطَن" pos="مصرفة منتظمة" prefix="" root="وطن" pattern="فَعَل" suffix="" />
				<ArabicLexical word="اَلْكِتَابِ" lemma="كِتَاب" pos="مصرفة منتظمة" prefix="ال" root="كتب" pattern="فِعَال" suffix="" />
				<ArabicLexical word="وَهُوَ" lemma="هُوَ" pos="جامدة" prefix="وَ" root="هُوَ" pattern="هُوَ" suffix="" />
				<ArabicLexical word="عَمَلٌ" lemma="عَمَل" pos="مصرفة منتظمة" prefix="" root="عمل" pattern="فَعَل" suffix="" />
				<ArabicLexical word="فَنِّيٌّ" lemma="فَنِّيّ" pos="مصرفة منتظمة" prefix="" root="فنن" pattern="فَلّ" suffix="يّ" />
				<ArabicLexical word="يُجَسِّدُ" lemma="جَسَّدَ" pos="مصرفة منتظمة" prefix="ي" root="جسد" pattern="فَعَّلَ" suffix="" />
				<ArabicLexical word="تَارِيخَ" lemma="تَارِيخ" pos="استثناء صرفي" prefix="" root="أرخ" pattern="تَارِيخ" suffix="" />
				<ArabicLexical word="اَلْكُوَيْتْ" lemma="كُوَيْت" pos="غير عربية" prefix="" root="" pattern="" suffix="" />
				<ArabicLexical word="اَلثَّقَافِيِّ" lemma="ثَقَافِيّ" pos="مصرفة منتظمة" prefix="ال" root="ثقف" pattern="فَعَال" suffix="يّ" />
				<ArabicLexical word="وَعَرْضٌ" lemma="عَرْض" pos="مصرفة منتظمة" prefix="وَ" root="عرض" pattern="فَعْل" suffix="" />
				<ArabicLexical word="فَنِّيٌّ" lemma="فَنِّيّ" pos="مصرفة منتظمة" prefix="" root="فنن" pattern="فَلّ" suffix="يّ" />
				<ArabicLexical word="ضَوْئِيٌّ" lemma="ضَوْء" pos="مصرفة منتظمة" prefix="" root="ضوأ" pattern="فَعْل" suffix="يّ" />
				<ArabicLexical word="وَعَرْضٌ" lemma="عَرْض" pos="مصرفة منتظمة" prefix="وَ" root="عرض" pattern="فَعْل" suffix="" />
				<ArabicLexical word="آخَرُ" lemma="آخَر" pos="مصرفة منتظمة" prefix="" root="أخر" pattern="أَفعَل" suffix="" />
				<ArabicLexical word="فُلُكْلُورِيٌّ" lemma="" pos="غير عربية" prefix="" root="" pattern="" suffix="" />
			</annotation>
		</sentence>
		<sentence id="06192">
			<text>وَتَتَوَاكَبُ هذِهِ اَلِاحْتِفَالَاتُ مَعَ اِحْتِفَالَاتِ اَلْكُوَيْتْ - خِلَالَ شَهْرِ فِبْرَايِرَ اَلْمُقْبِلِ - بِمُرُورِ أَرْبَعِينَ عَامًا عَلَى اِسْتِقْلَالِهَا، وَمُرُورِ عَشْرِ سَنَوَاتٍ عَلَى تَحْرِيرِهَا مِنْ اَلْغَزْوِ اَلْعِرَاقِيِّ؛ فَضْلًا عَنْ اِحْتِفَالَاتِهَا اَلسِّيَاحِيَّةِ وَالتِّجَارِيَّةِ اَلسَّنَوِيَّةِ اَلْمُسَمَّاةِ مَهْرَجَانِ هَلَا فِبْرَايِرَ اَلَّتِي تَنْطَلِقُ خِلَالَ اَلشَّهْرِ نَفْسِهِ أَيْضًا.</text>
			<annotation>
				<ArabicLexical word="وَتَتَوَاكَبُ" lemma="تَوَاكَبَ" pos="مصرفة منتظمة" prefix="وَت" root="وكب" pattern="تَفَاعَلَ" suffix="" />
				<ArabicLexical word="هذِهِ" lemma="ذَا" pos="جامدة" prefix="" root="ذَا" pattern="هذِهِ" suffix="" />
				<ArabicLexical word="اَلِاحْتِفَالَاتُ" lemma="احْتِفَال" pos="مصرفة منتظمة" prefix="ال" root="حفل" pattern="اِفْتِعَال" suffix="ات" />
				<ArabicLexical word="مَعَ" lemma="مَعَ" pos="جامدة" prefix="" root="مَعَ" pattern="مَعَ" suffix="" />
				<ArabicLexical word="اِحْتِفَالَاتِ" lemma="احْتِفَال" pos="مصرفة منتظمة" prefix="" root="حفل" pattern="اِفْتِعَال" suffix="ات" />
				<ArabicLexical word="اَلْكُوَيْتْ" lemma="كُوَيْت" pos="غير عربية" prefix="" root="" pattern="" suffix="" />
				<ArabicLexical word="خِلَالَ" lemma="خِلَال" pos="مصرفة منتظمة" prefix="" root="خلل" pattern="فِعَال" suffix="" />
				<ArabicLexical word="شَهْرِ" lemma="شَهْر" pos="مصرفة منتظمة" prefix="" root="شهر" pattern="فَعْل" suffix="" />
				<ArabicLexical word="فِبْرَايِرَ" lemma="فِبْرَايِر" pos="معربة" prefix="" root="فِبْرَايِر" pattern="فِبْرَايِر" suffix="" />
				<ArabicLexical word="اَلْمُقْبِلِ" lemma="مُقْبِل" pos="مصرفة منتظمة" prefix="ال" root="قبل" pattern="مُفْعِل" suffix="" />
				<ArabicLexical word="بِمُرُورِ" lemma="مُرُور" pos="مصرفة منتظمة" prefix="بِ" root="مرر" pattern="فُعُول" suffix="" />
				<ArabicLexical word="أَرْبَعِينَ" lemma="أَرْبَع" pos="استثناء صرفي" prefix="" root="ربع" pattern="أَرْبَع" suffix="ينَ" />
				<ArabicLexical word="عَامًا" lemma="عَام" pos="مصرفة منتظمة" prefix="" root="عوم" pattern="فَعل" suffix="" />
				<ArabicLexical word="عَلَى" lemma="عَلَى" pos="جامدة" prefix="" root="عَلَى" pattern="عَلَى" suffix="" />
				<ArabicLexical word="اِسْتِقْلَالِهَا" lemma="اسْتِقْلَال" pos="مصرفة منتظمة" prefix="" root="قلل" pattern="اِسْتِفْعَال" suffix="هَا" />
				<ArabicLexical word="وَمُرُورِ" lemma="مُرُور" pos="مصرفة منتظمة" prefix="وَ" root="مرر" pattern="فُعُول" suffix="" />
				<ArabicLexical word="عَشْرِ" lemma="عَشْر" pos="مصرفة منتظمة" prefix="" root="عشر" pattern="فَعْل" suffix="" />
				<ArabicLexical word="سَنَوَاتٍ" lemma="سَنَة" pos="استثناء صرفي" prefix="" root="سنه" pattern="سَنَوَ" suffix="ات" />
				<ArabicLexical word="عَلَى" lemma="عَلَى" pos="جامدة" prefix="" root="عَلَى" pattern="عَلَى" suffix="" />
				<ArabicLexical word="تَحْرِيرِهَا" lemma="تَحْرِير" pos="مصرفة منتظمة" prefix="" root="حرر" pattern="تَفْعِيل" suffix="هَا" />
				<ArabicLexical word="مِنْ" lemma="مِنْ" pos="جامدة" prefix="" root="مِنْ" pattern="مِنْ" suffix="" />
				<ArabicLexical word="اَلْغَزْوِ" lemma="غَزْو" pos="مصرفة منتظمة" prefix="ال" root="غزو" pattern="فَعْل" suffix="" />
				<ArabicLexical word="اَلْعِرَاقِيِّ" lemma="عِرَاقِيّ" pos="مصرفة منتظمة" prefix="ال" root="عرق" pattern="فِعَال" suffix="يّ" />
				<ArabicLexical word="فَضْلًا" lemma="فَضْل" pos="مصرفة منتظمة" prefix="" root="فضل" pattern="فَعْل" suffix="" />
				<ArabicLexical word="عَنْ" lemma="عَنْ" pos="جامدة" prefix="" root="عَنْ" pattern="عَنْ" suffix="" />
				<ArabicLexical word="اِحْتِفَالَاتِهَا" lemma="احْتِفَال" pos="مصرفة منتظمة" prefix="" root="حفل" pattern="اِفْتِعَال" suffix="اتهَا" />
				<ArabicLexical word="اَلسِّيَاحِيَّةِ" lemma="سِيَاحِيّ" pos="مصرفة منتظمة" prefix="ال" root="سيح" pattern="فِعَال" suffix="يَّة" />
				<ArabicLexical word="وَالتِّجَارِيَّةِ" lemma="تِجَارِيّ" pos="مصرفة منتظمة" prefix="وَال" root="تجر" pattern="فِعَال" suffix="يَّة" />
				<ArabicLexical word="اَلسَّنَوِيَّةِ" lemma="سَنَوِيّ" pos="استثناء صرفي" prefix="ال" root="سنه" pattern="سَنَوَ" suffix="يَّة" />
				<ArabicLexical word="اَلْمُسَمَّاةِ" lemma="مُسَمَّاة" pos="مصرفة منتظمة" prefix="ال" root="سمو" pattern="مُفَعَّل" suffix="ة" />
				<ArabicLexical word="مَهْرَجَانِ" lemma="مَهْرَجَان" pos="استثناء صرفي" prefix="" root="هرج" pattern="مَهْرَجَان" suffix="" />
				<ArabicLexical word="هَلَا" lemma="هَلَا" pos="غير عربية" prefix="" root="" pattern="" suffix="" />
				<ArabicLexical word="فِبْرَايِرَ" lemma="فِبْرَايِر" pos="معربة" prefix="" root="فِبْرَايِر" pattern="فِبْرَايِر" suffix="" />
				<ArabicLexical word="اَلَّتِي" lemma="اَلَّذِي" pos="جامدة" prefix="ال" root="اَلَّذِي" pattern="لَتِي" suffix="" />
				<ArabicLexical word="تَنْطَلِقُ" lemma="انْطَلَقَ" pos="مصرفة منتظمة" prefix="ت" root="طلق" pattern="اِنْفَعَلَ" suffix="" />
				<ArabicLexical word="خِلَالَ" lemma="خِلَال" pos="مصرفة منتظمة" prefix="" root="خلل" pattern="فِعَال" suffix="" />
				<ArabicLexical word="اَلشَّهْرِ" lemma="شَهْر" pos="مصرفة منتظمة" prefix="ال" root="شهر" pattern="فَعْل" suffix="" />
				<ArabicLexical word="نَفْسِهِ" lemma="نَفْس" pos="مصرفة منتظمة" prefix="" root="نفس" pattern="فَعْل" suffix="ه" />
				<ArabicLexical word="أَيْضًا" lemma="أَيْض" pos="مصرفة منتظمة" prefix="" root="أيض" pattern="فَعْل" suffix="" />
			</annotation>
		</sentence>
		<sentence id="06193">
			<text>وَيُشَارِكُ فِي اِحْتِفَالَاتِ اَلْكُوَيْتْ بِاعْتِبَارِهَا عَاصِمَةً لِلثَّقَافَةِ اَلْعَرَبِيَّةِ اَلدُّكْتُورُ عِصْمَتْ عَبْدِ اَلْمَجِيدِ اَلْأَمِينُ اَلْعَامُّ لِجَامِعَةِ اَلدُّوَلِ اَلْعَرَبِيَّةِ اَلَّذِي وَصَلَ ( اَلْجُمُعَةَ ) إِلَى اَلْكُوَيْتْ فِي زِيَارَةٍ تَسْتَمِرُّ ثَلَاثَةَ أَيَّامٍ بِدَعْوَةٍ مِنْ وَزِيرِ اَلنِّفْطِ وَوَزِيرِ اَلْإِعْلَامِ ‏بِالْوِكَالَةِ اَلشَّيْخِ سُعُودِ نَاصِرِ اَلصَّبَاحِ.</text>
			<annotation>
				<ArabicLexical word="وَيُشَارِكُ" lemma="شَارَكَ" pos="مصرفة منتظمة" prefix="وَي" root="شرك" pattern="فَاعَلَ" suffix="" />
				<ArabicLexical word="فِي" lemma="فِي" pos="جامدة" prefix="" root="فِي" pattern="فِي" suffix="" />
				<ArabicLexical word="اِحْتِفَالَاتِ" lemma="احْتِفَال" pos="مصرفة منتظمة" prefix="" root="حفل" pattern="اِفْتِعَال" suffix="ات" />
				<ArabicLexical word="اَلْكُوَيْتْ" lemma="كُوَيْت" pos="غير عربية" prefix="" root="" pattern="" suffix="" />
				<ArabicLexical word="بِاعْتِبَارِهَا" lemma="اعْتِبَار" pos="مصرفة منتظمة" prefix="بِ" root="عبر" pattern="اِفْتِعَال" suffix="هَا" />
				<ArabicLexical word="عَاصِمَةً" lemma="عَاصِمَة" pos="مصرفة منتظمة" prefix="" root="عصم" pattern="فَاعِل" suffix="ة" />
				<ArabicLexical word="لِلثَّقَافَةِ" lemma="ثَقَافَة" pos="مصرفة منتظمة" prefix="لِل" root="ثقف" pattern="فَعَال" suffix="ة" />
				<ArabicLexical word="اَلْعَرَبِيَّةِ" lemma="عَرَبِيّ" pos="مصرفة منتظمة" prefix="ال" root="عرب" pattern="فَعَل" suffix="يَّة" />
				<ArabicLexical word="اَلدُّكْتُورُ" lemma="دُكْتُور" pos="معربة" prefix="ال" root="دُكْتُور" pattern="دُكْتُور" suffix="" />
				<ArabicLexical word="عِصْمَتْ" lemma="عِصْمَت" pos="غير عربية" prefix="" root="" pattern="" suffix="" />
				<ArabicLexical word="عَبْدِ" lemma="عَبْد" pos="مصرفة منتظمة" prefix="" root="عبد" pattern="فَعْل" suffix="" />
				<ArabicLexical word="اَلْمَجِيدِ" lemma="مَجِيد" pos="مصرفة منتظمة" prefix="ال" root="مجد" pattern="فَعِيل" suffix="" />
				<ArabicLexical word="اَلْأَمِينُ" lemma="أَمِين" pos="مصرفة منتظمة" prefix="ال" root="أمن" pattern="فَعِيل" suffix="" />
				<ArabicLexical word="اَلْعَامُّ" lemma="عَامّ" pos="مصرفة منتظمة" prefix="ال" root="عمم" pattern="فَالّ" suffix="" />
				<ArabicLexical word="لِجَامِعَةِ" lemma="جَامِعَة" pos="مصرفة منتظمة" prefix="لِ" root="جمع" pattern="فَاعِل" suffix="ة" />
				<ArabicLexical word="اَلدُّوَلِ" lemma="دَوْلَة" pos="مصرفة منتظمة" prefix="ال" root="دول" pattern="فُعَل" suffix="" />
				<ArabicLexical word="اَلْعَرَبِيَّةِ" lemma="عَرَبِيّ" pos="مصرفة منتظمة" prefix="ال" root="عرب" pattern="فَعَل" suffix="يَّة" />
				<ArabicLexical word="اَلَّذِي" lemma="اَلَّذِي" pos="جامدة" prefix="ال" root="اَلَّذِي" pattern="لَذِي" suffix="" />
				<ArabicLexical word="وَصَلَ" lemma="وَصَلَ" pos="مصرفة منتظمة" prefix="" root="وصل" pattern="فَعَلَ" suffix="" />
				<ArabicLexical word="اَلْجُمُعَةَ" lemma="جُمُعَة" pos="مصرفة منتظمة" prefix="ال" root="جمع" pattern="فُعُل" suffix="ة" />
				<ArabicLexical word="إِلَى" lemma="إِلَى" pos="جامدة" prefix="" root="إِلَى" pattern="إِلَى" suffix="" />
				<ArabicLexical word="اَلْكُوَيْتْ" lemma="كُوَيْت" pos="غير عربية" prefix="" root="" pattern="" suffix="" />
				<ArabicLexical word="فِي" lemma="فِي" pos="جامدة" prefix="" root="فِي" pattern="فِي" suffix="" />
				<ArabicLexical word="زِيَارَةٍ" lemma="زِيَارَة" pos="مصرفة منتظمة" prefix="" root="زور" pattern="فِعَال" suffix="ة" />
				<ArabicLexical word="تَسْتَمِرُّ" lemma="اسْتَمَرَّ" pos="مصرفة منتظمة" prefix="ت" root="مرر" pattern="اِسْتَفَلَّ" suffix="" />
				<ArabicLexical word="ثَلَاثَةَ" lemma="ثَلَاث" pos="مصرفة منتظمة" prefix="" root="ثلث" pattern="فَعَال" suffix="ة" />
				<ArabicLexical word="أَيَّامٍ" lemma="يَوْم" pos="استثناء صرفي" prefix="" root="يوم" pattern="أَيَّام" suffix="" />
				<ArabicLexical word="بِدَعْوَةٍ" lemma="دَعْوَة" pos="مصرفة منتظمة" prefix="بِ" root="دعو" pattern="فَعْل" suffix="ة" />
				<ArabicLexical word="مِنْ" lemma="مِنْ" pos="جامدة" prefix="" root="مِنْ" pattern="مِنْ" suffix="" />
				<ArabicLexical word="وَزِيرِ" lemma="وَزِير" pos="مصرفة منتظمة" prefix="" root="وزر" pattern="فَعِيل" suffix="" />
				<ArabicLexical word="اَلنِّفْطِ" lemma="نِفْط" pos="مصرفة منتظمة" prefix="ال" root="نفط" pattern="فِعْل" suffix="" />
				<ArabicLexical word="وَوَزِيرِ" lemma="وَزِير" pos="مصرفة منتظمة" prefix="وَ" root="وزر" pattern="فَعِيل" suffix="" />
				<ArabicLexical word="اَلْإِعْلَامِ" lemma="إِعْلَام" pos="مصرفة منتظمة" prefix="ال" root="علم" pattern="إِفْعَال" suffix="" />
				<ArabicLexical word="بِالْوِكَالَةِ" lemma="وِكَالَة" pos="مصرفة منتظمة" prefix="بِال" root="وكل" pattern="فِعَال" suffix="ة" />
				<ArabicLexical word="اَلشَّيْخِ" lemma="شَيْخ" pos="مصرفة منتظمة" prefix="ال" root="شيخ" pattern="فَعْل" suffix="" />
				<ArabicLexical word="سُعُودِ" lemma="سُعُود" pos="مصرفة منتظمة" prefix="" root="سعد" pattern="فُعُول" suffix="" />
				<ArabicLexical word="نَاصِرِ" lemma="نَاصِر" pos="مصرفة منتظمة" prefix="" root="نصر" pattern="فَاعِل" suffix="" />
				<ArabicLexical word="اَلصَّبَاحِ" lemma="صَبَاح" pos="مصرفة منتظمة" prefix="ال" root="صبح" pattern="فَعَال" suffix="" />
			</annotation>
		</sentence>
		<sentence id="06194">
			<text>‏ وَقَالَ: إِنَّهُ حِرْصًا مِنْهُ عَلَى تَدْعِيمِ اَلْعَلَاقَاتِ بَيْنَ اَلْجَامِعَةِ وَدَوْلَةِ اَلْكُوَيْتْ فَسَيُشَارِكُ فِي اَلْفَاعِلِيَّاتِ اَلْكُوَيْتِيَّةِ بِهذِهِ اَلْمُنَاسَبَةِ اَلثَّقَافِيَّةِ.‏ وَإِنَّهُ بِمُنَاسَبَةِ زِيَارَتِهِ لِدَوْلَةِ اَلْكُوَيْتْ فَسَتَكُونُ هُنَاكَ فُرْصَةٌ ‏لِلِقَاءِ كِبَارِ اَلْمَسْؤُولِينَ اَلْكُوَيْتِيِّينَ مُشِيرًا إِلَى أَنَّهُ سَيُجْرِي مُحَادَثَاتٍ شَامِلَةً فِي هذَا اَلْإِطَارِ حَوْلَ اَلْوَضْعِ اَلْعَرَبِيِّ اَلرَّاهِنِ، وَمُسْتَقْبَلِ عَمَلِيَّةِ اَلسَّلَامِ فِي اَلْمِنْطَقَةِ، وَمُتَابَعَةِ تَنْفِيذِ قَرَارَاتِ اَلْقِمَّةِ اَلْعَرَبِيَّةِ، وَدَعْمِ اَلِانْتِفَاضَةِ</text>
			<annotation>
				<ArabicLexical word="وَقَالَ" lemma="قَالَ" pos="مصرفة منتظمة" prefix="وَ" root="قول" pattern="فَعلَ" suffix="" />
				<ArabicLexical word="إِنَّهُ" lemma="أَنَّ" pos="جامدة" prefix="" root="إِنَّ" pattern="إِنَّ" suffix="ه" />
				<ArabicLexical word="حِرْصًا" lemma="حِرْص" pos="مصرفة منتظمة" prefix="" root="حرص" pattern="فِعْل" suffix="" />
				<ArabicLexical word="مِنْهُ" lemma="مِنْ" pos="جامدة" prefix="" root="مِنْ" pattern="مِنْ" suffix="ه" />
				<ArabicLexical word="عَلَى" lemma="عَلَى" pos="جامدة" prefix="" root="عَلَى" pattern="عَلَى" suffix="" />
				<ArabicLexical word="تَدْعِيمِ" lemma="تَدْعِيم" pos="مصرفة منتظمة" prefix="" root="دعم" pattern="تَفْعِيل" suffix="" />
				<ArabicLexical word="اَلْعَلَاقَاتِ" lemma="عَلَاقَة" pos="مصرفة منتظمة" prefix="ال" root="علق" pattern="فَعَال" suffix="ات" />
				<ArabicLexical word="بَيْنَ" lemma="بَيْنَ" pos="مصرفة منتظمة" prefix="" root="بين" pattern="فَعْل" suffix="" />
				<ArabicLexical word="اَلْجَامِعَةِ" lemma="جَامِعَة" pos="مصرفة منتظمة" prefix="ال" root="جمع" pattern="فَاعِل" suffix="ة" />
				<ArabicLexical word="وَدَوْلَةِ" lemma="دَوْلَة" pos="مصرفة منتظمة" prefix="وَ" root="دول" pattern="فَعْل" suffix="ة" />
				<ArabicLexical word="اَلْكُوَيْتْ" lemma="كُوَيْت" pos="غير عربية" prefix="" root="" pattern="" suffix="" />
				<ArabicLexical word="فَسَيُشَارِكُ" lemma="شَارَكَ" pos="مصرفة منتظمة" prefix="فَسَي" root="شرك" pattern="فَاعَلَ" suffix="" />
				<ArabicLexical word="فِي" lemma="فِي" pos="جامدة" prefix="" root="فِي" pattern="فِي" suffix="" />
				<ArabicLexical word="اَلْفَاعِلِيَّاتِ" lemma="فَاعِلِيّ" pos="مصرفة منتظمة" prefix="ال" root="فعل" pattern="فَاعِل" suffix="يَّات" />
				<ArabicLexical word="اَلْكُوَيْتِيَّةِ" lemma="كُوَيْتِيّ" pos="غير عربية" prefix="" root="" pattern="" suffix="" />
				<ArabicLexical word="بِهذِهِ" lemma="ذَا" pos="جامدة" prefix="بِ" root="ذَا" pattern="هذِهِ" suffix="" />
				<ArabicLexical word="اَلْمُنَاسَبَةِ" lemma="مُنَاسَبَة" pos="مصرفة منتظمة" prefix="ال" root="نسب" pattern="مُفَاعَل" suffix="ة" />
				<ArabicLexical word="اَلثَّقَافِيَّةِ" lemma="ثَقَافِيّ" pos="مصرفة منتظمة" prefix="ال" root="ثقف" pattern="فَعَال" suffix="يَّة" />
				<ArabicLexical word="وَإِنَّهُ" lemma="أَنَّ" pos="جامدة" prefix="وَ" root="إِنَّ" pattern="إِنَّ" suffix="ه" />
				<ArabicLexical word="بِمُنَاسَبَةِ" lemma="مُنَاسَبَة" pos="مصرفة منتظمة" prefix="بِ" root="نسب" pattern="مُفَاعَل" suffix="ة" />
				<ArabicLexical word="زِيَارَتِهِ" lemma="زِيَارَة" pos="مصرفة منتظمة" prefix="" root="زور" pattern="فِعَال" suffix="ته" />
				<ArabicLexical word="لِدَوْلَةِ" lemma="دَوْلَة" pos="مصرفة منتظمة" prefix="لِ" root="دول" pattern="فَعْل" suffix="ة" />
				<ArabicLexical word="اَلْكُوَيْتْ" lemma="كُوَيْت" pos="غير عربية" prefix="" root="" pattern="" suffix="" />
				<ArabicLexical word="فَسَتَكُونُ" lemma="كَانَ" pos="مصرفة منتظمة" prefix="فَسَت" root="كون" pattern="فُعل" suffix="" />
				<ArabicLexical word="هُنَاكَ" lemma="هُنَا" pos="جامدة" prefix="" root="هُنَا" pattern="هُنَاكَ" suffix="" />
				<ArabicLexical word="فُرْصَةٌ" lemma="فُرْصَة" pos="مصرفة منتظمة" prefix="" root="فرص" pattern="فُعْل" suffix="ة" />
				<ArabicLexical word="لِلِقَاءِ" lemma="لِقَاء" pos="مصرفة منتظمة" prefix="لِ" root="لقي" pattern="فِعَال" suffix="" />
				<ArabicLexical word="كِبَارِ" lemma="كَبِيرَة" pos="مصرفة منتظمة" prefix="" root="كبر" pattern="فِعَال" suffix="" />
				<ArabicLexical word="اَلْمَسْؤُولِينَ" lemma="مَسْؤُول" pos="مصرفة منتظمة" prefix="ال" root="سأل" pattern="مَفْعُول" suffix="ينَ" />
				<ArabicLexical word="اَلْكُوَيْتِيِّينَ" lemma="كُوَيْتِيّ" pos="غير عربية" prefix="" root="" pattern="" suffix="" />
				<ArabicLexical word="مُشِيرًا" lemma="مُشِير" pos="مصرفة منتظمة" prefix="" root="شور" pattern="مُفِعل" suffix="" />
				<ArabicLexical word="إِلَى" lemma="إِلَى" pos="جامدة" prefix="" root="إِلَى" pattern="إِلَى" suffix="" />
				<ArabicLexical word="أَنَّهُ" lemma="أَنَّ" pos="جامدة" prefix="" root="أَنَّ" pattern="أَنَّ" suffix="ه" />
				<ArabicLexical word="سَيُجْرِي" lemma="أَجْرَى" pos="مصرفة منتظمة" prefix="سَي" root="جري" pattern="أَفْعِل" suffix="" />
				<ArabicLexical word="مُحَادَثَاتٍ" lemma="مُحَادَثَة" pos="مصرفة منتظمة" prefix="" root="حدث" pattern="مُفَاعَل" suffix="ات" />
				<ArabicLexical word="شَامِلَةً" lemma="شَامِل" pos="مصرفة منتظمة" prefix="" root="شمل" pattern="فَاعِل" suffix="ة" />
				<ArabicLexical word="فِي" lemma="فِي" pos="جامدة" prefix="" root="فِي" pattern="فِي" suffix="" />
				<ArabicLexical word="هذَا" lemma="ذَا" pos="جامدة" prefix="" root="ذَا" pattern="هذَا" suffix="" />
				<ArabicLexical word="اَلْإِطَارِ" lemma="إِطَار" pos="مصرفة منتظمة" prefix="ال" root="أطر" pattern="فِعَال" suffix="" />
				<ArabicLexical word="حَوْلَ" lemma="حَوْل" pos="مصرفة منتظمة" prefix="" root="حول" pattern="فَعْل" suffix="" />
				<ArabicLexical word="اَلْوَضْعِ" lemma="وَضْع" pos="مصرفة منتظمة" prefix="ال" root="وضع" pattern="فَعْل" suffix="" />
				<ArabicLexical word="اَلْعَرَبِيِّ" lemma="عَرَبِيّ" pos="مصرفة منتظمة" prefix="ال" root="عرب" pattern="فَعَل" suffix="يّ" />
				<ArabicLexical word="اَلرَّاهِنِ" lemma="رَاهِن" pos="مصرفة منتظمة" prefix="ال" root="رهن" pattern="فَاعِل" suffix="" />
				<ArabicLexical word="وَمُسْتَقْبَلِ" lemma="مُسْتَقْبَل" pos="مصرفة منتظمة" prefix="وَ" root="قبل" pattern="مُسْتَفْعَل" suffix="" />
				<ArabicLexical word="عَمَلِيَّةِ" lemma="عَمَلِيَّة" pos="مصرفة منتظمة" prefix="" root="عمل" pattern="فَعَل" suffix="يَّة" />
				<ArabicLexical word="اَلسَّلَامِ" lemma="سَلَام" pos="مصرفة منتظمة" prefix="ال" root="سلم" pattern="فَعَال" suffix="" />
				<ArabicLexical word="فِي" lemma="فِي" pos="جامدة" prefix="" root="فِي" pattern="فِي" suffix="" />
				<ArabicLexical word="اَلْمِنْطَقَةِ" lemma="مِنْطَقَة" pos="مصرفة منتظمة" prefix="ال" root="نطق" pattern="مِفْعَل" suffix="ة" />
				<ArabicLexical word="وَمُتَابَعَةِ" lemma="مُتَابَعَة" pos="مصرفة منتظمة" prefix="وَ" root="تبع" pattern="مُفَاعَل" suffix="ة" />
				<ArabicLexical word="تَنْفِيذِ" lemma="تَنْفِيذ" pos="مصرفة منتظمة" prefix="" root="نفذ" pattern="تَفْعِيل" suffix="" />
				<ArabicLexical word="قَرَارَاتِ" lemma="قَرَار" pos="مصرفة منتظمة" prefix="" root="قرر" pattern="فَعَال" suffix="ات" />
				<ArabicLexical word="اَلْقِمَّةِ" lemma="قِمَّة" pos="مصرفة منتظمة" prefix="ال" root="قمم" pattern="فِلّ" suffix="ة" />
				<ArabicLexical word="اَلْعَرَبِيَّةِ" lemma="عَرَبِيّ" pos="مصرفة منتظمة" prefix="ال" root="عرب" pattern="فَعَل" suffix="يَّة" />
				<ArabicLexical word="وَدَعْمِ" lemma="دَعْم" pos="مصرفة منتظمة" prefix="وَ" root="دعم" pattern="فَعْل" suffix="" />
				<ArabicLexical word="اَلِانْتِفَاضَةِ" lemma="انْتِفَاضَة" pos="مصرفة منتظمة" prefix="ال" root="نفض" pattern="اِفْتِعَال" suffix="ة" />
			</annotation>
		</sentence>
	</FILE>
	</NEMLAR>