<NEMLAR><FILE name="GeneralNews" number="001">
		<sentence id="05659">
			<text>?مِصْرُ.. قَبُولُ اَلْآخَرِ بِافْتِتَاحِ مَهْرَجَانِ اَلطِّفْلِ </text>
			<annotation>
				<ArabicLexical word="مِصْرُ" lemma="مِصْر" pos="مصرفة منتظمة" prefix="" root="مصر" pattern="فِعْل" suffix="" />
				<ArabicLexical word="قَبُولُ" lemma="قَبُول" pos="مصرفة منتظمة" prefix="" root="قبل" pattern="فَعُول" suffix="" />
				<ArabicLexical word="اَلْآخَرِ" lemma="آخَر" pos="مصرفة منتظمة" prefix="ال" root="أخر" pattern="أَفعَل" suffix="" />
				<ArabicLexical word="بِافْتِتَاحِ" lemma="افْتِتَاح" pos="مصرفة منتظمة" prefix="بِ" root="فتح" pattern="اِفْتِعَال" suffix="" />
				<ArabicLexical word="مَهْرَجَانِ" lemma="مَهْرَجَان" pos="استثناء صرفي" prefix="" root="هرج" pattern="مَهْرَجَان" suffix="" />
				<ArabicLexical word="اَلطِّفْلِ" lemma="طِفْل" pos="مصرفة منتظمة" prefix="ال" root="طفل" pattern="فِعْل" suffix="" />
			</annotation>
		</sentence>
		<sentence id="05660">
			<text> </text>
			<annotation>
			</annotation>
		</sentence>
		<sentence id="05661">
			<text>اَلْقَاهِرَةُ- مُنَى دِرْوِيشٍ- إِسْلَامُ أُونْ لَايْنْ.نِتْ/ 5-3-2005 </text>
			<annotation>
				<ArabicLexical word="اَلْقَاهِرَةُ" lemma="قَاهِرَة" pos="مصرفة منتظمة" prefix="ال" root="قهر" pattern="فَاعِل" suffix="ة" />
				<ArabicLexical word="مُنَى" lemma="مُنَى" pos="مصرفة منتظمة" prefix="" root="مني" pattern="فُعَل" suffix="" />
				<ArabicLexical word="دِرْوِيشٍ" lemma="دِرْوِيش" pos="مصرفة منتظمة" prefix="" root="دروش" pattern="فِعْلِيل" suffix="" />
				<ArabicLexical word="إِسْلَامُ" lemma="إِسْلَام" pos="مصرفة منتظمة" prefix="" root="سلم" pattern="إِفْعَال" suffix="" />
				<ArabicLexical word="أُونْ" lemma="أُونْ" pos="غير عربية" prefix="" root="" pattern="" suffix="" />
				<ArabicLexical word="لَايْنْ" lemma="+" pos="غير عربية" prefix="" root="" pattern="" suffix="" />
				<ArabicLexical word="نِتْ" lemma="نِت" pos="غير عربية" prefix="" root="" pattern="" suffix="" />
			</annotation>
		</sentence>
		<sentence id="05662">
			<text> </text>
			<annotation>
			</annotation>
		</sentence>
		<sentence id="05663">
			<text> </text>
			<annotation>
			</annotation>
		</sentence>
		<sentence id="05664">
			<text>مَشْهَدٌ مِنْ فِيلْمِ اَلْكَرْتُونْ اَلْأَمْرِيكِيِّ مُغَامَرَاتُ بُو </text>
			<annotation>
				<ArabicLexical word="مَشْهَدٌ" lemma="مَشْهَد" pos="مصرفة منتظمة" prefix="" root="شهد" pattern="مَفْعَل" suffix="" />
				<ArabicLexical word="مِنْ" lemma="مِنْ" pos="جامدة" prefix="" root="مِنْ" pattern="مِنْ" suffix="" />
				<ArabicLexical word="فِيلْمِ" lemma="فِيلْم" pos="معربة" prefix="" root="فِيلْم" pattern="فِيلْم" suffix="" />
				<ArabicLexical word="اَلْكَرْتُونْ" lemma="كَرْتُون" pos="غير عربية" prefix="" root="" pattern="" suffix="" />
				<ArabicLexical word="اَلْأَمْرِيكِيِّ" lemma="أَمِيرْكِيّ" pos="معربة" prefix="ال" root="أَمِرِيكَا" pattern="أَمْرِيكِ" suffix="يّ" />
				<ArabicLexical word="مُغَامَرَاتُ" lemma="مُغَامَرَة" pos="مصرفة منتظمة" prefix="" root="غمر" pattern="مُفَاعَل" suffix="ات" />
				<ArabicLexical word="بُو" lemma="بُو" pos="غير عربية" prefix="" root="" pattern="" suffix="" />
			</annotation>
		</sentence>
		<sentence id="05665">
			<text> </text>
			<annotation>
			</annotation>
		</sentence>
		<sentence id="05666">
			<text>قَبُولُ اَلْآخَرِ مَهْمَا كَانَتْ دَرَجَةُ اَلِاخْتِلَافِ مَعَهُ وَعَدَمُ اَلْخَوْفِ مِنْ اَلْمَجْهُولِ.. كَانَتْ اَلرِّسَالَةَ اَلَّتِي قَدَّمَهَا فِيلْمُ اَلْكَرْتُونْ اَلْأَمْرِيكِيُّ (مُغَامَرَاتُ بُو)، وَالَّذِي عُرِضَ فِي اِفْتِتَاحِ مَهْرَجَانِ اَلْقَاهِرَةِ اَلدُّوَلِيُّ اَلْخَامِسَ عَشَرَ لِسِينِمَا اَلْأَطْفَالِ اَلْجُمُعَةَ 4-3-2005.</text>
			<annotation>
				<ArabicLexical word="قَبُولُ" lemma="قَبُول" pos="مصرفة منتظمة" prefix="" root="قبل" pattern="فَعُول" suffix="" />
				<ArabicLexical word="اَلْآخَرِ" lemma="آخَر" pos="مصرفة منتظمة" prefix="ال" root="أخر" pattern="أَفعَل" suffix="" />
				<ArabicLexical word="مَهْمَا" lemma="مَهْمَا" pos="جامدة" prefix="" root="مَهْمَا" pattern="مَهْمَا" suffix="" />
				<ArabicLexical word="كَانَتْ" lemma="كَانَ" pos="مصرفة منتظمة" prefix="" root="كون" pattern="فَعلَ" suffix="تْ" />
				<ArabicLexical word="دَرَجَةُ" lemma="دَرَجَة" pos="مصرفة منتظمة" prefix="" root="درج" pattern="فَعَل" suffix="ة" />
				<ArabicLexical word="اَلِاخْتِلَافِ" lemma="اخْتِلَاف" pos="مصرفة منتظمة" prefix="ال" root="خلف" pattern="اِفْتِعَال" suffix="" />
				<ArabicLexical word="مَعَهُ" lemma="مَعَ" pos="جامدة" prefix="" root="مَعَ" pattern="مَعَ" suffix="ه" />
				<ArabicLexical word="وَعَدَمُ" lemma="عَدَم" pos="مصرفة منتظمة" prefix="وَ" root="عدم" pattern="فَعَل" suffix="" />
				<ArabicLexical word="اَلْخَوْفِ" lemma="خَوْف" pos="مصرفة منتظمة" prefix="ال" root="خوف" pattern="فَعْل" suffix="" />
				<ArabicLexical word="مِنْ" lemma="مِنْ" pos="جامدة" prefix="" root="مِنْ" pattern="مِنْ" suffix="" />
				<ArabicLexical word="اَلْمَجْهُولِ" lemma="مَجْهُول" pos="مصرفة منتظمة" prefix="ال" root="جهل" pattern="مَفْعُول" suffix="" />
				<ArabicLexical word="كَانَتْ" lemma="كَانَ" pos="مصرفة منتظمة" prefix="" root="كون" pattern="فَعلَ" suffix="تْ" />
				<ArabicLexical word="اَلرِّسَالَةَ" lemma="رِسَالَة" pos="مصرفة منتظمة" prefix="ال" root="رسل" pattern="فِعَال" suffix="ة" />
				<ArabicLexical word="اَلَّتِي" lemma="اَلَّذِي" pos="جامدة" prefix="ال" root="اَلَّذِي" pattern="لَتِي" suffix="" />
				<ArabicLexical word="قَدَّمَهَا" lemma="قَدَّمَ" pos="مصرفة منتظمة" prefix="" root="قدم" pattern="فَعَّلَ" suffix="هَا" />
				<ArabicLexical word="فِيلْمُ" lemma="فِيلْم" pos="معربة" prefix="" root="فِيلْم" pattern="فِيلْم" suffix="" />
				<ArabicLexical word="اَلْكَرْتُونْ" lemma="كَرْتُون" pos="غير عربية" prefix="" root="" pattern="" suffix="" />
				<ArabicLexical word="اَلْأَمْرِيكِيُّ" lemma="أَمِيرْكِيّ" pos="معربة" prefix="ال" root="أَمِرِيكَا" pattern="أَمْرِيكِ" suffix="يّ" />
				<ArabicLexical word="مُغَامَرَاتُ" lemma="مُغَامَرَة" pos="مصرفة منتظمة" prefix="" root="غمر" pattern="مُفَاعَل" suffix="ات" />
				<ArabicLexical word="بُو" lemma="بُو" pos="غير عربية" prefix="" root="" pattern="" suffix="" />
				<ArabicLexical word="وَالَّذِي" lemma="اَلَّذِي" pos="جامدة" prefix="وَال" root="اَلَّذِي" pattern="لَذِي" suffix="" />
				<ArabicLexical word="عُرِضَ" lemma="عَرَضَ" pos="مصرفة منتظمة" prefix="" root="عرض" pattern="فُعِلَ" suffix="" />
				<ArabicLexical word="فِي" lemma="فِي" pos="جامدة" prefix="" root="فِي" pattern="فِي" suffix="" />
				<ArabicLexical word="اِفْتِتَاحِ" lemma="افْتِتَاح" pos="مصرفة منتظمة" prefix="" root="فتح" pattern="اِفْتِعَال" suffix="" />
				<ArabicLexical word="مَهْرَجَانِ" lemma="مَهْرَجَان" pos="استثناء صرفي" prefix="" root="هرج" pattern="مَهْرَجَان" suffix="" />
				<ArabicLexical word="اَلْقَاهِرَةِ" lemma="قَاهِرَة" pos="مصرفة منتظمة" prefix="ال" root="قهر" pattern="فَاعِل" suffix="ة" />
				<ArabicLexical word="اَلدُّوَلِيُّ" lemma="دُوَلِيّ" pos="مصرفة منتظمة" prefix="ال" root="دول" pattern="فُعَل" suffix="يّ" />
				<ArabicLexical word="اَلْخَامِسَ" lemma="خَامِس" pos="مصرفة منتظمة" prefix="ال" root="خمس" pattern="فَاعِل" suffix="" />
				<ArabicLexical word="عَشَرَ" lemma="عَشَرَ" pos="مصرفة منتظمة" prefix="" root="عشر" pattern="فَعَل" suffix="" />
				<ArabicLexical word="لِسِينِمَا" lemma="سِينِمَا" pos="غير عربية" prefix="" root="" pattern="" suffix="" />
				<ArabicLexical word="اَلْأَطْفَالِ" lemma="طِفْل" pos="مصرفة منتظمة" prefix="ال" root="طفل" pattern="أَفْعَال" suffix="" />
				<ArabicLexical word="اَلْجُمُعَةَ" lemma="جُمُعَة" pos="مصرفة منتظمة" prefix="ال" root="جمع" pattern="فُعُل" suffix="ة" />
			</annotation>
		</sentence>
		<sentence id="05667">
			<text>وَتَدُورُ قِصَّةُ اَلْفِيلْمِ حَوْلَ نَجَاحِ حَيَوَانِ اَلْكَانْجَرْ بُو -بَطَلُ اَلْفِيلْمِ- فِي اَلتَّغَلُّبِ عَلَى مَخَاوِفِهِ وَالتَّجَوُّلِ بِإِحْدَى اَلْمَنَاطِقِ اَلْمُتَاخِمَةِ لِلْغَابَةِ اَلَّتِي يَعِيشُ فِيهَا مَعَ أَصْدِقَائِهِ اَلْأَرْنَبِ وَالنَّمِرِ، وَهِيَ اَلْمَنْطِقَةُ اَلَّتِي يَعْتَقِدُ أَصْدِقَاؤُهُ وَوَالِدَاهُ أَنَّهَا تَضُمُّ حَيَوَانَاتٍ مُتَوَحِّشَةً، مِنْهَا اَلْأَفْيَالُ، وَيَحْذَرُونَ دَائِمًا مِنْ اَلِاقْتِرَابِ مِنْهَا.</text>
			<annotation>
				<ArabicLexical word="وَتَدُورُ" lemma="دَارَ" pos="مصرفة منتظمة" prefix="وَت" root="دور" pattern="فُعل" suffix="" />
				<ArabicLexical word="قِصَّةُ" lemma="قِصَّة" pos="مصرفة منتظمة" prefix="" root="قصص" pattern="فِلّ" suffix="ة" />
				<ArabicLexical word="اَلْفِيلْمِ" lemma="فِيلْم" pos="معربة" prefix="ال" root="فِيلْم" pattern="فِيلْم" suffix="" />
				<ArabicLexical word="حَوْلَ" lemma="حَوْل" pos="مصرفة منتظمة" prefix="" root="حول" pattern="فَعْل" suffix="" />
				<ArabicLexical word="نَجَاحِ" lemma="نَجَاح" pos="مصرفة منتظمة" prefix="" root="نجح" pattern="فَعَال" suffix="" />
				<ArabicLexical word="حَيَوَانِ" lemma="حَيَوَان" pos="استثناء صرفي" prefix="" root="حيي" pattern="حَيَوَان" suffix="" />
				<ArabicLexical word="اَلْكَانْجَرْ" lemma="كَانْجَر" pos="غير عربية" prefix="" root="" pattern="" suffix="" />
				<ArabicLexical word="بُو" lemma="بُو" pos="غير عربية" prefix="" root="" pattern="" suffix="" />
				<ArabicLexical word="بَطَلُ" lemma="بَطَل" pos="مصرفة منتظمة" prefix="" root="بطل" pattern="فَعَل" suffix="" />
				<ArabicLexical word="اَلْفِيلْمِ" lemma="فِيلْم" pos="معربة" prefix="ال" root="فِيلْم" pattern="فِيلْم" suffix="" />
				<ArabicLexical word="فِي" lemma="فِي" pos="جامدة" prefix="" root="فِي" pattern="فِي" suffix="" />
				<ArabicLexical word="اَلتَّغَلُّبِ" lemma="تَغَلُّب" pos="مصرفة منتظمة" prefix="ال" root="غلب" pattern="تَفَعُّل" suffix="" />
				<ArabicLexical word="عَلَى" lemma="عَلَى" pos="جامدة" prefix="" root="عَلَى" pattern="عَلَى" suffix="" />
				<ArabicLexical word="مَخَاوِفِهِ" lemma="مَخَافَة" pos="مصرفة منتظمة" prefix="" root="خوف" pattern="مَفَاعِل" suffix="ه" />
				<ArabicLexical word="وَالتَّجَوُّلِ" lemma="تَجَوُّل" pos="مصرفة منتظمة" prefix="وَال" root="جول" pattern="تَفَعُّل" suffix="" />
				<ArabicLexical word="بِإِحْدَى" lemma="أَحَد" pos="استثناء صرفي" prefix="بِ" root="أحد" pattern="إِحْدَى" suffix="" />
				<ArabicLexical word="اَلْمَنَاطِقِ" lemma="مِنْطَقَة" pos="مصرفة منتظمة" prefix="ال" root="نطق" pattern="مَفَاعِل" suffix="" />
				<ArabicLexical word="اَلْمُتَاخِمَةِ" lemma="مُتَاخِم" pos="مصرفة منتظمة" prefix="ال" root="تخم" pattern="مُفَاعِل" suffix="ة" />
				<ArabicLexical word="لِلْغَابَةِ" lemma="غَابَة" pos="استثناء صرفي" prefix="لِل" root="غيب" pattern="غَاب" suffix="ة" />
				<ArabicLexical word="اَلَّتِي" lemma="اَلَّذِي" pos="جامدة" prefix="ال" root="اَلَّذِي" pattern="لَتِي" suffix="" />
				<ArabicLexical word="يَعِيشُ" lemma="عَاشَ" pos="مصرفة منتظمة" prefix="ي" root="عيش" pattern="فِعل" suffix="" />
				<ArabicLexical word="فِيهَا" lemma="فِي" pos="جامدة" prefix="" root="فِي" pattern="فِي" suffix="هَا" />
				<ArabicLexical word="مَعَ" lemma="مَعَ" pos="جامدة" prefix="" root="مَعَ" pattern="مَعَ" suffix="" />
				<ArabicLexical word="أَصْدِقَائِهِ" lemma="صَدِيق" pos="استثناء صرفي" prefix="" root="صدق" pattern="أَصْدِقَاء" suffix="ه" />
				<ArabicLexical word="اَلْأَرْنَبِ" lemma="أَرْنَب" pos="مصرفة منتظمة" prefix="ال" root="أرنب" pattern="فَعْلَل" suffix="" />
				<ArabicLexical word="وَالنَّمِرِ" lemma="نَمِر" pos="مصرفة منتظمة" prefix="وَال" root="نمر" pattern="فَعِل" suffix="" />
				<ArabicLexical word="وَهِيَ" lemma="وَهِيَ" pos="جامدة" prefix="وَ" root="هُوَ" pattern="هِيَ" suffix="" />
				<ArabicLexical word="اَلْمَنْطِقَةُ" lemma="مَنْطِقَة" pos="مصرفة منتظمة" prefix="ال" root="نطق" pattern="مَفْعِل" suffix="ة" />
				<ArabicLexical word="اَلَّتِي" lemma="اَلَّذِي" pos="جامدة" prefix="ال" root="اَلَّذِي" pattern="لَتِي" suffix="" />
				<ArabicLexical word="يَعْتَقِدُ" lemma="اعْتَقَدَ" pos="مصرفة منتظمة" prefix="ي" root="عقد" pattern="اِفْتَعَلَ" suffix="" />
				<ArabicLexical word="أَصْدِقَاؤُهُ" lemma="صَدِيق" pos="استثناء صرفي" prefix="" root="صدق" pattern="أَصْدِقَاء" suffix="ه" />
				<ArabicLexical word="وَوَالِدَاهُ" lemma="وَالِد" pos="مصرفة منتظمة" prefix="وَ" root="ولد" pattern="فَاعِل" suffix="اهُ" />
				<ArabicLexical word="أَنَّهَا" lemma="أَنَّ" pos="جامدة" prefix="" root="أَنَّ" pattern="أَنَّ" suffix="هَا" />
				<ArabicLexical word="تَضُمُّ" lemma="ضَمَّ" pos="مصرفة منتظمة" prefix="ت" root="ضمم" pattern="فُلّ" suffix="" />
				<ArabicLexical word="حَيَوَانَاتٍ" lemma="حَيَوَان" pos="استثناء صرفي" prefix="" root="حيي" pattern="حَيَوَان" suffix="ات" />
				<ArabicLexical word="مُتَوَحِّشَةً" lemma="مُتَوَحِّش" pos="مصرفة منتظمة" prefix="" root="وحش" pattern="مُتَفَعِّل" suffix="ة" />
				<ArabicLexical word="مِنْهَا" lemma="مِنْ" pos="جامدة" prefix="" root="مِنْ" pattern="مِنْ" suffix="هَا" />
				<ArabicLexical word="اَلْأَفْيَالُ" lemma="فِيل" pos="مصرفة منتظمة" prefix="ال" root="فيل" pattern="أَفْعَال" suffix="" />
				<ArabicLexical word="وَيَحْذَرُونَ" lemma="حَذِرَ" pos="مصرفة منتظمة" prefix="وَي" root="حذر" pattern="فْعَل" suffix="ونَ" />
				<ArabicLexical word="دَائِمًا" lemma="دَائِم" pos="مصرفة منتظمة" prefix="" root="دوم" pattern="فَاعِل" suffix="" />
				<ArabicLexical word="مِنْ" lemma="مِنْ" pos="جامدة" prefix="" root="مِنْ" pattern="مِنْ" suffix="" />
				<ArabicLexical word="اَلِاقْتِرَابِ" lemma="اقْتِرَاب" pos="مصرفة منتظمة" prefix="ال" root="قرب" pattern="اِفْتِعَال" suffix="" />
				<ArabicLexical word="مِنْهَا" lemma="مِنْ" pos="جامدة" prefix="" root="مِنْ" pattern="مِنْ" suffix="هَا" />
			</annotation>
		</sentence>
		<sentence id="05668">
			<text>وَيُحَاوِلُ بُو اِصْطِيَادَ أَحَدِ اَلْأَفْيَالِ حَتَّى يَتَخَلَّصَ مِنْ اَلْخَوْفِ مِنْ تِلْكَ اَلْحَيَوَانَاتِ اَلْمُتَوَحِّشَةِ، إِلَّا أَنَّهُ عِنْدَمَا يَلْتَقِي اَلْفِيلَ يَكْتَشِفُ أَنَّهُ حَيَوَانٌ غَيْرُ مُتَوَحِّشٍ، وَتَنْشَأُ بَيْنَهُمَا صَدَاقَةٌ حَمِيمَةٌ حَتَّى إِنَّ اَلْفِيلَ يُنْقِذُ بُو مِنْ مَوْتٍ مُحَقَّقٍ.</text>
			<annotation>
				<ArabicLexical word="وَيُحَاوِلُ" lemma="حَاوَلَ" pos="مصرفة منتظمة" prefix="وَي" root="حول" pattern="فَاعَلَ" suffix="" />
				<ArabicLexical word="بُو" lemma="بُو" pos="غير عربية" prefix="" root="" pattern="" suffix="" />
				<ArabicLexical word="اِصْطِيَادَ" lemma="اصْطِيَاد" pos="مصرفة منتظمة" prefix="" root="صيد" pattern="اِفْطِعَال" suffix="" />
				<ArabicLexical word="أَحَدِ" lemma="أَحَد" pos="مصرفة منتظمة" prefix="" root="أحد" pattern="فَعَل" suffix="" />
				<ArabicLexical word="اَلْأَفْيَالِ" lemma="فِيل" pos="مصرفة منتظمة" prefix="ال" root="فيل" pattern="أَفْعَال" suffix="" />
				<ArabicLexical word="حَتَّى" lemma="حَتَّى" pos="جامدة" prefix="" root="حَتَّى" pattern="حَتَّى" suffix="" />
				<ArabicLexical word="يَتَخَلَّصَ" lemma="تَخَلَّصَ" pos="مصرفة منتظمة" prefix="ي" root="خلص" pattern="تَفَعَّلَ" suffix="" />
				<ArabicLexical word="مِنْ" lemma="مِنْ" pos="جامدة" prefix="" root="مِنْ" pattern="مِنْ" suffix="" />
				<ArabicLexical word="اَلْخَوْفِ" lemma="خَوْف" pos="مصرفة منتظمة" prefix="ال" root="خوف" pattern="فَعْل" suffix="" />
				<ArabicLexical word="مِنْ" lemma="مِنْ" pos="جامدة" prefix="" root="مِنْ" pattern="مِنْ" suffix="" />
				<ArabicLexical word="تِلْكَ" lemma="ذَا" pos="جامدة" prefix="" root="ذَا" pattern="تِلْ" suffix="كَ" />
				<ArabicLexical word="اَلْحَيَوَانَاتِ" lemma="حَيَوَان" pos="استثناء صرفي" prefix="ال" root="حيي" pattern="حَيَوَان" suffix="ات" />
				<ArabicLexical word="اَلْمُتَوَحِّشَةِ" lemma="مُتَوَحِّش" pos="مصرفة منتظمة" prefix="ال" root="وحش" pattern="مُتَفَعِّل" suffix="ة" />
				<ArabicLexical word="إِلَّا" lemma="إِلَّا" pos="جامدة" prefix="" root="إِلَّا" pattern="إِلَّا" suffix="" />
				<ArabicLexical word="أَنَّهُ" lemma="أَنَّ" pos="جامدة" prefix="" root="أَنَّ" pattern="أَنَّ" suffix="ه" />
				<ArabicLexical word="عِنْدَمَا" lemma="عِنْدَ" pos="جامدة" prefix="" root="عِنْدَ" pattern="عِنْدَمَا" suffix="" />
				<ArabicLexical word="يَلْتَقِي" lemma="الْتَقَى" pos="مصرفة منتظمة" prefix="ي" root="لقي" pattern="اِفْتَعِل" suffix="" />
				<ArabicLexical word="اَلْفِيلَ" lemma="فِيل" pos="مصرفة منتظمة" prefix="ال" root="فيل" pattern="فِعل" suffix="" />
				<ArabicLexical word="يَكْتَشِفُ" lemma="اكْتَشَفَ" pos="مصرفة منتظمة" prefix="ي" root="كشف" pattern="اِفْتَعَلَ" suffix="" />
				<ArabicLexical word="أَنَّهُ" lemma="أَنَّ" pos="جامدة" prefix="" root="أَنَّ" pattern="أَنَّ" suffix="ه" />
				<ArabicLexical word="حَيَوَانٌ" lemma="حَيَوَان" pos="استثناء صرفي" prefix="" root="حيي" pattern="حَيَوَان" suffix="" />
				<ArabicLexical word="غَيْرُ" lemma="غَيْر" pos="مصرفة منتظمة" prefix="" root="غير" pattern="فَعْل" suffix="" />
				<ArabicLexical word="مُتَوَحِّشٍ" lemma="مُتَوَحِّش" pos="مصرفة منتظمة" prefix="" root="وحش" pattern="مُتَفَعِّل" suffix="" />
				<ArabicLexical word="وَتَنْشَأُ" lemma="نَشَأَ" pos="مصرفة منتظمة" prefix="وَت" root="نشأ" pattern="فْعَل" suffix="" />
				<ArabicLexical word="بَيْنَهُمَا" lemma="بَيْنَ" pos="مصرفة منتظمة" prefix="" root="بين" pattern="فَعْل" suffix="همَا" />
				<ArabicLexical word="صَدَاقَةٌ" lemma="صَدَاق" pos="مصرفة منتظمة" prefix="" root="صدق" pattern="فَعَال" suffix="ة" />
				<ArabicLexical word="حَمِيمَةٌ" lemma="حَمِيمَة" pos="مصرفة منتظمة" prefix="" root="حمم" pattern="فَعِيل" suffix="ة" />
				<ArabicLexical word="حَتَّى" lemma="حَتَّى" pos="جامدة" prefix="" root="حَتَّى" pattern="حَتَّى" suffix="" />
				<ArabicLexical word="إِنَّ" lemma="أَنَّ" pos="جامدة" prefix="" root="إِنَّ" pattern="إِنَّ" suffix="" />
				<ArabicLexical word="اَلْفِيلَ" lemma="فِيل" pos="مصرفة منتظمة" prefix="ال" root="فيل" pattern="فِعل" suffix="" />
				<ArabicLexical word="يُنْقِذُ" lemma="أَنْقَذَ" pos="مصرفة منتظمة" prefix="ي" root="نقذ" pattern="أَفْعَلَ" suffix="" />
				<ArabicLexical word="بُو" lemma="بُو" pos="غير عربية" prefix="" root="" pattern="" suffix="" />
				<ArabicLexical word="مِنْ" lemma="مِنْ" pos="جامدة" prefix="" root="مِنْ" pattern="مِنْ" suffix="" />
				<ArabicLexical word="مَوْتٍ" lemma="مَوْت" pos="مصرفة منتظمة" prefix="" root="موت" pattern="فَعْل" suffix="" />
				<ArabicLexical word="مُحَقَّقٍ" lemma="مُحَقَّق" pos="مصرفة منتظمة" prefix="" root="حقق" pattern="مُفَعَّل" suffix="" />
			</annotation>
		</sentence>
		<sentence id="05669">
			<text>وَيُعَالِجُ اَلْفِيلْمُ بِبِسَاطَةٍ وَذَكَاءٍ قَضِيَّةَ قَبُولِ اَلْآخَرِ اَلَّذِي عَادَةً مَا يَكُونُ مَصْدَرًا لِلْخَوْفِ وَالْقَلَقِ كَثِيرًا مَا ظَلَّتْ اَلْمَسَافَةُ بَيْنَنَا وَبَيْنَهُ بَعِيدَةً، رَغْمَ أَنَّ هذَا اَلْخَوْفَ لَا يَكُونُ لَهُ غَالِبًا أَسَاسٌ مِنْ اَلصِّحَّةِ وَخَاصَّةً فِي عَالَمِ اَلْأَطْفَالِ، وَيَكُونُ اَلْكِبَارُ هُمْ اَلسَّبَبَ اَلْحَقِيقِيَّ وَرَاءَهُ.</text>
			<annotation>
				<ArabicLexical word="وَيُعَالِجُ" lemma="عَالَجَ" pos="مصرفة منتظمة" prefix="وَي" root="علج" pattern="فَاعَلَ" suffix="" />
				<ArabicLexical word="اَلْفِيلْمُ" lemma="فِيلْم" pos="معربة" prefix="ال" root="فِيلْم" pattern="فِيلْم" suffix="" />
				<ArabicLexical word="بِبَسَاطَةٍ" lemma="بَسَاطَة" pos="مصرفة منتظمة" prefix="بِ" root="بسط" pattern="فِعَال" suffix="ة" />
				<ArabicLexical word="وَذَكَاءٍ" lemma="ذَكَاء" pos="مصرفة منتظمة" prefix="وَ" root="ذكو" pattern="فَعَال" suffix="" />
				<ArabicLexical word="قَضِيَّةَ" lemma="قَضِيَّة" pos="مصرفة منتظمة" prefix="" root="قضي" pattern="فَعِلّ" suffix="ة" />
				<ArabicLexical word="قَبُولِ" lemma="قَبُول" pos="مصرفة منتظمة" prefix="" root="قبل" pattern="فَعُول" suffix="" />
				<ArabicLexical word="اَلْآخَرِ" lemma="آخَر" pos="مصرفة منتظمة" prefix="ال" root="أخر" pattern="أَفعَل" suffix="" />
				<ArabicLexical word="اَلَّذِي" lemma="اَلَّذِي" pos="جامدة" prefix="ال" root="اَلَّذِي" pattern="لَذِي" suffix="" />
				<ArabicLexical word="عَادَةً" lemma="عَادَة" pos="مصرفة منتظمة" prefix="" root="عود" pattern="فَعل" suffix="ة" />
				<ArabicLexical word="مَا" lemma="مَا" pos="غير عربية" prefix="" root="" pattern="" suffix="" />
				<ArabicLexical word="يَكُونُ" lemma="كَانَ" pos="مصرفة منتظمة" prefix="ي" root="كون" pattern="فُعل" suffix="" />
				<ArabicLexical word="مَصْدَرًا" lemma="مَصْدَر" pos="مصرفة منتظمة" prefix="" root="صدر" pattern="مَفْعَل" suffix="" />
				<ArabicLexical word="لِلْخَوْفِ" lemma="خَوْف" pos="مصرفة منتظمة" prefix="لِل" root="خوف" pattern="فَعْل" suffix="" />
				<ArabicLexical word="وَالْقَلَقِ" lemma="قَلَق" pos="مصرفة منتظمة" prefix="وَال" root="قلق" pattern="فَعَل" suffix="" />
				<ArabicLexical word="كَثِيرًا" lemma="كَثِير" pos="مصرفة منتظمة" prefix="" root="كثر" pattern="فَعِيل" suffix="" />
				<ArabicLexical word="مَا" lemma="مَا" pos="جامدة" prefix="" root="اَلَّذِي" pattern="مَا" suffix="" />
				<ArabicLexical word="ظَلَّتْ" lemma="ظَلَّ" pos="مصرفة منتظمة" prefix="" root="ظلل" pattern="فَلَّ" suffix="تْ" />
				<ArabicLexical word="اَلْمَسَافَةُ" lemma="مَسَافَة" pos="مصرفة منتظمة" prefix="ال" root="سوف" pattern="مَفَعل" suffix="ة" />
				<ArabicLexical word="بَيْنَنَا" lemma="بَيْنَ" pos="مصرفة منتظمة" prefix="" root="بين" pattern="فَعْل" suffix="نَا" />
				<ArabicLexical word="وَبَيْنَهُ" lemma="بَيْنَ" pos="مصرفة منتظمة" prefix="وَ" root="بين" pattern="فَعْل" suffix="ه" />
				<ArabicLexical word="بَعِيدَةً" lemma="بَعِيد" pos="مصرفة منتظمة" prefix="" root="بعد" pattern="فَعِيل" suffix="ة" />
				<ArabicLexical word="رَغْمَ" lemma="رَغْم" pos="مصرفة منتظمة" prefix="" root="رغم" pattern="فَعْل" suffix="" />
				<ArabicLexical word="أَنَّ" lemma="أَنَّ" pos="جامدة" prefix="" root="أَنَّ" pattern="أَنَّ" suffix="" />
				<ArabicLexical word="هذَا" lemma="ذَا" pos="جامدة" prefix="" root="ذَا" pattern="هذَا" suffix="" />
				<ArabicLexical word="اَلْخَوْفَ" lemma="خَوْف" pos="مصرفة منتظمة" prefix="ال" root="خوف" pattern="فَعْل" suffix="" />
				<ArabicLexical word="لَا" lemma="لَا" pos="جامدة" prefix="" root="لَا" pattern="لَا" suffix="" />
				<ArabicLexical word="يَكُونُ" lemma="كَانَ" pos="مصرفة منتظمة" prefix="ي" root="كون" pattern="فُعل" suffix="" />
				<ArabicLexical word="لَهُ" lemma="لِي" pos="جامدة" prefix="" root="لِي" pattern="لَهُ" suffix="" />
				<ArabicLexical word="غَالِبًا" lemma="غَالِب" pos="مصرفة منتظمة" prefix="" root="غلب" pattern="فَاعِل" suffix="" />
				<ArabicLexical word="أَسَاسٌ" lemma="أَسَاس" pos="مصرفة منتظمة" prefix="" root="أسس" pattern="فَعَال" suffix="" />
				<ArabicLexical word="مِنْ" lemma="مِنْ" pos="جامدة" prefix="" root="مِنْ" pattern="مِنْ" suffix="" />
				<ArabicLexical word="اَلصِّحَّةِ" lemma="صِحَّة" pos="مصرفة منتظمة" prefix="ال" root="صحح" pattern="فِلّ" suffix="ة" />
				<ArabicLexical word="وَخَاصَّةً" lemma="خَاصَّة" pos="مصرفة منتظمة" prefix="وَ" root="خصص" pattern="فَالّ" suffix="ة" />
				<ArabicLexical word="فِي" lemma="فِي" pos="جامدة" prefix="" root="فِي" pattern="فِي" suffix="" />
				<ArabicLexical word="عَالَمِ" lemma="عَالَم" pos="استثناء صرفي" prefix="" root="علم" pattern="عَالَم" suffix="" />
				<ArabicLexical word="اَلْأَطْفَالِ" lemma="طِفْل" pos="مصرفة منتظمة" prefix="ال" root="طفل" pattern="أَفْعَال" suffix="" />
				<ArabicLexical word="وَيَكُونُ" lemma="كَانَ" pos="مصرفة منتظمة" prefix="وَي" root="كون" pattern="فُعل" suffix="" />
				<ArabicLexical word="اَلْكِبَارُ" lemma="كَبِيرَة" pos="مصرفة منتظمة" prefix="ال" root="كبر" pattern="فِعَال" suffix="" />
				<ArabicLexical word="هُمْ" lemma="هُوَ" pos="جامدة" prefix="" root="هُوَ" pattern="هُمْ" suffix="" />
				<ArabicLexical word="اَلسَّبَبَ" lemma="سَبَب" pos="مصرفة منتظمة" prefix="ال" root="سبب" pattern="فَعَل" suffix="" />
				<ArabicLexical word="اَلْحَقِيقِيَّ" lemma="حَقِيقِيّ" pos="مصرفة منتظمة" prefix="ال" root="حقق" pattern="فَعِيل" suffix="يّ" />
				<ArabicLexical word="وَرَاءَهُ" lemma="وَرَاء" pos="مصرفة منتظمة" prefix="" root="وري" pattern="فَعَال" suffix="ه" />
			</annotation>
		</sentence>
		<sentence id="05670">
			<text>دَعْوَةٌ لِلْأَطْفَالِ</text>
			<annotation>
				<ArabicLexical word="دَعْوَةٌ" lemma="دَعْوَة" pos="مصرفة منتظمة" prefix="" root="دعو" pattern="فَعْل" suffix="ة" />
				<ArabicLexical word="لِلْأَطْفَالِ" lemma="طِفْل" pos="مصرفة منتظمة" prefix="لِل" root="طفل" pattern="أَفْعَال" suffix="" />
			</annotation>
		</sentence>
		<sentence id="05671">
			<text>وَيَرَى اَلْأُسْتَاذُ يَعْقُوبُ اَلشَّارُونِيُّ كَاتِبُ اَلْأَطْفَالِ أَنَّ اَلْفِيلْمَ يُقَدِّمُ دَعْوَةً لِلْأَطْفَالِ لِيَكُونُوا أَكْثَرَ شَجَاعَةً وَيَتَغَلَّبُوا عَلَى مَخَاوِفِهِمْ اَلْوَهْمِيَّةِ مِنْ اَلْعَوَالِمِ اَلْمَجْهُولَةِ عَنْ طَرِيقِ اَلِاقْتِرَابِ بَلْ وَمُوَاجَهَةِ ذلِكَ اَلْمَجْهُولِ غَيْرِ اَلْمَعْرُوفِ اَلَّذِي غَالِبًا مَا تَنْشَأُ بَيْنَنَا وَبَيْنَهُ صَدَاقَةٌ عِنْدَ اَلِاقْتِرَابِ مِنْهُ لِتَتَبَدَّدَ عِنْدَئِذٍ تِلْكَ اَلصُّورَةُ غَيْرُ اَلْحَقِيقِيَّةِ تِجَاهَهُ.</text>
			<annotation>
				<ArabicLexical word="وَيَرَى" lemma="رَأَى" pos="استثناء صرفي" prefix="وَي" root="رأي" pattern="رَى" suffix="" />
				<ArabicLexical word="اَلْأُسْتَاذُ" lemma="أُسْتَاذ" pos="مصرفة منتظمة" prefix="ال" root="أستذ" pattern="فُعْلَال" suffix="" />
				<ArabicLexical word="يَعْقُوبُ" lemma="يَعْقُوب" pos="معربة" prefix="" root="يَعْقُوب" pattern="يَعْقُوب" suffix="" />
				<ArabicLexical word="اَلشَّارُونِيُّ" lemma="شَارُونِيّ" pos="غير عربية" prefix="" root="" pattern="" suffix="" />
				<ArabicLexical word="كَاتِبُ" lemma="كَاتِب" pos="مصرفة منتظمة" prefix="" root="كتب" pattern="فَاعِل" suffix="" />
				<ArabicLexical word="اَلْأَطْفَالِ" lemma="طِفْل" pos="مصرفة منتظمة" prefix="ال" root="طفل" pattern="أَفْعَال" suffix="" />
				<ArabicLexical word="أَنَّ" lemma="أَنَّ" pos="جامدة" prefix="" root="أَنَّ" pattern="أَنَّ" suffix="" />
				<ArabicLexical word="اَلْفِيلْمَ" lemma="فِيلْم" pos="معربة" prefix="ال" root="فِيلْم" pattern="فِيلْم" suffix="" />
				<ArabicLexical word="يُقَدِّمُ" lemma="قَدَّمَ" pos="مصرفة منتظمة" prefix="ي" root="قدم" pattern="فَعَّلَ" suffix="" />
				<ArabicLexical word="دَعْوَةً" lemma="دَعْوَة" pos="مصرفة منتظمة" prefix="" root="دعو" pattern="فَعْل" suffix="ة" />
				<ArabicLexical word="لِلْأَطْفَالِ" lemma="طِفْل" pos="مصرفة منتظمة" prefix="لِل" root="طفل" pattern="أَفْعَال" suffix="" />
				<ArabicLexical word="لِيَكُونُوا" lemma="كَانَ" pos="مصرفة منتظمة" prefix="لِي" root="كون" pattern="فُعل" suffix="وا" />
				<ArabicLexical word="أَكْثَرَ" lemma="أَكْثَر" pos="مصرفة منتظمة" prefix="" root="كثر" pattern="أَفْعَل" suffix="" />
				<ArabicLexical word="شَجَاعَةً" lemma="شَجَاعَة" pos="مصرفة منتظمة" prefix="" root="شجع" pattern="فَعَال" suffix="ة" />
				<ArabicLexical word="وَيَتَغَلَّبُوا" lemma="تَغَلَّبَ" pos="مصرفة منتظمة" prefix="وَي" root="غلب" pattern="تَفَعَّلَ" suffix="وا" />
				<ArabicLexical word="عَلَى" lemma="عَلَى" pos="جامدة" prefix="" root="عَلَى" pattern="عَلَى" suffix="" />
				<ArabicLexical word="مَخَاوِفِهِمْ" lemma="مَخَافَة" pos="مصرفة منتظمة" prefix="" root="خوف" pattern="مَفَاعِل" suffix="همْ" />
				<ArabicLexical word="اَلْوَهْمِيَّةِ" lemma="وَهْمِيّ" pos="مصرفة منتظمة" prefix="ال" root="وهم" pattern="فَعْل" suffix="يَّة" />
				<ArabicLexical word="مِنْ" lemma="مِنْ" pos="جامدة" prefix="" root="مِنْ" pattern="مِنْ" suffix="" />
				<ArabicLexical word="اَلْعَوَالِمِ" lemma="عَالَم" pos="مصرفة منتظمة" prefix="ال" root="علم" pattern="فَوَاعِل" suffix="" />
				<ArabicLexical word="اَلْمَجْهُولَةِ" lemma="مَجْهُول" pos="مصرفة منتظمة" prefix="ال" root="جهل" pattern="مَفْعُول" suffix="ة" />
				<ArabicLexical word="عَنْ" lemma="عَنْ" pos="جامدة" prefix="" root="عَنْ" pattern="عَنْ" suffix="" />
				<ArabicLexical word="طَرِيقِ" lemma="طَرِيق" pos="مصرفة منتظمة" prefix="" root="طرق" pattern="فَعِيل" suffix="" />
				<ArabicLexical word="اَلِاقْتِرَابِ" lemma="اقْتِرَاب" pos="مصرفة منتظمة" prefix="ال" root="قرب" pattern="اِفْتِعَال" suffix="" />
				<ArabicLexical word="بَلْ" lemma="بَلْ" pos="جامدة" prefix="" root="بَلْ" pattern="بَلْ" suffix="" />
				<ArabicLexical word="وَمُوَاجَهَةِ" lemma="مُوَاجَهَة" pos="مصرفة منتظمة" prefix="وَ" root="وجه" pattern="مُفَاعَل" suffix="ة" />
				<ArabicLexical word="ذلِكَ" lemma="ذَا" pos="جامدة" prefix="" root="ذَا" pattern="ذلِ" suffix="كَ" />
				<ArabicLexical word="اَلْمَجْهُولِ" lemma="مَجْهُول" pos="مصرفة منتظمة" prefix="ال" root="جهل" pattern="مَفْعُول" suffix="" />
				<ArabicLexical word="غَيْرِ" lemma="غَيْر" pos="مصرفة منتظمة" prefix="" root="غير" pattern="فَعْل" suffix="" />
				<ArabicLexical word="اَلْمَعْرُوفِ" lemma="مَعْرُوف" pos="مصرفة منتظمة" prefix="ال" root="عرف" pattern="مَفْعُول" suffix="" />
				<ArabicLexical word="اَلَّذِي" lemma="اَلَّذِي" pos="جامدة" prefix="ال" root="اَلَّذِي" pattern="لَذِي" suffix="" />
				<ArabicLexical word="غَالِبًا" lemma="غَالِب" pos="مصرفة منتظمة" prefix="" root="غلب" pattern="فَاعِل" suffix="" />
				<ArabicLexical word="مَا" lemma="مَا" pos="جامدة" prefix="" root="اَلَّذِي" pattern="مَا" suffix="" />
				<ArabicLexical word="تَنْشَأُ" lemma="نَشَأَ" pos="مصرفة منتظمة" prefix="ت" root="نشأ" pattern="فْعَل" suffix="" />
				<ArabicLexical word="بَيْنَنَا" lemma="بَيْنَ" pos="مصرفة منتظمة" prefix="" root="بين" pattern="فَعْل" suffix="نَا" />
				<ArabicLexical word="وَبَيْنَهُ" lemma="بَيْنَ" pos="مصرفة منتظمة" prefix="وَ" root="بين" pattern="فَعْل" suffix="ه" />
				<ArabicLexical word="صَدَاقَةٌ" lemma="صَدَاق" pos="مصرفة منتظمة" prefix="" root="صدق" pattern="فَعَال" suffix="ة" />
				<ArabicLexical word="عِنْدَ" lemma="عِنْدَ" pos="جامدة" prefix="" root="عِنْدَ" pattern="عِنْدَ" suffix="" />
				<ArabicLexical word="اَلِاقْتِرَابِ" lemma="اقْتِرَاب" pos="مصرفة منتظمة" prefix="ال" root="قرب" pattern="اِفْتِعَال" suffix="" />
				<ArabicLexical word="مِنْهُ" lemma="مِنْ" pos="جامدة" prefix="" root="مِنْ" pattern="مِنْ" suffix="ه" />
				<ArabicLexical word="لِتَتَبَدَّدَ" lemma="تَبَدَّدَ" pos="مصرفة منتظمة" prefix="لِت" root="بدد" pattern="تَفَعَّلَ" suffix="" />
				<ArabicLexical word="عِنْدَئِذٍ" lemma="عِنْدَئِذ" pos="جامدة" prefix="" root="عِنْدَ" pattern="عِنْدَئِذٍ" suffix="" />
				<ArabicLexical word="تِلْكَ" lemma="ذَا" pos="جامدة" prefix="" root="ذَا" pattern="تِلْ" suffix="كَ" />
				<ArabicLexical word="اَلصُّورَةُ" lemma="صُورَة" pos="مصرفة منتظمة" prefix="ال" root="صور" pattern="فُعل" suffix="ة" />
				<ArabicLexical word="غَيْرُ" lemma="غَيْر" pos="مصرفة منتظمة" prefix="" root="غير" pattern="فَعْل" suffix="" />
				<ArabicLexical word="اَلْحَقِيقِيَّةِ" lemma="حَقِيقِيّ" pos="مصرفة منتظمة" prefix="ال" root="حقق" pattern="فَعِيل" suffix="يَّة" />
				<ArabicLexical word="تِجَاهَهُ" lemma="تِجَاهَ" pos="استثناء صرفي" prefix="" root="وجه" pattern="تِجَاهَ" suffix="ه" />
			</annotation>
		</sentence>
		<sentence id="05672">
			<text>وَيَعْتَقِدُ اَلشَّارُونِيُّ أَنَّ إِدَارَةَ اَلْمَهْرَجَانِ تَهْدِفُ مِنْ وَرَاءِ اِخْتِيَارِ هذَا اَلْفِيلْمِ لِيَكُونَ فِيلْمَ اَلِافْتِتَاحِ إِلَى تَقْدِيمِ دَعْوَةٍ لِلْأَطْفَالِ فِي عَالَمِنَا اَلْعَرَبِيِّ لِمُوَاجَهَةِ اَلْخَوْفِ وَعَدَمِ اَلطُّمَأْنِينَةِ اَلَّتِي تَنْشَأُ عِنْدَمَا يُشَاهَدُ اَلْأَطْفَالُ عَلَى شَاشَاتِ اَلْفَضَائِيَّاتِ مَشَاهِدَ اَلْقَتْلِ وَالْحُرُوبِ وَالْعُنْفِ اَلَّتِي تُعَانِي مِنْهَا بَعْضُ اَلْبِلَادِ اَلْعَرَبِيَّةِ.</text>
			<annotation>
				<ArabicLexical word="وَيَعْتَقِدُ" lemma="اعْتَقَدَ" pos="مصرفة منتظمة" prefix="وَي" root="عقد" pattern="اِفْتَعَلَ" suffix="" />
				<ArabicLexical word="اَلشَّارُونِيُّ" lemma="شَارُونِيّ" pos="غير عربية" prefix="" root="" pattern="" suffix="" />
				<ArabicLexical word="أَنَّ" lemma="أَنَّ" pos="جامدة" prefix="" root="أَنَّ" pattern="أَنَّ" suffix="" />
				<ArabicLexical word="إِدَارَةَ" lemma="إِدَارَة" pos="مصرفة منتظمة" prefix="" root="دور" pattern="إِفَعالَ" suffix="ة" />
				<ArabicLexical word="اَلْمَهْرَجَانِ" lemma="مَهْرَجَان" pos="استثناء صرفي" prefix="ال" root="هرج" pattern="مَهْرَجَان" suffix="" />
				<ArabicLexical word="تَهْدِفُ" lemma="هَدَفَ" pos="مصرفة منتظمة" prefix="ت" root="هدف" pattern="فْعِل" suffix="" />
				<ArabicLexical word="مِنْ" lemma="مِنْ" pos="جامدة" prefix="" root="مِنْ" pattern="مِنْ" suffix="" />
				<ArabicLexical word="وَرَاءِ" lemma="وَرَاء" pos="مصرفة منتظمة" prefix="" root="وري" pattern="فَعَال" suffix="" />
				<ArabicLexical word="اِخْتِيَارِ" lemma="اخْتِيَار" pos="مصرفة منتظمة" prefix="" root="خير" pattern="اِفْتِعَال" suffix="" />
				<ArabicLexical word="هذَا" lemma="ذَا" pos="جامدة" prefix="" root="ذَا" pattern="هذَا" suffix="" />
				<ArabicLexical word="اَلْفِيلْمِ" lemma="فِيلْم" pos="معربة" prefix="ال" root="فِيلْم" pattern="فِيلْم" suffix="" />
				<ArabicLexical word="لِيَكُونَ" lemma="كَانَ" pos="مصرفة منتظمة" prefix="لِي" root="كون" pattern="فُعل" suffix="" />
				<ArabicLexical word="فِيلْمَ" lemma="فِيلْم" pos="معربة" prefix="" root="فِيلْم" pattern="فِيلْم" suffix="" />
				<ArabicLexical word="اَلِافْتِتَاحِ" lemma="افْتِتَاح" pos="مصرفة منتظمة" prefix="ال" root="فتح" pattern="اِفْتِعَال" suffix="" />
				<ArabicLexical word="إِلَى" lemma="إِلَى" pos="جامدة" prefix="" root="إِلَى" pattern="إِلَى" suffix="" />
				<ArabicLexical word="تَقْدِيمِ" lemma="تَقْدِيم" pos="مصرفة منتظمة" prefix="" root="قدم" pattern="تَفْعِيل" suffix="" />
				<ArabicLexical word="دَعْوَةٍ" lemma="دَعْوَة" pos="مصرفة منتظمة" prefix="" root="دعو" pattern="فَعْل" suffix="ة" />
				<ArabicLexical word="لِلْأَطْفَالِ" lemma="طِفْل" pos="مصرفة منتظمة" prefix="لِل" root="طفل" pattern="أَفْعَال" suffix="" />
				<ArabicLexical word="فِي" lemma="فِي" pos="جامدة" prefix="" root="فِي" pattern="فِي" suffix="" />
				<ArabicLexical word="عَالَمِنَا" lemma="عَالَم" pos="استثناء صرفي" prefix="" root="علم" pattern="عَالَم" suffix="نَا" />
				<ArabicLexical word="اَلْعَرَبِيِّ" lemma="عَرَبِيّ" pos="مصرفة منتظمة" prefix="ال" root="عرب" pattern="فَعَل" suffix="يّ" />
				<ArabicLexical word="لِمُوَاجَهَةِ" lemma="مُوَاجَهَة" pos="مصرفة منتظمة" prefix="لِ" root="وجه" pattern="مُفَاعَل" suffix="ة" />
				<ArabicLexical word="اَلْخَوْفِ" lemma="خَوْف" pos="مصرفة منتظمة" prefix="ال" root="خوف" pattern="فَعْل" suffix="" />
				<ArabicLexical word="وَعَدَمِ" lemma="عَدَم" pos="مصرفة منتظمة" prefix="وَ" root="عدم" pattern="فَعَل" suffix="" />
				<ArabicLexical word="اَلطُّمَأْنِينَةِ" lemma="طُمَأْنِينَة" pos="مصرفة منتظمة" prefix="ال" root="طمأن" pattern="فُعَلْلِيل" suffix="ة" />
				<ArabicLexical word="اَلَّتِي" lemma="اَلَّذِي" pos="جامدة" prefix="ال" root="اَلَّذِي" pattern="لَتِي" suffix="" />
				<ArabicLexical word="تَنْشَأُ" lemma="نَشَأَ" pos="مصرفة منتظمة" prefix="ت" root="نشأ" pattern="فْعَل" suffix="" />
				<ArabicLexical word="عِنْدَمَا" lemma="عِنْدَ" pos="جامدة" prefix="" root="عِنْدَ" pattern="عِنْدَمَا" suffix="" />
				<ArabicLexical word="يُشَاهَدُ" lemma="شَاهَدَ" pos="مصرفة منتظمة" prefix="يُ" root="شهد" pattern="فَاعَلَ" suffix="" />
				<ArabicLexical word="اَلْأَطْفَالُ" lemma="طِفْل" pos="مصرفة منتظمة" prefix="ال" root="طفل" pattern="أَفْعَال" suffix="" />
				<ArabicLexical word="عَلَى" lemma="عَلَى" pos="جامدة" prefix="" root="عَلَى" pattern="عَلَى" suffix="" />
				<ArabicLexical word="شَاشَاتِ" lemma="شَاشَة" pos="مصرفة منتظمة" prefix="" root="شوش" pattern="فَعل" suffix="ات" />
				<ArabicLexical word="اَلْفَضَائِيَّاتِ" lemma="فَضَائِيّ" pos="مصرفة منتظمة" prefix="ال" root="فضو" pattern="فَعَال" suffix="يَّات" />
				<ArabicLexical word="مَشَاهِدَ" lemma="مَشْهَد" pos="مصرفة منتظمة" prefix="" root="شهد" pattern="مَفَاعِل" suffix="" />
				<ArabicLexical word="اَلْقَتْلِ" lemma="قَتْل" pos="مصرفة منتظمة" prefix="ال" root="قتل" pattern="فَعْل" suffix="" />
				<ArabicLexical word="وَالْحُرُوبِ" lemma="حَرْب" pos="مصرفة منتظمة" prefix="وَال" root="حرب" pattern="فُعُول" suffix="" />
				<ArabicLexical word="وَالْعُنْفِ" lemma="عُنْف" pos="مصرفة منتظمة" prefix="وَال" root="عنف" pattern="فُعْل" suffix="" />
				<ArabicLexical word="اَلَّتِي" lemma="اَلَّذِي" pos="جامدة" prefix="ال" root="اَلَّذِي" pattern="لَتِي" suffix="" />
				<ArabicLexical word="تُعَانِي" lemma="عَانَى" pos="مصرفة منتظمة" prefix="ت" root="عنو" pattern="فَاعِل" suffix="" />
				<ArabicLexical word="مِنْهَا" lemma="مِنْ" pos="جامدة" prefix="" root="مِنْ" pattern="مِنْ" suffix="هَا" />
				<ArabicLexical word="بَعْضُ" lemma="بَعْض" pos="مصرفة منتظمة" prefix="" root="بعض" pattern="فَعْل" suffix="" />
				<ArabicLexical word="اَلْبِلَادِ" lemma="بِلَاد" pos="مصرفة منتظمة" prefix="ال" root="بلد" pattern="فِعَال" suffix="" />
				<ArabicLexical word="اَلْعَرَبِيَّةِ" lemma="عَرَبِيّ" pos="مصرفة منتظمة" prefix="ال" root="عرب" pattern="فَعَل" suffix="يَّة" />
			</annotation>
		</sentence>
		<sentence id="05673">
			<text>كَمَا يَلْفِتُ اَلْفِيلْمُ اِنْتِبَاهَ اَلْأُسْرَةِ وَالْكِبَارِ إِلَى أَنَّهُمْ قَدْ يَكُونُونَ هُمْ اَلسَّبَبَ اَلْحَقِيقِيَّ وَرَاءَ مَخَاوِفِ اَلصِّغَارِ، عِنْدَمَا يُحِيطُونَهُمْ بِمَجْمُوعَةٍ مِنْ اَلْأَفْكَارِ وَالْأَوْهَامِ اَلْخَاطِئَةِ وَيُحَذِّرُونَهُمْ مِنْ خُطُورَةِ اَلِاقْتِرَابِ وَالتَّعَامُلِ مَعَ كُلِّ جَدِيدٍ وَمَجْهُولٍ.</text>
			<annotation>
				<ArabicLexical word="كَمَا" lemma="مَا" pos="جامدة" prefix="كَ" root="اَلَّذِي" pattern="مَا" suffix="" />
				<ArabicLexical word="يَلْفِتُ" lemma="لَفَتَ" pos="مصرفة منتظمة" prefix="ي" root="لفت" pattern="فْعِل" suffix="" />
				<ArabicLexical word="اَلْفِيلْمُ" lemma="فِيلْم" pos="معربة" prefix="ال" root="فِيلْم" pattern="فِيلْم" suffix="" />
				<ArabicLexical word="اِنْتِبَاهَ" lemma="انْتِبَاه" pos="مصرفة منتظمة" prefix="" root="نبه" pattern="اِفْتِعَال" suffix="" />
				<ArabicLexical word="اَلْأُسْرَةِ" lemma="أُسْرَة" pos="مصرفة منتظمة" prefix="ال" root="أسر" pattern="فُعْل" suffix="ة" />
				<ArabicLexical word="وَالْكِبَارِ" lemma="كَبِيرَة" pos="مصرفة منتظمة" prefix="وَال" root="كبر" pattern="فِعَال" suffix="" />
				<ArabicLexical word="إِلَى" lemma="إِلَى" pos="جامدة" prefix="" root="إِلَى" pattern="إِلَى" suffix="" />
				<ArabicLexical word="أَنَّهُمْ" lemma="أَنَّ" pos="جامدة" prefix="" root="أَنَّ" pattern="أَنَّ" suffix="همْ" />
				<ArabicLexical word="قَدْ" lemma="قَدْ" pos="جامدة" prefix="" root="قَدْ" pattern="قَدْ" suffix="" />
				<ArabicLexical word="يَكُونُونَ" lemma="كَانَ" pos="مصرفة منتظمة" prefix="ي" root="كون" pattern="فُعل" suffix="ونَ" />
				<ArabicLexical word="هُمْ" lemma="هُوَ" pos="جامدة" prefix="" root="هُوَ" pattern="هُمْ" suffix="" />
				<ArabicLexical word="اَلسَّبَبَ" lemma="سَبَب" pos="مصرفة منتظمة" prefix="ال" root="سبب" pattern="فَعَل" suffix="" />
				<ArabicLexical word="اَلْحَقِيقِيَّ" lemma="حَقِيقِيّ" pos="مصرفة منتظمة" prefix="ال" root="حقق" pattern="فَعِيل" suffix="يّ" />
				<ArabicLexical word="وَرَاءَ" lemma="وَرَاء" pos="مصرفة منتظمة" prefix="" root="وري" pattern="فَعَال" suffix="" />
				<ArabicLexical word="مَخَاوِفِ" lemma="مَخَافَة" pos="مصرفة منتظمة" prefix="" root="خوف" pattern="مَفَاعِل" suffix="" />
				<ArabicLexical word="اَلصِّغَارِ" lemma="صَغِيرَة" pos="مصرفة منتظمة" prefix="ال" root="صغر" pattern="فِعَال" suffix="" />
				<ArabicLexical word="عِنْدَمَا" lemma="عِنْدَ" pos="جامدة" prefix="" root="عِنْدَ" pattern="عِنْدَمَا" suffix="" />
				<ArabicLexical word="يُحِيطُونَهُمْ" lemma="أَحَاطَ" pos="مصرفة منتظمة" prefix="ي" root="حوط" pattern="أَفِعلَ" suffix="ونَهُمْ" />
				<ArabicLexical word="بِمَجْمُوعَةٍ" lemma="مَجْمُوعَة" pos="مصرفة منتظمة" prefix="بِ" root="جمع" pattern="مَفْعُول" suffix="ة" />
				<ArabicLexical word="مِنْ" lemma="مِنْ" pos="جامدة" prefix="" root="مِنْ" pattern="مِنْ" suffix="" />
				<ArabicLexical word="اَلْأَفْكَارِ" lemma="فِكْر" pos="مصرفة منتظمة" prefix="ال" root="فكر" pattern="أَفْعَال" suffix="" />
				<ArabicLexical word="وَالْأَوْهَامِ" lemma="وَهْم" pos="مصرفة منتظمة" prefix="وَال" root="وهم" pattern="أَفْعَال" suffix="" />
				<ArabicLexical word="اَلْخَاطِئَةِ" lemma="خَاطِئ" pos="مصرفة منتظمة" prefix="ال" root="خطأ" pattern="فَاعِل" suffix="ة" />
				<ArabicLexical word="وَيُحَذِّرُونَهُمْ" lemma="حَذَّرَ" pos="مصرفة منتظمة" prefix="وَي" root="حذر" pattern="فَعَّلَ" suffix="ونَهُمْ" />
				<ArabicLexical word="مِنْ" lemma="مِنْ" pos="جامدة" prefix="" root="مِنْ" pattern="مِنْ" suffix="" />
				<ArabicLexical word="خُطُورَةِ" lemma="خُطُور" pos="مصرفة منتظمة" prefix="" root="خطر" pattern="فُعُول" suffix="ة" />
				<ArabicLexical word="اَلِاقْتِرَابِ" lemma="اقْتِرَاب" pos="مصرفة منتظمة" prefix="ال" root="قرب" pattern="اِفْتِعَال" suffix="" />
				<ArabicLexical word="وَالتَّعَامُلِ" lemma="تَعَامُل" pos="مصرفة منتظمة" prefix="وَال" root="عمل" pattern="تَفَاعُل" suffix="" />
				<ArabicLexical word="مَعَ" lemma="مَعَ" pos="جامدة" prefix="" root="مَعَ" pattern="مَعَ" suffix="" />
				<ArabicLexical word="كُلِّ" lemma="كُلّ" pos="جامدة" prefix="" root="كُلّ" pattern="كُلّ" suffix="" />
				<ArabicLexical word="جَدِيدٍ" lemma="جَدِيد" pos="مصرفة منتظمة" prefix="" root="جدد" pattern="فَعِيل" suffix="" />
				<ArabicLexical word="وَمَجْهُولٍ" lemma="مَجْهُول" pos="مصرفة منتظمة" prefix="وَ" root="جهل" pattern="مَفْعُول" suffix="" />
			</annotation>
		</sentence>
		<sentence id="05674">
			<text>اِسْتِحْسَانُ اَلْحَاضِرِينَ</text>
			<annotation>
				<ArabicLexical word="اِسْتِحْسَانُ" lemma="اسْتِحْسَان" pos="مصرفة منتظمة" prefix="" root="حسن" pattern="اِسْتِفْعَال" suffix="" />
				<ArabicLexical word="اَلْحَاضِرِينَ" lemma="حَاضِر" pos="مصرفة منتظمة" prefix="ال" root="حضر" pattern="فَاعِل" suffix="ينَ" />
			</annotation>
		</sentence>
		<sentence id="05675">
			<text>وَعَلَى عَكْسِ اَلسَّنَوَاتِ اَلْمَاضِيَةِ، نَالَ فِيلْمُ مُغَامَرَاتُ بُو اِسْتِحْسَانَ جُمْهُورِ اَلْحَاضِرِينَ اَلَّذِي ظَلَّ يُتَابِعُ اَلْفِيلْمَ حَتَّى اَلنِّهَايَةِ، فَقَدْ شَهِدَتْ صَالَةُ اَلْعَرْضِ فِي اَلسَّنَوَاتِ اَلْمَاضِيَةِ خُرُوجَ بَعْضِ اَلْحَاضِرِينَ وَأَطْفَالِهِمْ قَبْلَ اَلنِّهَايَةِ.</text>
			<annotation>
				<ArabicLexical word="وَعَلَى" lemma="عَلَى" pos="جامدة" prefix="وَ" root="عَلَى" pattern="عَلَى" suffix="" />
				<ArabicLexical word="عَكْسِ" lemma="عَكْس" pos="مصرفة منتظمة" prefix="" root="عكس" pattern="فَعْل" suffix="" />
				<ArabicLexical word="اَلسَّنَوَاتِ" lemma="سَنَة" pos="استثناء صرفي" prefix="ال" root="سنه" pattern="سَنَوَ" suffix="ات" />
				<ArabicLexical word="اَلْمَاضِيَةِ" lemma="مَاضِيَة" pos="مصرفة منتظمة" prefix="ال" root="مضي" pattern="فَاعِل" suffix="ة" />
				<ArabicLexical word="نَالَ" lemma="نَالَ" pos="مصرفة منتظمة" prefix="" root="نيل" pattern="فَعلَ" suffix="" />
				<ArabicLexical word="فِيلْمُ" lemma="فِيلْم" pos="معربة" prefix="" root="فِيلْم" pattern="فِيلْم" suffix="" />
				<ArabicLexical word="مُغَامَرَاتُ" lemma="مُغَامَرَة" pos="مصرفة منتظمة" prefix="" root="غمر" pattern="مُفَاعَل" suffix="ات" />
				<ArabicLexical word="بُو" lemma="بُو" pos="غير عربية" prefix="" root="" pattern="" suffix="" />
				<ArabicLexical word="اِسْتِحْسَانَ" lemma="اسْتِحْسَان" pos="مصرفة منتظمة" prefix="" root="حسن" pattern="اِسْتِفْعَال" suffix="" />
				<ArabicLexical word="جُمْهُورِ" lemma="جُمْهُور" pos="مصرفة منتظمة" prefix="" root="جمهر" pattern="فُعْلُول" suffix="" />
				<ArabicLexical word="اَلْحَاضِرِينَ" lemma="حَاضِر" pos="مصرفة منتظمة" prefix="ال" root="حضر" pattern="فَاعِل" suffix="ينَ" />
				<ArabicLexical word="اَلَّذِي" lemma="اَلَّذِي" pos="جامدة" prefix="ال" root="اَلَّذِي" pattern="لَذِي" suffix="" />
				<ArabicLexical word="ظَلَّ" lemma="ظَلَّ" pos="مصرفة منتظمة" prefix="" root="ظلل" pattern="فَلَّ" suffix="" />
				<ArabicLexical word="يُتَابِعُ" lemma="تَابَعَ" pos="مصرفة منتظمة" prefix="ي" root="تبع" pattern="فَاعَلَ" suffix="" />
				<ArabicLexical word="اَلْفِيلْمَ" lemma="فِيلْم" pos="معربة" prefix="ال" root="فِيلْم" pattern="فِيلْم" suffix="" />
				<ArabicLexical word="حَتَّى" lemma="حَتَّى" pos="جامدة" prefix="" root="حَتَّى" pattern="حَتَّى" suffix="" />
				<ArabicLexical word="اَلنِّهَايَةِ" lemma="نِهَايَة" pos="مصرفة منتظمة" prefix="ال" root="نهي" pattern="فِعَال" suffix="ة" />
				<ArabicLexical word="فَقَدْ" lemma="قَدْ" pos="جامدة" prefix="فَ" root="قَدْ" pattern="قَدْ" suffix="" />
				<ArabicLexical word="شَهِدَتْ" lemma="شَهِدَ" pos="مصرفة منتظمة" prefix="" root="شهد" pattern="فَعِلَ" suffix="تْ" />
				<ArabicLexical word="صَالَةُ" lemma="-" pos="مصرفة منتظمة" prefix="" root="صول" pattern="فَعل" suffix="ة" />
				<ArabicLexical word="اَلْعَرْضِ" lemma="عَرْض" pos="مصرفة منتظمة" prefix="ال" root="عرض" pattern="فَعْل" suffix="" />
				<ArabicLexical word="فِي" lemma="فِي" pos="جامدة" prefix="" root="فِي" pattern="فِي" suffix="" />
				<ArabicLexical word="اَلسَّنَوَاتِ" lemma="سَنَة" pos="استثناء صرفي" prefix="ال" root="سنه" pattern="سَنَوَ" suffix="ات" />
				<ArabicLexical word="اَلْمَاضِيَةِ" lemma="مَاضِيَة" pos="مصرفة منتظمة" prefix="ال" root="مضي" pattern="فَاعِل" suffix="ة" />
				<ArabicLexical word="خُرُوجَ" lemma="خُرُوج" pos="مصرفة منتظمة" prefix="" root="خرج" pattern="فُعُول" suffix="" />
				<ArabicLexical word="بَعْضِ" lemma="بَعْض" pos="مصرفة منتظمة" prefix="" root="بعض" pattern="فَعْل" suffix="" />
				<ArabicLexical word="اَلْحَاضِرِينَ" lemma="حَاضِر" pos="مصرفة منتظمة" prefix="ال" root="حضر" pattern="فَاعِل" suffix="ينَ" />
				<ArabicLexical word="وَأَطْفَالِهِمْ" lemma="طِفْل" pos="مصرفة منتظمة" prefix="وَ" root="طفل" pattern="أَفْعَال" suffix="همْ" />
				<ArabicLexical word="قَبْلَ" lemma="قَبْل" pos="مصرفة منتظمة" prefix="" root="قبل" pattern="فَعْل" suffix="" />
				<ArabicLexical word="اَلنِّهَايَةِ" lemma="نِهَايَة" pos="مصرفة منتظمة" prefix="ال" root="نهي" pattern="فِعَال" suffix="ة" />
			</annotation>
		</sentence>
		<sentence id="05676">
			<text>وَكَانَ ذلِكَ يَرْجِعُ لِمَشَاهِدِ اَلرُّعْبِ وَالْعُنْفِ اَلْمَوْجُودَةِ بِالْأَفْلَامِ أَوْ عَدَمِ مُلَاءَمَةِ قِصَّةِ اَلْفِيلْمِ لِلْأَطْفَالِ بِالْإِضَافَةِ إِلَى عَدَمِ دَبْلَجَةِ اَلْأَفْلَامِ وَالِاقْتِصَارِ عَلَى اَلتَّرْجَمَةِ اَلْعَرَبِيَّةِ أَوْ اَلْفَرَنْسِيَّةِ.</text>
			<annotation>
				<ArabicLexical word="وَكَانَ" lemma="كَانَ" pos="مصرفة منتظمة" prefix="وَ" root="كون" pattern="فَعلَ" suffix="" />
				<ArabicLexical word="ذلِكَ" lemma="ذَا" pos="جامدة" prefix="" root="ذَا" pattern="ذلِ" suffix="كَ" />
				<ArabicLexical word="يَرْجِعُ" lemma="رَجَعَ" pos="مصرفة منتظمة" prefix="ي" root="رجع" pattern="فْعِل" suffix="" />
				<ArabicLexical word="لِمَشَاهِدِ" lemma="مَشْهَد" pos="مصرفة منتظمة" prefix="لِ" root="شهد" pattern="مَفَاعِل" suffix="" />
				<ArabicLexical word="اَلرُّعْبِ" lemma="رُعْب" pos="مصرفة منتظمة" prefix="ال" root="رعب" pattern="فُعْل" suffix="" />
				<ArabicLexical word="وَالْعُنْفِ" lemma="عُنْف" pos="مصرفة منتظمة" prefix="وَال" root="عنف" pattern="فُعْل" suffix="" />
				<ArabicLexical word="اَلْمَوْجُودَةِ" lemma="مَوْجُود" pos="مصرفة منتظمة" prefix="ال" root="وجد" pattern="مَفْعُول" suffix="ة" />
				<ArabicLexical word="بِالْأَفْلَامِ" lemma="فِيلْم" pos="معربة" prefix="بِال" root="فِيلْم" pattern="أَفْلَام" suffix="" />
				<ArabicLexical word="أَوْ" lemma="أَوْ" pos="جامدة" prefix="" root="أَوْ" pattern="أَوْ" suffix="" />
				<ArabicLexical word="عَدَمِ" lemma="عَدَم" pos="مصرفة منتظمة" prefix="" root="عدم" pattern="فَعَل" suffix="" />
				<ArabicLexical word="مُلَاءَمَةِ" lemma="مُلَاءَمَة" pos="مصرفة منتظمة" prefix="" root="لأم" pattern="مُفَاعَل" suffix="ة" />
				<ArabicLexical word="قِصَّةِ" lemma="قِصَّة" pos="مصرفة منتظمة" prefix="" root="قصص" pattern="فِلّ" suffix="ة" />
				<ArabicLexical word="اَلْفِيلْمِ" lemma="فِيلْم" pos="معربة" prefix="ال" root="فِيلْم" pattern="فِيلْم" suffix="" />
				<ArabicLexical word="لِلْأَطْفَالِ" lemma="طِفْل" pos="مصرفة منتظمة" prefix="لِل" root="طفل" pattern="أَفْعَال" suffix="" />
				<ArabicLexical word="بِالْإِضَافَةِ" lemma="إِضَافَة" pos="مصرفة منتظمة" prefix="بِال" root="ضيف" pattern="إِفَعالَ" suffix="ة" />
				<ArabicLexical word="إِلَى" lemma="إِلَى" pos="جامدة" prefix="" root="إِلَى" pattern="إِلَى" suffix="" />
				<ArabicLexical word="عَدَمِ" lemma="عَدَم" pos="مصرفة منتظمة" prefix="" root="عدم" pattern="فَعَل" suffix="" />
				<ArabicLexical word="دَبْلَجَةِ" lemma="" pos="غير عربية" prefix="" root="" pattern="" suffix="" />
				<ArabicLexical word="اَلْأَفْلَامِ" lemma="فِيلْم" pos="معربة" prefix="ال" root="فِيلْم" pattern="أَفْلَام" suffix="" />
				<ArabicLexical word="وَالِاقْتِصَارِ" lemma="اقْتِصَار" pos="مصرفة منتظمة" prefix="وَال" root="قصر" pattern="اِفْتِعَال" suffix="" />
				<ArabicLexical word="عَلَى" lemma="عَلَى" pos="جامدة" prefix="" root="عَلَى" pattern="عَلَى" suffix="" />
				<ArabicLexical word="اَلتَّرْجَمَةِ" lemma="تَرْجَمَة" pos="مصرفة منتظمة" prefix="ال" root="ترجم" pattern="فَعْلَل" suffix="ة" />
				<ArabicLexical word="اَلْعَرَبِيَّةِ" lemma="عَرَبِيّ" pos="مصرفة منتظمة" prefix="ال" root="عرب" pattern="فَعَل" suffix="يَّة" />
				<ArabicLexical word="أَوْ" lemma="أَوْ" pos="جامدة" prefix="" root="أَوْ" pattern="أَوْ" suffix="" />
				<ArabicLexical word="اَلْفَرَنْسِيَّةِ" lemma="فَرَنْسِيّ" pos="غير عربية" prefix="" root="" pattern="" suffix="" />
			</annotation>
		</sentence>
		<sentence id="05677">
			<text>وَيُشَارِكُ فِي مَهْرَجَانِ اَلْقَاهِرَةِ اَلدُّوَلِيِّ اَلْخَامِسَ عَشَرَ لِسِينِمَا اَلْأَطْفَالِ 37 دَوْلَةً أَجْنَبِيَّةً إِلَى جَانِبِ 9 دُوَلٍ عَرَبِيَّةٍ هِيَ: اَلسُّعُودِيَّةُ وَالْأَرْدُنُ وَتُونُسُ وَفِلَسْطِينُ وَالْمَغْرِبُ وَالْكُوَيْتْ وَسُورْيَا وَلُبْنَانُ وَمِصْرُ.</text>
			<annotation>
				<ArabicLexical word="وَيُشَارِكُ" lemma="شَارَكَ" pos="مصرفة منتظمة" prefix="وَي" root="شرك" pattern="فَاعَلَ" suffix="" />
				<ArabicLexical word="فِي" lemma="فِي" pos="جامدة" prefix="" root="فِي" pattern="فِي" suffix="" />
				<ArabicLexical word="مَهْرَجَانِ" lemma="مَهْرَجَان" pos="استثناء صرفي" prefix="" root="هرج" pattern="مَهْرَجَان" suffix="" />
				<ArabicLexical word="اَلْقَاهِرَةِ" lemma="قَاهِرَة" pos="مصرفة منتظمة" prefix="ال" root="قهر" pattern="فَاعِل" suffix="ة" />
				<ArabicLexical word="اَلدُّوَلِيِّ" lemma="دُوَلِيّ" pos="مصرفة منتظمة" prefix="ال" root="دول" pattern="فُعَل" suffix="يّ" />
				<ArabicLexical word="اَلْخَامِسَ" lemma="خَامِس" pos="مصرفة منتظمة" prefix="ال" root="خمس" pattern="فَاعِل" suffix="" />
				<ArabicLexical word="عَشَرَ" lemma="عَشَرَ" pos="مصرفة منتظمة" prefix="" root="عشر" pattern="فَعَل" suffix="" />
				<ArabicLexical word="لِسِينِمَا" lemma="سِينِمَا" pos="غير عربية" prefix="" root="" pattern="" suffix="" />
				<ArabicLexical word="اَلْأَطْفَالِ" lemma="طِفْل" pos="مصرفة منتظمة" prefix="ال" root="طفل" pattern="أَفْعَال" suffix="" />
				<ArabicLexical word="دَوْلَةً" lemma="دَوْلَة" pos="مصرفة منتظمة" prefix="" root="دول" pattern="فَعْل" suffix="ة" />
				<ArabicLexical word="أَجْنَبِيَّةً" lemma="أَجْنَبِيّ" pos="مصرفة منتظمة" prefix="" root="جنب" pattern="أَفْعَل" suffix="يَّة" />
				<ArabicLexical word="إِلَى" lemma="إِلَى" pos="جامدة" prefix="" root="إِلَى" pattern="إِلَى" suffix="" />
				<ArabicLexical word="جَانِبِ" lemma="جَانِب" pos="مصرفة منتظمة" prefix="" root="جنب" pattern="فَاعِل" suffix="" />
				<ArabicLexical word="دُوَلٍ" lemma="دَوْلَة" pos="مصرفة منتظمة" prefix="" root="دول" pattern="فُعَل" suffix="" />
				<ArabicLexical word="عَرَبِيَّةٍ" lemma="عَرَبِيّ" pos="مصرفة منتظمة" prefix="" root="عرب" pattern="فَعَل" suffix="يَّة" />
				<ArabicLexical word="هِيَ" lemma="هُوَ" pos="جامدة" prefix="" root="هُوَ" pattern="هِيَ" suffix="" />
				<ArabicLexical word="اَلسُّعُودِيَّةُ" lemma="سُعُودِيّ" pos="مصرفة منتظمة" prefix="ال" root="سعد" pattern="فُعُول" suffix="يَّة" />
				<ArabicLexical word="وَالْأَرْدُنُ" lemma="أُرْدُن" pos="مصرفة منتظمة" prefix="وَال" root="ردن" pattern="أَفْعُل" suffix="" />
				<ArabicLexical word="وَتُونُسُ" lemma="تُونُس" pos="معربة" prefix="وَ" root="تُونُس" pattern="تُونُس" suffix="" />
				<ArabicLexical word="وَفِلَسْطِينُ" lemma="فِلَسْطِين" pos="معربة" prefix="وَ" root="فِلَسْطِين" pattern="فِلَسْطِين" suffix="" />
				<ArabicLexical word="وَالْمَغْرِبُ" lemma="مَغْرِب" pos="مصرفة منتظمة" prefix="وَال" root="غرب" pattern="مَفْعِل" suffix="" />
				<ArabicLexical word="وَالْكُوَيْتْ" lemma="كُوَيْت" pos="غير عربية" prefix="" root="" pattern="" suffix="" />
				<ArabicLexical word="وَسُورْيَا" lemma="سُورْيَا" pos="معربة" prefix="وَ" root="سُورْيَا" pattern="سُورْيَا" suffix="" />
				<ArabicLexical word="وَلُبْنَانُ" lemma="لُبْنَان" pos="معربة" prefix="وَ" root="لُبْنَان" pattern="لُبْنَان" suffix="" />
				<ArabicLexical word="وَمِصْرُ" lemma="مِصْر" pos="مصرفة منتظمة" prefix="وَ" root="مصر" pattern="فِعْل" suffix="" />
			</annotation>
		</sentence>
		<sentence id="05678">
			<text>وَتَتَنَافَسُ تِلْكَ اَلدُّوَلِ خِلَالَ دَوْرَةِ اَلْمَهْرَجَانِ اَلَّتِي تَسْتَمِرُّ حَتَّى 10-3-2005 فِي مُسَابَقَتَيْنِ رَئِيسَتَيْنِ هُمَا: (اَلْأَفْلَامُ اَلرِّوَائِيَّةُ اَلطَّوِيلَةُ وَالْقَصِيرَةُ) و(أَفْلَامُ اَلرُّسُومِ اَلْمُتَحَرِّكَةِ وَالْبَرَامِجُ اَلتِّلِيفِزْيُونِيَّةُ).</text>
			<annotation>
				<ArabicLexical word="وَتَتَنَافَسُ" lemma="تَنَافَسَ" pos="مصرفة منتظمة" prefix="وَت" root="نفس" pattern="تَفَاعَلَ" suffix="" />
				<ArabicLexical word="تِلْكَ" lemma="ذَا" pos="جامدة" prefix="" root="ذَا" pattern="تِلْ" suffix="كَ" />
				<ArabicLexical word="اَلدُّوَلِ" lemma="دَوْلَة" pos="مصرفة منتظمة" prefix="ال" root="دول" pattern="فُعَل" suffix="" />
				<ArabicLexical word="خِلَالَ" lemma="خِلَال" pos="مصرفة منتظمة" prefix="" root="خلل" pattern="فِعَال" suffix="" />
				<ArabicLexical word="دَوْرَةِ" lemma="دَوْرَة" pos="مصرفة منتظمة" prefix="" root="دور" pattern="فَعْل" suffix="ة" />
				<ArabicLexical word="اَلْمَهْرَجَانِ" lemma="مَهْرَجَان" pos="استثناء صرفي" prefix="ال" root="هرج" pattern="مَهْرَجَان" suffix="" />
				<ArabicLexical word="اَلَّتِي" lemma="اَلَّذِي" pos="جامدة" prefix="ال" root="اَلَّذِي" pattern="لَتِي" suffix="" />
				<ArabicLexical word="تَسْتَمِرُّ" lemma="اسْتَمَرَّ" pos="مصرفة منتظمة" prefix="ت" root="مرر" pattern="اِسْتَفَلَّ" suffix="" />
				<ArabicLexical word="حَتَّى" lemma="حَتَّى" pos="جامدة" prefix="" root="حَتَّى" pattern="حَتَّى" suffix="" />
				<ArabicLexical word="فِي" lemma="فِي" pos="جامدة" prefix="" root="فِي" pattern="فِي" suffix="" />
				<ArabicLexical word="مُسَابَقَتَيْنِ" lemma="مُسَابَقَة" pos="مصرفة منتظمة" prefix="" root="سبق" pattern="مُفَاعَل" suffix="تَيْنِ" />
				<ArabicLexical word="رَئِيسَتَيْنِ" lemma="رَئِيس" pos="مصرفة منتظمة" prefix="" root="رأس" pattern="فَعِيل" suffix="تَيْنِ" />
				<ArabicLexical word="هُمَا" lemma="هُوَ" pos="جامدة" prefix="" root="هُوَ" pattern="هُمَا" suffix="" />
				<ArabicLexical word="اَلْأَفْلَامُ" lemma="فِيلْم" pos="معربة" prefix="ال" root="فِيلْم" pattern="أَفْلَام" suffix="" />
				<ArabicLexical word="اَلرِّوَائِيَّةُ" lemma="رِوَائِيّ" pos="مصرفة منتظمة" prefix="ال" root="روي" pattern="فِعَال" suffix="يَّة" />
				<ArabicLexical word="اَلطَّوِيلَةُ" lemma="طَوِيل" pos="مصرفة منتظمة" prefix="ال" root="طول" pattern="فَعِيل" suffix="ة" />
				<ArabicLexical word="وَالْقَصِيرَةُ" lemma="قَصِير" pos="مصرفة منتظمة" prefix="وَال" root="قصر" pattern="فَعِيل" suffix="ة" />
				<ArabicLexical word="و" lemma="+" pos="غير عربية" prefix="" root="" pattern="" suffix="" />
				<ArabicLexical word="أَفْلَامُ" lemma="فِيلْم" pos="معربة" prefix="" root="فِيلْم" pattern="أَفْلَام" suffix="" />
				<ArabicLexical word="اَلرُّسُومِ" lemma="رَسْم" pos="مصرفة منتظمة" prefix="ال" root="رسم" pattern="فُعُول" suffix="" />
				<ArabicLexical word="اَلْمُتَحَرِّكَةِ" lemma="مُتَحَرِّك" pos="مصرفة منتظمة" prefix="ال" root="حرك" pattern="مُتَفَعِّل" suffix="ة" />
				<ArabicLexical word="وَالْبَرَامِجُ" lemma="بَرْنَامَج" pos="مصرفة منتظمة" prefix="وَال" root="برمج" pattern="فَعَالِل" suffix="" />
				<ArabicLexical word="اَلتِّلِيفِزْيُونِيَّةُ" lemma="تِلِيفِزْيُونِيّ" pos="غير عربية" prefix="" root="" pattern="" suffix="" />
			</annotation>
		</sentence>
		<sentence id="05679">
			<text>وَيَحْتَفِلُ مَهْرَجَانُ اَلْقَاهِرَةِ اَلسِّينِمَائِيُّ لِلْأَطْفَالِ هذَا اَلْعَامَ بِمُرُورِ 15 عَامًا عَلَى بِدَايَةِ اَلْمَهْرَجَانِ؛ لِذلِكَ خَصَّصَ اَلْمَهْرَجَانُ اَلْعَدِيدَ مِنْ اَلِاحْتِفَالِيَّاتِ وَالْفَعَالِيَاتِ اَلَّتِي تُقَامُ عَلَى هَامِشِ اَلْمَهْرَجَانِ مِنْهَا عَرْضُ اَلْأَفْلَامِ اَلَّتِي فَازَتْ بِجَوَائِزِ اَلْمَهْرَجَانِ فِي اَلسَّنَوَاتِ اَلْمَاضِيَةِ، كَمَا يُخَصِّصُ اَلْمَهْرَجَانُ قِسْمًا خَاصًّا لِكِلَاسِيكِيَّاتِ اَلسِّينِمَا اَلرُّوسِيَّةِ يَعْرِضُ اَلْعَدِيدَ مِنْ اَلْأَفْلَامِ اَلرُّوسِيَّةِ مَصْحُوبَةً بِتَرْجَمَةٍ عَرَبِيَّةٍ.</text>
			<annotation>
				<ArabicLexical word="وَيَحْتَفِلُ" lemma="احْتَفَلَ" pos="مصرفة منتظمة" prefix="وَي" root="حفل" pattern="اِفْتَعَلَ" suffix="" />
				<ArabicLexical word="مَهْرَجَانُ" lemma="مَهْرَجَان" pos="استثناء صرفي" prefix="" root="هرج" pattern="مَهْرَجَان" suffix="" />
				<ArabicLexical word="اَلْقَاهِرَةِ" lemma="قَاهِرَة" pos="مصرفة منتظمة" prefix="ال" root="قهر" pattern="فَاعِل" suffix="ة" />
				<ArabicLexical word="اَلسِّينِمَائِيُّ" lemma="سِينِمَائِيّ" pos="غير عربية" prefix="" root="" pattern="" suffix="" />
				<ArabicLexical word="لِلْأَطْفَالِ" lemma="طِفْل" pos="مصرفة منتظمة" prefix="لِل" root="طفل" pattern="أَفْعَال" suffix="" />
				<ArabicLexical word="هذَا" lemma="ذَا" pos="جامدة" prefix="" root="ذَا" pattern="هذَا" suffix="" />
				<ArabicLexical word="اَلْعَامَ" lemma="عَام" pos="مصرفة منتظمة" prefix="ال" root="عوم" pattern="فَعل" suffix="" />
				<ArabicLexical word="بِمُرُورِ" lemma="مُرُور" pos="مصرفة منتظمة" prefix="بِ" root="مرر" pattern="فُعُول" suffix="" />
				<ArabicLexical word="عَامًا" lemma="عَام" pos="مصرفة منتظمة" prefix="" root="عوم" pattern="فَعل" suffix="" />
				<ArabicLexical word="عَلَى" lemma="عَلَى" pos="جامدة" prefix="" root="عَلَى" pattern="عَلَى" suffix="" />
				<ArabicLexical word="بِدَايَةِ" lemma="بِدَايَة" pos="استثناء صرفي" prefix="" root="بدأ" pattern="بِدَايَ" suffix="ة" />
				<ArabicLexical word="اَلْمَهْرَجَانِ" lemma="مَهْرَجَان" pos="استثناء صرفي" prefix="ال" root="هرج" pattern="مَهْرَجَان" suffix="" />
				<ArabicLexical word="لِذلِكَ" lemma="ذَا" pos="جامدة" prefix="لِ" root="ذَا" pattern="ذلِ" suffix="كَ" />
				<ArabicLexical word="خَصَّصَ" lemma="خَصَّصَ" pos="مصرفة منتظمة" prefix="" root="خصص" pattern="فَعَّلَ" suffix="" />
				<ArabicLexical word="اَلْمَهْرَجَانُ" lemma="مَهْرَجَان" pos="استثناء صرفي" prefix="ال" root="هرج" pattern="مَهْرَجَان" suffix="" />
				<ArabicLexical word="اَلْعَدِيدَ" lemma="عَدِيد" pos="مصرفة منتظمة" prefix="ال" root="عدد" pattern="فَعِيل" suffix="" />
				<ArabicLexical word="مِنْ" lemma="مِنْ" pos="جامدة" prefix="" root="مِنْ" pattern="مِنْ" suffix="" />
				<ArabicLexical word="اَلِاحْتِفَالِيَّاتِ" lemma="احْتِفَالِيّ" pos="مصرفة منتظمة" prefix="ال" root="حفل" pattern="اِفْتِعَال" suffix="يَّات" />
				<ArabicLexical word="وَالْفَعَالِيَاتِ" lemma="فَعَالِي" pos="مصرفة منتظمة" prefix="وَال" root="فعل" pattern="فَعَالِيَ" suffix="ات" />
				<ArabicLexical word="اَلَّتِي" lemma="اَلَّذِي" pos="جامدة" prefix="ال" root="اَلَّذِي" pattern="لَتِي" suffix="" />
				<ArabicLexical word="تُقَامُ" lemma="أَقَامَ" pos="مصرفة منتظمة" prefix="تُ" root="قوم" pattern="أَفَعلَ" suffix="" />
				<ArabicLexical word="عَلَى" lemma="عَلَى" pos="جامدة" prefix="" root="عَلَى" pattern="عَلَى" suffix="" />
				<ArabicLexical word="هَامِشِ" lemma="هَامِش" pos="مصرفة منتظمة" prefix="" root="همش" pattern="فَاعِل" suffix="" />
				<ArabicLexical word="اَلْمَهْرَجَانِ" lemma="مَهْرَجَان" pos="استثناء صرفي" prefix="ال" root="هرج" pattern="مَهْرَجَان" suffix="" />
				<ArabicLexical word="مِنْهَا" lemma="مِنْ" pos="جامدة" prefix="" root="مِنْ" pattern="مِنْ" suffix="هَا" />
				<ArabicLexical word="عَرْضُ" lemma="عَرْض" pos="مصرفة منتظمة" prefix="" root="عرض" pattern="فَعْل" suffix="" />
				<ArabicLexical word="اَلْأَفْلَامِ" lemma="فِيلْم" pos="معربة" prefix="ال" root="فِيلْم" pattern="أَفْلَام" suffix="" />
				<ArabicLexical word="اَلَّتِي" lemma="اَلَّذِي" pos="جامدة" prefix="ال" root="اَلَّذِي" pattern="لَتِي" suffix="" />
				<ArabicLexical word="فَازَتْ" lemma="فَازَ" pos="مصرفة منتظمة" prefix="" root="فوز" pattern="فَعلَ" suffix="تْ" />
				<ArabicLexical word="بِجَوَائِزِ" lemma="جَائِزَة" pos="مصرفة منتظمة" prefix="بِ" root="جوز" pattern="فَوَاعِل" suffix="" />
				<ArabicLexical word="اَلْمَهْرَجَانِ" lemma="مَهْرَجَان" pos="استثناء صرفي" prefix="ال" root="هرج" pattern="مَهْرَجَان" suffix="" />
				<ArabicLexical word="فِي" lemma="فِي" pos="جامدة" prefix="" root="فِي" pattern="فِي" suffix="" />
				<ArabicLexical word="اَلسَّنَوَاتِ" lemma="سَنَة" pos="استثناء صرفي" prefix="ال" root="سنه" pattern="سَنَوَ" suffix="ات" />
				<ArabicLexical word="اَلْمَاضِيَةِ" lemma="مَاضِيَة" pos="مصرفة منتظمة" prefix="ال" root="مضي" pattern="فَاعِل" suffix="ة" />
				<ArabicLexical word="كَمَا" lemma="مَا" pos="جامدة" prefix="كَ" root="اَلَّذِي" pattern="مَا" suffix="" />
				<ArabicLexical word="يُخَصِّصُ" lemma="خَصَّصَ" pos="مصرفة منتظمة" prefix="ي" root="خصص" pattern="فَعَّلَ" suffix="" />
				<ArabicLexical word="اَلْمَهْرَجَانُ" lemma="مَهْرَجَان" pos="استثناء صرفي" prefix="ال" root="هرج" pattern="مَهْرَجَان" suffix="" />
				<ArabicLexical word="قِسْمًا" lemma="قِسْم" pos="مصرفة منتظمة" prefix="" root="قسم" pattern="فِعْل" suffix="" />
				<ArabicLexical word="خَاصًّا" lemma="خَاصّ" pos="مصرفة منتظمة" prefix="" root="خصص" pattern="فَالّ" suffix="" />
				<ArabicLexical word="لِكِلَاسِيكِيَّاتِ" lemma="كِلَاسِيكِيّ" pos="غير عربية" prefix="" root="" pattern="" suffix="" />
				<ArabicLexical word="اَلسِّينِمَا" lemma="سِينِمَا" pos="غير عربية" prefix="" root="" pattern="" suffix="" />
				<ArabicLexical word="اَلرُّوسِيَّةِ" lemma="رُوسِيّ" pos="غير عربية" prefix="" root="" pattern="" suffix="" />
				<ArabicLexical word="يَعْرِضُ" lemma="عَرَضَ" pos="مصرفة منتظمة" prefix="ي" root="عرض" pattern="فْعِل" suffix="" />
				<ArabicLexical word="اَلْعَدِيدَ" lemma="عَدِيد" pos="مصرفة منتظمة" prefix="ال" root="عدد" pattern="فَعِيل" suffix="" />
				<ArabicLexical word="مِنْ" lemma="مِنْ" pos="جامدة" prefix="" root="مِنْ" pattern="مِنْ" suffix="" />
				<ArabicLexical word="اَلْأَفْلَامِ" lemma="فِيلْم" pos="معربة" prefix="ال" root="فِيلْم" pattern="أَفْلَام" suffix="" />
				<ArabicLexical word="اَلرُّوسِيَّةِ" lemma="رُوسِيّ" pos="غير عربية" prefix="" root="" pattern="" suffix="" />
				<ArabicLexical word="مَصْحُوبَةً" lemma="مَصْحُوب" pos="مصرفة منتظمة" prefix="" root="صحب" pattern="مَفْعُول" suffix="ة" />
				<ArabicLexical word="بِتَرْجَمَةٍ" lemma="تَرْجَمَة" pos="مصرفة منتظمة" prefix="بِ" root="ترجم" pattern="فَعْلَل" suffix="ة" />
				<ArabicLexical word="عَرَبِيَّةٍ" lemma="عَرَبِيّ" pos="مصرفة منتظمة" prefix="" root="عرب" pattern="فَعَل" suffix="يَّة" />
			</annotation>
		</sentence>
		<sentence id="05680">
			<text>وَسَيَتِمُّ عَرْضُ حَلَقَاتٍ عَدِيدَةٍ مُدَبْلَجَةٍ مِنْ بَرْنَامَجِ قَنَاةِ نَاشْيُونَالْ جُو جِرَافِيكْ اَلشَّهِيرِ عَنْ حَيَاةِ اَلْحَيَوَانَاتِ اَلْمُتَوَحِّشَةِ، كَمَا يُقَدِّمُ اَلْمَهْرَجَانُ ثَلَاثَ اِحْتِفَالِيَّاتٍ، لِلِاحْتِفَاءِ بِالْأَطْفَالِ ذَوِي اَلِاحْتِيَاجَاتِ اَلْخَاصَّةِ وَالْأَطْفَالِ مَرْضَى اَلسَّرَطَانِ وَالْأَيْتَامِ.</text>
			<annotation>
				<ArabicLexical word="وَسَيَتِمُّ" lemma="تَمَّ" pos="مصرفة منتظمة" prefix="وَسَي" root="تمم" pattern="فِلّ" suffix="" />
				<ArabicLexical word="عَرْضُ" lemma="عَرْض" pos="مصرفة منتظمة" prefix="" root="عرض" pattern="فَعْل" suffix="" />
				<ArabicLexical word="حَلَقَاتٍ" lemma="حَلْقَة" pos="مصرفة منتظمة" prefix="" root="حلق" pattern="فَعَل" suffix="ات" />
				<ArabicLexical word="عَدِيدَةٍ" lemma="عَدِيد" pos="مصرفة منتظمة" prefix="" root="عدد" pattern="فَعِيل" suffix="ة" />
				<ArabicLexical word="مُدَبْلَجَةٍ" lemma="" pos="غير عربية" prefix="" root="" pattern="" suffix="" />
				<ArabicLexical word="مِنْ" lemma="مِنْ" pos="جامدة" prefix="" root="مِنْ" pattern="مِنْ" suffix="" />
				<ArabicLexical word="بَرْنَامَجِ" lemma="بَرْنَامَج" pos="استثناء صرفي" prefix="" root="برمج" pattern="بَرْنَامَج" suffix="" />
				<ArabicLexical word="قَنَاةِ" lemma="قَنَاة" pos="مصرفة منتظمة" prefix="" root="قنو" pattern="فَعَل" suffix="ة" />
				<ArabicLexical word="نَاشْيُونَالْ" lemma="" pos="غير عربية" prefix="" root="" pattern="" suffix="" />
				<ArabicLexical word="جُو" lemma="" pos="غير عربية" prefix="" root="" pattern="" suffix="" />
				<ArabicLexical word="جِرَافِيكْ" lemma="" pos="غير عربية" prefix="" root="" pattern="" suffix="" />
				<ArabicLexical word="اَلشَّهِيرِ" lemma="شَهِير" pos="مصرفة منتظمة" prefix="ال" root="شهر" pattern="فَعِيل" suffix="" />
				<ArabicLexical word="عَنْ" lemma="عَنْ" pos="جامدة" prefix="" root="عَنْ" pattern="عَنْ" suffix="" />
				<ArabicLexical word="حَيَاةِ" lemma="حَيَاة" pos="مصرفة منتظمة" prefix="" root="حيي" pattern="فَعَل" suffix="ة" />
				<ArabicLexical word="اَلْحَيَوَانَاتِ" lemma="حَيَوَان" pos="استثناء صرفي" prefix="ال" root="حيي" pattern="حَيَوَان" suffix="ات" />
				<ArabicLexical word="اَلْمُتَوَحِّشَةِ" lemma="مُتَوَحِّش" pos="مصرفة منتظمة" prefix="ال" root="وحش" pattern="مُتَفَعِّل" suffix="ة" />
				<ArabicLexical word="كَمَا" lemma="مَا" pos="جامدة" prefix="كَ" root="اَلَّذِي" pattern="مَا" suffix="" />
				<ArabicLexical word="يُقَدِّمُ" lemma="قَدَّمَ" pos="مصرفة منتظمة" prefix="ي" root="قدم" pattern="فَعَّلَ" suffix="" />
				<ArabicLexical word="اَلْمَهْرَجَانُ" lemma="مَهْرَجَان" pos="استثناء صرفي" prefix="ال" root="هرج" pattern="مَهْرَجَان" suffix="" />
				<ArabicLexical word="ثَلَاثَ" lemma="ثَلَاث" pos="مصرفة منتظمة" prefix="" root="ثلث" pattern="فَعَال" suffix="" />
				<ArabicLexical word="اِحْتِفَالِيَّاتٍ" lemma="احْتِفَالِيّ" pos="مصرفة منتظمة" prefix="" root="حفل" pattern="اِفْتِعَال" suffix="يَّات" />
				<ArabicLexical word="لِلِاحْتِفَاءِ" lemma="احْتِفَاء" pos="مصرفة منتظمة" prefix="لِل" root="حفو" pattern="اِفْتِعَال" suffix="" />
				<ArabicLexical word="بِالْأَطْفَالِ" lemma="طِفْل" pos="مصرفة منتظمة" prefix="بِال" root="طفل" pattern="أَفْعَال" suffix="" />
				<ArabicLexical word="ذَوِي" lemma="ذُو" pos="جامدة" prefix="" root="ذُو" pattern="ذَو" suffix="ي" />
				<ArabicLexical word="اَلِاحْتِيَاجَاتِ" lemma="احْتِيَاج" pos="مصرفة منتظمة" prefix="ال" root="حوج" pattern="اِفْتِعَال" suffix="ات" />
				<ArabicLexical word="اَلْخَاصَّةِ" lemma="خَاصّ" pos="مصرفة منتظمة" prefix="ال" root="خصص" pattern="فَالّ" suffix="ة" />
				<ArabicLexical word="وَالْأَطْفَالِ" lemma="طِفْل" pos="مصرفة منتظمة" prefix="وَال" root="طفل" pattern="أَفْعَال" suffix="" />
				<ArabicLexical word="مَرْضَى" lemma="مَرِيض" pos="مصرفة منتظمة" prefix="" root="مرض" pattern="فَعْلَى" suffix="" />
				<ArabicLexical word="اَلسَّرَطَانِ" lemma="سَرَطَان" pos="مصرفة منتظمة" prefix="ال" root="سرط" pattern="فَعَلَان" suffix="" />
				<ArabicLexical word="وَالْأَيْتَامِ" lemma="يَتِيم" pos="مصرفة منتظمة" prefix="وَال" root="يتم" pattern="أَفْعَال" suffix="" />
			</annotation>
		</sentence>
		<sentence id="05681">
			<text>حَيْثُ يُقِيمُ اَلْمَهْرَجَانُ وَرْشَةَ عَمَلٍ لِتَنْمِيَةِ مَهَارَاتِ اَلْأَطْفَالِ ذَوِي اَلِاحْتِيَاجَاتِ اَلْخَاصَّةِ</text>
			<annotation>
				<ArabicLexical word="حَيْثُ" lemma="حَيْثُ" pos="جامدة" prefix="" root="حَيْثُ" pattern="حَيْثُ" suffix="" />
				<ArabicLexical word="يُقِيمُ" lemma="أَقَامَ" pos="مصرفة منتظمة" prefix="ي" root="قوم" pattern="أَفِعلَ" suffix="" />
				<ArabicLexical word="اَلْمَهْرَجَانُ" lemma="مَهْرَجَان" pos="استثناء صرفي" prefix="ال" root="هرج" pattern="مَهْرَجَان" suffix="" />
				<ArabicLexical word="وَرْشَةَ" lemma="وَرْشَة" pos="مصرفة منتظمة" prefix="" root="ورش" pattern="فَعْل" suffix="ة" />
				<ArabicLexical word="عَمَلٍ" lemma="عَمَل" pos="مصرفة منتظمة" prefix="" root="عمل" pattern="فَعَل" suffix="" />
				<ArabicLexical word="لِتَنْمِيَةِ" lemma="تَنْمِيَة" pos="مصرفة منتظمة" prefix="لِ" root="نمو" pattern="تَفْعِلَ" suffix="ة" />
				<ArabicLexical word="مَهَارَاتِ" lemma="مَهَارَة" pos="مصرفة منتظمة" prefix="" root="مهر" pattern="فَعَال" suffix="ات" />
				<ArabicLexical word="اَلْأَطْفَالِ" lemma="طِفْل" pos="مصرفة منتظمة" prefix="ال" root="طفل" pattern="أَفْعَال" suffix="" />
				<ArabicLexical word="ذَوِي" lemma="ذُو" pos="جامدة" prefix="" root="ذُو" pattern="ذَو" suffix="ي" />
				<ArabicLexical word="اَلِاحْتِيَاجَاتِ" lemma="احْتِيَاج" pos="مصرفة منتظمة" prefix="ال" root="حوج" pattern="اِفْتِعَال" suffix="ات" />
				<ArabicLexical word="اَلْخَاصَّةِ" lemma="خَاصّ" pos="مصرفة منتظمة" prefix="ال" root="خصص" pattern="فَالّ" suffix="ة" />
			</annotation>
		</sentence>
		<sentence id="05682">
			<text>وَوَرْشَتَيْ عَمَلٍ حَوْلَ فَنِّ اَلرَّسْمِ اَلتِّلْقَائِيِّ وَفَنِّ اَلصَّلْصَالِ إِضَافَةً إِلَى نَدَوَاتٍ مِنْهَا حُقُوقُ أَطْفَالِ اَلشَّوَارِعِ وَالْفَنُّ اَلسَّابِعُ واَلْبِنَاءُ اَلدِّرَامِيُّ لِفِيلْمِ اَلرُّسُومِ اَلْمُتَحَرِّكَةِ واَلْأَغَانِي اَلشَّعْبِيَّةُ فِي أَغْنِيَةِ اَلطِّفْلِ.</text>
			<annotation>
				<ArabicLexical word="وَوَرْشَتَيْ" lemma="وَرْشَة" pos="مصرفة منتظمة" prefix="وَ" root="ورش" pattern="فَعْل" suffix="تَيْ" />
				<ArabicLexical word="عَمَلٍ" lemma="عَمَل" pos="مصرفة منتظمة" prefix="" root="عمل" pattern="فَعَل" suffix="" />
				<ArabicLexical word="حَوْلَ" lemma="حَوْل" pos="مصرفة منتظمة" prefix="" root="حول" pattern="فَعْل" suffix="" />
				<ArabicLexical word="فَنِّ" lemma="فَنّ" pos="مصرفة منتظمة" prefix="" root="فنن" pattern="فَلّ" suffix="" />
				<ArabicLexical word="اَلرَّسْمِ" lemma="رَسْم" pos="مصرفة منتظمة" prefix="ال" root="رسم" pattern="فَعْل" suffix="" />
				<ArabicLexical word="اَلتِّلْقَائِيِّ" lemma="تِلْقَائِيّ" pos="مصرفة منتظمة" prefix="ال" root="لقي" pattern="تِفْعَال" suffix="يّ" />
				<ArabicLexical word="وَفَنِّ" lemma="فَنّ" pos="مصرفة منتظمة" prefix="وَ" root="فنن" pattern="فَلّ" suffix="" />
				<ArabicLexical word="اَلصَّلْصَالِ" lemma="صَلْصَال" pos="مصرفة منتظمة" prefix="ال" root="صلصل" pattern="فَعْلَال" suffix="" />
				<ArabicLexical word="إِضَافَةً" lemma="إِضَافَة" pos="مصرفة منتظمة" prefix="" root="ضيف" pattern="إِفَعالَ" suffix="ة" />
				<ArabicLexical word="إِلَى" lemma="إِلَى" pos="جامدة" prefix="" root="إِلَى" pattern="إِلَى" suffix="" />
				<ArabicLexical word="نَدَوَاتٍ" lemma="نَدْوَة" pos="مصرفة منتظمة" prefix="" root="ندو" pattern="فَعَل" suffix="ات" />
				<ArabicLexical word="مِنْهَا" lemma="مِنْ" pos="جامدة" prefix="" root="مِنْ" pattern="مِنْ" suffix="هَا" />
				<ArabicLexical word="حُقُوقُ" lemma="حَقّ" pos="مصرفة منتظمة" prefix="" root="حقق" pattern="فُعُول" suffix="" />
				<ArabicLexical word="أَطْفَالِ" lemma="طِفْل" pos="مصرفة منتظمة" prefix="" root="طفل" pattern="أَفْعَال" suffix="" />
				<ArabicLexical word="اَلشَّوَارِعِ" lemma="شَارِع" pos="مصرفة منتظمة" prefix="ال" root="شرع" pattern="فَوَاعِل" suffix="" />
				<ArabicLexical word="وَالْفَنُّ" lemma="فَنّ" pos="مصرفة منتظمة" prefix="وَال" root="فنن" pattern="فَلّ" suffix="" />
				<ArabicLexical word="اَلسَّابِعُ" lemma="سَابِع" pos="مصرفة منتظمة" prefix="ال" root="سبع" pattern="فَاعِل" suffix="" />
				<ArabicLexical word="و" lemma="+" pos="غير عربية" prefix="" root="" pattern="" suffix="" />
				<ArabicLexical word="اَلْبِنَاءُ" lemma="بِنَاء" pos="مصرفة منتظمة" prefix="ال" root="بني" pattern="فِعَال" suffix="" />
				<ArabicLexical word="اَلدِّرَامِيُّ" lemma="دِرَامِيّ" pos="غير عربية" prefix="" root="" pattern="" suffix="" />
				<ArabicLexical word="لِفِيلْمِ" lemma="فِيلْم" pos="معربة" prefix="لِ" root="فِيلْم" pattern="فِيلْم" suffix="" />
				<ArabicLexical word="اَلرُّسُومِ" lemma="رَسْم" pos="مصرفة منتظمة" prefix="ال" root="رسم" pattern="فُعُول" suffix="" />
				<ArabicLexical word="اَلْمُتَحَرِّكَةِ" lemma="مُتَحَرِّك" pos="مصرفة منتظمة" prefix="ال" root="حرك" pattern="مُتَفَعِّل" suffix="ة" />
				<ArabicLexical word="و" lemma="+" pos="غير عربية" prefix="" root="" pattern="" suffix="" />
				<ArabicLexical word="اَلْأَغَانِي" lemma="أُغْنِيَة" pos="مصرفة منتظمة" prefix="ال" root="غني" pattern="أَفَاعِل" suffix="" />
				<ArabicLexical word="اَلشَّعْبِيَّةُ" lemma="شَعْبِيّ" pos="مصرفة منتظمة" prefix="ال" root="شعب" pattern="فَعْل" suffix="يَّة" />
				<ArabicLexical word="فِي" lemma="فِي" pos="جامدة" prefix="" root="فِي" pattern="فِي" suffix="" />
				<ArabicLexical word="أَغْنِيَةِ" lemma="-" pos="مصرفة منتظمة" prefix="" root="غني" pattern="أَفْعِلَ" suffix="ة" />
				<ArabicLexical word="اَلطِّفْلِ" lemma="طِفْل" pos="مصرفة منتظمة" prefix="ال" root="طفل" pattern="فِعْل" suffix="" />
			</annotation>
		</sentence>
		<sentence id="05683">
			<text>وَفِي إِطَارِ اَلتَّعَرُّفِ عَلَى اَلثَّقَافَاتِ اَلْأُخْرَى وَافَقَ اَلْفَنَّانُ فَارُوقُ حُسْنِيٍّ وَزِيرُ اَلثَّقَافَةِ عَلَى تَخْفِيضِ تَذَاكِرِ عُرُوضِ أَفْلَامِ مَهْرَجَانِ اَلْقَاهِرَةِ اَلدُّوَلِيِّ لِسِينِمَا اَلْأَطْفَالِ إِلَى جُنَيْهَيْنِ فَقَطْ‏ (نَحْوِ 0.3 مِنْ اَلدُّولَارْ</text>
			<annotation>
				<ArabicLexical word="وَفِي" lemma="فِي" pos="جامدة" prefix="وَ" root="فِي" pattern="فِي" suffix="" />
				<ArabicLexical word="إِطَارِ" lemma="إِطَار" pos="مصرفة منتظمة" prefix="" root="أطر" pattern="فِعَال" suffix="" />
				<ArabicLexical word="اَلتَّعَرُّفِ" lemma="تَعَرُّف" pos="مصرفة منتظمة" prefix="ال" root="عرف" pattern="تَفَعُّل" suffix="" />
				<ArabicLexical word="عَلَى" lemma="عَلَى" pos="جامدة" prefix="" root="عَلَى" pattern="عَلَى" suffix="" />
				<ArabicLexical word="اَلثَّقَافَاتِ" lemma="ثَقَافَة" pos="مصرفة منتظمة" prefix="ال" root="ثقف" pattern="فَعَال" suffix="ات" />
				<ArabicLexical word="اَلْأُخْرَى" lemma="أُخْرَى" pos="مصرفة منتظمة" prefix="ال" root="أخر" pattern="فُعْلَى" suffix="" />
				<ArabicLexical word="وَافَقَ" lemma="وَافَقَ" pos="مصرفة منتظمة" prefix="" root="وفق" pattern="فَاعَلَ" suffix="" />
				<ArabicLexical word="اَلْفَنَّانُ" lemma="فَنَّان" pos="مصرفة منتظمة" prefix="ال" root="فنن" pattern="فَعَّال" suffix="" />
				<ArabicLexical word="فَارُوقُ" lemma="فَارُوق" pos="مصرفة منتظمة" prefix="" root="فرق" pattern="فَاعُول" suffix="" />
				<ArabicLexical word="حُسْنِيٍّ" lemma="حُسْن" pos="مصرفة منتظمة" prefix="" root="حسن" pattern="فُعْل" suffix="يّ" />
				<ArabicLexical word="وَزِيرُ" lemma="وَزِير" pos="مصرفة منتظمة" prefix="" root="وزر" pattern="فَعِيل" suffix="" />
				<ArabicLexical word="اَلثَّقَافَةِ" lemma="ثَقَافَة" pos="مصرفة منتظمة" prefix="ال" root="ثقف" pattern="فَعَال" suffix="ة" />
				<ArabicLexical word="عَلَى" lemma="عَلَى" pos="جامدة" prefix="" root="عَلَى" pattern="عَلَى" suffix="" />
				<ArabicLexical word="تَخْفِيضِ" lemma="تَخْفِيض" pos="مصرفة منتظمة" prefix="" root="خفض" pattern="تَفْعِيل" suffix="" />
				<ArabicLexical word="تَذَاكِرِ" lemma="تَذْكِرَة" pos="غير عربية" prefix="" root="" pattern="" suffix="" />
				<ArabicLexical word="عُرُوضِ" lemma="عَرْض" pos="مصرفة منتظمة" prefix="" root="عرض" pattern="فُعُول" suffix="" />
				<ArabicLexical word="أَفْلَامِ" lemma="فِيلْم" pos="معربة" prefix="" root="فِيلْم" pattern="أَفْلَام" suffix="" />
				<ArabicLexical word="مَهْرَجَانِ" lemma="مَهْرَجَان" pos="استثناء صرفي" prefix="" root="هرج" pattern="مَهْرَجَان" suffix="" />
				<ArabicLexical word="اَلْقَاهِرَةِ" lemma="قَاهِرَة" pos="مصرفة منتظمة" prefix="ال" root="قهر" pattern="فَاعِل" suffix="ة" />
				<ArabicLexical word="اَلدُّوَلِيِّ" lemma="دُوَلِيّ" pos="مصرفة منتظمة" prefix="ال" root="دول" pattern="فُعَل" suffix="يّ" />
				<ArabicLexical word="لِسِينِمَا" lemma="سِينِمَا" pos="غير عربية" prefix="" root="" pattern="" suffix="" />
				<ArabicLexical word="اَلْأَطْفَالِ" lemma="طِفْل" pos="مصرفة منتظمة" prefix="ال" root="طفل" pattern="أَفْعَال" suffix="" />
				<ArabicLexical word="إِلَى" lemma="إِلَى" pos="جامدة" prefix="" root="إِلَى" pattern="إِلَى" suffix="" />
				<ArabicLexical word="جُنَيْهَيْنِ" lemma="جُنَيْه" pos="معربة" prefix="" root="جُنَيْه" pattern="جُنَيْه" suffix="يْنِ" />
				<ArabicLexical word="فَقَطْ" lemma="فَقَطْ" pos="غير عربية" prefix="" root="" pattern="" suffix="" />
				<ArabicLexical word="نَحْوِ" lemma="نَحْو" pos="مصرفة منتظمة" prefix="" root="نحو" pattern="فَعْل" suffix="" />
				<ArabicLexical word="مِنْ" lemma="مِنْ" pos="جامدة" prefix="" root="مِنْ" pattern="مِنْ" suffix="" />
				<ArabicLexical word="اَلدُّولَارْ" lemma="دُولَار" pos="غير عربية" prefix="" root="" pattern="" suffix="" />
			</annotation>
		</sentence>
	</FILE>
	</NEMLAR>