<NEMLAR><FILE name="GeneralNews" number="002">
		<sentence id="05684">
			<text>?مَعْرِضُ اَلْقَاهِرَةِ اَلدُّوَلِيُّ فِي ثَوْبٍ جَدِيدٍ</text>
			<annotation>
				<ArabicLexical word="مَعْرِضُ" lemma="مَعْرِض" pos="مصرفة منتظمة" prefix="" root="عرض" pattern="مَفْعِل" suffix="" />
				<ArabicLexical word="اَلْقَاهِرَةِ" lemma="قَاهِرَة" pos="مصرفة منتظمة" prefix="ال" root="قهر" pattern="فَاعِل" suffix="ة" />
				<ArabicLexical word="اَلدُّوَلِيُّ" lemma="دُوَلِيّ" pos="مصرفة منتظمة" prefix="ال" root="دول" pattern="فُعَل" suffix="يّ" />
				<ArabicLexical word="فِي" lemma="فِي" pos="جامدة" prefix="" root="فِي" pattern="فِي" suffix="" />
				<ArabicLexical word="ثَوْبٍ" lemma="ثَوْب" pos="مصرفة منتظمة" prefix="" root="ثوب" pattern="فَعْل" suffix="" />
				<ArabicLexical word="جَدِيدٍ" lemma="جَدِيد" pos="مصرفة منتظمة" prefix="" root="جدد" pattern="فَعِيل" suffix="" />
			</annotation>
		</sentence>
		<sentence id="05685">
			<text> </text>
			<annotation>
			</annotation>
		</sentence>
		<sentence id="05686">
			<text>اَلْقَاهِرَةُ - وِسَامٌ اَلدُّوَيْكُ - إِسْلَامْ أُونْ لَايْنْ.نِتْ/ 25-1-2005 </text>
			<annotation>
				<ArabicLexical word="اَلْقَاهِرَةُ" lemma="قَاهِرَة" pos="مصرفة منتظمة" prefix="ال" root="قهر" pattern="فَاعِل" suffix="ة" />
				<ArabicLexical word="وِسَامٌ" lemma="وِسَام" pos="مصرفة منتظمة" prefix="" root="وسم" pattern="فِعَال" suffix="" />
				<ArabicLexical word="اَلدُّوَيْكُ" lemma="-" pos="مصرفة منتظمة" prefix="ال" root="دوك" pattern="فُعَيْل" suffix="" />
				<ArabicLexical word="إِسْلَامْ" lemma="إِسْلَام" pos="غير عربية" prefix="" root="" pattern="" suffix="" />
				<ArabicLexical word="أُونْ" lemma="أُونْ" pos="غير عربية" prefix="" root="" pattern="" suffix="" />
				<ArabicLexical word="لَايْنْ" lemma="+" pos="غير عربية" prefix="" root="" pattern="" suffix="" />
				<ArabicLexical word="نِتْ" lemma="نِت" pos="غير عربية" prefix="" root="" pattern="" suffix="" />
			</annotation>
		</sentence>
		<sentence id="05687">
			<text> </text>
			<annotation>
			</annotation>
		</sentence>
		<sentence id="05688">
			<text> </text>
			<annotation>
			</annotation>
		</sentence>
		<sentence id="05689">
			<text>مَعْرِضُ اَلْقَاهِرَةِ</text>
			<annotation>
				<ArabicLexical word="مَعْرِضُ" lemma="مَعْرِض" pos="مصرفة منتظمة" prefix="" root="عرض" pattern="مَفْعِل" suffix="" />
				<ArabicLexical word="اَلْقَاهِرَةِ" lemma="قَاهِرَة" pos="مصرفة منتظمة" prefix="ال" root="قهر" pattern="فَاعِل" suffix="ة" />
			</annotation>
		</sentence>
		<sentence id="05690">
			<text> </text>
			<annotation>
			</annotation>
		</sentence>
		<sentence id="05691">
			<text>تُفْتَتَحُ فِي اَلْقَاهِرَةِ اَلْأَرْبِعَاءَ 26 يَنَايِر 2005 وَلِمُدَّةِ أُسْبُوعَيْنِ، فَعَالِيَاتُ اَلدَّوْرَةِ ال 37 لِمَعْرِضِ اَلْقَاهِرَةِ اَلدُّوَلِيِّ لِلْكِتَابِ وَالَّذِي يُعَدُّ ثَانِيَ أَكْبَرِ اَلْمَعَارِضِ اَلدُّوَلِيَّةِ مِنْ حَيْثُ حَجْمُ اَلْمُشَارَكَاتِ بِهِ بَعْدَ مَعْرِضِ فِرَانْكِفُورْتْ اَلدُّوَلِيِّ لِلْكِتَابِ.</text>
			<annotation>
				<ArabicLexical word="تُفْتَتَحُ" lemma="افْتَتَحَ" pos="مصرفة منتظمة" prefix="تُ" root="فتح" pattern="اِفْتَعَلَ" suffix="" />
				<ArabicLexical word="فِي" lemma="فِي" pos="جامدة" prefix="" root="فِي" pattern="فِي" suffix="" />
				<ArabicLexical word="اَلْقَاهِرَةِ" lemma="قَاهِرَة" pos="مصرفة منتظمة" prefix="ال" root="قهر" pattern="فَاعِل" suffix="ة" />
				<ArabicLexical word="اَلْأَرْبِعَاءَ" lemma="أَرْبِعَاء" pos="استثناء صرفي" prefix="ال" root="ربع" pattern="أَرْبِعَاء" suffix="" />
				<ArabicLexical word="يَنَايِر" lemma="يَنَايِر" pos="معربة" prefix="" root="يَنَايِر" pattern="يَنَايِر" suffix="" />
				<ArabicLexical word="وَلِمُدَّةِ" lemma="مُدَّة" pos="مصرفة منتظمة" prefix="وَلِ" root="مدد" pattern="فُلّ" suffix="ة" />
				<ArabicLexical word="أُسْبُوعَيْنِ" lemma="أُسْبُوع" pos="مصرفة منتظمة" prefix="" root="سبع" pattern="أُفْعُول" suffix="يْنِ" />
				<ArabicLexical word="فَعَالِيَاتُ" lemma="عَالِيَة" pos="مصرفة منتظمة" prefix="" root="فعل" pattern="فَعَالِيَ" suffix="ات" />
				<ArabicLexical word="اَلدَّوْرَةِ" lemma="دَوْرَة" pos="مصرفة منتظمة" prefix="ال" root="دور" pattern="فَعْل" suffix="ة" />
				<ArabicLexical word="ال" lemma="+" pos="غير عربية" prefix="" root="" pattern="" suffix="" />
				<ArabicLexical word="لِمَعْرِضِ" lemma="مَعْرِض" pos="مصرفة منتظمة" prefix="لِ" root="عرض" pattern="مَفْعِل" suffix="" />
				<ArabicLexical word="اَلْقَاهِرَةِ" lemma="قَاهِرَة" pos="مصرفة منتظمة" prefix="ال" root="قهر" pattern="فَاعِل" suffix="ة" />
				<ArabicLexical word="اَلدُّوَلِيِّ" lemma="دُوَلِيّ" pos="مصرفة منتظمة" prefix="ال" root="دول" pattern="فُعَل" suffix="يّ" />
				<ArabicLexical word="لِلْكِتَابِ" lemma="كِتَاب" pos="مصرفة منتظمة" prefix="لِل" root="كتب" pattern="فِعَال" suffix="" />
				<ArabicLexical word="وَالَّذِي" lemma="اَلَّذِي" pos="جامدة" prefix="وَال" root="اَلَّذِي" pattern="لَذِي" suffix="" />
				<ArabicLexical word="يُعَدُّ" lemma="عَدَّ" pos="مصرفة منتظمة" prefix="يُ" root="عدد" pattern="فَلّ" suffix="" />
				<ArabicLexical word="ثَانِيَ" lemma="ثَانِي" pos="مصرفة منتظمة" prefix="" root="ثني" pattern="فَاعِل" suffix="" />
				<ArabicLexical word="أَكْبَرِ" lemma="أَكْبَر" pos="مصرفة منتظمة" prefix="" root="كبر" pattern="أَفْعَل" suffix="" />
				<ArabicLexical word="اَلْمَعَارِضِ" lemma="مَعْرَض" pos="مصرفة منتظمة" prefix="ال" root="عرض" pattern="مَفَاعِل" suffix="" />
				<ArabicLexical word="اَلدُّوَلِيَّةِ" lemma="دُوَلِيّ" pos="مصرفة منتظمة" prefix="ال" root="دول" pattern="فُعَل" suffix="يَّة" />
				<ArabicLexical word="مِنْ" lemma="مِنْ" pos="جامدة" prefix="" root="مِنْ" pattern="مِنْ" suffix="" />
				<ArabicLexical word="حَيْثُ" lemma="حَيْثُ" pos="جامدة" prefix="" root="حَيْثُ" pattern="حَيْثُ" suffix="" />
				<ArabicLexical word="حَجْمُ" lemma="حَجْم" pos="مصرفة منتظمة" prefix="" root="حجم" pattern="فَعْل" suffix="" />
				<ArabicLexical word="اَلْمُشَارَكَاتِ" lemma="مُشَارَكَة" pos="مصرفة منتظمة" prefix="ال" root="شرك" pattern="مُفَاعَل" suffix="ات" />
				<ArabicLexical word="بِهِ" lemma="بِي" pos="جامدة" prefix="" root="بِي" pattern="بِهِ" suffix="" />
				<ArabicLexical word="بَعْدَ" lemma="بَعْدَ" pos="مصرفة منتظمة" prefix="" root="بعد" pattern="فَعْل" suffix="" />
				<ArabicLexical word="مَعْرِضِ" lemma="مَعْرِض" pos="مصرفة منتظمة" prefix="" root="عرض" pattern="مَفْعِل" suffix="" />
				<ArabicLexical word="فِرَانْكْفُورْتْ" lemma="فِرَانْكْفُورْت" pos="غير عربية" prefix="" root="" pattern="" suffix="" />
				<ArabicLexical word="اَلدُّوَلِيِّ" lemma="دُوَلِيّ" pos="مصرفة منتظمة" prefix="ال" root="دول" pattern="فُعَل" suffix="يّ" />
				<ArabicLexical word="لِلْكِتَابِ" lemma="كِتَاب" pos="مصرفة منتظمة" prefix="لِل" root="كتب" pattern="فِعَال" suffix="" />
			</annotation>
		</sentence>
		<sentence id="05692">
			<text>وَأَعْلَنَ اَلدُّكْتُورُ وَحِيدُ عَبْدِ اَلْمَجِيدِ رَئِيسُ اَلْهَيْئَةِ اَلْمِصْرِيَّةِ اَلْعَامَّةِ لِلْكِتَابِ اَلْمُشْرِفَةِ عَلَى تَنْظِيمِ اَلْمَعْرِضِ أَنَّ اَلْمَعْرِضَ هذَا اَلْعَامَ سَيَبْدُو فِي ثَوْبٍ جَدِيدٍ بَعْدَمَا تَمَّ وَضْعُ خُطَّةٍ شَامِلَةٍ لِتَحْدِيثِهِ، تَمَّ بِالْفِعْلِ تَنْفِيذُ جُزْءٍ كَبِيرٍ مِنْهَا وَمِنْ اَلْمُنْتَظَرِ أَنْ تَكْتَمِلَ فِي عَامِ 2006.</text>
			<annotation>
				<ArabicLexical word="وَأَعْلَنَ" lemma="أَعْلَنَ" pos="مصرفة منتظمة" prefix="وَ" root="علن" pattern="أَفْعَلَ" suffix="" />
				<ArabicLexical word="اَلدُّكْتُورُ" lemma="دُكْتُور" pos="معربة" prefix="ال" root="دُكْتُور" pattern="دُكْتُور" suffix="" />
				<ArabicLexical word="وَحِيدُ" lemma="وَحِيد" pos="مصرفة منتظمة" prefix="" root="وحد" pattern="فَعِيل" suffix="" />
				<ArabicLexical word="عَبْدِ" lemma="عَبْد" pos="مصرفة منتظمة" prefix="" root="عبد" pattern="فَعْل" suffix="" />
				<ArabicLexical word="اَلْمَجِيدِ" lemma="مَجِيد" pos="مصرفة منتظمة" prefix="ال" root="مجد" pattern="فَعِيل" suffix="" />
				<ArabicLexical word="رَئِيسُ" lemma="رَئِيس" pos="مصرفة منتظمة" prefix="" root="رأس" pattern="فَعِيل" suffix="" />
				<ArabicLexical word="اَلْهَيْئَةِ" lemma="هَيْئَة" pos="مصرفة منتظمة" prefix="ال" root="هيأ" pattern="فَعْل" suffix="ة" />
				<ArabicLexical word="اَلْمِصْرِيَّةِ" lemma="مِصْرِيّ" pos="مصرفة منتظمة" prefix="ال" root="مصر" pattern="فِعْل" suffix="يَّة" />
				<ArabicLexical word="اَلْعَامَّةِ" lemma="عَامّ" pos="مصرفة منتظمة" prefix="ال" root="عمم" pattern="فَالّ" suffix="ة" />
				<ArabicLexical word="لِلْكِتَابِ" lemma="كِتَاب" pos="مصرفة منتظمة" prefix="لِل" root="كتب" pattern="فِعَال" suffix="" />
				<ArabicLexical word="اَلْمُشْرِفَةِ" lemma="مُشْرِف" pos="مصرفة منتظمة" prefix="ال" root="شرف" pattern="مُفْعِل" suffix="ة" />
				<ArabicLexical word="عَلَى" lemma="عَلَى" pos="جامدة" prefix="" root="عَلَى" pattern="عَلَى" suffix="" />
				<ArabicLexical word="تَنْظِيمِ" lemma="تَنْظِيم" pos="مصرفة منتظمة" prefix="" root="نظم" pattern="تَفْعِيل" suffix="" />
				<ArabicLexical word="اَلْمَعْرِضِ" lemma="مَعْرِض" pos="مصرفة منتظمة" prefix="ال" root="عرض" pattern="مَفْعِل" suffix="" />
				<ArabicLexical word="أَنَّ" lemma="أَنَّ" pos="جامدة" prefix="" root="أَنَّ" pattern="أَنَّ" suffix="" />
				<ArabicLexical word="اَلْمَعْرِضَ" lemma="مَعْرِض" pos="مصرفة منتظمة" prefix="ال" root="عرض" pattern="مَفْعِل" suffix="" />
				<ArabicLexical word="هذَا" lemma="ذَا" pos="جامدة" prefix="" root="ذَا" pattern="هذَا" suffix="" />
				<ArabicLexical word="اَلْعَامَ" lemma="عَام" pos="مصرفة منتظمة" prefix="ال" root="عوم" pattern="فَعل" suffix="" />
				<ArabicLexical word="سَيَبْدُو" lemma="بَدَا" pos="مصرفة منتظمة" prefix="سَي" root="بدو" pattern="فْعُل" suffix="" />
				<ArabicLexical word="فِي" lemma="فِي" pos="جامدة" prefix="" root="فِي" pattern="فِي" suffix="" />
				<ArabicLexical word="ثَوْبٍ" lemma="ثَوْب" pos="مصرفة منتظمة" prefix="" root="ثوب" pattern="فَعْل" suffix="" />
				<ArabicLexical word="جَدِيدٍ" lemma="جَدِيد" pos="مصرفة منتظمة" prefix="" root="جدد" pattern="فَعِيل" suffix="" />
				<ArabicLexical word="بَعْدَمَا" lemma="بَعْدَ" pos="استثناء صرفي" prefix="" root="بعد" pattern="بَعْدَمَا" suffix="" />
				<ArabicLexical word="تَمَّ" lemma="تَمَّ" pos="مصرفة منتظمة" prefix="" root="تمم" pattern="فَلَّ" suffix="" />
				<ArabicLexical word="وَضْعُ" lemma="وَضْع" pos="مصرفة منتظمة" prefix="" root="وضع" pattern="فَعْل" suffix="" />
				<ArabicLexical word="خُطَّةٍ" lemma="خُطَّة" pos="مصرفة منتظمة" prefix="" root="خطط" pattern="فُلّ" suffix="ة" />
				<ArabicLexical word="شَامِلَةٍ" lemma="شَامِل" pos="مصرفة منتظمة" prefix="" root="شمل" pattern="فَاعِل" suffix="ة" />
				<ArabicLexical word="لِتَحْدِيثِهِ" lemma="تَحْدِيث" pos="مصرفة منتظمة" prefix="لِ" root="حدث" pattern="تَفْعِيل" suffix="ه" />
				<ArabicLexical word="تَمَّ" lemma="تَمَّ" pos="مصرفة منتظمة" prefix="" root="تمم" pattern="فَلَّ" suffix="" />
				<ArabicLexical word="بِالْفِعْلِ" lemma="فِعْل" pos="مصرفة منتظمة" prefix="بِال" root="فعل" pattern="فِعْل" suffix="" />
				<ArabicLexical word="تَنْفِيذُ" lemma="تَنْفِيذ" pos="مصرفة منتظمة" prefix="" root="نفذ" pattern="تَفْعِيل" suffix="" />
				<ArabicLexical word="جُزْءٍ" lemma="جُزْء" pos="مصرفة منتظمة" prefix="" root="جزأ" pattern="فُعْل" suffix="" />
				<ArabicLexical word="كَبِيرٍ" lemma="كَبِير" pos="مصرفة منتظمة" prefix="" root="كبر" pattern="فَعِيل" suffix="" />
				<ArabicLexical word="مِنْهَا" lemma="مِنْ" pos="جامدة" prefix="" root="مِنْ" pattern="مِنْ" suffix="هَا" />
				<ArabicLexical word="وَمِنْ" lemma="مِنْ" pos="جامدة" prefix="وَ" root="مِنْ" pattern="مِنْ" suffix="" />
				<ArabicLexical word="اَلْمُنْتَظَرِ" lemma="مُنْتَظَر" pos="مصرفة منتظمة" prefix="ال" root="نظر" pattern="مُفْتَعَل" suffix="" />
				<ArabicLexical word="أَنْ" lemma="أَنْ" pos="جامدة" prefix="" root="أَنْ" pattern="أَنْ" suffix="" />
				<ArabicLexical word="تَكْتَمِلَ" lemma="اكْتَمَلَ" pos="مصرفة منتظمة" prefix="ت" root="كمل" pattern="اِفْتَعَلَ" suffix="" />
				<ArabicLexical word="فِي" lemma="فِي" pos="جامدة" prefix="" root="فِي" pattern="فِي" suffix="" />
				<ArabicLexical word="عَامِ" lemma="عَام" pos="مصرفة منتظمة" prefix="" root="عوم" pattern="فَعل" suffix="" />
			</annotation>
		</sentence>
		<sentence id="05693">
			<text>وَسَيَتِمُّ تَنْظِيمُ وَتَنْسِيقُ صَالَاتِ اَلْعَرْضِ بِشَكْلٍ مُوَحَّدٍ لِإِعْطَائِهَا مَلَامِحَ جَمَالِيَّةً لَمْ تَكُنْ مَوْجُودَةً مِنْ قَبْلُ، بِالْإِضَافَةِ إِلَى تَكْثِيفِ اَلْخَرَائِطِ وَاللَّوْحَاتِ اَلْإِرْشَادِيَّةِ دَاخِلَ اَلْمَعْرِضِ.</text>
			<annotation>
				<ArabicLexical word="وَسَيَتِمُّ" lemma="تَمَّ" pos="مصرفة منتظمة" prefix="وَسَي" root="تمم" pattern="فِلّ" suffix="" />
				<ArabicLexical word="تَنْظِيمُ" lemma="تَنْظِيم" pos="مصرفة منتظمة" prefix="" root="نظم" pattern="تَفْعِيل" suffix="" />
				<ArabicLexical word="وَتَنْسِيقُ" lemma="تَنْسِيق" pos="مصرفة منتظمة" prefix="وَ" root="نسق" pattern="تَفْعِيل" suffix="" />
				<ArabicLexical word="صَالَاتِ" lemma="صَالَة" pos="غير عربية" prefix="" root="" pattern="" suffix="" />
				<ArabicLexical word="اَلْعَرْضِ" lemma="عَرْض" pos="مصرفة منتظمة" prefix="ال" root="عرض" pattern="فَعْل" suffix="" />
				<ArabicLexical word="بِشَكْلٍ" lemma="شَكْل" pos="مصرفة منتظمة" prefix="بِ" root="شكل" pattern="فَعْل" suffix="" />
				<ArabicLexical word="مُوَحَّدٍ" lemma="مُوَحَّد" pos="مصرفة منتظمة" prefix="" root="وحد" pattern="مُفَعَّل" suffix="" />
				<ArabicLexical word="لِإِعْطَائِهَا" lemma="إِعْطَاء" pos="مصرفة منتظمة" prefix="لِ" root="عطو" pattern="إِفْعَال" suffix="هَا" />
				<ArabicLexical word="مَلَامِحَ" lemma="لَمْحَة" pos="مصرفة منتظمة" prefix="" root="لمح" pattern="مَفَاعِل" suffix="" />
				<ArabicLexical word="جَمَالِيَّةً" lemma="جَمَالِيّ" pos="مصرفة منتظمة" prefix="" root="جمل" pattern="فَعَال" suffix="يَّة" />
				<ArabicLexical word="لَمْ" lemma="لَمْ" pos="جامدة" prefix="" root="لَمْ" pattern="لَمْ" suffix="" />
				<ArabicLexical word="تَكُنْ" lemma="كَانَ" pos="مصرفة منتظمة" prefix="ت" root="كون" pattern="فُعلْ" suffix="" />
				<ArabicLexical word="مَوْجُودَةً" lemma="مَوْجُود" pos="مصرفة منتظمة" prefix="" root="وجد" pattern="مَفْعُول" suffix="ة" />
				<ArabicLexical word="مِنْ" lemma="مِنْ" pos="جامدة" prefix="" root="مِنْ" pattern="مِنْ" suffix="" />
				<ArabicLexical word="قَبْلُ" lemma="قَبْل" pos="مصرفة منتظمة" prefix="" root="قبل" pattern="فَعْل" suffix="" />
				<ArabicLexical word="بِالْإِضَافَةِ" lemma="إِضَافَة" pos="مصرفة منتظمة" prefix="بِال" root="ضيف" pattern="إِفَعالَ" suffix="ة" />
				<ArabicLexical word="إِلَى" lemma="إِلَى" pos="جامدة" prefix="" root="إِلَى" pattern="إِلَى" suffix="" />
				<ArabicLexical word="تَكْثِيفِ" lemma="تَكْثِيف" pos="مصرفة منتظمة" prefix="" root="كثف" pattern="تَفْعِيل" suffix="" />
				<ArabicLexical word="اَلْخَرَائِطِ" lemma="خَرِيطَة" pos="مصرفة منتظمة" prefix="ال" root="خرط" pattern="فَعَائِل" suffix="" />
				<ArabicLexical word="وَاللَّوْحَاتِ" lemma="لَوْحَة" pos="مصرفة منتظمة" prefix="وَال" root="لوح" pattern="فَعْل" suffix="ات" />
				<ArabicLexical word="اَلْإِرْشَادِيَّةِ" lemma="إِرْشَادِيّ" pos="مصرفة منتظمة" prefix="ال" root="رشد" pattern="إِفْعَال" suffix="يَّة" />
				<ArabicLexical word="دَاخِلَ" lemma="دَاخِل" pos="مصرفة منتظمة" prefix="" root="دخل" pattern="فَاعِل" suffix="" />
				<ArabicLexical word="اَلْمَعْرِضِ" lemma="مَعْرِض" pos="مصرفة منتظمة" prefix="ال" root="عرض" pattern="مَفْعِل" suffix="" />
			</annotation>
		</sentence>
		<sentence id="05694">
			<text>وَقَالَتْ اَلْهَيْئَةُ اَلْمِصْرِيَّةُ اَلْعَامَّةُ لِلْكِتَابِ: إِنَّهُ تَمَّ إِعَادَةُ تَصْمِيمِ اَلْخِيَامِ بِشَكْلٍ أَكْثَرَ مَتَانَةً عَنْ اَلْأَعْوَامِ اَلسَّابِقَةِ لِمُوَاجَهَةِ اَلْأَحْوَالِ اَلْجَوِّيَّةِ اَلْمُتَقَلِّبَةِ اَلَّتِي تَحْدُثُ فِي مِثْلِ هذَا اَلْوَقْتِ مِنْ اَلْعَامِ فِي مِصْرَ مِنْ رِيَاحٍ وَأَمْطَارٍ.</text>
			<annotation>
				<ArabicLexical word="وَقَالَتْ" lemma="قَالَ" pos="مصرفة منتظمة" prefix="وَ" root="قول" pattern="فَعلَ" suffix="تْ" />
				<ArabicLexical word="اَلْهَيْئَةُ" lemma="هَيْئَة" pos="مصرفة منتظمة" prefix="ال" root="هيأ" pattern="فَعْل" suffix="ة" />
				<ArabicLexical word="اَلْمِصْرِيَّةُ" lemma="مِصْرِيّ" pos="مصرفة منتظمة" prefix="ال" root="مصر" pattern="فِعْل" suffix="يَّة" />
				<ArabicLexical word="اَلْعَامَّةُ" lemma="عَامّ" pos="مصرفة منتظمة" prefix="ال" root="عمم" pattern="فَالّ" suffix="ة" />
				<ArabicLexical word="لِلْكِتَابِ" lemma="كِتَاب" pos="مصرفة منتظمة" prefix="لِل" root="كتب" pattern="فِعَال" suffix="" />
				<ArabicLexical word="إِنَّهُ" lemma="أَنَّ" pos="جامدة" prefix="" root="إِنَّ" pattern="إِنَّ" suffix="ه" />
				<ArabicLexical word="تَمَّ" lemma="تَمَّ" pos="مصرفة منتظمة" prefix="" root="تمم" pattern="فَلَّ" suffix="" />
				<ArabicLexical word="إِعَادَةُ" lemma="إِعَادَة" pos="مصرفة منتظمة" prefix="" root="عود" pattern="إِفَعالَ" suffix="ة" />
				<ArabicLexical word="تَصْمِيمِ" lemma="تَصْمِيم" pos="مصرفة منتظمة" prefix="" root="صمم" pattern="تَفْعِيل" suffix="" />
				<ArabicLexical word="اَلْخِيَامِ" lemma="خَيْمَة" pos="مصرفة منتظمة" prefix="ال" root="خيم" pattern="فِعَال" suffix="" />
				<ArabicLexical word="بِشَكْلٍ" lemma="شَكْل" pos="مصرفة منتظمة" prefix="بِ" root="شكل" pattern="فَعْل" suffix="" />
				<ArabicLexical word="أَكْثَرَ" lemma="أَكْثَر" pos="مصرفة منتظمة" prefix="" root="كثر" pattern="أَفْعَل" suffix="" />
				<ArabicLexical word="مَتَانَةً" lemma="مَتَانَة" pos="مصرفة منتظمة" prefix="" root="متن" pattern="فَعَال" suffix="ة" />
				<ArabicLexical word="عَنْ" lemma="عَنْ" pos="جامدة" prefix="" root="عَنْ" pattern="عَنْ" suffix="" />
				<ArabicLexical word="اَلْأَعْوَامِ" lemma="عَام" pos="مصرفة منتظمة" prefix="ال" root="عوم" pattern="أَفْعَال" suffix="" />
				<ArabicLexical word="اَلسَّابِقَةِ" lemma="سَابِق" pos="مصرفة منتظمة" prefix="ال" root="سبق" pattern="فَاعِل" suffix="ة" />
				<ArabicLexical word="لِمُوَاجَهَةِ" lemma="مُوَاجَهَة" pos="مصرفة منتظمة" prefix="لِ" root="وجه" pattern="مُفَاعَل" suffix="ة" />
				<ArabicLexical word="اَلْأَحْوَالِ" lemma="حَال" pos="مصرفة منتظمة" prefix="ال" root="حول" pattern="أَفْعَال" suffix="" />
				<ArabicLexical word="اَلْجَوِّيَّةِ" lemma="جَوِّيّ" pos="استثناء صرفي" prefix="ال" root="جوي" pattern="جَوّ" suffix="يَّة" />
				<ArabicLexical word="اَلْمُتَقَلِّبَةِ" lemma="مُتَقَلِّب" pos="مصرفة منتظمة" prefix="ال" root="قلب" pattern="مُتَفَعِّل" suffix="ة" />
				<ArabicLexical word="اَلَّتِي" lemma="اَلَّذِي" pos="جامدة" prefix="ال" root="اَلَّذِي" pattern="لَتِي" suffix="" />
				<ArabicLexical word="تَحْدُثُ" lemma="حَدَثَ" pos="مصرفة منتظمة" prefix="ت" root="حدث" pattern="فْعُل" suffix="" />
				<ArabicLexical word="فِي" lemma="فِي" pos="جامدة" prefix="" root="فِي" pattern="فِي" suffix="" />
				<ArabicLexical word="مِثْلِ" lemma="مِثْل" pos="مصرفة منتظمة" prefix="" root="مثل" pattern="فِعْل" suffix="" />
				<ArabicLexical word="هذَا" lemma="ذَا" pos="جامدة" prefix="" root="ذَا" pattern="هذَا" suffix="" />
				<ArabicLexical word="اَلْوَقْتِ" lemma="وَقْت" pos="مصرفة منتظمة" prefix="ال" root="وقت" pattern="فَعْل" suffix="" />
				<ArabicLexical word="مِنْ" lemma="مِنْ" pos="جامدة" prefix="" root="مِنْ" pattern="مِنْ" suffix="" />
				<ArabicLexical word="اَلْعَامِ" lemma="عَام" pos="مصرفة منتظمة" prefix="ال" root="عوم" pattern="فَعل" suffix="" />
				<ArabicLexical word="فِي" lemma="فِي" pos="جامدة" prefix="" root="فِي" pattern="فِي" suffix="" />
				<ArabicLexical word="مِصْرَ" lemma="مِصْر" pos="مصرفة منتظمة" prefix="" root="مصر" pattern="فِعْل" suffix="" />
				<ArabicLexical word="مِنْ" lemma="مِنْ" pos="جامدة" prefix="" root="مِنْ" pattern="مِنْ" suffix="" />
				<ArabicLexical word="رِيَاحٍ" lemma="رِيح" pos="مصرفة منتظمة" prefix="" root="روح" pattern="فِعَال" suffix="" />
				<ArabicLexical word="وَأَمْطَارٍ" lemma="مَطَر" pos="مصرفة منتظمة" prefix="وَ" root="مطر" pattern="أَفْعَال" suffix="" />
			</annotation>
		</sentence>
		<sentence id="05695">
			<text>وَتَمَّتْ اَلِاسْتِعَانَةُ بِمُصَمِّمِ اَلْجَنَاحِ اَلْعَرَبِيِّ فِي مَعْرِضِ فِرَانْكِفُورْتْ اَلدُّوَلِيِّ لِلْكِتَابِ لِعَمَلِ تَصْمِيمِ مَعْرِضِ اَلْقَاهِرَةِ هذَا اَلْعَامَ، كَمَا سَيَتِمُّ طَبْعُ اَلتَّذَاكِرِ بِشَكْلٍ جَدِيدٍ يَحْتَوِي عَلَى خَرِيطَةٍ لِجَمِيعِ أَجْنِحَةِ اَلْمَعْرِضِ حَتَّى لَا يَتِيهَ اَلْجُمْهُورُ دَاخِلَ مِسَاحَتِهِ اَلشَّاسِعَةِ.</text>
			<annotation>
				<ArabicLexical word="وَتَمَّتْ" lemma="تَمَّ" pos="مصرفة منتظمة" prefix="وَ" root="تمم" pattern="فَلَّ" suffix="تْ" />
				<ArabicLexical word="اَلِاسْتِعَانَةُ" lemma="اسْتِعَانَة" pos="مصرفة منتظمة" prefix="ال" root="عون" pattern="اِسْتِفَعالَ" suffix="ة" />
				<ArabicLexical word="بِمُصَمِّمِ" lemma="مُصَمِّم" pos="مصرفة منتظمة" prefix="بِ" root="صمم" pattern="مُفَعِّل" suffix="" />
				<ArabicLexical word="اَلْجَنَاحِ" lemma="جَنَاح" pos="مصرفة منتظمة" prefix="ال" root="جنح" pattern="فَعَال" suffix="" />
				<ArabicLexical word="اَلْعَرَبِيِّ" lemma="عَرَبِيّ" pos="مصرفة منتظمة" prefix="ال" root="عرب" pattern="فَعَل" suffix="يّ" />
				<ArabicLexical word="فِي" lemma="فِي" pos="جامدة" prefix="" root="فِي" pattern="فِي" suffix="" />
				<ArabicLexical word="مَعْرِضِ" lemma="مَعْرِض" pos="مصرفة منتظمة" prefix="" root="عرض" pattern="مَفْعِل" suffix="" />
				<ArabicLexical word="فِرَانْكْفُورْتْ" lemma="فِرَانْكْفُورْت" pos="غير عربية" prefix="" root="" pattern="" suffix="" />
				<ArabicLexical word="اَلدُّوَلِيِّ" lemma="دُوَلِيّ" pos="مصرفة منتظمة" prefix="ال" root="دول" pattern="فُعَل" suffix="يّ" />
				<ArabicLexical word="لِلْكِتَابِ" lemma="كِتَاب" pos="مصرفة منتظمة" prefix="لِل" root="كتب" pattern="فِعَال" suffix="" />
				<ArabicLexical word="لِعَمَلِ" lemma="عَمَل" pos="مصرفة منتظمة" prefix="لِ" root="عمل" pattern="فَعَل" suffix="" />
				<ArabicLexical word="تَصْمِيمِ" lemma="تَصْمِيم" pos="مصرفة منتظمة" prefix="" root="صمم" pattern="تَفْعِيل" suffix="" />
				<ArabicLexical word="مَعْرِضِ" lemma="مَعْرِض" pos="مصرفة منتظمة" prefix="" root="عرض" pattern="مَفْعِل" suffix="" />
				<ArabicLexical word="اَلْقَاهِرَةِ" lemma="قَاهِرَة" pos="مصرفة منتظمة" prefix="ال" root="قهر" pattern="فَاعِل" suffix="ة" />
				<ArabicLexical word="هذَا" lemma="ذَا" pos="جامدة" prefix="" root="ذَا" pattern="هذَا" suffix="" />
				<ArabicLexical word="اَلْعَامَ" lemma="عَام" pos="مصرفة منتظمة" prefix="ال" root="عوم" pattern="فَعل" suffix="" />
				<ArabicLexical word="كَمَا" lemma="مَا" pos="جامدة" prefix="كَ" root="اَلَّذِي" pattern="مَا" suffix="" />
				<ArabicLexical word="سَيَتِمُّ" lemma="تَمَّ" pos="مصرفة منتظمة" prefix="سَي" root="تمم" pattern="فِلّ" suffix="" />
				<ArabicLexical word="طَبْعُ" lemma="طَبْع" pos="مصرفة منتظمة" prefix="" root="طبع" pattern="فَعْل" suffix="" />
				<ArabicLexical word="اَلتَّذَاكِرِ" lemma="تَذْكِرَة" pos="غير عربية" prefix="" root="" pattern="" suffix="" />
				<ArabicLexical word="بِشَكْلٍ" lemma="شَكْل" pos="مصرفة منتظمة" prefix="بِ" root="شكل" pattern="فَعْل" suffix="" />
				<ArabicLexical word="جَدِيدٍ" lemma="جَدِيد" pos="مصرفة منتظمة" prefix="" root="جدد" pattern="فَعِيل" suffix="" />
				<ArabicLexical word="يَحْتَوِي" lemma="احْتَوَى" pos="مصرفة منتظمة" prefix="ي" root="حوي" pattern="اِفْتَعِل" suffix="" />
				<ArabicLexical word="عَلَى" lemma="عَلَى" pos="جامدة" prefix="" root="عَلَى" pattern="عَلَى" suffix="" />
				<ArabicLexical word="خَرِيطَةٍ" lemma="خَرِيطَة" pos="مصرفة منتظمة" prefix="" root="خرط" pattern="فَعِيل" suffix="ة" />
				<ArabicLexical word="لِجَمِيعِ" lemma="جَمِيع" pos="مصرفة منتظمة" prefix="لِ" root="جمع" pattern="فَعِيل" suffix="" />
				<ArabicLexical word="أَجْنِحَةِ" lemma="جَنَاح" pos="مصرفة منتظمة" prefix="" root="جنح" pattern="أَفْعِلَ" suffix="ة" />
				<ArabicLexical word="اَلْمَعْرِضِ" lemma="مَعْرِض" pos="مصرفة منتظمة" prefix="ال" root="عرض" pattern="مَفْعِل" suffix="" />
				<ArabicLexical word="حَتَّى" lemma="حَتَّى" pos="جامدة" prefix="" root="حَتَّى" pattern="حَتَّى" suffix="" />
				<ArabicLexical word="لَا" lemma="لَا" pos="جامدة" prefix="" root="لَا" pattern="لَا" suffix="" />
				<ArabicLexical word="يَتِيهَ" lemma="تَاهَ" pos="مصرفة منتظمة" prefix="ي" root="تيه" pattern="فِعل" suffix="" />
				<ArabicLexical word="اَلْجُمْهُورُ" lemma="جُمْهُور" pos="مصرفة منتظمة" prefix="ال" root="جمهر" pattern="فُعْلُول" suffix="" />
				<ArabicLexical word="دَاخِلَ" lemma="دَاخِل" pos="مصرفة منتظمة" prefix="" root="دخل" pattern="فَاعِل" suffix="" />
				<ArabicLexical word="مِسَاحَتِهِ" lemma="مِسَاحَة" pos="مصرفة منتظمة" prefix="" root="مسح" pattern="فِعَال" suffix="ته" />
				<ArabicLexical word="اَلشَّاسِعَةِ" lemma="شَاسِع" pos="مصرفة منتظمة" prefix="ال" root="شسع" pattern="فَاعِل" suffix="ة" />
			</annotation>
		</sentence>
		<sentence id="05696">
			<text>كَمَا أُقِيمَ مَرْكَزٌ حَدِيثٌ لِلْمَعْلُومَاتِ بِالْمَعْرِضِ لِتَيْسِيرِ حُصُولِ اَلْجُمْهُورِ عَلَى اَلْكُتُبِ فِي أَسْرَعِ وَقْتٍ قِيَاسًا بِمَا يَجْرِي فِي اَلْمَعَارِضِ اَلدُّوَلِيَّةِ اَلْكُبْرَى.</text>
			<annotation>
				<ArabicLexical word="كَمَا" lemma="مَا" pos="جامدة" prefix="كَ" root="اَلَّذِي" pattern="مَا" suffix="" />
				<ArabicLexical word="أُقِيمَ" lemma="أَقَامَ" pos="مصرفة منتظمة" prefix="" root="قوم" pattern="أُفِعلَ" suffix="" />
				<ArabicLexical word="مَرْكَزٌ" lemma="مَرْكَز" pos="مصرفة منتظمة" prefix="" root="ركز" pattern="مَفْعَل" suffix="" />
				<ArabicLexical word="حَدِيثٌ" lemma="حَدِيث" pos="مصرفة منتظمة" prefix="" root="حدث" pattern="فَعِيل" suffix="" />
				<ArabicLexical word="لِلْمَعْلُومَاتِ" lemma="مَعْلُومَة" pos="مصرفة منتظمة" prefix="لِل" root="علم" pattern="مَفْعُول" suffix="ات" />
				<ArabicLexical word="بِالْمَعْرِضِ" lemma="مَعْرِض" pos="مصرفة منتظمة" prefix="بِال" root="عرض" pattern="مَفْعِل" suffix="" />
				<ArabicLexical word="لِتَيْسِيرِ" lemma="تَيْسِير" pos="مصرفة منتظمة" prefix="لِ" root="يسر" pattern="تَفْعِيل" suffix="" />
				<ArabicLexical word="حُصُولِ" lemma="حُصُول" pos="مصرفة منتظمة" prefix="" root="حصل" pattern="فُعُول" suffix="" />
				<ArabicLexical word="اَلْجُمْهُورِ" lemma="جُمْهُور" pos="مصرفة منتظمة" prefix="ال" root="جمهر" pattern="فُعْلُول" suffix="" />
				<ArabicLexical word="عَلَى" lemma="عَلَى" pos="جامدة" prefix="" root="عَلَى" pattern="عَلَى" suffix="" />
				<ArabicLexical word="اَلْكُتُبِ" lemma="كِتَاب" pos="مصرفة منتظمة" prefix="ال" root="كتب" pattern="فُعُل" suffix="" />
				<ArabicLexical word="فِي" lemma="فِي" pos="جامدة" prefix="" root="فِي" pattern="فِي" suffix="" />
				<ArabicLexical word="أَسْرَعِ" lemma="أَسْرَع" pos="مصرفة منتظمة" prefix="" root="سرع" pattern="أَفْعَل" suffix="" />
				<ArabicLexical word="وَقْتٍ" lemma="وَقْت" pos="مصرفة منتظمة" prefix="" root="وقت" pattern="فَعْل" suffix="" />
				<ArabicLexical word="قِيَاسًا" lemma="قِيَاس" pos="مصرفة منتظمة" prefix="" root="قيس" pattern="فِعَال" suffix="" />
				<ArabicLexical word="بِمَا" lemma="مَا" pos="جامدة" prefix="بِ" root="اَلَّذِي" pattern="مَا" suffix="" />
				<ArabicLexical word="يَجْرِي" lemma="جَرَى" pos="مصرفة منتظمة" prefix="ي" root="جري" pattern="فْعِل" suffix="" />
				<ArabicLexical word="فِي" lemma="فِي" pos="جامدة" prefix="" root="فِي" pattern="فِي" suffix="" />
				<ArabicLexical word="اَلْمَعَارِضِ" lemma="مَعْرَض" pos="مصرفة منتظمة" prefix="ال" root="عرض" pattern="مَفَاعِل" suffix="" />
				<ArabicLexical word="اَلدُّوَلِيَّةِ" lemma="دُوَلِيّ" pos="مصرفة منتظمة" prefix="ال" root="دول" pattern="فُعَل" suffix="يَّة" />
				<ArabicLexical word="اَلْكُبْرَى" lemma="كُبْرَى" pos="مصرفة منتظمة" prefix="ال" root="كبر" pattern="فُعْلَى" suffix="" />
			</annotation>
		</sentence>
		<sentence id="05697">
			<text>وَيُعَدُّ مَعْرِضُ اَلْقَاهِرَةِ اَلدُّوَلِيُّ لِلْكِتَابِ اَلَّذِي أُقِيمَ لِأَوَّلِ مَرَّةٍ فِي عَامِ 1969 ثَانِيَ اَلْمَعَارِضِ اَلدُّوَلِيَّةِ بَعْدَ مَعْرِضِ فِرَانْكِفُورْتْ اَلدُّوَلِيِّ لِلْكِتَابِ، مِنْ حَيْثُ حَجْمُ اَلْكُتُبِ اَلْمَعْرُوضَةِ بِهِ، وَعَدَدُ دُورِ اَلنَّشْرِ وَالدُّوَلِ اَلْمُشَارِكَةِ فِيهِ ، وَعَدَدُ اَلزَّائِرِينَ. وَيُشَارِكُ فِي اَلْمَعْرِضِ فِي دَوْرَتِهِ هذَا اَلْعَامَ 25 دَوْلَةً مِنْهَا 16 دَوْلَةً عَرَبِيَّةً.</text>
			<annotation>
				<ArabicLexical word="وَيُعَدُّ" lemma="عَدَّ" pos="مصرفة منتظمة" prefix="وَيُ" root="عدد" pattern="فَلّ" suffix="" />
				<ArabicLexical word="مَعْرِضُ" lemma="مَعْرِض" pos="مصرفة منتظمة" prefix="" root="عرض" pattern="مَفْعِل" suffix="" />
				<ArabicLexical word="اَلْقَاهِرَةِ" lemma="قَاهِرَة" pos="مصرفة منتظمة" prefix="ال" root="قهر" pattern="فَاعِل" suffix="ة" />
				<ArabicLexical word="اَلدُّوَلِيُّ" lemma="دُوَلِيّ" pos="مصرفة منتظمة" prefix="ال" root="دول" pattern="فُعَل" suffix="يّ" />
				<ArabicLexical word="لِلْكِتَابِ" lemma="كِتَاب" pos="مصرفة منتظمة" prefix="لِل" root="كتب" pattern="فِعَال" suffix="" />
				<ArabicLexical word="اَلَّذِي" lemma="اَلَّذِي" pos="جامدة" prefix="ال" root="اَلَّذِي" pattern="لَذِي" suffix="" />
				<ArabicLexical word="أُقِيمَ" lemma="أَقَامَ" pos="مصرفة منتظمة" prefix="" root="قوم" pattern="أُفِعلَ" suffix="" />
				<ArabicLexical word="لِأَوَّلِ" lemma="أَوَّل" pos="استثناء صرفي" prefix="لِ" root="أول" pattern="أَوَّل" suffix="" />
				<ArabicLexical word="مَرَّةٍ" lemma="مَرَّة" pos="مصرفة منتظمة" prefix="" root="مرر" pattern="فَلّ" suffix="ة" />
				<ArabicLexical word="فِي" lemma="فِي" pos="جامدة" prefix="" root="فِي" pattern="فِي" suffix="" />
				<ArabicLexical word="عَامِ" lemma="عَام" pos="مصرفة منتظمة" prefix="" root="عوم" pattern="فَعل" suffix="" />
				<ArabicLexical word="ثَانِيَ" lemma="ثَانِي" pos="مصرفة منتظمة" prefix="" root="ثني" pattern="فَاعِل" suffix="" />
				<ArabicLexical word="اَلْمَعَارِضِ" lemma="مَعْرَض" pos="مصرفة منتظمة" prefix="ال" root="عرض" pattern="مَفَاعِل" suffix="" />
				<ArabicLexical word="اَلدُّوَلِيَّةِ" lemma="دُوَلِيّ" pos="مصرفة منتظمة" prefix="ال" root="دول" pattern="فُعَل" suffix="يَّة" />
				<ArabicLexical word="بَعْدَ" lemma="بَعْدَ" pos="مصرفة منتظمة" prefix="" root="بعد" pattern="فَعْل" suffix="" />
				<ArabicLexical word="مَعْرِضِ" lemma="مَعْرِض" pos="مصرفة منتظمة" prefix="" root="عرض" pattern="مَفْعِل" suffix="" />
				<ArabicLexical word="فِرَانْكْفُورْتْ" lemma="فِرَانْكْفُورْت" pos="غير عربية" prefix="" root="" pattern="" suffix="" />
				<ArabicLexical word="اَلدُّوَلِيِّ" lemma="دُوَلِيّ" pos="مصرفة منتظمة" prefix="ال" root="دول" pattern="فُعَل" suffix="يّ" />
				<ArabicLexical word="لِلْكِتَابِ" lemma="كِتَاب" pos="مصرفة منتظمة" prefix="لِل" root="كتب" pattern="فِعَال" suffix="" />
				<ArabicLexical word="مِنْ" lemma="مِنْ" pos="جامدة" prefix="" root="مِنْ" pattern="مِنْ" suffix="" />
				<ArabicLexical word="حَيْثُ" lemma="حَيْثُ" pos="جامدة" prefix="" root="حَيْثُ" pattern="حَيْثُ" suffix="" />
				<ArabicLexical word="حَجْمُ" lemma="حَجْم" pos="مصرفة منتظمة" prefix="" root="حجم" pattern="فَعْل" suffix="" />
				<ArabicLexical word="اَلْكُتُبِ" lemma="كِتَاب" pos="مصرفة منتظمة" prefix="ال" root="كتب" pattern="فُعُل" suffix="" />
				<ArabicLexical word="اَلْمَعْرُوضَةِ" lemma="مَعْرُوض" pos="مصرفة منتظمة" prefix="ال" root="عرض" pattern="مَفْعُول" suffix="ة" />
				<ArabicLexical word="بِهِ" lemma="بِي" pos="جامدة" prefix="" root="بِي" pattern="بِهِ" suffix="" />
				<ArabicLexical word="وَعَدَدُ" lemma="عَدَد" pos="مصرفة منتظمة" prefix="وَ" root="عدد" pattern="فَعَل" suffix="" />
				<ArabicLexical word="دُورِ" lemma="دَار" pos="مصرفة منتظمة" prefix="" root="دور" pattern="فُعل" suffix="" />
				<ArabicLexical word="اَلنَّشْرِ" lemma="نَشْر" pos="مصرفة منتظمة" prefix="ال" root="نشر" pattern="فَعْل" suffix="" />
				<ArabicLexical word="وَالدُّوَلِ" lemma="دَوْلَة" pos="مصرفة منتظمة" prefix="وَال" root="دول" pattern="فُعَل" suffix="" />
				<ArabicLexical word="اَلْمُشَارِكَةِ" lemma="مُشَارِك" pos="مصرفة منتظمة" prefix="ال" root="شرك" pattern="مُفَاعِل" suffix="ة" />
				<ArabicLexical word="فِيهِ" lemma="فِي" pos="جامدة" prefix="" root="فِي" pattern="فِي" suffix="ه" />
				<ArabicLexical word="وَعَدَدُ" lemma="عَدَد" pos="مصرفة منتظمة" prefix="وَ" root="عدد" pattern="فَعَل" suffix="" />
				<ArabicLexical word="اَلزَّائِرِينَ" lemma="زَائِر" pos="مصرفة منتظمة" prefix="ال" root="زور" pattern="فَاعِل" suffix="ينَ" />
				<ArabicLexical word="وَيُشَارِكُ" lemma="شَارَكَ" pos="مصرفة منتظمة" prefix="وَي" root="شرك" pattern="فَاعَلَ" suffix="" />
				<ArabicLexical word="فِي" lemma="فِي" pos="جامدة" prefix="" root="فِي" pattern="فِي" suffix="" />
				<ArabicLexical word="اَلْمَعْرِضِ" lemma="مَعْرِض" pos="مصرفة منتظمة" prefix="ال" root="عرض" pattern="مَفْعِل" suffix="" />
				<ArabicLexical word="فِي" lemma="فِي" pos="جامدة" prefix="" root="فِي" pattern="فِي" suffix="" />
				<ArabicLexical word="دَوْرَتِهِ" lemma="دَوْرَة" pos="مصرفة منتظمة" prefix="" root="دور" pattern="فَعْل" suffix="ته" />
				<ArabicLexical word="هذَا" lemma="ذَا" pos="جامدة" prefix="" root="ذَا" pattern="هذَا" suffix="" />
				<ArabicLexical word="اَلْعَامَ" lemma="عَام" pos="مصرفة منتظمة" prefix="ال" root="عوم" pattern="فَعل" suffix="" />
				<ArabicLexical word="دَوْلَةً" lemma="دَوْلَة" pos="مصرفة منتظمة" prefix="" root="دول" pattern="فَعْل" suffix="ة" />
				<ArabicLexical word="مِنْهَا" lemma="مِنْ" pos="جامدة" prefix="" root="مِنْ" pattern="مِنْ" suffix="هَا" />
				<ArabicLexical word="دَوْلَةً" lemma="دَوْلَة" pos="مصرفة منتظمة" prefix="" root="دول" pattern="فَعْل" suffix="ة" />
				<ArabicLexical word="عَرَبِيَّةً" lemma="عَرَبِيّ" pos="مصرفة منتظمة" prefix="" root="عرب" pattern="فَعَل" suffix="يَّة" />
			</annotation>
		</sentence>
		<sentence id="05698">
			<text>وَقَالَ عَبْدُ اَلْمَجِيدِ: إِنَّ اَلدَّوْرَةَ ال 37 لِلْمَعْرِضِ سَتَشْهَدُ بِدَايَةَ تَقْلِيدٍ جَدِيدٍ يَتَمَثَّلُ فِي اِسْتِضَافَةِ إِحْدَى اَلدُّوَلِ كَضَيْفِ شَرَفٍ، مِنْ اَلْمُنْتَظَرِ تِكْرَارُهُ فِي اَلسَّنَوَاتِ اَلْمُقْبِلَةِ، وَسَتَكُونُ أَلْمَانْيَا ضَيْفَ شَرَفِ اَلدَّوْرَةِ اَلْحَالِيَّةِ.</text>
			<annotation>
				<ArabicLexical word="وَقَالَ" lemma="قَالَ" pos="مصرفة منتظمة" prefix="وَ" root="قول" pattern="فَعلَ" suffix="" />
				<ArabicLexical word="عَبْدُ" lemma="عَبْد" pos="مصرفة منتظمة" prefix="" root="عبد" pattern="فَعْل" suffix="" />
				<ArabicLexical word="اَلْمَجِيدِ" lemma="مَجِيد" pos="مصرفة منتظمة" prefix="ال" root="مجد" pattern="فَعِيل" suffix="" />
				<ArabicLexical word="إِنَّ" lemma="أَنَّ" pos="جامدة" prefix="" root="إِنَّ" pattern="إِنَّ" suffix="" />
				<ArabicLexical word="اَلدَّوْرَةَ" lemma="دَوْرَة" pos="مصرفة منتظمة" prefix="ال" root="دور" pattern="فَعْل" suffix="ة" />
				<ArabicLexical word="ال" lemma="+" pos="غير عربية" prefix="" root="" pattern="" suffix="" />
				<ArabicLexical word="لِلْمَعْرِضِ" lemma="مَعْرِض" pos="مصرفة منتظمة" prefix="لِل" root="عرض" pattern="مَفْعِل" suffix="" />
				<ArabicLexical word="سَتَشْهَدُ" lemma="شَهِدَ" pos="مصرفة منتظمة" prefix="سَت" root="شهد" pattern="فْعَل" suffix="" />
				<ArabicLexical word="بِدَايَةَ" lemma="بِدَايَة" pos="استثناء صرفي" prefix="" root="بدأ" pattern="بِدَايَ" suffix="ة" />
				<ArabicLexical word="تَقْلِيدٍ" lemma="تَقْلِيد" pos="مصرفة منتظمة" prefix="" root="قلد" pattern="تَفْعِيل" suffix="" />
				<ArabicLexical word="جَدِيدٍ" lemma="جَدِيد" pos="مصرفة منتظمة" prefix="" root="جدد" pattern="فَعِيل" suffix="" />
				<ArabicLexical word="يَتَمَثَّلُ" lemma="تَمَثَّلَ" pos="مصرفة منتظمة" prefix="ي" root="مثل" pattern="تَفَعَّلَ" suffix="" />
				<ArabicLexical word="فِي" lemma="فِي" pos="جامدة" prefix="" root="فِي" pattern="فِي" suffix="" />
				<ArabicLexical word="اِسْتِضَافَةِ" lemma="اسْتِضَافَة" pos="مصرفة منتظمة" prefix="" root="ضيف" pattern="اِسْتِفَعالَ" suffix="ة" />
				<ArabicLexical word="إِحْدَى" lemma="أَحَد" pos="استثناء صرفي" prefix="" root="أحد" pattern="إِحْدَى" suffix="" />
				<ArabicLexical word="اَلدُّوَلِ" lemma="دَوْلَة" pos="مصرفة منتظمة" prefix="ال" root="دول" pattern="فُعَل" suffix="" />
				<ArabicLexical word="كَضَيْفِ" lemma="ضَيْف" pos="مصرفة منتظمة" prefix="كَ" root="ضيف" pattern="فَعْل" suffix="" />
				<ArabicLexical word="شَرَفٍ" lemma="شَرَف" pos="مصرفة منتظمة" prefix="" root="شرف" pattern="فَعَل" suffix="" />
				<ArabicLexical word="مِنْ" lemma="مِنْ" pos="جامدة" prefix="" root="مِنْ" pattern="مِنْ" suffix="" />
				<ArabicLexical word="اَلْمُنْتَظَرِ" lemma="مُنْتَظَر" pos="مصرفة منتظمة" prefix="ال" root="نظر" pattern="مُفْتَعَل" suffix="" />
				<ArabicLexical word="تِكْرَارُهُ" lemma="تِكْرَار" pos="مصرفة منتظمة" prefix="" root="كرر" pattern="تِفْعَال" suffix="ه" />
				<ArabicLexical word="فِي" lemma="فِي" pos="جامدة" prefix="" root="فِي" pattern="فِي" suffix="" />
				<ArabicLexical word="اَلسَّنَوَاتِ" lemma="سَنَة" pos="استثناء صرفي" prefix="ال" root="سنه" pattern="سَنَوَ" suffix="ات" />
				<ArabicLexical word="اَلْمُقْبِلَةِ" lemma="مُقْبِل" pos="مصرفة منتظمة" prefix="ال" root="قبل" pattern="مُفْعِل" suffix="ة" />
				<ArabicLexical word="وَسَتَكُونُ" lemma="كَانَ" pos="مصرفة منتظمة" prefix="وَسَت" root="كون" pattern="فُعل" suffix="" />
				<ArabicLexical word="أَلْمَانْيَا" lemma="أَلْمَانْيَا" pos="غير عربية" prefix="" root="" pattern="" suffix="" />
				<ArabicLexical word="ضَيْفَ" lemma="ضَيْف" pos="مصرفة منتظمة" prefix="" root="ضيف" pattern="فَعْل" suffix="" />
				<ArabicLexical word="شَرَفِ" lemma="شَرَف" pos="مصرفة منتظمة" prefix="" root="شرف" pattern="فَعَل" suffix="" />
				<ArabicLexical word="اَلدَّوْرَةِ" lemma="دَوْرَة" pos="مصرفة منتظمة" prefix="ال" root="دور" pattern="فَعْل" suffix="ة" />
				<ArabicLexical word="اَلْحَالِيَّةِ" lemma="حَالِيّ" pos="مصرفة منتظمة" prefix="ال" root="حول" pattern="فَعل" suffix="يَّة" />
			</annotation>
		</sentence>
		<sentence id="05699">
			<text>وَسَيَشْهَدُ اَلْمَعْرِضُ عَلَى هَامِشِ فَعَالِيَاتِهِ بَعْضَ اَلْأَحْدَاثِ اَلثَّقَافِيَّةِ مِنْ بَيْنِهَا تَقْدِيمُ أَعْمَالٍ شِعْرِيَّةٍ اِسْتِعْرَاضِيَّةٍ لِأَكْثَرَ مِنْ 12 شَاعِرًا مِنْ أَشْهَرِ اَلشُّعَرَاءِ اَلْعَرَبِ مِنْ أَمْثَالِ مَحْمُودِ سَامِي اَلْبَارُودِيِّ وَأَحْمَدَ شَوْقِيٍّ وَمَحْمُودِ دَرْوِيشٍ، تُرَكِّزُ عَلَى أَعْمَالِهِمْ اَلَّتِي تَنَاوَلَتْ اَلْقَضَايَا اَلْعَرَبِيَّةَ.</text>
			<annotation>
				<ArabicLexical word="وَسَيَشْهَدُ" lemma="شَهِدَ" pos="مصرفة منتظمة" prefix="وَسَي" root="شهد" pattern="فْعَل" suffix="" />
				<ArabicLexical word="اَلْمَعْرِضُ" lemma="مَعْرِض" pos="مصرفة منتظمة" prefix="ال" root="عرض" pattern="مَفْعِل" suffix="" />
				<ArabicLexical word="عَلَى" lemma="عَلَى" pos="جامدة" prefix="" root="عَلَى" pattern="عَلَى" suffix="" />
				<ArabicLexical word="هَامِشِ" lemma="هَامِش" pos="مصرفة منتظمة" prefix="" root="همش" pattern="فَاعِل" suffix="" />
				<ArabicLexical word="فَعَالِيَاتِهِ" lemma="عَالِيَة" pos="مصرفة منتظمة" prefix="" root="فعل" pattern="فَعَالِيَ" suffix="اته" />
				<ArabicLexical word="بَعْضَ" lemma="بَعْض" pos="مصرفة منتظمة" prefix="" root="بعض" pattern="فَعْل" suffix="" />
				<ArabicLexical word="اَلْأَحْدَاثِ" lemma="حَدَث" pos="مصرفة منتظمة" prefix="ال" root="حدث" pattern="أَفْعَال" suffix="" />
				<ArabicLexical word="اَلثَّقَافِيَّةِ" lemma="ثَقَافِيّ" pos="مصرفة منتظمة" prefix="ال" root="ثقف" pattern="فَعَال" suffix="يَّة" />
				<ArabicLexical word="مِنْ" lemma="مِنْ" pos="جامدة" prefix="" root="مِنْ" pattern="مِنْ" suffix="" />
				<ArabicLexical word="بَيْنِهَا" lemma="بَيْن" pos="مصرفة منتظمة" prefix="" root="بين" pattern="فَعْل" suffix="هَا" />
				<ArabicLexical word="تَقْدِيمُ" lemma="تَقْدِيم" pos="مصرفة منتظمة" prefix="" root="قدم" pattern="تَفْعِيل" suffix="" />
				<ArabicLexical word="أَعْمَالٍ" lemma="عَمَل" pos="مصرفة منتظمة" prefix="" root="عمل" pattern="أَفْعَال" suffix="" />
				<ArabicLexical word="شِعْرِيَّةٍ" lemma="شِعْرِيّ" pos="مصرفة منتظمة" prefix="" root="شعر" pattern="فِعْل" suffix="يَّة" />
				<ArabicLexical word="اِسْتِعْرَاضِيَّةٍ" lemma="اِسْتِعْرَاضِيّ" pos="مصرفة منتظمة" prefix="" root="عرض" pattern="اِسْتِفْعَال" suffix="يَّة" />
				<ArabicLexical word="لِأَكْثَرَ" lemma="أَكْثَر" pos="مصرفة منتظمة" prefix="لِ" root="كثر" pattern="أَفْعَل" suffix="" />
				<ArabicLexical word="مِنْ" lemma="مِنْ" pos="جامدة" prefix="" root="مِنْ" pattern="مِنْ" suffix="" />
				<ArabicLexical word="شَاعِرًا" lemma="شَاعِر" pos="مصرفة منتظمة" prefix="" root="شعر" pattern="فَاعِل" suffix="" />
				<ArabicLexical word="مِنْ" lemma="مِنْ" pos="جامدة" prefix="" root="مِنْ" pattern="مِنْ" suffix="" />
				<ArabicLexical word="أَشْهَرِ" lemma="أَشْهَر" pos="مصرفة منتظمة" prefix="" root="شهر" pattern="أَفْعَل" suffix="" />
				<ArabicLexical word="اَلشُّعَرَاءِ" lemma="شَاعِر" pos="مصرفة منتظمة" prefix="ال" root="شعر" pattern="فُعَلَاء" suffix="" />
				<ArabicLexical word="اَلْعَرَبِ" lemma="عَرَب" pos="مصرفة منتظمة" prefix="ال" root="عرب" pattern="فَعَل" suffix="" />
				<ArabicLexical word="مِنْ" lemma="مِنْ" pos="جامدة" prefix="" root="مِنْ" pattern="مِنْ" suffix="" />
				<ArabicLexical word="أَمْثَالِ" lemma="مَثَل" pos="مصرفة منتظمة" prefix="" root="مثل" pattern="أَفْعَال" suffix="" />
				<ArabicLexical word="مَحْمُودِ" lemma="مَحْمُود" pos="مصرفة منتظمة" prefix="" root="حمد" pattern="مَفْعُول" suffix="" />
				<ArabicLexical word="سَامِي" lemma="سَامِي" pos="مصرفة منتظمة" prefix="" root="سمو" pattern="فَاعِل" suffix="" />
				<ArabicLexical word="اَلْبَارُودِيِّ" lemma="بَارُودِيّ" pos="مصرفة منتظمة" prefix="ال" root="برد" pattern="فَاعُول" suffix="يّ" />
				<ArabicLexical word="وَأَحْمَدَ" lemma="أَحْمَد" pos="مصرفة منتظمة" prefix="وَ" root="حمد" pattern="أَفْعَل" suffix="" />
				<ArabicLexical word="شَوْقِيٍّ" lemma="شَوْقِيّ" pos="مصرفة منتظمة" prefix="" root="شوق" pattern="فَعْل" suffix="يّ" />
				<ArabicLexical word="وَمَحْمُودِ" lemma="مَحْمُود" pos="مصرفة منتظمة" prefix="وَ" root="حمد" pattern="مَفْعُول" suffix="" />
				<ArabicLexical word="دَرْوِيشٍ" lemma="دَرْوِيش" pos="غير عربية" prefix="" root="" pattern="" suffix="" />
				<ArabicLexical word="تُرَكِّزُ" lemma="رَكَّزَ" pos="مصرفة منتظمة" prefix="ت" root="ركز" pattern="فَعَّلَ" suffix="" />
				<ArabicLexical word="عَلَى" lemma="عَلَى" pos="جامدة" prefix="" root="عَلَى" pattern="عَلَى" suffix="" />
				<ArabicLexical word="أَعْمَالِهِمْ" lemma="عَمَل" pos="مصرفة منتظمة" prefix="" root="عمل" pattern="أَفْعَال" suffix="همْ" />
				<ArabicLexical word="اَلَّتِي" lemma="اَلَّذِي" pos="جامدة" prefix="ال" root="اَلَّذِي" pattern="لَتِي" suffix="" />
				<ArabicLexical word="تَنَاوَلَتْ" lemma="تَنَاوَلَ" pos="مصرفة منتظمة" prefix="" root="نول" pattern="تَفَاعَلَ" suffix="تْ" />
				<ArabicLexical word="اَلْقَضَايَا" lemma="قَضِيَّة" pos="مصرفة منتظمة" prefix="ال" root="قضي" pattern="فَعَالَا" suffix="" />
				<ArabicLexical word="اَلْعَرَبِيَّةَ" lemma="عَرَبِيّ" pos="مصرفة منتظمة" prefix="ال" root="عرب" pattern="فَعَل" suffix="يَّة" />
			</annotation>
		</sentence>
		<sentence id="05700">
			<text>وَمِنْ اَلْمُقَرَّرِ أَيْضًا أَنْ يَشْهَدَ اَلْمَعْرِضُ سِلْسِلَةَ نَدَوَاتٍ خَاصَّةٍ تَحْتَ عُنْوَانِ آفَاقُ اَلنَّهْضَةِ وَالْإِصْلَاحِ فِي اَلْعَالَمِ اَلْعَرَبِيِّ، يُشَارِكُ فِيهَا سِيَاسِيُّونَ وَمُفَكِّرُونَ مِنْ مُعْظَمِ اَلدُّوَلِ اَلْعَرَبِيَّةِ.</text>
			<annotation>
				<ArabicLexical word="وَمِنْ" lemma="مِنْ" pos="جامدة" prefix="وَ" root="مِنْ" pattern="مِنْ" suffix="" />
				<ArabicLexical word="اَلْمُقَرَّرِ" lemma="مُقَرَّر" pos="مصرفة منتظمة" prefix="ال" root="قرر" pattern="مُفَعَّل" suffix="" />
				<ArabicLexical word="أَيْضًا" lemma="أَيْض" pos="مصرفة منتظمة" prefix="" root="أيض" pattern="فَعْل" suffix="" />
				<ArabicLexical word="أَنْ" lemma="أَنْ" pos="جامدة" prefix="" root="أَنْ" pattern="أَنْ" suffix="" />
				<ArabicLexical word="يَشْهَدَ" lemma="شَهِدَ" pos="مصرفة منتظمة" prefix="ي" root="شهد" pattern="فْعَل" suffix="" />
				<ArabicLexical word="اَلْمَعْرِضُ" lemma="مَعْرِض" pos="مصرفة منتظمة" prefix="ال" root="عرض" pattern="مَفْعِل" suffix="" />
				<ArabicLexical word="سِلْسِلَةَ" lemma="سِلْسِلَة" pos="مصرفة منتظمة" prefix="" root="سلسل" pattern="فِعْلِل" suffix="ة" />
				<ArabicLexical word="نَدَوَاتٍ" lemma="نَدْوَة" pos="مصرفة منتظمة" prefix="" root="ندو" pattern="فَعَل" suffix="ات" />
				<ArabicLexical word="خَاصَّةٍ" lemma="خَاصّ" pos="مصرفة منتظمة" prefix="" root="خصص" pattern="فَالّ" suffix="ة" />
				<ArabicLexical word="تَحْتَ" lemma="تَحْتَ" pos="جامدة" prefix="" root="تَحْتَ" pattern="تَحْتَ" suffix="" />
				<ArabicLexical word="عُنْوَانِ" lemma="عُنْوَان" pos="مصرفة منتظمة" prefix="" root="عنون" pattern="فُعْلَال" suffix="" />
				<ArabicLexical word="آفَاقُ" lemma="أُفُق" pos="مصرفة منتظمة" prefix="" root="أفق" pattern="أَفعَال" suffix="" />
				<ArabicLexical word="اَلنَّهْضَةِ" lemma="نَهْضَة" pos="مصرفة منتظمة" prefix="ال" root="نهض" pattern="فَعْل" suffix="ة" />
				<ArabicLexical word="وَالْإِصْلَاحِ" lemma="إِصْلَاح" pos="مصرفة منتظمة" prefix="وَال" root="صلح" pattern="إِفْعَال" suffix="" />
				<ArabicLexical word="فِي" lemma="فِي" pos="جامدة" prefix="" root="فِي" pattern="فِي" suffix="" />
				<ArabicLexical word="اَلْعَالَمِ" lemma="عَالَم" pos="استثناء صرفي" prefix="ال" root="علم" pattern="عَالَم" suffix="" />
				<ArabicLexical word="اَلْعَرَبِيِّ" lemma="عَرَبِيّ" pos="مصرفة منتظمة" prefix="ال" root="عرب" pattern="فَعَل" suffix="يّ" />
				<ArabicLexical word="يُشَارِكُ" lemma="شَارَكَ" pos="مصرفة منتظمة" prefix="ي" root="شرك" pattern="فَاعَلَ" suffix="" />
				<ArabicLexical word="فِيهَا" lemma="فِي" pos="جامدة" prefix="" root="فِي" pattern="فِي" suffix="هَا" />
				<ArabicLexical word="سِيَاسِيُّونَ" lemma="سِيَاسِيّ" pos="مصرفة منتظمة" prefix="" root="سوس" pattern="فِعَال" suffix="يُّونَ" />
				<ArabicLexical word="وَمُفَكِّرُونَ" lemma="مُفَكِّر" pos="مصرفة منتظمة" prefix="وَ" root="فكر" pattern="مُفَعِّل" suffix="ونَ" />
				<ArabicLexical word="مِنْ" lemma="مِنْ" pos="جامدة" prefix="" root="مِنْ" pattern="مِنْ" suffix="" />
				<ArabicLexical word="مُعْظَمِ" lemma="مُعْظَم" pos="مصرفة منتظمة" prefix="" root="عظم" pattern="مُفْعَل" suffix="" />
				<ArabicLexical word="اَلدُّوَلِ" lemma="دَوْلَة" pos="مصرفة منتظمة" prefix="ال" root="دول" pattern="فُعَل" suffix="" />
				<ArabicLexical word="اَلْعَرَبِيَّةِ" lemma="عَرَبِيّ" pos="مصرفة منتظمة" prefix="ال" root="عرب" pattern="فَعَل" suffix="يَّة" />
			</annotation>
		</sentence>
		<sentence id="05701">
			<text>وَتَمَّتْ دَعْوَةُ عَدَدٍ مِنْ أَبْرَزِ اَلْأُدَبَاءِ وَالْمُثَقَّفِينَ اَلْعَرَبِ كَضُيُوفِ شَرَفٍ عَلَى اَلْمَعْرِضِ مِنْ بَيْنِهِمْ أَمِينُ مَعْلُوفٍ وَالطَّاهِرُ بِنْ جَلُّونْ وَأَهْدَافُ سُوَيْفٍ وَالدُّكْتُورُ خَلِيلٌ اَلنُّعَيْمِيُّ. كَمَا تَمَّتْ دَعْوَةُ عَدَدٍ مِنْ اَلْمُثَقَّفِينَ اَلْغَرْبِيِّينَ وَالْأَفَارِقَةِ، مِنْهُمْ اَلْكَاتِبَةُ نَادِينْ جُورْدِيمِيرْ اَلْحَاصِلَةُ عَلَى جَائِزَةِ نُوبِلْ، وَالْكَاتِبُ اَلْفَرَنْسِيُّ رُوبِيرْ سُولِيهْ‏.‏</text>
			<annotation>
				<ArabicLexical word="وَتَمَّتْ" lemma="تَمَّ" pos="مصرفة منتظمة" prefix="وَ" root="تمم" pattern="فَلَّ" suffix="تْ" />
				<ArabicLexical word="دَعْوَةُ" lemma="دَعْوَة" pos="مصرفة منتظمة" prefix="" root="دعو" pattern="فَعْل" suffix="ة" />
				<ArabicLexical word="عَدَدٍ" lemma="عَدَد" pos="مصرفة منتظمة" prefix="" root="عدد" pattern="فَعَل" suffix="" />
				<ArabicLexical word="مِنْ" lemma="مِنْ" pos="جامدة" prefix="" root="مِنْ" pattern="مِنْ" suffix="" />
				<ArabicLexical word="أَبْرَزِ" lemma="أَبْرَز" pos="مصرفة منتظمة" prefix="" root="برز" pattern="أَفْعَل" suffix="" />
				<ArabicLexical word="اَلْأُدَبَاءِ" lemma="أَدِيب" pos="مصرفة منتظمة" prefix="ال" root="أدب" pattern="فُعَلَاء" suffix="" />
				<ArabicLexical word="وَالْمُثَقَّفِينَ" lemma="مُثَقَّف" pos="مصرفة منتظمة" prefix="وَال" root="ثقف" pattern="مُفَعَّل" suffix="ينَ" />
				<ArabicLexical word="اَلْعَرَبِ" lemma="عَرَب" pos="مصرفة منتظمة" prefix="ال" root="عرب" pattern="فَعَل" suffix="" />
				<ArabicLexical word="كَضُيُوفِ" lemma="ضَيْف" pos="مصرفة منتظمة" prefix="كَ" root="ضيف" pattern="فُعُول" suffix="" />
				<ArabicLexical word="شَرَفٍ" lemma="شَرَف" pos="مصرفة منتظمة" prefix="" root="شرف" pattern="فَعَل" suffix="" />
				<ArabicLexical word="عَلَى" lemma="عَلَى" pos="جامدة" prefix="" root="عَلَى" pattern="عَلَى" suffix="" />
				<ArabicLexical word="اَلْمَعْرِضِ" lemma="مَعْرِض" pos="مصرفة منتظمة" prefix="ال" root="عرض" pattern="مَفْعِل" suffix="" />
				<ArabicLexical word="مِنْ" lemma="مِنْ" pos="جامدة" prefix="" root="مِنْ" pattern="مِنْ" suffix="" />
				<ArabicLexical word="بَيْنِهِمْ" lemma="بَيْن" pos="مصرفة منتظمة" prefix="" root="بين" pattern="فَعْل" suffix="همْ" />
				<ArabicLexical word="أَمِينُ" lemma="أَمِين" pos="مصرفة منتظمة" prefix="" root="أمن" pattern="فَعِيل" suffix="" />
				<ArabicLexical word="مَعْلُوفٍ" lemma="مَعْلُوف" pos="مصرفة منتظمة" prefix="" root="علف" pattern="مَفْعُول" suffix="" />
				<ArabicLexical word="وَالطَّاهِرُ" lemma="طَاهِر" pos="مصرفة منتظمة" prefix="وَال" root="طهر" pattern="فَاعِل" suffix="" />
				<ArabicLexical word="بِنْ" lemma="اِبْن" pos="استثناء صرفي" prefix="" root="بنو" pattern="بِنْ" suffix="" />
				<ArabicLexical word="جَلُّونْ" lemma="" pos="غير عربية" prefix="" root="" pattern="" suffix="" />
				<ArabicLexical word="وَأَهْدَافُ" lemma="هَدَف" pos="مصرفة منتظمة" prefix="وَ" root="هدف" pattern="أَفْعَال" suffix="" />
				<ArabicLexical word="سُوَيْفٍ" lemma="سُوَيْف" pos="مصرفة منتظمة" prefix="" root="سوف" pattern="فُعَيْل" suffix="" />
				<ArabicLexical word="وَالدُّكْتُورُ" lemma="دُكْتُور" pos="معربة" prefix="وَال" root="دُكْتُور" pattern="دُكْتُور" suffix="" />
				<ArabicLexical word="خَلِيلٌ" lemma="خَلِيل" pos="مصرفة منتظمة" prefix="" root="خلل" pattern="فَعِيل" suffix="" />
				<ArabicLexical word="اَلنُّعَيْمِيُّ" lemma="نُعَيْمِيّ" pos="مصرفة منتظمة" prefix="ال" root="نعم" pattern="فُعَيْل" suffix="يّ" />
				<ArabicLexical word="كَمَا" lemma="مَا" pos="جامدة" prefix="كَ" root="اَلَّذِي" pattern="مَا" suffix="" />
				<ArabicLexical word="تَمَّتْ" lemma="تَمَّ" pos="مصرفة منتظمة" prefix="" root="تمم" pattern="فَلَّ" suffix="تْ" />
				<ArabicLexical word="دَعْوَةُ" lemma="دَعْوَة" pos="مصرفة منتظمة" prefix="" root="دعو" pattern="فَعْل" suffix="ة" />
				<ArabicLexical word="عَدَدٍ" lemma="عَدَد" pos="مصرفة منتظمة" prefix="" root="عدد" pattern="فَعَل" suffix="" />
				<ArabicLexical word="مِنْ" lemma="مِنْ" pos="جامدة" prefix="" root="مِنْ" pattern="مِنْ" suffix="" />
				<ArabicLexical word="اَلْمُثَقَّفِينَ" lemma="مُثَقَّف" pos="مصرفة منتظمة" prefix="ال" root="ثقف" pattern="مُفَعَّل" suffix="ينَ" />
				<ArabicLexical word="اَلْغَرْبِيِّينَ" lemma="غَرْبِيّ" pos="مصرفة منتظمة" prefix="ال" root="غرب" pattern="فَعْل" suffix="يِّينَ" />
				<ArabicLexical word="وَالْأَفَارِقَةِ" lemma="أَفَارِقَة" pos="غير عربية" prefix="" root="" pattern="" suffix="" />
				<ArabicLexical word="مِنْهُمْ" lemma="مِنْ" pos="جامدة" prefix="" root="مِنْ" pattern="مِنْ" suffix="همْ" />
				<ArabicLexical word="اَلْكَاتِبَةُ" lemma="كَاتِب" pos="مصرفة منتظمة" prefix="ال" root="كتب" pattern="فَاعِل" suffix="ة" />
				<ArabicLexical word="نَادِينْ" lemma="" pos="غير عربية" prefix="" root="" pattern="" suffix="" />
				<ArabicLexical word="جُورْدِيمِيرْ" lemma="" pos="غير عربية" prefix="" root="" pattern="" suffix="" />
				<ArabicLexical word="اَلْحَاصِلَةُ" lemma="حَاصِل" pos="مصرفة منتظمة" prefix="ال" root="حصل" pattern="فَاعِل" suffix="ة" />
				<ArabicLexical word="عَلَى" lemma="عَلَى" pos="جامدة" prefix="" root="عَلَى" pattern="عَلَى" suffix="" />
				<ArabicLexical word="جَائِزَةِ" lemma="جَائِزَة" pos="مصرفة منتظمة" prefix="" root="جوز" pattern="فَاعِل" suffix="ة" />
				<ArabicLexical word="نُوبِلْ" lemma="" pos="غير عربية" prefix="" root="" pattern="" suffix="" />
				<ArabicLexical word="وَالْكَاتِبُ" lemma="كَاتِب" pos="مصرفة منتظمة" prefix="وَال" root="كتب" pattern="فَاعِل" suffix="" />
				<ArabicLexical word="اَلْفَرَنْسِيُّ" lemma="فَرَنْسِيّ" pos="غير عربية" prefix="" root="" pattern="" suffix="" />
				<ArabicLexical word="رُوبِيرْ" lemma="" pos="غير عربية" prefix="" root="" pattern="" suffix="" />
				<ArabicLexical word="سُولِيهْ" lemma="" pos="غير عربية" prefix="" root="" pattern="" suffix="" />
			</annotation>
		</sentence>
		<sentence id="05702">
			<text>وَيُصَادِفُ هذَا اَلْعَامُ مُرُورَ 300 عَامٍ عَلَى ظُهُورِ أَوَّلِ تَرْجَمَةٍ فَرَنْسِيَّةٍ لِسِلْسِلَةِ أَلْفُ لَيْلَةٍ وَلَيْلَةٌ، وَمُرُورَ 250 عَامًا عَلَى مِيلَادِ اَلْمُؤَرِّخِ اَلْعَرَبِيِّ اَلشَّهِيرِ عَبْدِ اَلرَّحْمنِ اَلْجَبَرْتِيِّ، وَمُرُورَ 700 عَامٍ عَلَى نَشْرِ رِحْلَاتِ اَلرَّحَّالَةِ اَلْعَرَبِيِّ اِبْنِ بَطُوطَةْ؛ وَهُوَ مَا دَعَا وِزَارَةَ اَلثَّقَافَةِ اَلْمِصْرِيَّةَ إِلَى إِقَامَةِ اِحْتِفَالِيَّاتٍ خَاصَّةٍ بِهذِهِ اَلْمُنَاسَبَاتِ عَلَى هَامِشِ فَعَالِيَاتِ اَلْمَعْرِضِ</text>
			<annotation>
				<ArabicLexical word="وَيُصَادِفُ" lemma="صَادَفَ" pos="مصرفة منتظمة" prefix="وَي" root="صدف" pattern="فَاعَلَ" suffix="" />
				<ArabicLexical word="هذَا" lemma="ذَا" pos="جامدة" prefix="" root="ذَا" pattern="هذَا" suffix="" />
				<ArabicLexical word="اَلْعَامُ" lemma="عَام" pos="مصرفة منتظمة" prefix="ال" root="عوم" pattern="فَعل" suffix="" />
				<ArabicLexical word="مُرُورَ" lemma="مُرُور" pos="مصرفة منتظمة" prefix="" root="مرر" pattern="فُعُول" suffix="" />
				<ArabicLexical word="عَامٍ" lemma="عَام" pos="مصرفة منتظمة" prefix="" root="عوم" pattern="فَعل" suffix="" />
				<ArabicLexical word="عَلَى" lemma="عَلَى" pos="جامدة" prefix="" root="عَلَى" pattern="عَلَى" suffix="" />
				<ArabicLexical word="ظُهُورِ" lemma="ظُهُور" pos="مصرفة منتظمة" prefix="" root="ظهر" pattern="فُعُول" suffix="" />
				<ArabicLexical word="أَوَّلِ" lemma="أَوَّل" pos="استثناء صرفي" prefix="" root="أول" pattern="أَوَّل" suffix="" />
				<ArabicLexical word="تَرْجَمَةٍ" lemma="تَرْجَمَة" pos="مصرفة منتظمة" prefix="" root="ترجم" pattern="فَعْلَل" suffix="ة" />
				<ArabicLexical word="فَرَنْسِيَّةٍ" lemma="فَرَنْسِيّ" pos="غير عربية" prefix="" root="" pattern="" suffix="" />
				<ArabicLexical word="لِسِلْسِلَةِ" lemma="سِلْسِلَة" pos="مصرفة منتظمة" prefix="لِ" root="سلسل" pattern="فِعْلِل" suffix="ة" />
				<ArabicLexical word="أَلْفُ" lemma="أَلْف" pos="مصرفة منتظمة" prefix="" root="ألف" pattern="فَعْل" suffix="" />
				<ArabicLexical word="لَيْلَةٍ" lemma="لَيْل" pos="مصرفة منتظمة" prefix="" root="ليل" pattern="فَعْل" suffix="ة" />
				<ArabicLexical word="وَلَيْلَةٌ" lemma="لَيْل" pos="مصرفة منتظمة" prefix="وَ" root="ليل" pattern="فَعْل" suffix="ة" />
				<ArabicLexical word="وَمُرُورَ" lemma="مُرُور" pos="مصرفة منتظمة" prefix="وَ" root="مرر" pattern="فُعُول" suffix="" />
				<ArabicLexical word="عَامًا" lemma="عَام" pos="مصرفة منتظمة" prefix="" root="عوم" pattern="فَعل" suffix="" />
				<ArabicLexical word="عَلَى" lemma="عَلَى" pos="جامدة" prefix="" root="عَلَى" pattern="عَلَى" suffix="" />
				<ArabicLexical word="مِيلَادِ" lemma="مِيلَاد" pos="مصرفة منتظمة" prefix="" root="ولد" pattern="مِفعَال" suffix="" />
				<ArabicLexical word="اَلْمُؤَرِّخِ" lemma="مُؤَرِّخ" pos="مصرفة منتظمة" prefix="ال" root="أرخ" pattern="مُفَعِّل" suffix="" />
				<ArabicLexical word="اَلْعَرَبِيِّ" lemma="عَرَبِيّ" pos="مصرفة منتظمة" prefix="ال" root="عرب" pattern="فَعَل" suffix="يّ" />
				<ArabicLexical word="اَلشَّهِيرِ" lemma="شَهِير" pos="مصرفة منتظمة" prefix="ال" root="شهر" pattern="فَعِيل" suffix="" />
				<ArabicLexical word="عَبْدِ" lemma="عَبْد" pos="مصرفة منتظمة" prefix="" root="عبد" pattern="فَعْل" suffix="" />
				<ArabicLexical word="اَلرَّحْمنِ" lemma="رَحْمَن" pos="استثناء صرفي" prefix="ال" root="رحم" pattern="رَحْمن" suffix="" />
				<ArabicLexical word="اَلْجَبَرْتِيِّ" lemma="+" pos="غير عربية" prefix="" root="" pattern="" suffix="" />
				<ArabicLexical word="وَمُرُورَ" lemma="مُرُور" pos="مصرفة منتظمة" prefix="وَ" root="مرر" pattern="فُعُول" suffix="" />
				<ArabicLexical word="عَامٍ" lemma="عَام" pos="مصرفة منتظمة" prefix="" root="عوم" pattern="فَعل" suffix="" />
				<ArabicLexical word="عَلَى" lemma="عَلَى" pos="جامدة" prefix="" root="عَلَى" pattern="عَلَى" suffix="" />
				<ArabicLexical word="نَشْرِ" lemma="نَشْر" pos="مصرفة منتظمة" prefix="" root="نشر" pattern="فَعْل" suffix="" />
				<ArabicLexical word="رِحْلَاتِ" lemma="رِحْلَة" pos="مصرفة منتظمة" prefix="" root="رحل" pattern="فِعْل" suffix="ات" />
				<ArabicLexical word="اَلرَّحَّالَةِ" lemma="رَحَّال" pos="مصرفة منتظمة" prefix="ال" root="رحل" pattern="فَعَّال" suffix="ة" />
				<ArabicLexical word="اَلْعَرَبِيِّ" lemma="عَرَبِيّ" pos="مصرفة منتظمة" prefix="ال" root="عرب" pattern="فَعَل" suffix="يّ" />
				<ArabicLexical word="اِبْنِ" lemma="ابْن" pos="استثناء صرفي" prefix="" root="بنو" pattern="اِبْن" suffix="" />
				<ArabicLexical word="بَطُوطَةْ" lemma="" pos="غير عربية" prefix="" root="" pattern="" suffix="" />
				<ArabicLexical word="وَهُوَ" lemma="هُو" pos="جامدة" prefix="وَ" root="هُوَ" pattern="هُوَ" suffix="" />
				<ArabicLexical word="مَا" lemma="مَا" pos="جامدة" prefix="" root="اَلَّذِي" pattern="مَا" suffix="" />
				<ArabicLexical word="دَعَا" lemma="دَعَا" pos="مصرفة منتظمة" prefix="" root="دعو" pattern="فَعَل" suffix="" />
				<ArabicLexical word="وِزَارَةَ" lemma="وِزَارَة" pos="مصرفة منتظمة" prefix="" root="وزر" pattern="فِعَال" suffix="ة" />
				<ArabicLexical word="اَلثَّقَافَةِ" lemma="ثَقَافَة" pos="مصرفة منتظمة" prefix="ال" root="ثقف" pattern="فَعَال" suffix="ة" />
				<ArabicLexical word="اَلْمِصْرِيَّةَ" lemma="مِصْرِيّ" pos="مصرفة منتظمة" prefix="ال" root="مصر" pattern="فِعْل" suffix="يَّة" />
				<ArabicLexical word="إِلَى" lemma="إِلَى" pos="جامدة" prefix="" root="إِلَى" pattern="إِلَى" suffix="" />
				<ArabicLexical word="إِقَامَةِ" lemma="إِقَامَة" pos="مصرفة منتظمة" prefix="" root="قوم" pattern="إِفَعالَ" suffix="ة" />
				<ArabicLexical word="اِحْتِفَالِيَّاتٍ" lemma="احْتِفَالِيّ" pos="مصرفة منتظمة" prefix="" root="حفل" pattern="اِفْتِعَال" suffix="يَّات" />
				<ArabicLexical word="خَاصَّةٍ" lemma="خَاصّ" pos="مصرفة منتظمة" prefix="" root="خصص" pattern="فَالّ" suffix="ة" />
				<ArabicLexical word="بِهذِهِ" lemma="ذَا" pos="جامدة" prefix="بِ" root="ذَا" pattern="هذِهِ" suffix="" />
				<ArabicLexical word="اَلْمُنَاسَبَاتِ" lemma="مُنَاسَبَة" pos="مصرفة منتظمة" prefix="ال" root="نسب" pattern="مُفَاعَل" suffix="ات" />
				<ArabicLexical word="عَلَى" lemma="عَلَى" pos="جامدة" prefix="" root="عَلَى" pattern="عَلَى" suffix="" />
				<ArabicLexical word="هَامِشِ" lemma="هَامِش" pos="مصرفة منتظمة" prefix="" root="همش" pattern="فَاعِل" suffix="" />
				<ArabicLexical word="فَعَالِيَاتِ" lemma="عَالِيَة" pos="مصرفة منتظمة" prefix="" root="فعل" pattern="فَعَالِيَ" suffix="ات" />
				<ArabicLexical word="اَلْمَعْرِضِ" lemma="مَعْرِض" pos="مصرفة منتظمة" prefix="ال" root="عرض" pattern="مَفْعِل" suffix="" />
			</annotation>
		</sentence>
	</FILE>
	</NEMLAR>