<NEMLAR><FILE name="GeneralNews" number="055">
		<sentence id="06803">
			<text>?مَتْحَفُ اَلْعَقَّادِ.. اَلنِّضَالُ بِحِمَايَةِ اَلتَّارِيخِ </text>
			<annotation>
				<ArabicLexical word="مَتْحَفُ" lemma="مَتْحَف" pos="مصرفة منتظمة" prefix="" root="تحف" pattern="مَفْعَل" suffix="" />
				<ArabicLexical word="اَلْعَقَّادِ" lemma="عَقَّاد" pos="مصرفة منتظمة" prefix="ال" root="عقد" pattern="فَعَّال" suffix="" />
				<ArabicLexical word="اَلنِّضَالُ" lemma="نِضَال" pos="مصرفة منتظمة" prefix="ال" root="نضل" pattern="فِعَال" suffix="" />
				<ArabicLexical word="بِحِمَايَةِ" lemma="حِمَايَة" pos="مصرفة منتظمة" prefix="بِ" root="حمي" pattern="فِعَال" suffix="ة" />
				<ArabicLexical word="اَلتَّارِيخِ" lemma="تَارِيخ" pos="استثناء صرفي" prefix="ال" root="أرخ" pattern="تَارِيخ" suffix="" />
			</annotation>
		</sentence>
		<sentence id="06804">
			<text> </text>
			<annotation>
			</annotation>
		</sentence>
		<sentence id="06805">
			<text>غَزَّةُ - مُحَمَّدٌ اَلْأَسْطَلُ - إِسْلَامُ أُونْ لَايْنْ.نِتْ/ 18-2-2004 </text>
			<annotation>
				<ArabicLexical word="غَزَّةُ" lemma="غَزَّة" pos="مصرفة منتظمة" prefix="" root="غزز" pattern="فَلّ" suffix="ة" />
				<ArabicLexical word="مُحَمَّدٌ" lemma="مُحَمَّد" pos="مصرفة منتظمة" prefix="" root="حمد" pattern="مُفَعَّل" suffix="" />
				<ArabicLexical word="اَلْأَسْطَلُ" lemma="أَسْطَل" pos="مصرفة منتظمة" prefix="ال" root="سطل" pattern="أَفْعَل" suffix="" />
				<ArabicLexical word="إِسْلَامُ" lemma="إِسْلَام" pos="مصرفة منتظمة" prefix="" root="سلم" pattern="إِفْعَال" suffix="" />
				<ArabicLexical word="أُونْ" lemma="أُونْ" pos="غير عربية" prefix="" root="" pattern="" suffix="" />
				<ArabicLexical word="لَايْنْ" lemma="+" pos="غير عربية" prefix="" root="" pattern="" suffix="" />
				<ArabicLexical word="نِتْ" lemma="نِت" pos="غير عربية" prefix="" root="" pattern="" suffix="" />
			</annotation>
		</sentence>
		<sentence id="06806">
			<text> </text>
			<annotation>
			</annotation>
		</sentence>
		<sentence id="06807">
			<text> </text>
			<annotation>
			</annotation>
		</sentence>
		<sentence id="06808">
			<text>جَانِبٌ مِنْ قِسْمِ اَلْآثَارِ بِالْمَتْحَفِ </text>
			<annotation>
				<ArabicLexical word="جَانِبٌ" lemma="جَانِب" pos="مصرفة منتظمة" prefix="" root="جنب" pattern="فَاعِل" suffix="" />
				<ArabicLexical word="مِنْ" lemma="مِنْ" pos="جامدة" prefix="" root="مِنْ" pattern="مِنْ" suffix="" />
				<ArabicLexical word="قِسْمِ" lemma="قِسْم" pos="مصرفة منتظمة" prefix="" root="قسم" pattern="فِعْل" suffix="" />
				<ArabicLexical word="اَلْآثَارِ" lemma="أَثَر" pos="مصرفة منتظمة" prefix="ال" root="أثر" pattern="أَفعَال" suffix="" />
				<ArabicLexical word="بِالْمَتْحَفِ" lemma="مَتْحَف" pos="مصرفة منتظمة" prefix="بِال" root="تحف" pattern="مَفْعَل" suffix="" />
			</annotation>
		</sentence>
		<sentence id="06809">
			<text> </text>
			<annotation>
			</annotation>
		</sentence>
		<sentence id="06810">
			<text>يُعَدُّ مَتْحَفُ اَلْعَقَّادِ اَلثَّقَافِيُّ لِلتُّرَاثِ وَالْآثَارِ فِي مَدِينَةِ خَانَ يُونُسَ جَنُوبَ قِطَاعِ غَزَّةَ أَحَدَ اَلْمَتَاحِفِ اَلَّتِي أَقَامَهَا أَفْرَادٌ فِلَسْطِينِيُّونَ بِجُهُودٍ ذَاتِيَّةٍ لِلْحِفَاظِ عَلَى اَلتُّرَاثِ اَلْفِلَسْطِينِيِّ. </text>
			<annotation>
				<ArabicLexical word="يُعَدُّ" lemma="عَدَّ" pos="مصرفة منتظمة" prefix="يُ" root="عدد" pattern="فَلّ" suffix="" />
				<ArabicLexical word="مَتْحَفُ" lemma="مَتْحَف" pos="مصرفة منتظمة" prefix="" root="تحف" pattern="مَفْعَل" suffix="" />
				<ArabicLexical word="اَلْعَقَّادِ" lemma="عَقَّاد" pos="مصرفة منتظمة" prefix="ال" root="عقد" pattern="فَعَّال" suffix="" />
				<ArabicLexical word="اَلثَّقَافِيُّ" lemma="ثَقَافِيّ" pos="مصرفة منتظمة" prefix="ال" root="ثقف" pattern="فَعَال" suffix="يّ" />
				<ArabicLexical word="لِلتُّرَاثِ" lemma="تُرَاث" pos="استثناء صرفي" prefix="لِل" root="ورث" pattern="تُرَاث" suffix="" />
				<ArabicLexical word="وَالْآثَارِ" lemma="أَثَر" pos="مصرفة منتظمة" prefix="وَال" root="أثر" pattern="أَفعَال" suffix="" />
				<ArabicLexical word="فِي" lemma="فِي" pos="جامدة" prefix="" root="فِي" pattern="فِي" suffix="" />
				<ArabicLexical word="مَدِينَةِ" lemma="مَدِينَة" pos="مصرفة منتظمة" prefix="" root="مدن" pattern="فَعِيل" suffix="ة" />
				<ArabicLexical word="خَانَ" lemma="خَان" pos="معربة" prefix="" root="خَان" pattern="خَان" suffix="" />
				<ArabicLexical word="يُونُسَ" lemma="يُونُس" pos="معربة" prefix="" root="يُونُس" pattern="يُونُس" suffix="" />
				<ArabicLexical word="جَنُوبَ" lemma="جَنُوب" pos="مصرفة منتظمة" prefix="" root="جنب" pattern="فَعُول" suffix="" />
				<ArabicLexical word="قِطَاعِ" lemma="قِطَاع" pos="مصرفة منتظمة" prefix="" root="قطع" pattern="فِعَال" suffix="" />
				<ArabicLexical word="غَزَّةَ" lemma="غَزَّة" pos="مصرفة منتظمة" prefix="" root="غزز" pattern="فَلّ" suffix="ة" />
				<ArabicLexical word="أَحَدَ" lemma="أَحَد" pos="مصرفة منتظمة" prefix="" root="أحد" pattern="فَعَل" suffix="" />
				<ArabicLexical word="اَلْمَتَاحِفِ" lemma="مَتْحَف" pos="مصرفة منتظمة" prefix="ال" root="تحف" pattern="مَفَاعِل" suffix="" />
				<ArabicLexical word="اَلَّتِي" lemma="اَلَّذِي" pos="جامدة" prefix="ال" root="اَلَّذِي" pattern="لَتِي" suffix="" />
				<ArabicLexical word="أَقَامَهَا" lemma="قَامَ" pos="مصرفة منتظمة" prefix="" root="قوم" pattern="أَفَعلَ" suffix="هَا" />
				<ArabicLexical word="أَفْرَادٌ" lemma="فَرْد" pos="مصرفة منتظمة" prefix="" root="فرد" pattern="أَفْعَال" suffix="" />
				<ArabicLexical word="فِلَسْطِينِيُّونَ" lemma="فِلَسْطِينِيّ" pos="معربة" prefix="" root="فِلَسْطِين" pattern="فِلَسْطِين" suffix="يُّونَ" />
				<ArabicLexical word="بِجُهُودٍ" lemma="جُهْد" pos="مصرفة منتظمة" prefix="بِ" root="جهد" pattern="فُعُول" suffix="" />
				<ArabicLexical word="ذَاتِيَّةٍ" lemma="ذَاتِيّ" pos="جامدة" prefix="" root="ذُو" pattern="ذَات" suffix="يَّة" />
				<ArabicLexical word="لِلْحِفَاظِ" lemma="حِفَاظ" pos="مصرفة منتظمة" prefix="لِل" root="حفظ" pattern="فِعَال" suffix="" />
				<ArabicLexical word="عَلَى" lemma="عَلَى" pos="جامدة" prefix="" root="عَلَى" pattern="عَلَى" suffix="" />
				<ArabicLexical word="اَلتُّرَاثِ" lemma="تُرَاث" pos="استثناء صرفي" prefix="ال" root="ورث" pattern="تُرَاث" suffix="" />
				<ArabicLexical word="اَلْفِلَسْطِينِيِّ" lemma="فِلَسْطِينِيّ" pos="معربة" prefix="ال" root="فِلَسْطِين" pattern="فِلَسْطِين" suffix="يّ" />
			</annotation>
		</sentence>
		<sentence id="06811">
			<text>وَيَرَى هؤُلَاءِ أَنَّ إِقَامَةَ تِلْكَ اَلْمَتَاحِفِ شَكْلٌ مِنْ أَشْكَالِ اَلنِّضَالِ ضِدَّ اَلْمُحْتَلِّ؛ بِاعْتِبَارِ أَنَّ اَلْآثَارَ اَلَّتِي تُحَافِظُ عَلَيْهَا تُعَدُّ شَاهِدًا عَلَى مَدَى اِرْتِبَاطِ اَلْإِنْسَانِ اَلْفِلَسْطِينِيِّ بِوَطَنِهِ وَأَرْضِهِ اَلْمُقَدَّسَةِ. </text>
			<annotation>
				<ArabicLexical word="وَيَرَى" lemma="رَأَى" pos="استثناء صرفي" prefix="وَي" root="رأي" pattern="رَى" suffix="" />
				<ArabicLexical word="هؤُلَاءِ" lemma="أُولَاءِ" pos="جامدة" prefix="" root="أُولَاءِ" pattern="هؤُلَاءِ" suffix="" />
				<ArabicLexical word="أَنَّ" lemma="أَنَّ" pos="جامدة" prefix="" root="أَنَّ" pattern="أَنَّ" suffix="" />
				<ArabicLexical word="إِقَامَةَ" lemma="إِقَامَة" pos="مصرفة منتظمة" prefix="" root="قوم" pattern="إِفَعالَ" suffix="ة" />
				<ArabicLexical word="تِلْكَ" lemma="ذَا" pos="جامدة" prefix="" root="ذَا" pattern="تِلْ" suffix="كَ" />
				<ArabicLexical word="اَلْمَتَاحِفِ" lemma="مَتْحَف" pos="مصرفة منتظمة" prefix="ال" root="تحف" pattern="مَفَاعِل" suffix="" />
				<ArabicLexical word="شَكْلٌ" lemma="شَكْل" pos="مصرفة منتظمة" prefix="" root="شكل" pattern="فَعْل" suffix="" />
				<ArabicLexical word="مِنْ" lemma="مِنْ" pos="جامدة" prefix="" root="مِنْ" pattern="مِنْ" suffix="" />
				<ArabicLexical word="أَشْكَالِ" lemma="شَكْل" pos="مصرفة منتظمة" prefix="" root="شكل" pattern="أَفْعَال" suffix="" />
				<ArabicLexical word="اَلنِّضَالِ" lemma="نِضَال" pos="مصرفة منتظمة" prefix="ال" root="نضل" pattern="فِعَال" suffix="" />
				<ArabicLexical word="ضِدَّ" lemma="ضِدّ" pos="مصرفة منتظمة" prefix="" root="ضدد" pattern="فِلّ" suffix="" />
				<ArabicLexical word="اَلْمُحْتَلِّ" lemma="مُحْتَلّ" pos="مصرفة منتظمة" prefix="ال" root="حلل" pattern="مُفْتَلّ" suffix="" />
				<ArabicLexical word="بِاعْتِبَارِ" lemma="اعْتِبَار" pos="مصرفة منتظمة" prefix="بِ" root="عبر" pattern="اِفْتِعَال" suffix="" />
				<ArabicLexical word="أَنَّ" lemma="أَنَّ" pos="جامدة" prefix="" root="أَنَّ" pattern="أَنَّ" suffix="" />
				<ArabicLexical word="اَلْآثَارَ" lemma="أَثَر" pos="مصرفة منتظمة" prefix="ال" root="أثر" pattern="أَفعَال" suffix="" />
				<ArabicLexical word="اَلَّتِي" lemma="اَلَّذِي" pos="جامدة" prefix="ال" root="اَلَّذِي" pattern="لَتِي" suffix="" />
				<ArabicLexical word="تُحَافِظُ" lemma="حَافَظَ" pos="مصرفة منتظمة" prefix="ت" root="حفظ" pattern="فَاعَلَ" suffix="" />
				<ArabicLexical word="عَلَيْهَا" lemma="عَلَى" pos="جامدة" prefix="" root="عَلَى" pattern="عَلَيْ" suffix="هَا" />
				<ArabicLexical word="تُعَدُّ" lemma="عَدَّ" pos="مصرفة منتظمة" prefix="تُ" root="عدد" pattern="فَلّ" suffix="" />
				<ArabicLexical word="شَاهِدًا" lemma="شَاهِد" pos="مصرفة منتظمة" prefix="" root="شهد" pattern="فَاعِل" suffix="" />
				<ArabicLexical word="عَلَى" lemma="عَلَى" pos="جامدة" prefix="" root="عَلَى" pattern="عَلَى" suffix="" />
				<ArabicLexical word="مَدَى" lemma="مَدَى" pos="مصرفة منتظمة" prefix="" root="مدي" pattern="فَعَل" suffix="" />
				<ArabicLexical word="اِرْتِبَاطِ" lemma="ارْتِبَاط" pos="مصرفة منتظمة" prefix="" root="ربط" pattern="اِفْتِعَال" suffix="" />
				<ArabicLexical word="اَلْإِنْسَانِ" lemma="إِنْسَان" pos="مصرفة منتظمة" prefix="ال" root="أنس" pattern="فِعْلَان" suffix="" />
				<ArabicLexical word="اَلْفِلَسْطِينِيِّ" lemma="فِلَسْطِينِيّ" pos="معربة" prefix="ال" root="فِلَسْطِين" pattern="فِلَسْطِين" suffix="يّ" />
				<ArabicLexical word="بِوَطَنِهِ" lemma="وَطَن" pos="مصرفة منتظمة" prefix="بِ" root="وطن" pattern="فَعَل" suffix="ه" />
				<ArabicLexical word="وَأَرْضِهِ" lemma="أَرْض" pos="مصرفة منتظمة" prefix="وَ" root="أرض" pattern="فَعْل" suffix="ه" />
				<ArabicLexical word="اَلْمُقَدَّسَةِ" lemma="مُقَدَّس" pos="مصرفة منتظمة" prefix="ال" root="قدس" pattern="مُفَعَّل" suffix="ة" />
			</annotation>
		</sentence>
		<sentence id="06812">
			<text>وَقَالَ وَلِيدٌ اَلْعَقَّادُ مُدِيرُ اَلْمَتْحَفِ لإِسْلَامِ أُونْ لَايْنْ.نِتْ اَلْأَرْبِعَاءَ 18-2-2004: إِنَّ اِسْتِمْرَارَ اَلِاحْتِلَالِ اَلْإِسْرَائِيلِيِّ فِي اَلْبَحْثِ عَنْ اَلْمُكْتَشَفَاتِ اَلْأَثَرِيَّةِ اَلْفِلَسْطِينِيَّةِ وَسَرِقَتِهَا بِهَدَفِ تَزْيِيفِ اَلتَّارِيخِ كَانَ اَلدَّافِعَ وَرَاءَ إِنْشَاءِ هذَا اَلْمَتْحَفِ كَسَبِيلٍ لِلْمُحَافَظَةِ عَلَى جُزْءٍ مِنْ اَلتُّرَاثِ اَلْكَنْعَانِيِّ اَلْفِلَسْطِينِيِّ اَلْقَدِيمِ مِنْ اَلِانْدِثَارِ وَالضَّيَاعِ. </text>
			<annotation>
				<ArabicLexical word="وَقَالَ" lemma="قَالَ" pos="مصرفة منتظمة" prefix="وَ" root="قول" pattern="فَعلَ" suffix="" />
				<ArabicLexical word="وَلِيدٌ" lemma="وَلِيد" pos="مصرفة منتظمة" prefix="" root="ولد" pattern="فَعِيل" suffix="" />
				<ArabicLexical word="اَلْعَقَّادُ" lemma="عَقَّاد" pos="مصرفة منتظمة" prefix="ال" root="عقد" pattern="فَعَّال" suffix="" />
				<ArabicLexical word="مُدِيرُ" lemma="مُدِير" pos="مصرفة منتظمة" prefix="" root="دور" pattern="مُفِعل" suffix="" />
				<ArabicLexical word="اَلْمَتْحَفِ" lemma="مَتْحَف" pos="مصرفة منتظمة" prefix="ال" root="تحف" pattern="مَفْعَل" suffix="" />
				<ArabicLexical word="ل" lemma="+" pos="غير عربية" prefix="" root="" pattern="" suffix="" />
				<ArabicLexical word="إِسْلَامِ" lemma="إِسْلَام" pos="مصرفة منتظمة" prefix="" root="سلم" pattern="إِفْعَال" suffix="" />
				<ArabicLexical word="أُونْ" lemma="أُونْ" pos="غير عربية" prefix="" root="" pattern="" suffix="" />
				<ArabicLexical word="لَايْنْ" lemma="+" pos="غير عربية" prefix="" root="" pattern="" suffix="" />
				<ArabicLexical word="نِتْ" lemma="نِت" pos="غير عربية" prefix="" root="" pattern="" suffix="" />
				<ArabicLexical word="اَلْأَرْبِعَاءَ" lemma="أَرْبِعَاء" pos="استثناء صرفي" prefix="ال" root="ربع" pattern="أَرْبِعَاء" suffix="" />
				<ArabicLexical word="إِنَّ" lemma="أَنَّ" pos="جامدة" prefix="" root="إِنَّ" pattern="إِنَّ" suffix="" />
				<ArabicLexical word="اِسْتِمْرَارَ" lemma="اسْتِمْرَار" pos="مصرفة منتظمة" prefix="" root="مرر" pattern="اِسْتِفْعَال" suffix="" />
				<ArabicLexical word="اَلِاحْتِلَالِ" lemma="احْتِلَال" pos="مصرفة منتظمة" prefix="ال" root="حلل" pattern="اِفْتِعَال" suffix="" />
				<ArabicLexical word="اَلْإِسْرَائِيلِيِّ" lemma="إِسْرَائِيلِيّ" pos="معربة" prefix="ال" root="إِسْرَائِيل" pattern="إِسْرَائِيل" suffix="يّ" />
				<ArabicLexical word="فِي" lemma="فِي" pos="جامدة" prefix="" root="فِي" pattern="فِي" suffix="" />
				<ArabicLexical word="اَلْبَحْثِ" lemma="بَحْث" pos="مصرفة منتظمة" prefix="ال" root="بحث" pattern="فَعْل" suffix="" />
				<ArabicLexical word="عَنْ" lemma="عَنْ" pos="جامدة" prefix="" root="عَنْ" pattern="عَنْ" suffix="" />
				<ArabicLexical word="اَلْمُكْتَشَفَاتِ" lemma="مُكْتَشَف" pos="مصرفة منتظمة" prefix="ال" root="كشف" pattern="مُفْتَعَل" suffix="ات" />
				<ArabicLexical word="اَلْأَثَرِيَّةِ" lemma="أَثَرِيّ" pos="مصرفة منتظمة" prefix="ال" root="أثر" pattern="فَعَل" suffix="يَّة" />
				<ArabicLexical word="اَلْفِلَسْطِينِيَّةِ" lemma="فِلَسْطِينِيّ" pos="معربة" prefix="ال" root="فِلَسْطِين" pattern="فِلَسْطِين" suffix="يَّة" />
				<ArabicLexical word="وَسَرِقَتِهَا" lemma="سَرِقَة" pos="مصرفة منتظمة" prefix="وَ" root="سرق" pattern="فَعِل" suffix="تهَا" />
				<ArabicLexical word="بِهَدَفِ" lemma="هَدَف" pos="مصرفة منتظمة" prefix="بِ" root="هدف" pattern="فَعَل" suffix="" />
				<ArabicLexical word="تَزْيِيفِ" lemma="تَزْيِيف" pos="مصرفة منتظمة" prefix="" root="زيف" pattern="تَفْعِيل" suffix="" />
				<ArabicLexical word="اَلتَّارِيخِ" lemma="تَارِيخ" pos="استثناء صرفي" prefix="ال" root="أرخ" pattern="تَارِيخ" suffix="" />
				<ArabicLexical word="كَانَ" lemma="كَانَ" pos="مصرفة منتظمة" prefix="" root="كون" pattern="فَعلَ" suffix="" />
				<ArabicLexical word="اَلدَّافِعَ" lemma="دَافِع" pos="مصرفة منتظمة" prefix="ال" root="دفع" pattern="فَاعِل" suffix="" />
				<ArabicLexical word="وَرَاءَ" lemma="وَرَاء" pos="مصرفة منتظمة" prefix="" root="وري" pattern="فَعَال" suffix="" />
				<ArabicLexical word="إِنْشَاءِ" lemma="إِنْشَاء" pos="مصرفة منتظمة" prefix="" root="نشأ" pattern="إِفْعَال" suffix="" />
				<ArabicLexical word="هذَا" lemma="ذَا" pos="جامدة" prefix="" root="ذَا" pattern="هذَا" suffix="" />
				<ArabicLexical word="اَلْمَتْحَفِ" lemma="مَتْحَف" pos="مصرفة منتظمة" prefix="ال" root="تحف" pattern="مَفْعَل" suffix="" />
				<ArabicLexical word="كَسَبِيلٍ" lemma="سَبِيل" pos="مصرفة منتظمة" prefix="كَ" root="سبل" pattern="فَعِيل" suffix="" />
				<ArabicLexical word="لِلْمُحَافَظَةِ" lemma="مُحَافَظَة" pos="مصرفة منتظمة" prefix="لِل" root="حفظ" pattern="مُفَاعَل" suffix="ة" />
				<ArabicLexical word="عَلَى" lemma="عَلَى" pos="جامدة" prefix="" root="عَلَى" pattern="عَلَى" suffix="" />
				<ArabicLexical word="جُزْءٍ" lemma="جُزْء" pos="مصرفة منتظمة" prefix="" root="جزأ" pattern="فُعْل" suffix="" />
				<ArabicLexical word="مِنْ" lemma="مِنْ" pos="جامدة" prefix="" root="مِنْ" pattern="مِنْ" suffix="" />
				<ArabicLexical word="اَلتُّرَاثِ" lemma="تُرَاث" pos="استثناء صرفي" prefix="ال" root="ورث" pattern="تُرَاث" suffix="" />
				<ArabicLexical word="اَلْكَنْعَانِيِّ" lemma="+" pos="غير عربية" prefix="" root="" pattern="" suffix="" />
				<ArabicLexical word="اَلْفِلَسْطِينِيِّ" lemma="فِلَسْطِينِيّ" pos="معربة" prefix="ال" root="فِلَسْطِين" pattern="فِلَسْطِين" suffix="يّ" />
				<ArabicLexical word="اَلْقَدِيمِ" lemma="قَدِيم" pos="مصرفة منتظمة" prefix="ال" root="قدم" pattern="فَعِيل" suffix="" />
				<ArabicLexical word="مِنْ" lemma="مِنْ" pos="جامدة" prefix="" root="مِنْ" pattern="مِنْ" suffix="" />
				<ArabicLexical word="اَلِانْدِثَارِ" lemma="انْدِثَار" pos="مصرفة منتظمة" prefix="ال" root="دثر" pattern="اِنْفِعَال" suffix="" />
				<ArabicLexical word="وَالضَّيَاعِ" lemma="ضَيَاع" pos="مصرفة منتظمة" prefix="وَال" root="ضيع" pattern="فَعَال" suffix="" />
			</annotation>
		</sentence>
		<sentence id="06813">
			<text>وَأَضَافَ اَلْعَقَّادُ اَلَّذِي يُطْلِقُ عَلَيْهِ اَلْفِلَسْطِينِيُّونَ لَقَبَ عَاشِقِ اَلْآثَارِ: كُنْتُ أُحَاوِلُ دَائِمًا حِفْظَ وَحِمَايَةَ تُرَاثِنَا وَآثَارِنَا بِقَدْرِ اَلْمُسْتَطَاعِ، وَإِنْقَاذَ مَا يُمْكِنُ إِنْقَاذُهُ مِنْ اَلِاحْتِلَالِ؛ لِأَنَّ اِسْتِلَابَ اَلتَّارِيخِ وَالتُّرَاثِ لَا يَقِلُّ خَطَرًا عَنْ اِسْتِلَابِ اَلْأَرْضِ وَالْوَطَنِ. </text>
			<annotation>
				<ArabicLexical word="وَأَضَافَ" lemma="أَضَافَ" pos="مصرفة منتظمة" prefix="وَ" root="ضيف" pattern="أَفَعلَ" suffix="" />
				<ArabicLexical word="اَلْعَقَّادُ" lemma="عَقَّاد" pos="مصرفة منتظمة" prefix="ال" root="عقد" pattern="فَعَّال" suffix="" />
				<ArabicLexical word="اَلَّذِي" lemma="اَلَّذِي" pos="جامدة" prefix="ال" root="اَلَّذِي" pattern="لَذِي" suffix="" />
				<ArabicLexical word="يُطْلِقُ" lemma="أَطْلَقَ" pos="مصرفة منتظمة" prefix="ي" root="طلق" pattern="أَفْعَلَ" suffix="" />
				<ArabicLexical word="عَلَيْهِ" lemma="عَلَى" pos="جامدة" prefix="" root="عَلَى" pattern="عَلَيْ" suffix="ه" />
				<ArabicLexical word="اَلْفِلَسْطِينِيُّونَ" lemma="فِلَسْطِينِيّ" pos="معربة" prefix="ال" root="فِلَسْطِين" pattern="فِلَسْطِين" suffix="يُّونَ" />
				<ArabicLexical word="لَقَبَ" lemma="لَقَب" pos="مصرفة منتظمة" prefix="" root="لقب" pattern="فَعَل" suffix="" />
				<ArabicLexical word="عَاشِقِ" lemma="عَاشِق" pos="مصرفة منتظمة" prefix="" root="عشق" pattern="فَاعِل" suffix="" />
				<ArabicLexical word="اَلْآثَارِ" lemma="أَثَر" pos="مصرفة منتظمة" prefix="ال" root="أثر" pattern="أَفعَال" suffix="" />
				<ArabicLexical word="كُنْتُ" lemma="كَانَ" pos="مصرفة منتظمة" prefix="" root="كون" pattern="فُعلْ" suffix="تُ" />
				<ArabicLexical word="أُحَاوِلُ" lemma="حَاوَلَ" pos="مصرفة منتظمة" prefix="أ" root="حول" pattern="فَاعَلَ" suffix="" />
				<ArabicLexical word="دَائِمًا" lemma="دَائِم" pos="مصرفة منتظمة" prefix="" root="دوم" pattern="فَاعِل" suffix="" />
				<ArabicLexical word="حِفْظَ" lemma="حِفْظ" pos="مصرفة منتظمة" prefix="" root="حفظ" pattern="فِعْل" suffix="" />
				<ArabicLexical word="وَحِمَايَةَ" lemma="حِمَايَة" pos="مصرفة منتظمة" prefix="وَ" root="حمي" pattern="فِعَال" suffix="ة" />
				<ArabicLexical word="تُرَاثِنَا" lemma="تُرَاث" pos="استثناء صرفي" prefix="" root="ورث" pattern="تُرَاث" suffix="نَا" />
				<ArabicLexical word="وَآثَارِنَا" lemma="أَثَر" pos="مصرفة منتظمة" prefix="وَ" root="أثر" pattern="أَفعَال" suffix="نَا" />
				<ArabicLexical word="بِقَدْرِ" lemma="قَدْر" pos="مصرفة منتظمة" prefix="بِ" root="قدر" pattern="فَعْل" suffix="" />
				<ArabicLexical word="اَلْمُسْتَطَاعِ" lemma="مُسْتَطَاع" pos="مصرفة منتظمة" prefix="ال" root="طوع" pattern="مُسْتَفَعل" suffix="" />
				<ArabicLexical word="وَإِنْقَاذَ" lemma="إِنْقَاذ" pos="مصرفة منتظمة" prefix="وَ" root="نقذ" pattern="إِفْعَال" suffix="" />
				<ArabicLexical word="مَا" lemma="مَا" pos="جامدة" prefix="" root="اَلَّذِي" pattern="مَا" suffix="" />
				<ArabicLexical word="يُمْكِنُ" lemma="أَمْكَنَ" pos="مصرفة منتظمة" prefix="ي" root="مكن" pattern="أَفْعَلَ" suffix="" />
				<ArabicLexical word="إِنْقَاذُهُ" lemma="إِنْقَاذ" pos="مصرفة منتظمة" prefix="" root="نقذ" pattern="إِفْعَال" suffix="ه" />
				<ArabicLexical word="مِنْ" lemma="مِنْ" pos="جامدة" prefix="" root="مِنْ" pattern="مِنْ" suffix="" />
				<ArabicLexical word="اَلِاحْتِلَالِ" lemma="احْتِلَال" pos="مصرفة منتظمة" prefix="ال" root="حلل" pattern="اِفْتِعَال" suffix="" />
				<ArabicLexical word="لِأَنَّ" lemma="أَنَّ" pos="جامدة" prefix="لِ" root="أَنَّ" pattern="أَنَّ" suffix="" />
				<ArabicLexical word="اِسْتِلَابَ" lemma="اسْتِلَاب" pos="مصرفة منتظمة" prefix="" root="سلب" pattern="اِفْتِعَال" suffix="" />
				<ArabicLexical word="اَلتَّارِيخِ" lemma="تَارِيخ" pos="استثناء صرفي" prefix="ال" root="أرخ" pattern="تَارِيخ" suffix="" />
				<ArabicLexical word="وَالتُّرَاثِ" lemma="تُرَاث" pos="استثناء صرفي" prefix="وَال" root="ورث" pattern="تُرَاث" suffix="" />
				<ArabicLexical word="لَا" lemma="لَا" pos="جامدة" prefix="" root="لَا" pattern="لَا" suffix="" />
				<ArabicLexical word="يَقِلُّ" lemma="قَلَّ" pos="مصرفة منتظمة" prefix="ي" root="قلل" pattern="فِلّ" suffix="" />
				<ArabicLexical word="خَطَرًا" lemma="خَطَر" pos="مصرفة منتظمة" prefix="" root="خطر" pattern="فَعَل" suffix="" />
				<ArabicLexical word="عَنْ" lemma="عَنْ" pos="جامدة" prefix="" root="عَنْ" pattern="عَنْ" suffix="" />
				<ArabicLexical word="اِسْتِلَابِ" lemma="اسْتِلَاب" pos="مصرفة منتظمة" prefix="" root="سلب" pattern="اِفْتِعَال" suffix="" />
				<ArabicLexical word="اَلْأَرْضِ" lemma="أَرْض" pos="مصرفة منتظمة" prefix="ال" root="أرض" pattern="فَعْل" suffix="" />
				<ArabicLexical word="وَالْوَطَنِ" lemma="وَطَن" pos="مصرفة منتظمة" prefix="وَال" root="وطن" pattern="فَعَل" suffix="" />
			</annotation>
		</sentence>
		<sentence id="06814">
			<text>وَأَشَارَ اَلْعَقَّادُ إِلَى أَنَّ رِحْلَتَهُ مَعَ اَلْآثَارِ تَزِيدُ عَنْ 15 عَامًا اِسْتَطَاعَ خِلَالَهَا جَمْعَ اَلْمِئَاتِ مِنْ اَلْوَثَائِقِ اَلتَّارِيخِيَّةِ وَالْمُكْتَشَفَاتِ اَلْأَثَرِيَّةِ اَلَّتِي لَمْ يَكُنْ فِي إِمْكَانِ اَلْجُمْهُورِ أَنْ يَرَاهَا دُونَ وَضْعِهَا فِي مَتْحَفٍ يَتَمَكَّنُ اَلزُّوَّارُ مِنْ اَلْوُصُولِ إِلَيْهِ. </text>
			<annotation>
				<ArabicLexical word="وَأَشَارَ" lemma="أَشَارَ" pos="مصرفة منتظمة" prefix="وَ" root="شور" pattern="أَفَعلَ" suffix="" />
				<ArabicLexical word="اَلْعَقَّادُ" lemma="عَقَّاد" pos="مصرفة منتظمة" prefix="ال" root="عقد" pattern="فَعَّال" suffix="" />
				<ArabicLexical word="إِلَى" lemma="إِلَى" pos="جامدة" prefix="" root="إِلَى" pattern="إِلَى" suffix="" />
				<ArabicLexical word="أَنَّ" lemma="أَنَّ" pos="جامدة" prefix="" root="أَنَّ" pattern="أَنَّ" suffix="" />
				<ArabicLexical word="رِحْلَتَهُ" lemma="رِحْلَة" pos="مصرفة منتظمة" prefix="" root="رحل" pattern="فِعْل" suffix="ته" />
				<ArabicLexical word="مَعَ" lemma="مَعَ" pos="جامدة" prefix="" root="مَعَ" pattern="مَعَ" suffix="" />
				<ArabicLexical word="اَلْآثَارِ" lemma="أَثَر" pos="مصرفة منتظمة" prefix="ال" root="أثر" pattern="أَفعَال" suffix="" />
				<ArabicLexical word="تَزِيدُ" lemma="زَادَ" pos="مصرفة منتظمة" prefix="ت" root="زيد" pattern="فِعل" suffix="" />
				<ArabicLexical word="عَنْ" lemma="عَنْ" pos="جامدة" prefix="" root="عَنْ" pattern="عَنْ" suffix="" />
				<ArabicLexical word="عَامًا" lemma="عَام" pos="مصرفة منتظمة" prefix="" root="عوم" pattern="فَعل" suffix="" />
				<ArabicLexical word="اِسْتَطَاعَ" lemma="اسْتَطَاعَ" pos="مصرفة منتظمة" prefix="" root="طوع" pattern="اِسْتَفَعلَ" suffix="" />
				<ArabicLexical word="خِلَالَهَا" lemma="خِلَال" pos="مصرفة منتظمة" prefix="" root="خلل" pattern="فِعَال" suffix="هَا" />
				<ArabicLexical word="جَمْعَ" lemma="جَمْع" pos="مصرفة منتظمة" prefix="" root="جمع" pattern="فَعْل" suffix="" />
				<ArabicLexical word="اَلْمِئَاتِ" lemma="مِئَة" pos="استثناء صرفي" prefix="ال" root="مأي" pattern="مِئَ" suffix="ات" />
				<ArabicLexical word="مِنْ" lemma="مِنْ" pos="جامدة" prefix="" root="مِنْ" pattern="مِنْ" suffix="" />
				<ArabicLexical word="اَلْوَثَائِقِ" lemma="وَثِيقَة" pos="مصرفة منتظمة" prefix="ال" root="وثق" pattern="فَعَائِل" suffix="" />
				<ArabicLexical word="اَلتَّارِيخِيَّةِ" lemma="تَارِيخِيّ" pos="استثناء صرفي" prefix="ال" root="أرخ" pattern="تَارِيخ" suffix="يَّة" />
				<ArabicLexical word="وَالْمُكْتَشَفَاتِ" lemma="مُكْتَشَف" pos="مصرفة منتظمة" prefix="وَال" root="كشف" pattern="مُفْتَعَل" suffix="ات" />
				<ArabicLexical word="اَلْأَثَرِيَّةِ" lemma="أَثَرِيّ" pos="مصرفة منتظمة" prefix="ال" root="أثر" pattern="فَعَل" suffix="يَّة" />
				<ArabicLexical word="اَلَّتِي" lemma="اَلَّذِي" pos="جامدة" prefix="ال" root="اَلَّذِي" pattern="لَتِي" suffix="" />
				<ArabicLexical word="لَمْ" lemma="لَمْ" pos="جامدة" prefix="" root="لَمْ" pattern="لَمْ" suffix="" />
				<ArabicLexical word="يَكُنْ" lemma="كَانَ" pos="مصرفة منتظمة" prefix="ي" root="كون" pattern="فُعلْ" suffix="" />
				<ArabicLexical word="فِي" lemma="فِي" pos="جامدة" prefix="" root="فِي" pattern="فِي" suffix="" />
				<ArabicLexical word="إِمْكَانِ" lemma="إِمْكَان" pos="مصرفة منتظمة" prefix="" root="مكن" pattern="إِفْعَال" suffix="" />
				<ArabicLexical word="اَلْجُمْهُورِ" lemma="جُمْهُور" pos="مصرفة منتظمة" prefix="ال" root="جمهر" pattern="فُعْلُول" suffix="" />
				<ArabicLexical word="أَنْ" lemma="أَنْ" pos="جامدة" prefix="" root="أَنْ" pattern="أَنْ" suffix="" />
				<ArabicLexical word="يَرَاهَا" lemma="رَأَى" pos="استثناء صرفي" prefix="ي" root="رأي" pattern="رَا" suffix="هَا" />
				<ArabicLexical word="دُونَ" lemma="دُون" pos="جامدة" prefix="" root="دُونَ" pattern="دُونَ" suffix="" />
				<ArabicLexical word="وَضْعِهَا" lemma="وَضْع" pos="مصرفة منتظمة" prefix="" root="وضع" pattern="فَعْل" suffix="هَا" />
				<ArabicLexical word="فِي" lemma="فِي" pos="جامدة" prefix="" root="فِي" pattern="فِي" suffix="" />
				<ArabicLexical word="مَتْحَفٍ" lemma="مَتْحَف" pos="مصرفة منتظمة" prefix="" root="تحف" pattern="مَفْعَل" suffix="" />
				<ArabicLexical word="يَتَمَكَّنُ" lemma="تَمَكَّنَ" pos="مصرفة منتظمة" prefix="ي" root="مكن" pattern="تَفَعَّلَ" suffix="" />
				<ArabicLexical word="اَلزُّوَّارُ" lemma="زَائِر" pos="مصرفة منتظمة" prefix="ال" root="زور" pattern="فُعَّال" suffix="" />
				<ArabicLexical word="مِنْ" lemma="مِنْ" pos="جامدة" prefix="" root="مِنْ" pattern="مِنْ" suffix="" />
				<ArabicLexical word="اَلْوُصُولِ" lemma="وُصُول" pos="مصرفة منتظمة" prefix="ال" root="وصل" pattern="فُعُول" suffix="" />
				<ArabicLexical word="إِلَيْهِ" lemma="إِلَى" pos="جامدة" prefix="" root="إِلَى" pattern="إِلَيْ" suffix="ه" />
			</annotation>
		</sentence>
		<sentence id="06815">
			<text>وَيَعْتَبِرُ اَلْعَقَّادُ اَلْحِفَاظَ عَلَى اَلتُّرَاثِ اَلْفِلَسْطِينِيِّ جُزْءًا مِنْ اَلنِّضَالِ ضِدَّ اَلْمُحْتَلِّ وَشَكْلًا آخَرَ لِمُقَاوَمَتِهِ. </text>
			<annotation>
				<ArabicLexical word="وَيَعْتَبِرُ" lemma="اعْتَبَرَ" pos="مصرفة منتظمة" prefix="وَي" root="عبر" pattern="اِفْتَعَلَ" suffix="" />
				<ArabicLexical word="اَلْعَقَّادُ" lemma="عَقَّاد" pos="مصرفة منتظمة" prefix="ال" root="عقد" pattern="فَعَّال" suffix="" />
				<ArabicLexical word="اَلْحِفَاظَ" lemma="حِفَاظ" pos="مصرفة منتظمة" prefix="ال" root="حفظ" pattern="فِعَال" suffix="" />
				<ArabicLexical word="عَلَى" lemma="عَلَى" pos="جامدة" prefix="" root="عَلَى" pattern="عَلَى" suffix="" />
				<ArabicLexical word="اَلتُّرَاثِ" lemma="تُرَاث" pos="استثناء صرفي" prefix="ال" root="ورث" pattern="تُرَاث" suffix="" />
				<ArabicLexical word="اَلْفِلَسْطِينِيِّ" lemma="فِلَسْطِينِيّ" pos="معربة" prefix="ال" root="فِلَسْطِين" pattern="فِلَسْطِين" suffix="يّ" />
				<ArabicLexical word="جُزْءًا" lemma="جُزْء" pos="مصرفة منتظمة" prefix="" root="جزأ" pattern="فُعْل" suffix="" />
				<ArabicLexical word="مِنْ" lemma="مِنْ" pos="جامدة" prefix="" root="مِنْ" pattern="مِنْ" suffix="" />
				<ArabicLexical word="اَلنِّضَالِ" lemma="نِضَال" pos="مصرفة منتظمة" prefix="ال" root="نضل" pattern="فِعَال" suffix="" />
				<ArabicLexical word="ضِدَّ" lemma="ضِدّ" pos="مصرفة منتظمة" prefix="" root="ضدد" pattern="فِلّ" suffix="" />
				<ArabicLexical word="اَلْمُحْتَلِّ" lemma="مُحْتَلّ" pos="مصرفة منتظمة" prefix="ال" root="حلل" pattern="مُفْتَلّ" suffix="" />
				<ArabicLexical word="وَشَكْلًا" lemma="شَكْل" pos="مصرفة منتظمة" prefix="وَ" root="شكل" pattern="فَعْل" suffix="" />
				<ArabicLexical word="آخَرَ" lemma="آخَر" pos="مصرفة منتظمة" prefix="" root="أخر" pattern="أَفعَل" suffix="" />
				<ArabicLexical word="لِمُقَاوَمَتِهِ" lemma="مُقَاوَمَة" pos="مصرفة منتظمة" prefix="لِ" root="قوم" pattern="مُفَاعَل" suffix="ته" />
			</annotation>
		</sentence>
		<sentence id="06816">
			<text>وَمَتْحَفُ اَلْعَقَّادِ مُقَامٌ بِأَحَدِ اَلْمَنَازِلِ اَلرِّيفِيَّةِ، وَهُوَ مُقَسَّمٌ إِلَى قِسْمَيْنِ: اَلْأَوَّلُ يَخْتَصُّ بِالْآثَارِ وَالثَّانِي بِالتُّرَاثِ. وَيَضُمُّ قِسْمُ اَلْآثَارِ عِدَّةَ أَرْكَانٍ؛ يَحْتَوِي أَحَدُهَا عَلَى مَجْمُوعَةٍ كَبِيرَةٍ مِنْ اَلْآثَارِ اَلرُّومَانِيَّةِ اَلَّتِي تَعُودُ إِلَى تَارِيخِ مَا قَبْلَ اَلْمِيلَادِ، إِضَافَةً إِلَى كَمِّيَّةٍ كَبِيرَةٍ مِنْ اَلنُّقُودِ اَلْمَعْدِنِيَّةِ اَلتُّرْكِيَّةِ وَالْعَرَبِيَّةِ وَالرُّومَانِيَّةِ اَلَّتِي كَانَتْ تُسْتَخْدَمُ فِي أَزْمِنَةٍ مُخْتَلِفَةٍ. </text>
			<annotation>
				<ArabicLexical word="وَمَتْحَفُ" lemma="مَتْحَف" pos="مصرفة منتظمة" prefix="وَ" root="تحف" pattern="مَفْعَل" suffix="" />
				<ArabicLexical word="اَلْعَقَّادِ" lemma="عَقَّاد" pos="مصرفة منتظمة" prefix="ال" root="عقد" pattern="فَعَّال" suffix="" />
				<ArabicLexical word="مُقَامٌ" lemma="مُقَام" pos="مصرفة منتظمة" prefix="" root="قوم" pattern="مُفَعل" suffix="" />
				<ArabicLexical word="بِأَحَدِ" lemma="أَحَد" pos="مصرفة منتظمة" prefix="بِ" root="أحد" pattern="فَعَل" suffix="" />
				<ArabicLexical word="اَلْمَنَازِلِ" lemma="مَنْزِل" pos="مصرفة منتظمة" prefix="ال" root="نزل" pattern="مَفَاعِل" suffix="" />
				<ArabicLexical word="اَلرِّيفِيَّةِ" lemma="رِيفِيّ" pos="مصرفة منتظمة" prefix="ال" root="ريف" pattern="فِعل" suffix="يَّة" />
				<ArabicLexical word="وَهُوَ" lemma="هُو" pos="جامدة" prefix="وَ" root="هُوَ" pattern="هُوَ" suffix="" />
				<ArabicLexical word="مُقَسَّمٌ" lemma="مُقَسَّم" pos="مصرفة منتظمة" prefix="" root="قسم" pattern="مُفَعَّل" suffix="" />
				<ArabicLexical word="إِلَى" lemma="إِلَى" pos="جامدة" prefix="" root="إِلَى" pattern="إِلَى" suffix="" />
				<ArabicLexical word="قِسْمَيْنِ" lemma="قِسْم" pos="مصرفة منتظمة" prefix="" root="قسم" pattern="فِعْل" suffix="يْنِ" />
				<ArabicLexical word="اَلْأَوَّلُ" lemma="أَوَّل" pos="استثناء صرفي" prefix="ال" root="أول" pattern="أَوَّل" suffix="" />
				<ArabicLexical word="يَخْتَصُّ" lemma="اخْتَصَّ" pos="مصرفة منتظمة" prefix="ي" root="خصص" pattern="اِفْتَلَّ" suffix="" />
				<ArabicLexical word="بِالْآثَارِ" lemma="أَثَر" pos="مصرفة منتظمة" prefix="بِال" root="أثر" pattern="أَفعَال" suffix="" />
				<ArabicLexical word="وَالثَّانِي" lemma="ثَانِي" pos="مصرفة منتظمة" prefix="وَال" root="ثني" pattern="فَاعِل" suffix="" />
				<ArabicLexical word="بِالتُّرَاثِ" lemma="تُرَاث" pos="استثناء صرفي" prefix="بِال" root="ورث" pattern="تُرَاث" suffix="" />
				<ArabicLexical word="وَيَضُمُّ" lemma="ضَمَّ" pos="مصرفة منتظمة" prefix="وَي" root="ضمم" pattern="فُلّ" suffix="" />
				<ArabicLexical word="قِسْمُ" lemma="قِسْم" pos="مصرفة منتظمة" prefix="" root="قسم" pattern="فِعْل" suffix="" />
				<ArabicLexical word="اَلْآثَارِ" lemma="أَثَر" pos="مصرفة منتظمة" prefix="ال" root="أثر" pattern="أَفعَال" suffix="" />
				<ArabicLexical word="عِدَّةَ" lemma="عِدَّة" pos="مصرفة منتظمة" prefix="" root="عدد" pattern="فِلّ" suffix="ة" />
				<ArabicLexical word="أَرْكَانٍ" lemma="رُكْن" pos="مصرفة منتظمة" prefix="" root="ركن" pattern="أَفْعَال" suffix="" />
				<ArabicLexical word="يَحْتَوِي" lemma="احْتَوَى" pos="مصرفة منتظمة" prefix="ي" root="حوي" pattern="اِفْتَعِل" suffix="" />
				<ArabicLexical word="أَحَدُهَا" lemma="أَحَد" pos="مصرفة منتظمة" prefix="" root="أحد" pattern="فَعَل" suffix="هَا" />
				<ArabicLexical word="عَلَى" lemma="عَلَى" pos="جامدة" prefix="" root="عَلَى" pattern="عَلَى" suffix="" />
				<ArabicLexical word="مَجْمُوعَةٍ" lemma="مَجْمُوع" pos="مصرفة منتظمة" prefix="" root="جمع" pattern="مَفْعُول" suffix="ة" />
				<ArabicLexical word="كَبِيرَةٍ" lemma="كَبِير" pos="مصرفة منتظمة" prefix="" root="كبر" pattern="فَعِيل" suffix="ة" />
				<ArabicLexical word="مِنْ" lemma="مِنْ" pos="جامدة" prefix="" root="مِنْ" pattern="مِنْ" suffix="" />
				<ArabicLexical word="اَلْآثَارِ" lemma="أَثَر" pos="مصرفة منتظمة" prefix="ال" root="أثر" pattern="أَفعَال" suffix="" />
				<ArabicLexical word="اَلرُّومَانِيَّةِ" lemma="رُومَانِيّ" pos="غير عربية" prefix="" root="" pattern="" suffix="" />
				<ArabicLexical word="اَلَّتِي" lemma="اَلَّذِي" pos="جامدة" prefix="ال" root="اَلَّذِي" pattern="لَتِي" suffix="" />
				<ArabicLexical word="تَعُودُ" lemma="عَادَ" pos="مصرفة منتظمة" prefix="ت" root="عود" pattern="فُعل" suffix="" />
				<ArabicLexical word="إِلَى" lemma="إِلَى" pos="جامدة" prefix="" root="إِلَى" pattern="إِلَى" suffix="" />
				<ArabicLexical word="تَارِيخِ" lemma="تَارِيخ" pos="استثناء صرفي" prefix="" root="أرخ" pattern="تَارِيخ" suffix="" />
				<ArabicLexical word="مَا" lemma="مَا" pos="جامدة" prefix="" root="اَلَّذِي" pattern="مَا" suffix="" />
				<ArabicLexical word="قَبْلَ" lemma="قَبْل" pos="مصرفة منتظمة" prefix="" root="قبل" pattern="فَعْل" suffix="" />
				<ArabicLexical word="اَلْمِيلَادِ" lemma="مِيلَاد" pos="مصرفة منتظمة" prefix="ال" root="ولد" pattern="مِفعَال" suffix="" />
				<ArabicLexical word="إِضَافَةً" lemma="إِضَافَة" pos="مصرفة منتظمة" prefix="" root="ضيف" pattern="إِفَعالَ" suffix="ة" />
				<ArabicLexical word="إِلَى" lemma="إِلَى" pos="جامدة" prefix="" root="إِلَى" pattern="إِلَى" suffix="" />
				<ArabicLexical word="كَمِّيَّةٍ" lemma="كَمِّيَّة" pos="جامدة" prefix="" root="كَمْ" pattern="كَمّ" suffix="يَّة" />
				<ArabicLexical word="كَبِيرَةٍ" lemma="كَبِير" pos="مصرفة منتظمة" prefix="" root="كبر" pattern="فَعِيل" suffix="ة" />
				<ArabicLexical word="مِنْ" lemma="مِنْ" pos="جامدة" prefix="" root="مِنْ" pattern="مِنْ" suffix="" />
				<ArabicLexical word="اَلنُّقُودِ" lemma="نَقْد" pos="مصرفة منتظمة" prefix="ال" root="نقد" pattern="فُعُول" suffix="" />
				<ArabicLexical word="اَلْمَعْدِنِيَّةِ" lemma="مَعْدِنِيّ" pos="مصرفة منتظمة" prefix="ال" root="عدن" pattern="مَفْعِل" suffix="يَّة" />
				<ArabicLexical word="اَلتُّرْكِيَّةِ" lemma="تُرْكِيّ" pos="غير عربية" prefix="" root="" pattern="" suffix="" />
				<ArabicLexical word="وَالْعَرَبِيَّةِ" lemma="عَرَبِيّ" pos="مصرفة منتظمة" prefix="وَال" root="عرب" pattern="فَعَل" suffix="يَّة" />
				<ArabicLexical word="وَالرُّومَانِيَّةِ" lemma="رُومَانِيّ" pos="غير عربية" prefix="" root="" pattern="" suffix="" />
				<ArabicLexical word="اَلَّتِي" lemma="اَلَّذِي" pos="جامدة" prefix="ال" root="اَلَّذِي" pattern="لَتِي" suffix="" />
				<ArabicLexical word="كَانَتْ" lemma="كَانَ" pos="مصرفة منتظمة" prefix="" root="كون" pattern="فَعلَ" suffix="تْ" />
				<ArabicLexical word="تُسْتَخْدَمُ" lemma="اسْتَخْدَمَ" pos="مصرفة منتظمة" prefix="تُ" root="خدم" pattern="اِسْتَفْعَلَ" suffix="" />
				<ArabicLexical word="فِي" lemma="فِي" pos="جامدة" prefix="" root="فِي" pattern="فِي" suffix="" />
				<ArabicLexical word="أَزْمِنَةٍ" lemma="زَمَان" pos="مصرفة منتظمة" prefix="" root="زمن" pattern="أَفْعِلَ" suffix="ة" />
				<ArabicLexical word="مُخْتَلِفَةٍ" lemma="مُخْتَلِف" pos="مصرفة منتظمة" prefix="" root="خلف" pattern="مُفْتَعِل" suffix="ة" />
			</annotation>
		</sentence>
		<sentence id="06817">
			<text> </text>
			<annotation>
			</annotation>
		</sentence>
		<sentence id="06818">
			<text>اَلْمَتْحَفُ يَضُمُّ عُمُلَاتٍ قَدِيمَةً</text>
			<annotation>
				<ArabicLexical word="اَلْمَتْحَفُ" lemma="مَتْحَف" pos="مصرفة منتظمة" prefix="ال" root="تحف" pattern="مَفْعَل" suffix="" />
				<ArabicLexical word="يَضُمُّ" lemma="ضَمَّ" pos="مصرفة منتظمة" prefix="ي" root="ضمم" pattern="فُلّ" suffix="" />
				<ArabicLexical word="عُمُلَاتٍ" lemma="عُمْلَة" pos="مصرفة منتظمة" prefix="" root="عمل" pattern="فُعُل" suffix="ات" />
				<ArabicLexical word="قَدِيمَةً" lemma="قَدِيم" pos="مصرفة منتظمة" prefix="" root="قدم" pattern="فَعِيل" suffix="ة" />
			</annotation>
		</sentence>
		<sentence id="06819">
			<text> </text>
			<annotation>
			</annotation>
		</sentence>
		<sentence id="06820">
			<text>وَفِي رُكْنٍ آخَرَ يُوجَدُ عَدَدٌ مُتَنَوِّعٌ مِنْ اَلْأَسْلِحَةِ يَعُودُ تَارِيخُ بَعْضِهَا إِلَى مَا قَبْلَ عَامِ 1948 وَإِبَّانَ اَلْعُدْوَانِ اَلثُّلَاثِيِّ عَلَى مِصْرَ عَامَ 1956، عَلَاوَةً عَلَى عَدَدٍ كَبِيرٍ مِنْ اَلذَّخَائِرِ يَرْجِعُ تَارِيخُ تَصْنِيعِ بَعْضِهَا إِلَى عَامِ 1900. </text>
			<annotation>
				<ArabicLexical word="وَفِي" lemma="فِي" pos="جامدة" prefix="وَ" root="فِي" pattern="فِي" suffix="" />
				<ArabicLexical word="رُكْنٍ" lemma="رُكْن" pos="مصرفة منتظمة" prefix="" root="ركن" pattern="فُعْل" suffix="" />
				<ArabicLexical word="آخَرَ" lemma="آخَر" pos="مصرفة منتظمة" prefix="" root="أخر" pattern="أَفعَل" suffix="" />
				<ArabicLexical word="يُوجَدُ" lemma="وَجَدَ" pos="مصرفة منتظمة" prefix="يُ" root="وجد" pattern="فعَل" suffix="" />
				<ArabicLexical word="عَدَدٌ" lemma="عَدَد" pos="مصرفة منتظمة" prefix="" root="عدد" pattern="فَعَل" suffix="" />
				<ArabicLexical word="مُتَنَوِّعٌ" lemma="مُتَنَوِّع" pos="مصرفة منتظمة" prefix="" root="نوع" pattern="مُتَفَعِّل" suffix="" />
				<ArabicLexical word="مِنْ" lemma="مِنْ" pos="جامدة" prefix="" root="مِنْ" pattern="مِنْ" suffix="" />
				<ArabicLexical word="اَلْأَسْلِحَةِ" lemma="سِلَاح" pos="مصرفة منتظمة" prefix="ال" root="سلح" pattern="أَفْعِلَ" suffix="ة" />
				<ArabicLexical word="يَعُودُ" lemma="عَادَ" pos="مصرفة منتظمة" prefix="ي" root="عود" pattern="فُعل" suffix="" />
				<ArabicLexical word="تَارِيخُ" lemma="تَارِيخ" pos="استثناء صرفي" prefix="" root="أرخ" pattern="تَارِيخ" suffix="" />
				<ArabicLexical word="بَعْضِهَا" lemma="بَعْض" pos="مصرفة منتظمة" prefix="" root="بعض" pattern="فَعْل" suffix="هَا" />
				<ArabicLexical word="إِلَى" lemma="إِلَى" pos="جامدة" prefix="" root="إِلَى" pattern="إِلَى" suffix="" />
				<ArabicLexical word="مَا" lemma="مَا" pos="جامدة" prefix="" root="اَلَّذِي" pattern="مَا" suffix="" />
				<ArabicLexical word="قَبْلَ" lemma="قَبْل" pos="مصرفة منتظمة" prefix="" root="قبل" pattern="فَعْل" suffix="" />
				<ArabicLexical word="عَامِ" lemma="عَام" pos="مصرفة منتظمة" prefix="" root="عوم" pattern="فَعل" suffix="" />
				<ArabicLexical word="وَإِبَّانَ" lemma="إِبَّان" pos="جامدة" prefix="وَ" root="إِبَّانَ" pattern="إِبَّانَ" suffix="" />
				<ArabicLexical word="اَلْعُدْوَانِ" lemma="عُدْوَان" pos="مصرفة منتظمة" prefix="ال" root="عدو" pattern="فُعْلَان" suffix="" />
				<ArabicLexical word="اَلثُّلَاثِيِّ" lemma="ثُلَاثِيّ" pos="مصرفة منتظمة" prefix="ال" root="ثلث" pattern="فُعَال" suffix="يّ" />
				<ArabicLexical word="عَلَى" lemma="عَلَى" pos="جامدة" prefix="" root="عَلَى" pattern="عَلَى" suffix="" />
				<ArabicLexical word="مِصْرَ" lemma="مِصْر" pos="مصرفة منتظمة" prefix="" root="مصر" pattern="فِعْل" suffix="" />
				<ArabicLexical word="عَامَ" lemma="عَام" pos="مصرفة منتظمة" prefix="" root="عوم" pattern="فَعل" suffix="" />
				<ArabicLexical word="عَلَاوَةً" lemma="عَلَاوَة" pos="مصرفة منتظمة" prefix="" root="علو" pattern="فَعَال" suffix="ة" />
				<ArabicLexical word="عَلَى" lemma="عَلَى" pos="جامدة" prefix="" root="عَلَى" pattern="عَلَى" suffix="" />
				<ArabicLexical word="عَدَدٍ" lemma="عَدَد" pos="مصرفة منتظمة" prefix="" root="عدد" pattern="فَعَل" suffix="" />
				<ArabicLexical word="كَبِيرٍ" lemma="كَبِير" pos="مصرفة منتظمة" prefix="" root="كبر" pattern="فَعِيل" suffix="" />
				<ArabicLexical word="مِنْ" lemma="مِنْ" pos="جامدة" prefix="" root="مِنْ" pattern="مِنْ" suffix="" />
				<ArabicLexical word="اَلذَّخَائِرِ" lemma="ذَخِيرَة" pos="مصرفة منتظمة" prefix="ال" root="ذخر" pattern="فَعَائِل" suffix="" />
				<ArabicLexical word="يَرْجِعُ" lemma="رَجَعَ" pos="مصرفة منتظمة" prefix="ي" root="رجع" pattern="فْعِل" suffix="" />
				<ArabicLexical word="تَارِيخُ" lemma="تَارِيخ" pos="استثناء صرفي" prefix="" root="أرخ" pattern="تَارِيخ" suffix="" />
				<ArabicLexical word="تَصْنِيعِ" lemma="تَصْنِيع" pos="مصرفة منتظمة" prefix="" root="صنع" pattern="تَفْعِيل" suffix="" />
				<ArabicLexical word="بَعْضِهَا" lemma="بَعْض" pos="مصرفة منتظمة" prefix="" root="بعض" pattern="فَعْل" suffix="هَا" />
				<ArabicLexical word="إِلَى" lemma="إِلَى" pos="جامدة" prefix="" root="إِلَى" pattern="إِلَى" suffix="" />
				<ArabicLexical word="عَامِ" lemma="عَام" pos="مصرفة منتظمة" prefix="" root="عوم" pattern="فَعل" suffix="" />
			</annotation>
		</sentence>
		<sentence id="06821">
			<text>أَمَّا قِسْمُ اَلتُّرَاثِ فَيَضُمُّ رُكْنًا يَحْتَوِي عَلَى أَدَوَاتٍ حَرْبِيَّةٍ كَانَتْ تُسْتَخْدَمُ فِي مُوَاجَهَةِ اَلِاحْتِلَالِ اَلْإِسْرَائِيلِيِّ أَثْنَاءَ سَنَوَاتِ اَلِانْتِفَاضَةِ مِثْلِ اَلْمِقْلَاعِ وَالْأَحْجَارِ وَالسَّكَاكِينِ وَالْخَنَاجِرِ، وَعَدَدٍ كَبِيرٍ مِنْ اَلصُّوَرِ اَلْفُوتُوغِرَافِيَّةِ لِجَرْحَى وَأَسْرَى وَشُهَدَاءِ اَلِانْتِفَاضَةِ اَلْأُولَى، إِضَافَةً إِلَى نَمَاذِجَ لِلْأَعْمَالِ اَلْيَدَوِيَّةِ اَلَّتِي أَنْتَجَهَا اَلْأَسْرَى دَاخِلَ سُجُونِ اَلِاحْتِلَالِ. </text>
			<annotation>
				<ArabicLexical word="أَمَّا" lemma="أَمَّا" pos="جامدة" prefix="" root="أَمَّا" pattern="أَمَّا" suffix="" />
				<ArabicLexical word="قِسْمُ" lemma="قِسْم" pos="مصرفة منتظمة" prefix="" root="قسم" pattern="فِعْل" suffix="" />
				<ArabicLexical word="اَلتُّرَاثِ" lemma="تُرَاث" pos="استثناء صرفي" prefix="ال" root="ورث" pattern="تُرَاث" suffix="" />
				<ArabicLexical word="فَيَضُمُّ" lemma="ضَمَّ" pos="مصرفة منتظمة" prefix="فَي" root="ضمم" pattern="فُلّ" suffix="" />
				<ArabicLexical word="رُكْنًا" lemma="رُكْن" pos="مصرفة منتظمة" prefix="" root="ركن" pattern="فُعْل" suffix="" />
				<ArabicLexical word="يَحْتَوِي" lemma="احْتَوَى" pos="مصرفة منتظمة" prefix="ي" root="حوي" pattern="اِفْتَعِل" suffix="" />
				<ArabicLexical word="عَلَى" lemma="عَلَى" pos="جامدة" prefix="" root="عَلَى" pattern="عَلَى" suffix="" />
				<ArabicLexical word="أَدَوَاتٍ" lemma="أَدَاة" pos="مصرفة منتظمة" prefix="" root="أدو" pattern="فَعَل" suffix="ات" />
				<ArabicLexical word="حَرْبِيَّةٍ" lemma="حَرْبِيّ" pos="مصرفة منتظمة" prefix="" root="حرب" pattern="فَعْل" suffix="يَّة" />
				<ArabicLexical word="كَانَتْ" lemma="كَانَ" pos="مصرفة منتظمة" prefix="" root="كون" pattern="فَعلَ" suffix="تْ" />
				<ArabicLexical word="تُسْتَخْدَمُ" lemma="اسْتَخْدَمَ" pos="مصرفة منتظمة" prefix="تُ" root="خدم" pattern="اِسْتَفْعَلَ" suffix="" />
				<ArabicLexical word="فِي" lemma="فِي" pos="جامدة" prefix="" root="فِي" pattern="فِي" suffix="" />
				<ArabicLexical word="مُوَاجَهَةِ" lemma="مُوَاجَهَة" pos="مصرفة منتظمة" prefix="" root="وجه" pattern="مُفَاعَل" suffix="ة" />
				<ArabicLexical word="اَلِاحْتِلَالِ" lemma="احْتِلَال" pos="مصرفة منتظمة" prefix="ال" root="حلل" pattern="اِفْتِعَال" suffix="" />
				<ArabicLexical word="اَلْإِسْرَائِيلِيِّ" lemma="إِسْرَائِيلِيّ" pos="معربة" prefix="ال" root="إِسْرَائِيل" pattern="إِسْرَائِيل" suffix="يّ" />
				<ArabicLexical word="أَثْنَاءَ" lemma="أَثْنَاءَ" pos="مصرفة منتظمة" prefix="" root="ثني" pattern="أَفْعَال" suffix="" />
				<ArabicLexical word="سَنَوَاتِ" lemma="سَنَة" pos="استثناء صرفي" prefix="" root="سنه" pattern="سَنَوَ" suffix="ات" />
				<ArabicLexical word="اَلِانْتِفَاضَةِ" lemma="انْتِفَاضَة" pos="مصرفة منتظمة" prefix="ال" root="نفض" pattern="اِفْتِعَال" suffix="ة" />
				<ArabicLexical word="مِثْلِ" lemma="مِثْل" pos="مصرفة منتظمة" prefix="" root="مثل" pattern="فِعْل" suffix="" />
				<ArabicLexical word="اَلْمِقْلَاعِ" lemma="مِقْلَاع" pos="مصرفة منتظمة" prefix="ال" root="قلع" pattern="مِفْعَال" suffix="" />
				<ArabicLexical word="وَالْأَحْجَارِ" lemma="حَجَر" pos="مصرفة منتظمة" prefix="وَال" root="حجر" pattern="أَفْعَال" suffix="" />
				<ArabicLexical word="وَالسَّكَاكِينِ" lemma="سِكِّين" pos="مصرفة منتظمة" prefix="وَال" root="سكن" pattern="فَعَاعِيل" suffix="" />
				<ArabicLexical word="وَالْخَنَاجِرِ" lemma="خَنْجَر" pos="مصرفة منتظمة" prefix="وَال" root="خنجر" pattern="فَعَالِل" suffix="" />
				<ArabicLexical word="وَعَدَدٍ" lemma="عَدَد" pos="مصرفة منتظمة" prefix="وَ" root="عدد" pattern="فَعَل" suffix="" />
				<ArabicLexical word="كَبِيرٍ" lemma="كَبِير" pos="مصرفة منتظمة" prefix="" root="كبر" pattern="فَعِيل" suffix="" />
				<ArabicLexical word="مِنْ" lemma="مِنْ" pos="جامدة" prefix="" root="مِنْ" pattern="مِنْ" suffix="" />
				<ArabicLexical word="اَلصُّوَرِ" lemma="صُورَة" pos="مصرفة منتظمة" prefix="ال" root="صور" pattern="فُعَل" suffix="" />
				<ArabicLexical word="اَلْفُوتُوغْرَافِيَّةِ" lemma="فُوتُوغْرَافِيّ" pos="غير عربية" prefix="" root="" pattern="" suffix="" />
				<ArabicLexical word="لِجَرْحَى" lemma="جَرِيح" pos="مصرفة منتظمة" prefix="لِ" root="جرح" pattern="فَعْلَى" suffix="" />
				<ArabicLexical word="وَأَسْرَى" lemma="أَسِير" pos="مصرفة منتظمة" prefix="وَ" root="أسر" pattern="فَعْلَى" suffix="" />
				<ArabicLexical word="وَشُهَدَاءِ" lemma="شَهِيد" pos="مصرفة منتظمة" prefix="وَ" root="شهد" pattern="فُعَلَاء" suffix="" />
				<ArabicLexical word="اَلِانْتِفَاضَةِ" lemma="انْتِفَاضَة" pos="مصرفة منتظمة" prefix="ال" root="نفض" pattern="اِفْتِعَال" suffix="ة" />
				<ArabicLexical word="اَلْأُولَى" lemma="أَوَّل" pos="مصرفة منتظمة" prefix="ال" root="أول" pattern="فُعلَى" suffix="" />
				<ArabicLexical word="إِضَافَةً" lemma="إِضَافَة" pos="مصرفة منتظمة" prefix="" root="ضيف" pattern="إِفَعالَ" suffix="ة" />
				<ArabicLexical word="إِلَى" lemma="إِلَى" pos="جامدة" prefix="" root="إِلَى" pattern="إِلَى" suffix="" />
				<ArabicLexical word="نَمَاذِجَ" lemma="نَمُوذَج" pos="مصرفة منتظمة" prefix="" root="نمذج" pattern="فَعَالِل" suffix="" />
				<ArabicLexical word="لِلْأَعْمَالِ" lemma="عَمَل" pos="مصرفة منتظمة" prefix="لِل" root="عمل" pattern="أَفْعَال" suffix="" />
				<ArabicLexical word="اَلْيَدَوِيَّةِ" lemma="يَدَوِيّ" pos="مصرفة منتظمة" prefix="ال" root="يدي" pattern="فَعَلِ" suffix="يَّة" />
				<ArabicLexical word="اَلَّتِي" lemma="اَلَّذِي" pos="جامدة" prefix="ال" root="اَلَّذِي" pattern="لَتِي" suffix="" />
				<ArabicLexical word="أَنْتَجَهَا" lemma="أَنْتَجَ" pos="مصرفة منتظمة" prefix="" root="نتج" pattern="أَفْعَلَ" suffix="هَا" />
				<ArabicLexical word="اَلْأَسْرَى" lemma="أَسِير" pos="مصرفة منتظمة" prefix="ال" root="أسر" pattern="فَعْلَى" suffix="" />
				<ArabicLexical word="دَاخِلَ" lemma="دَاخِل" pos="مصرفة منتظمة" prefix="" root="دخل" pattern="فَاعِل" suffix="" />
				<ArabicLexical word="سُجُونِ" lemma="سِجْن" pos="مصرفة منتظمة" prefix="" root="سجن" pattern="فُعُول" suffix="" />
				<ArabicLexical word="اَلِاحْتِلَالِ" lemma="احْتِلَال" pos="مصرفة منتظمة" prefix="ال" root="حلل" pattern="اِفْتِعَال" suffix="" />
			</annotation>
		</sentence>
		<sentence id="06822">
			<text>كَمَا تُوجَدُ مَكْتَبَةٌ تَارِيخِيَّةٌ تَضُمُّ مَجْمُوعَةً مِنْ اَلْكُتُبِ اَلْمُخْتَلِفَةِ اَلَّتِي تَدُورُ حَوْلَ اَلِانْتِفَاضَةِ مِثْلِ: يَوْمِ اَلْأَرْضِ، وَالِانْتِفَاضَةِ بَيْنَ اَلْجُذُورِ وَالْآفَاقِ وَغَيْرِهَا. وَيُوجَدُ رُكْنٌ آخَرُ خَاصٌّ بِالْأَدَوَاتِ اَلْفَنِّيَّةِ اَلَّتِي كَانَتْ تُسْتَخْدَمُ قَدِيمًا لِلْعَزْفِ اَلْمُوسِيقِيِّ فِي اَلْأَفْرَاحِ مِثْلِ: اَلْيَرْغُولْ وَالشَّبَّابَةِ وَالرَّبَابَةِ، وَأَدَوَاتٍ زِرَاعِيَّةٍ مِثْلِ اَلْمِنْجَلِ وَالْمِحْرَاثِ اَلْقَدِيمِ وَالْمِذْرَاةِ وَالْهُوجَا، بِالْإِضَافَةِ إِلَى بَعْضِ أَدَوَاتِ اَلْفُرُوسِيَّةِ. </text>
			<annotation>
				<ArabicLexical word="كَمَا" lemma="مَا" pos="جامدة" prefix="كَ" root="اَلَّذِي" pattern="مَا" suffix="" />
				<ArabicLexical word="تُوجَدُ" lemma="وَجَدَ" pos="مصرفة منتظمة" prefix="تُ" root="وجد" pattern="فعَل" suffix="" />
				<ArabicLexical word="مَكْتَبَةٌ" lemma="مَكْتَبَة" pos="مصرفة منتظمة" prefix="" root="كتب" pattern="مَفْعَل" suffix="ة" />
				<ArabicLexical word="تَارِيخِيَّةٌ" lemma="تَارِيخِيّ" pos="استثناء صرفي" prefix="" root="أرخ" pattern="تَارِيخ" suffix="يَّة" />
				<ArabicLexical word="تَضُمُّ" lemma="ضَمَّ" pos="مصرفة منتظمة" prefix="ت" root="ضمم" pattern="فُلّ" suffix="" />
				<ArabicLexical word="مَجْمُوعَةً" lemma="مَجْمُوعَة" pos="مصرفة منتظمة" prefix="" root="جمع" pattern="مَفْعُول" suffix="ة" />
				<ArabicLexical word="مِنْ" lemma="مِنْ" pos="جامدة" prefix="" root="مِنْ" pattern="مِنْ" suffix="" />
				<ArabicLexical word="اَلْكُتُبِ" lemma="كِتَاب" pos="مصرفة منتظمة" prefix="ال" root="كتب" pattern="فُعُل" suffix="" />
				<ArabicLexical word="اَلْمُخْتَلِفَةِ" lemma="مُخْتَلِف" pos="مصرفة منتظمة" prefix="ال" root="خلف" pattern="مُفْتَعِل" suffix="ة" />
				<ArabicLexical word="اَلَّتِي" lemma="اَلَّذِي" pos="جامدة" prefix="ال" root="اَلَّذِي" pattern="لَتِي" suffix="" />
				<ArabicLexical word="تَدُورُ" lemma="دَارَ" pos="مصرفة منتظمة" prefix="ت" root="دور" pattern="فُعل" suffix="" />
				<ArabicLexical word="حَوْلَ" lemma="حَوْل" pos="مصرفة منتظمة" prefix="" root="حول" pattern="فَعْل" suffix="" />
				<ArabicLexical word="اَلِانْتِفَاضَةِ" lemma="انْتِفَاضَة" pos="مصرفة منتظمة" prefix="ال" root="نفض" pattern="اِفْتِعَال" suffix="ة" />
				<ArabicLexical word="مِثْلِ" lemma="مِثْل" pos="مصرفة منتظمة" prefix="" root="مثل" pattern="فِعْل" suffix="" />
				<ArabicLexical word="يَوْمِ" lemma="يَوْم" pos="مصرفة منتظمة" prefix="" root="يوم" pattern="فَعْل" suffix="" />
				<ArabicLexical word="اَلْأَرْضِ" lemma="أَرْض" pos="مصرفة منتظمة" prefix="ال" root="أرض" pattern="فَعْل" suffix="" />
				<ArabicLexical word="وَالِانْتِفَاضَةِ" lemma="انْتِفَاضَة" pos="مصرفة منتظمة" prefix="وَال" root="نفض" pattern="اِفْتِعَال" suffix="ة" />
				<ArabicLexical word="بَيْنَ" lemma="بَيْنَ" pos="مصرفة منتظمة" prefix="" root="بين" pattern="فَعْل" suffix="" />
				<ArabicLexical word="اَلْجُذُورِ" lemma="جِذْر" pos="مصرفة منتظمة" prefix="ال" root="جذر" pattern="فُعُول" suffix="" />
				<ArabicLexical word="وَالْآفَاقِ" lemma="أُفُق" pos="مصرفة منتظمة" prefix="وَال" root="أفق" pattern="أَفعَال" suffix="" />
				<ArabicLexical word="وَغَيْرِهَا" lemma="غَيْر" pos="مصرفة منتظمة" prefix="وَ" root="غير" pattern="فَعْل" suffix="هَا" />
				<ArabicLexical word="وَيُوجَدُ" lemma="وَجَدَ" pos="مصرفة منتظمة" prefix="وَيُ" root="وجد" pattern="فعَل" suffix="" />
				<ArabicLexical word="رُكْنٌ" lemma="رُكْن" pos="مصرفة منتظمة" prefix="" root="ركن" pattern="فُعْل" suffix="" />
				<ArabicLexical word="آخَرُ" lemma="آخَر" pos="مصرفة منتظمة" prefix="" root="أخر" pattern="أَفعَل" suffix="" />
				<ArabicLexical word="خَاصٌّ" lemma="خَاصّ" pos="مصرفة منتظمة" prefix="" root="خصص" pattern="فَالّ" suffix="" />
				<ArabicLexical word="بِالْأَدَوَاتِ" lemma="أَدَاة" pos="مصرفة منتظمة" prefix="بِال" root="أدو" pattern="فَعَل" suffix="ات" />
				<ArabicLexical word="اَلْفَنِّيَّةِ" lemma="فَنِّيّ" pos="مصرفة منتظمة" prefix="ال" root="فنن" pattern="فَلّ" suffix="يَّة" />
				<ArabicLexical word="اَلَّتِي" lemma="اَلَّذِي" pos="جامدة" prefix="ال" root="اَلَّذِي" pattern="لَتِي" suffix="" />
				<ArabicLexical word="كَانَتْ" lemma="كَانَ" pos="مصرفة منتظمة" prefix="" root="كون" pattern="فَعلَ" suffix="تْ" />
				<ArabicLexical word="تُسْتَخْدَمُ" lemma="اسْتَخْدَمَ" pos="مصرفة منتظمة" prefix="تُ" root="خدم" pattern="اِسْتَفْعَلَ" suffix="" />
				<ArabicLexical word="قَدِيمًا" lemma="قَدِيم" pos="مصرفة منتظمة" prefix="" root="قدم" pattern="فَعِيل" suffix="" />
				<ArabicLexical word="لِلْعَزْفِ" lemma="عَزْف" pos="مصرفة منتظمة" prefix="لِل" root="عزف" pattern="فَعْل" suffix="" />
				<ArabicLexical word="اَلْمُوسِيقِيِّ" lemma="مُوسِيقِيّ" pos="معربة" prefix="ال" root="مُوسِيقَى" pattern="مُوسِيقَ" suffix="يّ" />
				<ArabicLexical word="فِي" lemma="فِي" pos="جامدة" prefix="" root="فِي" pattern="فِي" suffix="" />
				<ArabicLexical word="اَلْأَفْرَاحِ" lemma="فَرَح" pos="مصرفة منتظمة" prefix="ال" root="فرح" pattern="أَفْعَال" suffix="" />
				<ArabicLexical word="مِثْلِ" lemma="مِثْل" pos="مصرفة منتظمة" prefix="" root="مثل" pattern="فِعْل" suffix="" />
				<ArabicLexical word="اَلْيَرْغُولْ" lemma="+" pos="غير عربية" prefix="" root="" pattern="" suffix="" />
				<ArabicLexical word="وَالشَّبَّابَةِ" lemma="شَبَّاب" pos="غير عربية" prefix="" root="" pattern="" suffix="" />
				<ArabicLexical word="وَالرَّبَابَةِ" lemma="رَبَاب" pos="مصرفة منتظمة" prefix="وَال" root="ربب" pattern="فَعَال" suffix="ة" />
				<ArabicLexical word="وَأَدَوَاتٍ" lemma="أَدَاة" pos="مصرفة منتظمة" prefix="وَ" root="أدو" pattern="فَعَل" suffix="ات" />
				<ArabicLexical word="زِرَاعِيَّةٍ" lemma="زِرَاعِيّ" pos="مصرفة منتظمة" prefix="" root="زرع" pattern="فِعَال" suffix="يَّة" />
				<ArabicLexical word="مِثْلِ" lemma="مِثْل" pos="مصرفة منتظمة" prefix="" root="مثل" pattern="فِعْل" suffix="" />
				<ArabicLexical word="اَلْمِنْجَلِ" lemma="مِنْجَل" pos="مصرفة منتظمة" prefix="ال" root="نجل" pattern="مِفْعَل" suffix="" />
				<ArabicLexical word="وَالْمِحْرَاثِ" lemma="مِحْرَاث" pos="مصرفة منتظمة" prefix="وَال" root="حرث" pattern="مِفْعَال" suffix="" />
				<ArabicLexical word="اَلْقَدِيمِ" lemma="قَدِيم" pos="مصرفة منتظمة" prefix="ال" root="قدم" pattern="فَعِيل" suffix="" />
				<ArabicLexical word="وَالْمِذْرَاةِ" lemma="مِذْرَاة" pos="مصرفة منتظمة" prefix="وَال" root="ذرو" pattern="مِفْعَل" suffix="ة" />
				<ArabicLexical word="وَالْهُوجَا" lemma="أَهْوَج" pos="غير عربية" prefix="" root="" pattern="" suffix="" />
				<ArabicLexical word="بِالْإِضَافَةِ" lemma="إِضَافَة" pos="مصرفة منتظمة" prefix="بِال" root="ضيف" pattern="إِفَعالَ" suffix="ة" />
				<ArabicLexical word="إِلَى" lemma="إِلَى" pos="جامدة" prefix="" root="إِلَى" pattern="إِلَى" suffix="" />
				<ArabicLexical word="بَعْضِ" lemma="بَعْض" pos="مصرفة منتظمة" prefix="" root="بعض" pattern="فَعْل" suffix="" />
				<ArabicLexical word="أَدَوَاتِ" lemma="أَدَاة" pos="مصرفة منتظمة" prefix="" root="أدو" pattern="فَعَل" suffix="ات" />
				<ArabicLexical word="اَلْفُرُوسِيَّةِ" lemma="فُرُوسِيَّة" pos="مصرفة منتظمة" prefix="ال" root="فرس" pattern="فُعُول" suffix="يَّة" />
			</annotation>
		</sentence>
		<sentence id="06823">
			<text>كَمَا يَحْتَوِي قِسْمُ اَلتُّرَاثِ عَلَى رُكْنٍ خَاصٍّ بِالْأَثْوَابِ اَلْفِلَسْطِينِيَّةِ اَلنِّسَائِيَّةِ اَلَّتِي كَانَتْ تَرْتَدِيهَا اَلنِّسَاءُ قَبْلَ عَامِ 1948 وَتُمَثِّلُ اَلتُّرَاثَ اَلْقَرَوِيَّ وَالْمَدَنِيَّ اَلْفِلَسْطِينِيَّ، بِالْإِضَافَةِ إِلَى اَلْأَدَوَاتِ اَلْمَنْزِلِيَّةِ اَلَّتِي كَانَتْ تَسْتَخْدِمُهَا اَلْمَرْأَةُ اَلْفِلَسْطِينِيَّةُ فِي أَعْمَالِهَا اَلْمَنْزِلِيَّةِ مِثْلِ اَلصَّوْمَعَةِ وَالْكَانُونِ وَفُرْنِ اَلطَّابُونِ وَالْأَوَانِي اَلْفَخَّارِيَّةِ وَالنُّحَاسِيَّةِ وَالْغِرْبَالِ. </text>
			<annotation>
				<ArabicLexical word="كَمَا" lemma="مَا" pos="جامدة" prefix="كَ" root="اَلَّذِي" pattern="مَا" suffix="" />
				<ArabicLexical word="يَحْتَوِي" lemma="احْتَوَى" pos="مصرفة منتظمة" prefix="ي" root="حوي" pattern="اِفْتَعِل" suffix="" />
				<ArabicLexical word="قِسْمُ" lemma="قِسْم" pos="مصرفة منتظمة" prefix="" root="قسم" pattern="فِعْل" suffix="" />
				<ArabicLexical word="اَلتُّرَاثِ" lemma="تُرَاث" pos="استثناء صرفي" prefix="ال" root="ورث" pattern="تُرَاث" suffix="" />
				<ArabicLexical word="عَلَى" lemma="عَلَى" pos="جامدة" prefix="" root="عَلَى" pattern="عَلَى" suffix="" />
				<ArabicLexical word="رُكْنٍ" lemma="رُكْن" pos="مصرفة منتظمة" prefix="" root="ركن" pattern="فُعْل" suffix="" />
				<ArabicLexical word="خَاصٍّ" lemma="خَاصّ" pos="مصرفة منتظمة" prefix="" root="خصص" pattern="فَالّ" suffix="" />
				<ArabicLexical word="بِالْأَثْوَابِ" lemma="ثَوْب" pos="مصرفة منتظمة" prefix="بِال" root="ثوب" pattern="أَفْعَال" suffix="" />
				<ArabicLexical word="اَلْفِلَسْطِينِيَّةِ" lemma="فِلَسْطِينِيّ" pos="معربة" prefix="ال" root="فِلَسْطِين" pattern="فِلَسْطِين" suffix="يَّة" />
				<ArabicLexical word="اَلنِّسَائِيَّةِ" lemma="نِسَائِيّ" pos="مصرفة منتظمة" prefix="ال" root="نسو" pattern="فِعَال" suffix="يَّة" />
				<ArabicLexical word="اَلَّتِي" lemma="اَلَّذِي" pos="جامدة" prefix="ال" root="اَلَّذِي" pattern="لَتِي" suffix="" />
				<ArabicLexical word="كَانَتْ" lemma="كَانَ" pos="مصرفة منتظمة" prefix="" root="كون" pattern="فَعلَ" suffix="تْ" />
				<ArabicLexical word="تَرْتَدِيهَا" lemma="ارْتَدَى" pos="مصرفة منتظمة" prefix="ت" root="ردي" pattern="اِفْتَعِل" suffix="هَا" />
				<ArabicLexical word="اَلنِّسَاءُ" lemma="نِسَاء" pos="مصرفة منتظمة" prefix="ال" root="نسو" pattern="فِعَال" suffix="" />
				<ArabicLexical word="قَبْلَ" lemma="قَبْل" pos="مصرفة منتظمة" prefix="" root="قبل" pattern="فَعْل" suffix="" />
				<ArabicLexical word="عَامِ" lemma="عَام" pos="مصرفة منتظمة" prefix="" root="عوم" pattern="فَعل" suffix="" />
				<ArabicLexical word="وَتُمَثِّلُ" lemma="مَثَّلَ" pos="مصرفة منتظمة" prefix="وَت" root="مثل" pattern="فَعَّلَ" suffix="" />
				<ArabicLexical word="اَلتُّرَاثَ" lemma="تُرَاث" pos="استثناء صرفي" prefix="ال" root="ورث" pattern="تُرَاث" suffix="" />
				<ArabicLexical word="اَلْقَرَوِيَّ" lemma="قَرَوِيّ" pos="مصرفة منتظمة" prefix="ال" root="قري" pattern="فَعَلِ" suffix="يّ" />
				<ArabicLexical word="وَالْمَدَنِيَّ" lemma="مَدَنِيّ" pos="مصرفة منتظمة" prefix="وَال" root="مدن" pattern="فَعَل" suffix="يّ" />
				<ArabicLexical word="اَلْفِلَسْطِينِيَّ" lemma="فِلَسْطِينِيّ" pos="معربة" prefix="ال" root="فِلَسْطِين" pattern="فِلَسْطِين" suffix="يّ" />
				<ArabicLexical word="بِالْإِضَافَةِ" lemma="إِضَافَة" pos="مصرفة منتظمة" prefix="بِال" root="ضيف" pattern="إِفَعالَ" suffix="ة" />
				<ArabicLexical word="إِلَى" lemma="إِلَى" pos="جامدة" prefix="" root="إِلَى" pattern="إِلَى" suffix="" />
				<ArabicLexical word="اَلْأَدَوَاتِ" lemma="أَدَاة" pos="مصرفة منتظمة" prefix="ال" root="أدو" pattern="فَعَل" suffix="ات" />
				<ArabicLexical word="اَلْمَنْزِلِيَّةِ" lemma="مَنْزِلِيّ" pos="مصرفة منتظمة" prefix="ال" root="نزل" pattern="مَفْعِل" suffix="يَّة" />
				<ArabicLexical word="اَلَّتِي" lemma="اَلَّذِي" pos="جامدة" prefix="ال" root="اَلَّذِي" pattern="لَتِي" suffix="" />
				<ArabicLexical word="كَانَتْ" lemma="كَانَ" pos="مصرفة منتظمة" prefix="" root="كون" pattern="فَعلَ" suffix="تْ" />
				<ArabicLexical word="تَسْتَخْدِمُهَا" lemma="اسْتَخْدَمَ" pos="مصرفة منتظمة" prefix="ت" root="خدم" pattern="اِسْتَفْعَلَ" suffix="هَا" />
				<ArabicLexical word="اَلْمَرْأَةُ" lemma="مَرْأَة" pos="مصرفة منتظمة" prefix="ال" root="مرأ" pattern="فَعْل" suffix="ة" />
				<ArabicLexical word="اَلْفِلَسْطِينِيَّةُ" lemma="فِلَسْطِينِيّ" pos="معربة" prefix="ال" root="فِلَسْطِين" pattern="فِلَسْطِين" suffix="يَّة" />
				<ArabicLexical word="فِي" lemma="فِي" pos="جامدة" prefix="" root="فِي" pattern="فِي" suffix="" />
				<ArabicLexical word="أَعْمَالِهَا" lemma="عَمَل" pos="مصرفة منتظمة" prefix="" root="عمل" pattern="أَفْعَال" suffix="هَا" />
				<ArabicLexical word="اَلْمَنْزِلِيَّةِ" lemma="مَنْزِلِيّ" pos="مصرفة منتظمة" prefix="ال" root="نزل" pattern="مَفْعِل" suffix="يَّة" />
				<ArabicLexical word="مِثْلِ" lemma="مِثْل" pos="مصرفة منتظمة" prefix="" root="مثل" pattern="فِعْل" suffix="" />
				<ArabicLexical word="اَلصَّوْمَعَةِ" lemma="صَوْمَعَة" pos="مصرفة منتظمة" prefix="ال" root="صومع" pattern="فَعْلَل" suffix="ة" />
				<ArabicLexical word="وَالْكَانُونِ" lemma="كَانُون" pos="مصرفة منتظمة" prefix="وَال" root="كنن" pattern="فَاعُول" suffix="" />
				<ArabicLexical word="وَفُرْنِ" lemma="فُرْن" pos="مصرفة منتظمة" prefix="وَ" root="فرن" pattern="فُعْل" suffix="" />
				<ArabicLexical word="اَلطَّابُونِ" lemma="طَابُون" pos="مصرفة منتظمة" prefix="ال" root="طبن" pattern="فَاعُول" suffix="" />
				<ArabicLexical word="وَالْأَوَانِي" lemma="أَوَانِيّ" pos="مصرفة منتظمة" prefix="وَال" root="أني" pattern="فَوَاعِل" suffix="" />
				<ArabicLexical word="اَلْفَخَّارِيَّةِ" lemma="فَخَّارِيّ" pos="مصرفة منتظمة" prefix="ال" root="فخر" pattern="فَعَّال" suffix="يَّة" />
				<ArabicLexical word="وَالنُّحَاسِيَّةِ" lemma="نُحَاسِيّ" pos="مصرفة منتظمة" prefix="وَال" root="نحس" pattern="فُعَال" suffix="يَّة" />
				<ArabicLexical word="وَالْغِرْبَالِ" lemma="غِرْبَال" pos="مصرفة منتظمة" prefix="وَال" root="غربل" pattern="فِعْلَال" suffix="" />
			</annotation>
		</sentence>
		<sentence id="06824">
			<text>وَلَا تَقْتَصِرُ هذِهِ اَلْمُقْتَنَيَاتِ اَلتُّرَاثِيَّةُ عَلَى اَلْمَرْأَةِ؛ حَيْثُ تُوجَدُ نَمَاذِجُ لِزِيِّ اَلرَّجُلِ اَلْفِلَسْطِينِيِّ آنَذَاكَ مِثْلِ: اَلْكُوفِيَّةِ وَالْعِقَالِ وَالْعَبَاءَةِ وَالْقُمْبَازِ وَالْعَصَا اَلْمُزَخْرَفَةِ. كَمَا يُوجَدُ فِي قِسْمِ اَلتُّرَاثِ هَوْدَجٌ مُزَخْرَفٌ وَمُزَيَّنٌ كَانَ يُوضَعُ عَلَى ظَهْرِ جَمَلٍ وَيَنْقُلُ اَلْعَرُوسَ فِي يَوْمِ زِفَافِهَا إِلَى بَيْتِ عَرِيسِهَا. </text>
			<annotation>
				<ArabicLexical word="وَلَا" lemma="لَا" pos="جامدة" prefix="وَ" root="لَا" pattern="لَا" suffix="" />
				<ArabicLexical word="تَقْتَصِرُ" lemma="اقْتَصَرَ" pos="مصرفة منتظمة" prefix="ت" root="قصر" pattern="اِفْتَعَلَ" suffix="" />
				<ArabicLexical word="هذِهِ" lemma="ذَا" pos="جامدة" prefix="" root="ذَا" pattern="هذِهِ" suffix="" />
				<ArabicLexical word="اَلْمُقْتَنَيَاتِ" lemma="مُقْتَنَاة" pos="مصرفة منتظمة" prefix="ال" root="قني" pattern="مُفْتَعَل" suffix="ات" />
				<ArabicLexical word="اَلتُّرَاثِيَّةُ" lemma="تُرَاثِيّ" pos="استثناء صرفي" prefix="ال" root="ورث" pattern="تُرَاث" suffix="يَّة" />
				<ArabicLexical word="عَلَى" lemma="عَلَى" pos="جامدة" prefix="" root="عَلَى" pattern="عَلَى" suffix="" />
				<ArabicLexical word="اَلْمَرْأَةِ" lemma="مَرْأَة" pos="مصرفة منتظمة" prefix="ال" root="مرأ" pattern="فَعْل" suffix="ة" />
				<ArabicLexical word="حَيْثُ" lemma="حَيْثُ" pos="جامدة" prefix="" root="حَيْثُ" pattern="حَيْثُ" suffix="" />
				<ArabicLexical word="تُوجَدُ" lemma="وَجَدَ" pos="مصرفة منتظمة" prefix="تُ" root="وجد" pattern="فعَل" suffix="" />
				<ArabicLexical word="نَمَاذِجُ" lemma="نَمُوذَج" pos="مصرفة منتظمة" prefix="" root="نمذج" pattern="فَعَالِل" suffix="" />
				<ArabicLexical word="لِزِيِّ" lemma="زِيّ" pos="مصرفة منتظمة" prefix="لِ" root="زيي" pattern="فِلّ" suffix="" />
				<ArabicLexical word="اَلرَّجُلِ" lemma="رَجُل" pos="استثناء صرفي" prefix="ال" root="رجل" pattern="رَجُل" suffix="" />
				<ArabicLexical word="اَلْفِلَسْطِينِيِّ" lemma="فِلَسْطِينِيّ" pos="معربة" prefix="ال" root="فِلَسْطِين" pattern="فِلَسْطِين" suffix="يّ" />
				<ArabicLexical word="آنَذَاكَ" lemma="آنَذَاكَ" pos="استثناء صرفي" prefix="" root="أون" pattern="آنَذَاكَ" suffix="" />
				<ArabicLexical word="مِثْلِ" lemma="مِثْل" pos="مصرفة منتظمة" prefix="" root="مثل" pattern="فِعْل" suffix="" />
				<ArabicLexical word="اَلْكُوفِيَّةِ" lemma="كُوفِيَّة" pos="مصرفة منتظمة" prefix="ال" root="كوف" pattern="فُعل" suffix="يَّة" />
				<ArabicLexical word="وَالْعِقَالِ" lemma="عِقَال" pos="مصرفة منتظمة" prefix="وَال" root="عقل" pattern="فِعَال" suffix="" />
				<ArabicLexical word="وَالْعَبَاءَةِ" lemma="عَبَاء" pos="مصرفة منتظمة" prefix="وَال" root="عبأ" pattern="فَعَال" suffix="ة" />
				<ArabicLexical word="وَالْقُمْبَازِ" lemma="+" pos="غير عربية" prefix="" root="" pattern="" suffix="" />
				<ArabicLexical word="وَالْعَصَا" lemma="لَعِصَ" pos="مصرفة منتظمة" prefix="وَال" root="عصو" pattern="فَعَل" suffix="" />
				<ArabicLexical word="اَلْمُزَخْرَفَةِ" lemma="مُزَخْرَف" pos="مصرفة منتظمة" prefix="ال" root="زخرف" pattern="مُفَعْلَل" suffix="ة" />
				<ArabicLexical word="كَمَا" lemma="مَا" pos="جامدة" prefix="كَ" root="اَلَّذِي" pattern="مَا" suffix="" />
				<ArabicLexical word="يُوجَدُ" lemma="وَجَدَ" pos="مصرفة منتظمة" prefix="يُ" root="وجد" pattern="فعَل" suffix="" />
				<ArabicLexical word="فِي" lemma="فِي" pos="جامدة" prefix="" root="فِي" pattern="فِي" suffix="" />
				<ArabicLexical word="قِسْمِ" lemma="قِسْم" pos="مصرفة منتظمة" prefix="" root="قسم" pattern="فِعْل" suffix="" />
				<ArabicLexical word="اَلتُّرَاثِ" lemma="تُرَاث" pos="استثناء صرفي" prefix="ال" root="ورث" pattern="تُرَاث" suffix="" />
				<ArabicLexical word="هَوْدَجٌ" lemma="هَوْدَج" pos="استثناء صرفي" prefix="" root="هدج" pattern="هَوْدَج" suffix="" />
				<ArabicLexical word="مُزَخْرَفٌ" lemma="مُزَخْرَف" pos="مصرفة منتظمة" prefix="" root="زخرف" pattern="مُفَعْلَل" suffix="" />
				<ArabicLexical word="وَمُزَيَّنٌ" lemma="مُزَيَّن" pos="مصرفة منتظمة" prefix="وَ" root="زين" pattern="مُفَعَّل" suffix="" />
				<ArabicLexical word="كَانَ" lemma="كَانَ" pos="مصرفة منتظمة" prefix="" root="كون" pattern="فَعلَ" suffix="" />
				<ArabicLexical word="يُوضَعُ" lemma="وَضَعَ" pos="مصرفة منتظمة" prefix="يُ" root="وضع" pattern="فعَل" suffix="" />
				<ArabicLexical word="عَلَى" lemma="عَلَى" pos="جامدة" prefix="" root="عَلَى" pattern="عَلَى" suffix="" />
				<ArabicLexical word="ظَهْرِ" lemma="ظَهْر" pos="مصرفة منتظمة" prefix="" root="ظهر" pattern="فَعْل" suffix="" />
				<ArabicLexical word="جَمَلٍ" lemma="جَمَل" pos="مصرفة منتظمة" prefix="" root="جمل" pattern="فَعَل" suffix="" />
				<ArabicLexical word="وَيَنْقُلُ" lemma="نَقَلَ" pos="مصرفة منتظمة" prefix="وَي" root="نقل" pattern="فْعُل" suffix="" />
				<ArabicLexical word="اَلْعَرُوسَ" lemma="عَرُوس" pos="مصرفة منتظمة" prefix="ال" root="عرس" pattern="فَعُول" suffix="" />
				<ArabicLexical word="فِي" lemma="فِي" pos="جامدة" prefix="" root="فِي" pattern="فِي" suffix="" />
				<ArabicLexical word="يَوْمِ" lemma="يَوْم" pos="مصرفة منتظمة" prefix="" root="يوم" pattern="فَعْل" suffix="" />
				<ArabicLexical word="زِفَافِهَا" lemma="زِفَاف" pos="مصرفة منتظمة" prefix="" root="زفف" pattern="فِعَال" suffix="هَا" />
				<ArabicLexical word="إِلَى" lemma="إِلَى" pos="جامدة" prefix="" root="إِلَى" pattern="إِلَى" suffix="" />
				<ArabicLexical word="بَيْتِ" lemma="بَيْت" pos="مصرفة منتظمة" prefix="" root="بيت" pattern="فَعْل" suffix="" />
				<ArabicLexical word="عَرِيسِهَا" lemma="عَرِيس" pos="مصرفة منتظمة" prefix="" root="عرس" pattern="فَعِيل" suffix="هَا" />
			</annotation>
		</sentence>
		<sentence id="06825">
			<text>وَأَشَارَ اَلْعَقَّادُ إِلَى وُجُودِ خُطَّةٍ طَمُوحَةٍ لِإِنْشَاءِ مَبْنَى جَدِيدٍ لِلْمَتْحَفِ يَلِيقُ بِالْمُقْتَنَيَاتِ اَلْمَوْجُودَةِ فِيهِ، دَاعِيًا اَلْجَمِيعَ إِلَى اَلْمُسَاعَدَةِ فِي إِبْرَازِ هذِهِ اَلْجَوَانِبِ اَلْمُضِيئَةِ مِنْ فِلَسْطِينَ وَالَّتِي يُحَاوِلُ اَلِاحْتِلَالُ إِعْتَامَهَا بِشَتَّى اَلسُّبُلِ</text>
			<annotation>
				<ArabicLexical word="وَأَشَارَ" lemma="أَشَارَ" pos="مصرفة منتظمة" prefix="وَ" root="شور" pattern="أَفَعلَ" suffix="" />
				<ArabicLexical word="اَلْعَقَّادُ" lemma="عَقَّاد" pos="مصرفة منتظمة" prefix="ال" root="عقد" pattern="فَعَّال" suffix="" />
				<ArabicLexical word="إِلَى" lemma="إِلَى" pos="جامدة" prefix="" root="إِلَى" pattern="إِلَى" suffix="" />
				<ArabicLexical word="وُجُودِ" lemma="وُجُود" pos="مصرفة منتظمة" prefix="" root="وجد" pattern="فُعُول" suffix="" />
				<ArabicLexical word="خُطَّةٍ" lemma="خُطَّة" pos="مصرفة منتظمة" prefix="" root="خطط" pattern="فُلّ" suffix="ة" />
				<ArabicLexical word="طَمُوحَةٍ" lemma="طَمُوح" pos="مصرفة منتظمة" prefix="" root="طمح" pattern="فَعُول" suffix="ة" />
				<ArabicLexical word="لِإِنْشَاءِ" lemma="إِنْشَاء" pos="مصرفة منتظمة" prefix="لِ" root="نشأ" pattern="إِفْعَال" suffix="" />
				<ArabicLexical word="مَبْنَى" lemma="مَبْنَى" pos="مصرفة منتظمة" prefix="" root="بني" pattern="مَفْعَل" suffix="" />
				<ArabicLexical word="جَدِيدٍ" lemma="جَدِيد" pos="مصرفة منتظمة" prefix="" root="جدد" pattern="فَعِيل" suffix="" />
				<ArabicLexical word="لِلْمَتْحَفِ" lemma="مَتْحَف" pos="مصرفة منتظمة" prefix="لِل" root="تحف" pattern="مَفْعَل" suffix="" />
				<ArabicLexical word="يَلِيقُ" lemma="لاقَ" pos="مصرفة منتظمة" prefix="ي" root="ليق" pattern="فِعل" suffix="" />
				<ArabicLexical word="بِالْمُقْتَنَيَاتِ" lemma="مُقْتَنَاة" pos="مصرفة منتظمة" prefix="بِال" root="قني" pattern="مُفْتَعَل" suffix="ات" />
				<ArabicLexical word="اَلْمَوْجُودَةِ" lemma="مَوْجُود" pos="مصرفة منتظمة" prefix="ال" root="وجد" pattern="مَفْعُول" suffix="ة" />
				<ArabicLexical word="فِيهِ" lemma="فِي" pos="جامدة" prefix="" root="فِي" pattern="فِي" suffix="ه" />
				<ArabicLexical word="دَاعِيًا" lemma="دَاع" pos="مصرفة منتظمة" prefix="" root="دعو" pattern="فَاعِل" suffix="" />
				<ArabicLexical word="اَلْجَمِيعَ" lemma="جَمِيع" pos="مصرفة منتظمة" prefix="ال" root="جمع" pattern="فَعِيل" suffix="" />
				<ArabicLexical word="إِلَى" lemma="إِلَى" pos="جامدة" prefix="" root="إِلَى" pattern="إِلَى" suffix="" />
				<ArabicLexical word="اَلْمُسَاعَدَةِ" lemma="مُسَاعَدَة" pos="مصرفة منتظمة" prefix="ال" root="سعد" pattern="مُفَاعَل" suffix="ة" />
				<ArabicLexical word="فِي" lemma="فِي" pos="جامدة" prefix="" root="فِي" pattern="فِي" suffix="" />
				<ArabicLexical word="إِبْرَازِ" lemma="إِبْرَاز" pos="مصرفة منتظمة" prefix="" root="برز" pattern="إِفْعَال" suffix="" />
				<ArabicLexical word="هذِهِ" lemma="ذَا" pos="جامدة" prefix="" root="ذَا" pattern="هذِهِ" suffix="" />
				<ArabicLexical word="اَلْجَوَانِبِ" lemma="جَانِب" pos="مصرفة منتظمة" prefix="ال" root="جنب" pattern="فَوَاعِل" suffix="" />
				<ArabicLexical word="اَلْمُضِيئَةِ" lemma="مُضِيئَة" pos="مصرفة منتظمة" prefix="ال" root="ضوأ" pattern="مُفِعل" suffix="ة" />
				<ArabicLexical word="مِنْ" lemma="مِنْ" pos="جامدة" prefix="" root="مِنْ" pattern="مِنْ" suffix="" />
				<ArabicLexical word="فِلَسْطِينَ" lemma="فِلَسْطِين" pos="معربة" prefix="" root="فِلَسْطِين" pattern="فِلَسْطِين" suffix="" />
				<ArabicLexical word="وَالَّتِي" lemma="اَلَّذِي" pos="جامدة" prefix="وَال" root="اَلَّذِي" pattern="لَتِي" suffix="" />
				<ArabicLexical word="يُحَاوِلُ" lemma="حَاوَلَ" pos="مصرفة منتظمة" prefix="ي" root="حول" pattern="فَاعَلَ" suffix="" />
				<ArabicLexical word="اَلِاحْتِلَالُ" lemma="احْتِلَال" pos="مصرفة منتظمة" prefix="ال" root="حلل" pattern="اِفْتِعَال" suffix="" />
				<ArabicLexical word="إِعْتَامَهَا" lemma="إِعْتَام" pos="مصرفة منتظمة" prefix="" root="عتم" pattern="إِفْعَال" suffix="هَا" />
				<ArabicLexical word="بِشَتَّى" lemma="شَتِيت" pos="استثناء صرفي" prefix="بِ" root="شتت" pattern="شَتَّى" suffix="" />
				<ArabicLexical word="اَلسُّبُلِ" lemma="سَبِيل" pos="مصرفة منتظمة" prefix="ال" root="سبل" pattern="فُعُل" suffix="" />
			</annotation>
		</sentence>
	</FILE>
	</NEMLAR>