<NEMLAR><FILE name="GeneralNews" number="113">
		<sentence id="08060">
			<text>?يَمَنِيُّونَ يُطَالِبُونَ بِتَجْرِيمِ اَلزَّوَاجِ اَلسِّيَاحِيِّ  </text>
			<annotation>
				<ArabicLexical word="يَمَنِيُّونَ" lemma="يَمَنِيّ" pos="مصرفة منتظمة" prefix="" root="يمن" pattern="فَعَل" suffix="يُّونَ" />
				<ArabicLexical word="يُطَالِبُونَ" lemma="طَالَبَ" pos="مصرفة منتظمة" prefix="ي" root="طلب" pattern="فَاعَلَ" suffix="ونَ" />
				<ArabicLexical word="بِتَجْرِيمِ" lemma="تَجْرِيم" pos="مصرفة منتظمة" prefix="بِ" root="جرم" pattern="تَفْعِيل" suffix="" />
				<ArabicLexical word="اَلزَّوَاجِ" lemma="زَوَاج" pos="مصرفة منتظمة" prefix="ال" root="زوج" pattern="فَعَال" suffix="" />
				<ArabicLexical word="اَلسِّيَاحِيِّ" lemma="سِيَاحِيّ" pos="مصرفة منتظمة" prefix="ال" root="سيح" pattern="فِعَال" suffix="يّ" />
			</annotation>
		</sentence>
		<sentence id="08061">
			<text> </text>
			<annotation>
			</annotation>
		</sentence>
		<sentence id="08062">
			<text>صَنْعَاءُ - عَبْدُ اَلسَّلَامِ مُحَمَّدٍ - إِسْلَامْ أُونْ لَايْنْ.نِتْ/ 2-6-2005 </text>
			<annotation>
				<ArabicLexical word="صَنْعَاءُ" lemma="صَنْعَاء" pos="مصرفة منتظمة" prefix="" root="صنع" pattern="فَعْلَاء" suffix="" />
				<ArabicLexical word="عَبْدُ" lemma="عَبْد" pos="مصرفة منتظمة" prefix="" root="عبد" pattern="فَعْل" suffix="" />
				<ArabicLexical word="اَلسَّلَامِ" lemma="سَلَام" pos="مصرفة منتظمة" prefix="ال" root="سلم" pattern="فَعَال" suffix="" />
				<ArabicLexical word="مُحَمَّدٍ" lemma="مُحَمَّد" pos="مصرفة منتظمة" prefix="" root="حمد" pattern="مُفَعَّل" suffix="" />
				<ArabicLexical word="إِسْلَامْ" lemma="إِسْلَام" pos="غير عربية" prefix="" root="" pattern="" suffix="" />
				<ArabicLexical word="أُونْ" lemma="أُونْ" pos="غير عربية" prefix="" root="" pattern="" suffix="" />
				<ArabicLexical word="لَايْنْ" lemma="+" pos="غير عربية" prefix="" root="" pattern="" suffix="" />
				<ArabicLexical word="نِتْ" lemma="نِت" pos="غير عربية" prefix="" root="" pattern="" suffix="" />
			</annotation>
		</sentence>
		<sentence id="08063">
			<text> </text>
			<annotation>
			</annotation>
		</sentence>
		<sentence id="08064">
			<text> </text>
			<annotation>
			</annotation>
		</sentence>
		<sentence id="08065">
			<text>اَلدُّكْتُورُ أَحْمَدُ مُحَمَّدِ شُجَاعِ اَلدِّينِ رَئِيسُ جَامِعَةِ إِبَّ اَلْيَمَنِيَّةِ</text>
			<annotation>
				<ArabicLexical word="اَلدُّكْتُورُ" lemma="دُكْتُور" pos="معربة" prefix="ال" root="دُكْتُور" pattern="دُكْتُور" suffix="" />
				<ArabicLexical word="أَحْمَدُ" lemma="أَحْمَد" pos="مصرفة منتظمة" prefix="" root="حمد" pattern="أَفْعَل" suffix="" />
				<ArabicLexical word="مُحَمَّدِ" lemma="مُحَمَّد" pos="مصرفة منتظمة" prefix="" root="حمد" pattern="مُفَعَّل" suffix="" />
				<ArabicLexical word="شُجَاعِ" lemma="شُجَاع" pos="مصرفة منتظمة" prefix="" root="شجع" pattern="فُعَال" suffix="" />
				<ArabicLexical word="اَلدِّينِ" lemma="دِين" pos="مصرفة منتظمة" prefix="ال" root="دين" pattern="فِعل" suffix="" />
				<ArabicLexical word="رَئِيسُ" lemma="رَئِيس" pos="مصرفة منتظمة" prefix="" root="رأس" pattern="فَعِيل" suffix="" />
				<ArabicLexical word="جَامِعَةِ" lemma="جَامِعَة" pos="مصرفة منتظمة" prefix="" root="جمع" pattern="فَاعِل" suffix="ة" />
				<ArabicLexical word="إِبَّ" lemma="أَبَّ" pos="مصرفة منتظمة" prefix="" root="أبب" pattern="فِلّ" suffix="" />
				<ArabicLexical word="اَلْيَمَنِيَّةِ" lemma="يَمَنِيّ" pos="مصرفة منتظمة" prefix="ال" root="يمن" pattern="فَعَل" suffix="يَّة" />
			</annotation>
		</sentence>
		<sentence id="08066">
			<text> </text>
			<annotation>
			</annotation>
		</sentence>
		<sentence id="08067">
			<text>دَعَا عَدَدٌ مِنْ رِجَالِ اَلْقَضَاءِ وَالْقَانُونِ وَالْإِحْصَائِيِّينَ اَلِاجْتِمَاعِيِّينَ وَمُمَثِّلِي اَلْهَيْئَاتِ اَلنِّسَائِيَّةِ وَالْمَشَايِخِ مَجْلِسَ اَلنُّوَّابِ اَلْيَمَنِيَّ إِلَى إِصْدَارِ قَانُونٍ يُعَاقِبُ كُلَّ مَنْ يُسَهِّلُ زَوَاجَ اَلسَّائِحِينَ مِنْ فَتَيَاتٍ يَمَنِيَّاتٍ لِفَتْرَةٍ وَجِيزَةٍ قَبْلَ تَطْلِيقِهِنَّ، وَهِيَ اَلظَّاهِرَةُ اَلَّتِي بَاتَتْ تُعْرَفُ باَلزَّوَاجِ اَلسِّيَاحِيِّ.</text>
			<annotation>
				<ArabicLexical word="دَعَا" lemma="دَعَا" pos="مصرفة منتظمة" prefix="" root="دعو" pattern="فَعَل" suffix="" />
				<ArabicLexical word="عَدَدٌ" lemma="عَدَد" pos="مصرفة منتظمة" prefix="" root="عدد" pattern="فَعَل" suffix="" />
				<ArabicLexical word="مِنْ" lemma="مِنْ" pos="جامدة" prefix="" root="مِنْ" pattern="مِنْ" suffix="" />
				<ArabicLexical word="رِجَالِ" lemma="رَجُل" pos="مصرفة منتظمة" prefix="" root="رجل" pattern="فِعَال" suffix="" />
				<ArabicLexical word="اَلْقَضَاءِ" lemma="قَضَاء" pos="مصرفة منتظمة" prefix="ال" root="قضي" pattern="فَعَال" suffix="" />
				<ArabicLexical word="وَالْقَانُونِ" lemma="قَانُون" pos="مصرفة منتظمة" prefix="وَال" root="قنن" pattern="فَاعُول" suffix="" />
				<ArabicLexical word="وَالْإِحْصَائِيِّينَ" lemma="إِحْصَائِيّ" pos="مصرفة منتظمة" prefix="وَال" root="حصي" pattern="إِفْعَال" suffix="يِّينَ" />
				<ArabicLexical word="اَلِاجْتِمَاعِيِّينَ" lemma="اجْتِمَاعِيّ" pos="مصرفة منتظمة" prefix="ال" root="جمع" pattern="اِفْتِعَال" suffix="يِّينَ" />
				<ArabicLexical word="وَمُمَثِّلِي" lemma="مُمَثِّل" pos="مصرفة منتظمة" prefix="وَ" root="مثل" pattern="مُفَعِّل" suffix="ي" />
				<ArabicLexical word="اَلْهَيْئَاتِ" lemma="هَيْئَة" pos="مصرفة منتظمة" prefix="ال" root="هيأ" pattern="فَعْل" suffix="ات" />
				<ArabicLexical word="اَلنِّسَائِيَّةِ" lemma="نِسَائِيّ" pos="مصرفة منتظمة" prefix="ال" root="نسو" pattern="فِعَال" suffix="يَّة" />
				<ArabicLexical word="وَالْمَشَايِخِ" lemma="شَيْخ" pos="مصرفة منتظمة" prefix="وَال" root="شيخ" pattern="مَفَاعِل" suffix="" />
				<ArabicLexical word="مَجْلِسَ" lemma="مَجْلِس" pos="مصرفة منتظمة" prefix="" root="جلس" pattern="مَفْعِل" suffix="" />
				<ArabicLexical word="اَلنُّوَّابِ" lemma="نَائِب" pos="مصرفة منتظمة" prefix="ال" root="نوب" pattern="فُعَّال" suffix="" />
				<ArabicLexical word="اَلْيَمَنِيَّ" lemma="يَمَنِيّ" pos="مصرفة منتظمة" prefix="ال" root="يمن" pattern="فَعَل" suffix="يّ" />
				<ArabicLexical word="إِلَى" lemma="إِلَى" pos="جامدة" prefix="" root="إِلَى" pattern="إِلَى" suffix="" />
				<ArabicLexical word="إِصْدَارِ" lemma="إِصْدَار" pos="مصرفة منتظمة" prefix="" root="صدر" pattern="إِفْعَال" suffix="" />
				<ArabicLexical word="قَانُونٍ" lemma="قَانُون" pos="مصرفة منتظمة" prefix="" root="قنن" pattern="فَاعُول" suffix="" />
				<ArabicLexical word="يُعَاقِبُ" lemma="عَاقَبَ" pos="مصرفة منتظمة" prefix="ي" root="عقب" pattern="فَاعَلَ" suffix="" />
				<ArabicLexical word="كُلَّ" lemma="كُلّ" pos="جامدة" prefix="" root="كُلّ" pattern="كُلّ" suffix="" />
				<ArabicLexical word="مَنْ" lemma="مَنْ" pos="جامدة" prefix="" root="اَلَّذِي" pattern="مَنْ" suffix="" />
				<ArabicLexical word="يُسَهِّلُ" lemma="سَهَّلَ" pos="مصرفة منتظمة" prefix="ي" root="سهل" pattern="فَعَّلَ" suffix="" />
				<ArabicLexical word="زَوَاجَ" lemma="زَوَاج" pos="مصرفة منتظمة" prefix="" root="زوج" pattern="فَعَال" suffix="" />
				<ArabicLexical word="اَلسَّائِحِينَ" lemma="سَائِح" pos="مصرفة منتظمة" prefix="ال" root="سيح" pattern="فَاعِل" suffix="ينَ" />
				<ArabicLexical word="مِنْ" lemma="مِنْ" pos="جامدة" prefix="" root="مِنْ" pattern="مِنْ" suffix="" />
				<ArabicLexical word="فَتَيَاتٍ" lemma="فَتَاة" pos="مصرفة منتظمة" prefix="" root="فتي" pattern="فَعَل" suffix="ات" />
				<ArabicLexical word="يَمَنِيَّاتٍ" lemma="يَمَنِيّ" pos="مصرفة منتظمة" prefix="" root="يمن" pattern="فَعَل" suffix="يَّات" />
				<ArabicLexical word="لِفَتْرَةٍ" lemma="فَتْرَة" pos="مصرفة منتظمة" prefix="لِ" root="فتر" pattern="فَعْل" suffix="ة" />
				<ArabicLexical word="وَجِيزَةٍ" lemma="وَجِيز" pos="مصرفة منتظمة" prefix="" root="وجز" pattern="فَعِيل" suffix="ة" />
				<ArabicLexical word="قَبْلَ" lemma="قَبْلَ" pos="مصرفة منتظمة" prefix="" root="قبل" pattern="فَعْل" suffix="" />
				<ArabicLexical word="تَطْلِيقِهِنَّ" lemma="تَطْلِيق" pos="مصرفة منتظمة" prefix="" root="طلق" pattern="تَفْعِيل" suffix="هنَّ" />
				<ArabicLexical word="وَهِيَ" lemma="هُوَ" pos="جامدة" prefix="وَ" root="هُوَ" pattern="هِيَ" suffix="" />
				<ArabicLexical word="اَلظَّاهِرَةُ" lemma="ظَاهِرَة" pos="مصرفة منتظمة" prefix="ال" root="ظهر" pattern="فَاعِل" suffix="ة" />
				<ArabicLexical word="اَلَّتِي" lemma="اَلَّذِي" pos="جامدة" prefix="ال" root="اَلَّذِي" pattern="لَتِي" suffix="" />
				<ArabicLexical word="بَاتَتْ" lemma="بَاتَ" pos="مصرفة منتظمة" prefix="" root="بيت" pattern="فَعلَ" suffix="تْ" />
				<ArabicLexical word="تُعْرَفُ" lemma="عَرَفَ" pos="مصرفة منتظمة" prefix="تُ" root="عرف" pattern="فْعَل" suffix="" />
				<ArabicLexical word="ب" lemma="+" pos="غير عربية" prefix="" root="" pattern="" suffix="" />
				<ArabicLexical word="اَلزَّوَاجِ" lemma="زَوَاج" pos="مصرفة منتظمة" prefix="ال" root="زوج" pattern="فَعَال" suffix="" />
				<ArabicLexical word="اَلسِّيَاحِيِّ" lemma="سِيَاحِيّ" pos="مصرفة منتظمة" prefix="ال" root="سيح" pattern="فِعَال" suffix="يّ" />
			</annotation>
		</sentence>
		<sentence id="08068">
			<text>جَاءَ ذلِكَ فِي نَدْوَةٍ نَظَّمَتْهَا كُلِّيَّةُ اَلتَّرْبِيَةِ بِجَامِعَةِ إِبّْ (جَنُوبِيَّ اَلْيَمَنِ)، وَاخْتُتِمَتْ أَعْمَالُهَا يَوْمَ 31-5-2005، حَوْلَ اَلزَّوَاجِ اَلسِّيَاحِيِّ اَلْآخِذِ فِي اَلِانْتِشَارِ بِالْيَمَنِ، خَاصَّةً فِي مُحَافَظَةِ إِبَّ اَلْوَاقِعَةِ ضِمْنَ اَلْمُحَافَظَاتِ اَلْوُسْطَى اَلسِّيَاحِيَّةِ.</text>
			<annotation>
				<ArabicLexical word="جَاءَ" lemma="جَاءَ" pos="مصرفة منتظمة" prefix="" root="جيأ" pattern="فَعلَ" suffix="" />
				<ArabicLexical word="ذلِكَ" lemma="ذَا" pos="جامدة" prefix="" root="ذَا" pattern="ذلِ" suffix="كَ" />
				<ArabicLexical word="فِي" lemma="فِي" pos="جامدة" prefix="" root="فِي" pattern="فِي" suffix="" />
				<ArabicLexical word="نَدْوَةٍ" lemma="نَدْوَة" pos="مصرفة منتظمة" prefix="" root="ندو" pattern="فَعْل" suffix="ة" />
				<ArabicLexical word="نَظَّمَتْهَا" lemma="نَظَّمَ" pos="مصرفة منتظمة" prefix="" root="نظم" pattern="فَعَّلَ" suffix="تْهَا" />
				<ArabicLexical word="كُلِّيَّةُ" lemma="كُلِّيَّة" pos="جامدة" prefix="" root="كُلّ" pattern="كُلّ" suffix="يَّة" />
				<ArabicLexical word="اَلتَّرْبِيَةِ" lemma="تَرْبِيَة" pos="مصرفة منتظمة" prefix="ال" root="ربو" pattern="تَفْعِلَ" suffix="ة" />
				<ArabicLexical word="بِجَامِعَةِ" lemma="جَامِعَة" pos="مصرفة منتظمة" prefix="بِ" root="جمع" pattern="فَاعِل" suffix="ة" />
				<ArabicLexical word="إِبّْ" lemma="+" pos="غير عربية" prefix="" root="" pattern="" suffix="" />
				<ArabicLexical word="جَنُوبِيَّ" lemma="جَنُوبِيّ" pos="مصرفة منتظمة" prefix="" root="جنب" pattern="فَعُول" suffix="يّ" />
				<ArabicLexical word="اَلْيَمَنِ" lemma="يَمَن" pos="مصرفة منتظمة" prefix="ال" root="يمن" pattern="فَعَل" suffix="" />
				<ArabicLexical word="وَاخْتُتِمَتْ" lemma="اخْتَتَمَ" pos="مصرفة منتظمة" prefix="وَ" root="ختم" pattern="اِفْتُعِلَ" suffix="تْ" />
				<ArabicLexical word="أَعْمَالُهَا" lemma="عَمَل" pos="مصرفة منتظمة" prefix="" root="عمل" pattern="أَفْعَال" suffix="هَا" />
				<ArabicLexical word="يَوْمَ" lemma="يَوْم" pos="مصرفة منتظمة" prefix="" root="يوم" pattern="فَعْل" suffix="" />
				<ArabicLexical word="حَوْلَ" lemma="حَوْل" pos="مصرفة منتظمة" prefix="" root="حول" pattern="فَعْل" suffix="" />
				<ArabicLexical word="اَلزَّوَاجِ" lemma="زَوَاج" pos="مصرفة منتظمة" prefix="ال" root="زوج" pattern="فَعَال" suffix="" />
				<ArabicLexical word="اَلسِّيَاحِيِّ" lemma="سِيَاحِيّ" pos="مصرفة منتظمة" prefix="ال" root="سيح" pattern="فِعَال" suffix="يّ" />
				<ArabicLexical word="اَلْآخِذِ" lemma="آخِذ" pos="مصرفة منتظمة" prefix="ال" root="أخذ" pattern="فَاعِل" suffix="" />
				<ArabicLexical word="فِي" lemma="فِي" pos="جامدة" prefix="" root="فِي" pattern="فِي" suffix="" />
				<ArabicLexical word="اَلِانْتِشَارِ" lemma="انْتِشَار" pos="مصرفة منتظمة" prefix="ال" root="نشر" pattern="اِفْتِعَال" suffix="" />
				<ArabicLexical word="بِالْيَمَنِ" lemma="يَمَن" pos="مصرفة منتظمة" prefix="بِال" root="يمن" pattern="فَعَل" suffix="" />
				<ArabicLexical word="خَاصَّةً" lemma="خَاصَّة" pos="مصرفة منتظمة" prefix="" root="خصص" pattern="فَالّ" suffix="ة" />
				<ArabicLexical word="فِي" lemma="فِي" pos="جامدة" prefix="" root="فِي" pattern="فِي" suffix="" />
				<ArabicLexical word="مُحَافَظَةِ" lemma="مُحَافَظَة" pos="مصرفة منتظمة" prefix="" root="حفظ" pattern="مُفَاعَل" suffix="ة" />
				<ArabicLexical word="إِبَّ" lemma="أَبَّ" pos="مصرفة منتظمة" prefix="" root="أبب" pattern="فِلّ" suffix="" />
				<ArabicLexical word="اَلْوَاقِعَةِ" lemma="وَاقِع" pos="مصرفة منتظمة" prefix="ال" root="وقع" pattern="فَاعِل" suffix="ة" />
				<ArabicLexical word="ضِمْنَ" lemma="ضِمْن" pos="مصرفة منتظمة" prefix="" root="ضمن" pattern="فِعْل" suffix="" />
				<ArabicLexical word="اَلْمُحَافَظَاتِ" lemma="مُحَافَظَة" pos="مصرفة منتظمة" prefix="ال" root="حفظ" pattern="مُفَاعَل" suffix="ات" />
				<ArabicLexical word="اَلْوُسْطَى" lemma="وُسْطَى" pos="مصرفة منتظمة" prefix="ال" root="وسط" pattern="فُعْلَى" suffix="" />
				<ArabicLexical word="اَلسِّيَاحِيَّةِ" lemma="سِيَاحِيّ" pos="مصرفة منتظمة" prefix="ال" root="سيح" pattern="فِعَال" suffix="يَّة" />
			</annotation>
		</sentence>
		<sentence id="08069">
			<text>وَنَاقَشَتْ اَلنَّدْوَةُ عَلَى مَدَى يَوْمَيْنِ 17 وَرَقَةً تَقَدَّمَ بِهَا عَدَدٌ مِنْ رِجَالِ اَلْقَضَاءِ وَالْقَانُونِ وَالْمُتَخَصِّصِينَ اَلِاجْتِمَاعِيِّينَ وَمُمَثِّلِي اَلْهَيْئَاتِ اَلنِّسَائِيَّةِ وَالْمَشَايِخِ، وَرَكَّزَتْ عَلَى مُعَالَجَةِ هذِهِ اَلظَّاهِرَةِ اَلَّتِي تَتَمَثَّلُ فِي إِقْدَامِ بَعْضِ اَلسَّائِحِينَ وَالزُّوَّارِ مِنْ دُوَلِ اَلْجِوَارِ عَلَى اَلزَّوَاجِ مِنْ فَتَيَاتٍ يَمَنِيَّاتٍ لِفَتْرَةٍ وَجِيزَةٍ وَلَدَيْهِمْ اَلنِّيَّةُ اَلْمُسْبَقَةُ فِي اَلطَّلَاقِ بَعْدَ قَضَاءِ اَلْإِجَازَةِ فِي اَلْيَمَنِ.</text>
			<annotation>
				<ArabicLexical word="وَنَاقَشَتْ" lemma="نَاقَشَ" pos="مصرفة منتظمة" prefix="وَ" root="نقش" pattern="فَاعَلَ" suffix="تْ" />
				<ArabicLexical word="اَلنَّدْوَةُ" lemma="نَدْوَة" pos="مصرفة منتظمة" prefix="ال" root="ندو" pattern="فَعْل" suffix="ة" />
				<ArabicLexical word="عَلَى" lemma="عَلَى" pos="جامدة" prefix="" root="عَلَى" pattern="عَلَى" suffix="" />
				<ArabicLexical word="مَدَى" lemma="مَدَى" pos="مصرفة منتظمة" prefix="" root="مدي" pattern="فَعَل" suffix="" />
				<ArabicLexical word="يَوْمَيْنِ" lemma="يَوْم" pos="مصرفة منتظمة" prefix="" root="يوم" pattern="فَعْل" suffix="يْنِ" />
				<ArabicLexical word="وَرَقَةً" lemma="وَرَقَة" pos="مصرفة منتظمة" prefix="" root="ورق" pattern="فَعَل" suffix="ة" />
				<ArabicLexical word="تَقَدَّمَ" lemma="تَقَدَّمَ" pos="مصرفة منتظمة" prefix="" root="قدم" pattern="تَفَعَّلَ" suffix="" />
				<ArabicLexical word="بِهَا" lemma="بِي" pos="جامدة" prefix="" root="بِي" pattern="بِهَا" suffix="" />
				<ArabicLexical word="عَدَدٌ" lemma="عَدَد" pos="مصرفة منتظمة" prefix="" root="عدد" pattern="فَعَل" suffix="" />
				<ArabicLexical word="مِنْ" lemma="مِنْ" pos="جامدة" prefix="" root="مِنْ" pattern="مِنْ" suffix="" />
				<ArabicLexical word="رِجَالِ" lemma="رَجُل" pos="مصرفة منتظمة" prefix="" root="رجل" pattern="فِعَال" suffix="" />
				<ArabicLexical word="اَلْقَضَاءِ" lemma="قَضَاء" pos="مصرفة منتظمة" prefix="ال" root="قضي" pattern="فَعَال" suffix="" />
				<ArabicLexical word="وَالْقَانُونِ" lemma="قَانُون" pos="مصرفة منتظمة" prefix="وَال" root="قنن" pattern="فَاعُول" suffix="" />
				<ArabicLexical word="وَالْمُتَخَصِّصِينَ" lemma="مُتَخَصِّص" pos="مصرفة منتظمة" prefix="وَال" root="خصص" pattern="مُتَفَعِّل" suffix="ينَ" />
				<ArabicLexical word="اَلِاجْتِمَاعِيِّينَ" lemma="اجْتِمَاعِيّ" pos="مصرفة منتظمة" prefix="ال" root="جمع" pattern="اِفْتِعَال" suffix="يِّينَ" />
				<ArabicLexical word="وَمُمَثِّلِي" lemma="مُمَثِّل" pos="مصرفة منتظمة" prefix="وَ" root="مثل" pattern="مُفَعِّل" suffix="ي" />
				<ArabicLexical word="اَلْهَيْئَاتِ" lemma="هَيْئَة" pos="مصرفة منتظمة" prefix="ال" root="هيأ" pattern="فَعْل" suffix="ات" />
				<ArabicLexical word="اَلنِّسَائِيَّةِ" lemma="نِسَائِيّ" pos="مصرفة منتظمة" prefix="ال" root="نسو" pattern="فِعَال" suffix="يَّة" />
				<ArabicLexical word="وَالْمَشَايِخِ" lemma="شَيْخ" pos="مصرفة منتظمة" prefix="وَال" root="شيخ" pattern="مَفَاعِل" suffix="" />
				<ArabicLexical word="وَرَكَّزَتْ" lemma="رَكَّزَ" pos="مصرفة منتظمة" prefix="وَ" root="ركز" pattern="فَعَّلَ" suffix="تْ" />
				<ArabicLexical word="عَلَى" lemma="عَلَى" pos="جامدة" prefix="" root="عَلَى" pattern="عَلَى" suffix="" />
				<ArabicLexical word="مُعَالَجَةِ" lemma="مُعَالَجَة" pos="مصرفة منتظمة" prefix="" root="علج" pattern="مُفَاعَل" suffix="ة" />
				<ArabicLexical word="هذِهِ" lemma="ذَا" pos="جامدة" prefix="" root="ذَا" pattern="هذِهِ" suffix="" />
				<ArabicLexical word="اَلظَّاهِرَةِ" lemma="ظَاهِرَة" pos="مصرفة منتظمة" prefix="ال" root="ظهر" pattern="فَاعِل" suffix="ة" />
				<ArabicLexical word="اَلَّتِي" lemma="اَلَّذِي" pos="جامدة" prefix="ال" root="اَلَّذِي" pattern="لَتِي" suffix="" />
				<ArabicLexical word="تَتَمَثَّلُ" lemma="تَمَثَّلَ" pos="مصرفة منتظمة" prefix="ت" root="مثل" pattern="تَفَعَّلَ" suffix="" />
				<ArabicLexical word="فِي" lemma="فِي" pos="جامدة" prefix="" root="فِي" pattern="فِي" suffix="" />
				<ArabicLexical word="إِقْدَامِ" lemma="إِقْدَام" pos="مصرفة منتظمة" prefix="" root="قدم" pattern="إِفْعَال" suffix="" />
				<ArabicLexical word="بَعْضِ" lemma="بَعْض" pos="مصرفة منتظمة" prefix="" root="بعض" pattern="فَعْل" suffix="" />
				<ArabicLexical word="اَلسَّائِحِينَ" lemma="سَائِح" pos="مصرفة منتظمة" prefix="ال" root="سيح" pattern="فَاعِل" suffix="ينَ" />
				<ArabicLexical word="وَالزُّوَّارِ" lemma="زَائِر" pos="مصرفة منتظمة" prefix="وَال" root="زور" pattern="فُعَّال" suffix="" />
				<ArabicLexical word="مِنْ" lemma="مِنْ" pos="جامدة" prefix="" root="مِنْ" pattern="مِنْ" suffix="" />
				<ArabicLexical word="دُوَلِ" lemma="دَوْلَة" pos="مصرفة منتظمة" prefix="" root="دول" pattern="فُعَل" suffix="" />
				<ArabicLexical word="اَلْجِوَارِ" lemma="جِوَار" pos="مصرفة منتظمة" prefix="ال" root="جور" pattern="فِعَال" suffix="" />
				<ArabicLexical word="عَلَى" lemma="عَلَى" pos="جامدة" prefix="" root="عَلَى" pattern="عَلَى" suffix="" />
				<ArabicLexical word="اَلزَّوَاجِ" lemma="زَوَاج" pos="مصرفة منتظمة" prefix="ال" root="زوج" pattern="فَعَال" suffix="" />
				<ArabicLexical word="مِنْ" lemma="مِنْ" pos="جامدة" prefix="" root="مِنْ" pattern="مِنْ" suffix="" />
				<ArabicLexical word="فَتَيَاتٍ" lemma="فَتَاة" pos="مصرفة منتظمة" prefix="" root="فتي" pattern="فَعَل" suffix="ات" />
				<ArabicLexical word="يَمَنِيَّاتٍ" lemma="يَمَنِيّ" pos="مصرفة منتظمة" prefix="" root="يمن" pattern="فَعَل" suffix="يَّات" />
				<ArabicLexical word="لِفَتْرَةٍ" lemma="فَتْرَة" pos="مصرفة منتظمة" prefix="لِ" root="فتر" pattern="فَعْل" suffix="ة" />
				<ArabicLexical word="وَجِيزَةٍ" lemma="وَجِيز" pos="مصرفة منتظمة" prefix="" root="وجز" pattern="فَعِيل" suffix="ة" />
				<ArabicLexical word="وَلَدَيْهِمْ" lemma="لَدَى" pos="جامدة" prefix="وَ" root="لَدَى" pattern="لَدَيْ" suffix="همْ" />
				<ArabicLexical word="اَلنِّيَّةُ" lemma="نِيَّة" pos="استثناء صرفي" prefix="ال" root="نوي" pattern="نِيَّ" suffix="ة" />
				<ArabicLexical word="اَلْمُسْبَقَةُ" lemma="مُسْبَق" pos="مصرفة منتظمة" prefix="ال" root="سبق" pattern="مُفْعَل" suffix="ة" />
				<ArabicLexical word="فِي" lemma="فِي" pos="جامدة" prefix="" root="فِي" pattern="فِي" suffix="" />
				<ArabicLexical word="اَلطَّلَاقِ" lemma="طَلَاق" pos="مصرفة منتظمة" prefix="ال" root="طلق" pattern="فَعَال" suffix="" />
				<ArabicLexical word="بَعْدَ" lemma="بَعْدَ" pos="مصرفة منتظمة" prefix="" root="بعد" pattern="فَعْل" suffix="" />
				<ArabicLexical word="قَضَاءِ" lemma="قَضَاء" pos="مصرفة منتظمة" prefix="" root="قضي" pattern="فَعَال" suffix="" />
				<ArabicLexical word="اَلْإِجَازَةِ" lemma="إِجَازَة" pos="مصرفة منتظمة" prefix="ال" root="جوز" pattern="إِفَعالَ" suffix="ة" />
				<ArabicLexical word="فِي" lemma="فِي" pos="جامدة" prefix="" root="فِي" pattern="فِي" suffix="" />
				<ArabicLexical word="اَلْيَمَنِ" lemma="يَمَن" pos="مصرفة منتظمة" prefix="ال" root="يمن" pattern="فَعَل" suffix="" />
			</annotation>
		</sentence>
		<sentence id="08070">
			<text>نَصٌّ قَانُونِيٌّ</text>
			<annotation>
				<ArabicLexical word="نَصٌّ" lemma="نَصّ" pos="مصرفة منتظمة" prefix="" root="نصص" pattern="فَلّ" suffix="" />
				<ArabicLexical word="قَانُونِيٌّ" lemma="قَانُون" pos="مصرفة منتظمة" prefix="" root="قنن" pattern="فَاعُول" suffix="يّ" />
			</annotation>
		</sentence>
		<sentence id="08071">
			<text>وَدَعَا اَلْمُشَارِكُونَ مَجْلِسَ اَلنُّوَّابِ اَلْيَمَنِيَّ إِلَى وَضْعِ نَصٍّ قَانُونِيٍّ يُعَاقِبُ مَنْ يَقُومُ بِتَسْهِيلِ هذَا اَلزَّوَاجِ، وَإِلَى إِلْزَامِ اَلْقَائِمِينَ عَلَى أَمْرِ اَلزَّوَاجِ بِعَدَمِ مُخَالَفَةِ اَلْإِجْرَاءَاتِ اَلْقَانُونِيَّةِ اَلْخَاصَّةِ بِزَوَاجِ اَلْيَمَنِيَّةِ مِنْ أَجْنَبِيٍّ.</text>
			<annotation>
				<ArabicLexical word="وَدَعَا" lemma="دَعَا" pos="مصرفة منتظمة" prefix="وَ" root="دعو" pattern="فَعَل" suffix="" />
				<ArabicLexical word="اَلْمُشَارِكُونَ" lemma="مُشَارِك" pos="مصرفة منتظمة" prefix="ال" root="شرك" pattern="مُفَاعِل" suffix="ونَ" />
				<ArabicLexical word="مَجْلِسَ" lemma="مَجْلِس" pos="مصرفة منتظمة" prefix="" root="جلس" pattern="مَفْعِل" suffix="" />
				<ArabicLexical word="اَلنُّوَّابِ" lemma="نَائِب" pos="مصرفة منتظمة" prefix="ال" root="نوب" pattern="فُعَّال" suffix="" />
				<ArabicLexical word="اَلْيَمَنِيَّ" lemma="يَمَنِيّ" pos="مصرفة منتظمة" prefix="ال" root="يمن" pattern="فَعَل" suffix="يّ" />
				<ArabicLexical word="إِلَى" lemma="إِلَى" pos="جامدة" prefix="" root="إِلَى" pattern="إِلَى" suffix="" />
				<ArabicLexical word="وَضْعِ" lemma="وَضْع" pos="مصرفة منتظمة" prefix="" root="وضع" pattern="فَعْل" suffix="" />
				<ArabicLexical word="نَصٍّ" lemma="نَصّ" pos="مصرفة منتظمة" prefix="" root="نصص" pattern="فَلّ" suffix="" />
				<ArabicLexical word="قَانُونِيٍّ" lemma="قَانُون" pos="مصرفة منتظمة" prefix="" root="قنن" pattern="فَاعُول" suffix="يّ" />
				<ArabicLexical word="يُعَاقِبُ" lemma="عَاقَبَ" pos="مصرفة منتظمة" prefix="ي" root="عقب" pattern="فَاعَلَ" suffix="" />
				<ArabicLexical word="مَنْ" lemma="مَنْ" pos="جامدة" prefix="" root="اَلَّذِي" pattern="مَنْ" suffix="" />
				<ArabicLexical word="يَقُومُ" lemma="قَامَ" pos="مصرفة منتظمة" prefix="ي" root="قوم" pattern="فُعل" suffix="" />
				<ArabicLexical word="بِتَسْهِيلِ" lemma="تَسْهِيل" pos="مصرفة منتظمة" prefix="بِ" root="سهل" pattern="تَفْعِيل" suffix="" />
				<ArabicLexical word="هذَا" lemma="ذَا" pos="جامدة" prefix="" root="ذَا" pattern="هذَا" suffix="" />
				<ArabicLexical word="اَلزَّوَاجِ" lemma="زَوَاج" pos="مصرفة منتظمة" prefix="ال" root="زوج" pattern="فَعَال" suffix="" />
				<ArabicLexical word="وَإِلَى" lemma="إِلَى" pos="جامدة" prefix="وَ" root="إِلَى" pattern="إِلَى" suffix="" />
				<ArabicLexical word="إِلْزَامِ" lemma="إِلْزَام" pos="مصرفة منتظمة" prefix="" root="لزم" pattern="إِفْعَال" suffix="" />
				<ArabicLexical word="اَلْقَائِمِينَ" lemma="قَائِم" pos="مصرفة منتظمة" prefix="ال" root="قوم" pattern="فَاعِل" suffix="ينَ" />
				<ArabicLexical word="عَلَى" lemma="عَلَى" pos="جامدة" prefix="" root="عَلَى" pattern="عَلَى" suffix="" />
				<ArabicLexical word="أَمْرِ" lemma="أَمْر" pos="مصرفة منتظمة" prefix="" root="أمر" pattern="فَعْل" suffix="" />
				<ArabicLexical word="اَلزَّوَاجِ" lemma="زَوَاج" pos="مصرفة منتظمة" prefix="ال" root="زوج" pattern="فَعَال" suffix="" />
				<ArabicLexical word="بِعَدَمِ" lemma="عَدَم" pos="مصرفة منتظمة" prefix="بِ" root="عدم" pattern="فَعَل" suffix="" />
				<ArabicLexical word="مُخَالَفَةِ" lemma="مُخَالَفَة" pos="مصرفة منتظمة" prefix="" root="خلف" pattern="مُفَاعَل" suffix="ة" />
				<ArabicLexical word="اَلْإِجْرَاءَاتِ" lemma="إِجْرَاء" pos="مصرفة منتظمة" prefix="ال" root="جري" pattern="إِفْعَال" suffix="ات" />
				<ArabicLexical word="اَلْقَانُونِيَّةِ" lemma="قَانُونِيّ" pos="مصرفة منتظمة" prefix="ال" root="قنن" pattern="فَاعُول" suffix="يَّة" />
				<ArabicLexical word="اَلْخَاصَّةِ" lemma="خَاصّ" pos="مصرفة منتظمة" prefix="ال" root="خصص" pattern="فَالّ" suffix="ة" />
				<ArabicLexical word="بِزَوَاجِ" lemma="زَوَاج" pos="مصرفة منتظمة" prefix="بِ" root="زوج" pattern="فَعَال" suffix="" />
				<ArabicLexical word="اَلْيَمَنِيَّةِ" lemma="يَمَنِيّ" pos="مصرفة منتظمة" prefix="ال" root="يمن" pattern="فَعَل" suffix="يَّة" />
				<ArabicLexical word="مِنْ" lemma="مِنْ" pos="جامدة" prefix="" root="مِنْ" pattern="مِنْ" suffix="" />
				<ArabicLexical word="أَجْنَبِيٍّ" lemma="أَجْنَبِيّ" pos="مصرفة منتظمة" prefix="" root="جنب" pattern="أَفْعَل" suffix="يّ" />
			</annotation>
		</sentence>
		<sentence id="08072">
			<text>وَأَكَّدُوا عَلَى ضَرُورَةِ اِضْطِلَاعِ مُخْتَلِفِ اَلْجِهَاتِ اَلْمَسْؤُولَةِ فِي اَلدَّوْلَةِ وَمَعَهَا مُؤَسَّسَاتُ اَلْمُجْتَمَعِ اَلْمَدَنِيِّ بِتَوْعِيَةِ اَلْمُجْتَمَعِ بِالْآثَارِ اَلِاجْتِمَاعِيَّةِ اَلسَّيِّئَةِ اَلْمُتَرَتِّبَةِ عَلَى هذِهِ اَلظَّاهِرَةِ، وَقِيَامِ اَلْجَامِعَاتِ وَمَرَاكِزِ اَلْبَحْثِ اَلْعِلْمِيِّ بِدِرَاسَاتٍ لِمُخْتَلِفِ اَلْمَشَاكِلِ اَلِاجْتِمَاعِيَّةِ اَلَّتِي تَقِفُ خَلْفَ هذِهِ اَلظَّاهِرَةِ، وَمِنْ بَيْنِهَا اِرْتِفَاعُ اَلْمُهُورِ وَالْمُغَالَاةُ فِي تَكَالِيفِ اَلزَّوَاجِ.</text>
			<annotation>
				<ArabicLexical word="وَأَكَّدُوا" lemma="أَكَّدَ" pos="مصرفة منتظمة" prefix="وَ" root="أكد" pattern="فَعَّلَ" suffix="وا" />
				<ArabicLexical word="عَلَى" lemma="عَلَى" pos="جامدة" prefix="" root="عَلَى" pattern="عَلَى" suffix="" />
				<ArabicLexical word="ضَرُورَةِ" lemma="ضَرُورَة" pos="مصرفة منتظمة" prefix="" root="ضرر" pattern="فَعُول" suffix="ة" />
				<ArabicLexical word="اِضْطِلَاعِ" lemma="اضْطِلَاع" pos="مصرفة منتظمة" prefix="" root="ضلع" pattern="اِفْطِعَال" suffix="" />
				<ArabicLexical word="مُخْتَلِفِ" lemma="مُخْتَلِف" pos="مصرفة منتظمة" prefix="" root="خلف" pattern="مُفْتَعِل" suffix="" />
				<ArabicLexical word="اَلْجِهَاتِ" lemma="جِهَة" pos="مصرفة منتظمة" prefix="ال" root="وجه" pattern="فعِلَ" suffix="ات" />
				<ArabicLexical word="اَلْمَسْؤُولَةِ" lemma="مَسْؤُول" pos="مصرفة منتظمة" prefix="ال" root="سأل" pattern="مَفْعُول" suffix="ة" />
				<ArabicLexical word="فِي" lemma="فِي" pos="جامدة" prefix="" root="فِي" pattern="فِي" suffix="" />
				<ArabicLexical word="اَلدَّوْلَةِ" lemma="دَوْلَة" pos="مصرفة منتظمة" prefix="ال" root="دول" pattern="فَعْل" suffix="ة" />
				<ArabicLexical word="وَمَعَهَا" lemma="مَعَ" pos="جامدة" prefix="وَ" root="مَعَ" pattern="مَعَ" suffix="هَا" />
				<ArabicLexical word="مُؤَسَّسَاتُ" lemma="مُؤَسَّسَة" pos="مصرفة منتظمة" prefix="" root="أسس" pattern="مُفَعَّل" suffix="ات" />
				<ArabicLexical word="اَلْمُجْتَمَعِ" lemma="مُجْتَمَع" pos="مصرفة منتظمة" prefix="ال" root="جمع" pattern="مُفْتَعَل" suffix="" />
				<ArabicLexical word="اَلْمَدَنِيِّ" lemma="مَدَنِيّ" pos="مصرفة منتظمة" prefix="ال" root="مدن" pattern="فَعَل" suffix="يّ" />
				<ArabicLexical word="بِتَوْعِيَةِ" lemma="تَوْعِيَة" pos="مصرفة منتظمة" prefix="بِ" root="وعي" pattern="تَفْعِلَ" suffix="ة" />
				<ArabicLexical word="اَلْمُجْتَمَعِ" lemma="مُجْتَمَع" pos="مصرفة منتظمة" prefix="ال" root="جمع" pattern="مُفْتَعَل" suffix="" />
				<ArabicLexical word="بِالْآثَارِ" lemma="أَثَر" pos="مصرفة منتظمة" prefix="بِال" root="أثر" pattern="أَفعَال" suffix="" />
				<ArabicLexical word="اَلِاجْتِمَاعِيَّةِ" lemma="اجْتِمَاعِيّ" pos="مصرفة منتظمة" prefix="ال" root="جمع" pattern="اِفْتِعَال" suffix="يَّة" />
				<ArabicLexical word="اَلسَّيِّئَةِ" lemma="سَيِّئَة" pos="مصرفة منتظمة" prefix="ال" root="سوأ" pattern="فَعِّل" suffix="ة" />
				<ArabicLexical word="اَلْمُتَرَتِّبَةِ" lemma="مُتَرَتِّب" pos="مصرفة منتظمة" prefix="ال" root="رتب" pattern="مُتَفَعِّل" suffix="ة" />
				<ArabicLexical word="عَلَى" lemma="عَلَى" pos="جامدة" prefix="" root="عَلَى" pattern="عَلَى" suffix="" />
				<ArabicLexical word="هذِهِ" lemma="ذَا" pos="جامدة" prefix="" root="ذَا" pattern="هذِهِ" suffix="" />
				<ArabicLexical word="اَلظَّاهِرَةِ" lemma="ظَاهِرَة" pos="مصرفة منتظمة" prefix="ال" root="ظهر" pattern="فَاعِل" suffix="ة" />
				<ArabicLexical word="وَقِيَامِ" lemma="قِيَام" pos="مصرفة منتظمة" prefix="وَ" root="قوم" pattern="فِعَال" suffix="" />
				<ArabicLexical word="اَلْجَامِعَاتِ" lemma="جَامِعَة" pos="مصرفة منتظمة" prefix="ال" root="جمع" pattern="فَاعِل" suffix="ات" />
				<ArabicLexical word="وَمَرَاكِزِ" lemma="مَرْكَز" pos="مصرفة منتظمة" prefix="وَ" root="ركز" pattern="مَفَاعِل" suffix="" />
				<ArabicLexical word="اَلْبَحْثِ" lemma="بَحْث" pos="مصرفة منتظمة" prefix="ال" root="بحث" pattern="فَعْل" suffix="" />
				<ArabicLexical word="اَلْعِلْمِيِّ" lemma="عِلْمِيّ" pos="مصرفة منتظمة" prefix="ال" root="علم" pattern="فِعْل" suffix="يّ" />
				<ArabicLexical word="بِدِرَاسَاتٍ" lemma="دِرَاسَة" pos="مصرفة منتظمة" prefix="بِ" root="درس" pattern="فِعَال" suffix="ات" />
				<ArabicLexical word="لِمُخْتَلِفِ" lemma="مُخْتَلِف" pos="مصرفة منتظمة" prefix="لِ" root="خلف" pattern="مُفْتَعِل" suffix="" />
				<ArabicLexical word="اَلْمَشَاكِلِ" lemma="مَشْكَل" pos="مصرفة منتظمة" prefix="ال" root="شكل" pattern="مَفَاعِل" suffix="" />
				<ArabicLexical word="اَلِاجْتِمَاعِيَّةِ" lemma="اجْتِمَاعِيّ" pos="مصرفة منتظمة" prefix="ال" root="جمع" pattern="اِفْتِعَال" suffix="يَّة" />
				<ArabicLexical word="اَلَّتِي" lemma="اَلَّذِي" pos="جامدة" prefix="ال" root="اَلَّذِي" pattern="لَتِي" suffix="" />
				<ArabicLexical word="تَقِفُ" lemma="وَقَفَ" pos="مصرفة منتظمة" prefix="ت" root="وقف" pattern="فعِلْ" suffix="" />
				<ArabicLexical word="خَلْفَ" lemma="خَلْف" pos="مصرفة منتظمة" prefix="" root="خلف" pattern="فَعْل" suffix="" />
				<ArabicLexical word="هذِهِ" lemma="ذَا" pos="جامدة" prefix="" root="ذَا" pattern="هذِهِ" suffix="" />
				<ArabicLexical word="اَلظَّاهِرَةِ" lemma="ظَاهِرَة" pos="مصرفة منتظمة" prefix="ال" root="ظهر" pattern="فَاعِل" suffix="ة" />
				<ArabicLexical word="وَمِنْ" lemma="مِنْ" pos="جامدة" prefix="وَ" root="مِنْ" pattern="مِنْ" suffix="" />
				<ArabicLexical word="بَيْنِهَا" lemma="بَيْن" pos="مصرفة منتظمة" prefix="" root="بين" pattern="فَعْل" suffix="هَا" />
				<ArabicLexical word="اِرْتِفَاعُ" lemma="ارْتِفَاع" pos="مصرفة منتظمة" prefix="" root="رفع" pattern="اِفْتِعَال" suffix="" />
				<ArabicLexical word="اَلْمُهُورِ" lemma="مُهُور" pos="مصرفة منتظمة" prefix="ال" root="مهر" pattern="فُعُول" suffix="" />
				<ArabicLexical word="وَالْمُغَالَاةُ" lemma="مُغَالَاة" pos="مصرفة منتظمة" prefix="وَال" root="غلو" pattern="مُفَاعَل" suffix="ة" />
				<ArabicLexical word="فِي" lemma="فِي" pos="جامدة" prefix="" root="فِي" pattern="فِي" suffix="" />
				<ArabicLexical word="تَكَالِيفِ" lemma="تَكْلِيف" pos="مصرفة منتظمة" prefix="" root="كلف" pattern="تَفَاعِيل" suffix="" />
				<ArabicLexical word="اَلزَّوَاجِ" lemma="زَوَاج" pos="مصرفة منتظمة" prefix="ال" root="زوج" pattern="فَعَال" suffix="" />
			</annotation>
		</sentence>
		<sentence id="08073">
			<text>وَحَوْلَ اَلْهَدَفِ مِنْ عَقْدِ هذِهِ اَلنَّدْوَةِ قَالَ اَلدُّكْتُورُ أَحْمَدُ مُحَمَّدِ شُجَاعِ اَلدِّينِ رَئِيسُ جَامِعَةِ إِبَّ إِنَّهَا تَأْتِي فِي إِطَارِ مُشَارَكَةِ اَلْجَامِعَةِ فِي دِرَاسَةِ وَتَحْلِيلِ اَلظَّوَاهِرِ اَلِاجْتِمَاعِيَّةِ اَلَّتِي تَطْرَأُ عَلَى اَلْمُجْتَمَعِ اَلْيَمَنِيِّ بَيْنَ اَلْحِينِ وَالْآخَرِ، وَإِيجَادِ اَلْحُلُولِ اَلْمُنَاسِبَةِ لَهَا وَفْقَ رُؤْيَةٍ عِلْمِيَّةٍ صَحِيحَةٍ وَمَدْرُوسَةٍ، مُشِيرًا إِلَى اِنْتِشَارِ اَلزَّوَاجِ اَلسِّيَاحِيِّ خِلَالَ اَلسَّنَوَاتِ اَلْقَلِيلَةِ اَلْمَاضِيَةِ فِي مُحَافَظَةِ إِبَّ وَغَيْرِهَا مِنْ مُحَافَظَاتِ اَلْيَمَنِ، نَتِيجَةَ إِقْدَامِ بَعْضِ اَلسُّيَّاحِ مِنْ دُوَلِ اَلْجِوَارِ عَلَى اَلزَّوَاجِ مِنْ فَتَيَاتٍ يَمَنِيَّاتٍ لِفَتْرَةٍ وَجِيزَةٍ - غَالِبًا مَا تَكُونُ خِلَالَ اَلصَّيْفِ - ثُمَّ يَعُودُ اَلسَّائِحُ إِلَى بِلَادِهِ، وَيَتْرُكُ اَلزَّوْجَةَ؛ وَهُوَ مَا يَنْجُمُ عَنْهُ أَضْرَارٌ نَفْسِيَّةٌ وَاجْتِمَاعِيَّةٌ وَتَرْبَوِيَّةٌ لِلزَّوْجَةِ وَأُسْرَتِهَا عَلَى حَدٍّ سَوَاءٍ.</text>
			<annotation>
				<ArabicLexical word="وَحَوْلَ" lemma="حَوْل" pos="مصرفة منتظمة" prefix="وَ" root="حول" pattern="فَعْل" suffix="" />
				<ArabicLexical word="اَلْهَدَفِ" lemma="هَدَف" pos="مصرفة منتظمة" prefix="ال" root="هدف" pattern="فَعَل" suffix="" />
				<ArabicLexical word="مِنْ" lemma="مِنْ" pos="جامدة" prefix="" root="مِنْ" pattern="مِنْ" suffix="" />
				<ArabicLexical word="عَقْدِ" lemma="عَقْد" pos="مصرفة منتظمة" prefix="" root="عقد" pattern="فَعْل" suffix="" />
				<ArabicLexical word="هذِهِ" lemma="ذَا" pos="جامدة" prefix="" root="ذَا" pattern="هذِهِ" suffix="" />
				<ArabicLexical word="اَلنَّدْوَةِ" lemma="نَدْوَة" pos="مصرفة منتظمة" prefix="ال" root="ندو" pattern="فَعْل" suffix="ة" />
				<ArabicLexical word="قَالَ" lemma="قَالَ" pos="مصرفة منتظمة" prefix="" root="قول" pattern="فَعلَ" suffix="" />
				<ArabicLexical word="اَلدُّكْتُورُ" lemma="دُكْتُور" pos="معربة" prefix="ال" root="دُكْتُور" pattern="دُكْتُور" suffix="" />
				<ArabicLexical word="أَحْمَدُ" lemma="أَحْمَد" pos="مصرفة منتظمة" prefix="" root="حمد" pattern="أَفْعَل" suffix="" />
				<ArabicLexical word="مُحَمَّدِ" lemma="مُحَمَّد" pos="مصرفة منتظمة" prefix="" root="حمد" pattern="مُفَعَّل" suffix="" />
				<ArabicLexical word="شُجَاعِ" lemma="شُجَاع" pos="مصرفة منتظمة" prefix="" root="شجع" pattern="فُعَال" suffix="" />
				<ArabicLexical word="اَلدِّينِ" lemma="دِين" pos="مصرفة منتظمة" prefix="ال" root="دين" pattern="فِعل" suffix="" />
				<ArabicLexical word="رَئِيسُ" lemma="رَئِيس" pos="مصرفة منتظمة" prefix="" root="رأس" pattern="فَعِيل" suffix="" />
				<ArabicLexical word="جَامِعَةِ" lemma="جَامِعَة" pos="مصرفة منتظمة" prefix="" root="جمع" pattern="فَاعِل" suffix="ة" />
				<ArabicLexical word="إِبَّ" lemma="أَبَّ" pos="مصرفة منتظمة" prefix="" root="أبب" pattern="فِلّ" suffix="" />
				<ArabicLexical word="إِنَّهَا" lemma="أَنَّ" pos="جامدة" prefix="" root="إِنَّ" pattern="إِنَّ" suffix="هَا" />
				<ArabicLexical word="تَأْتِي" lemma="أَتَى" pos="مصرفة منتظمة" prefix="ت" root="أتي" pattern="فْعِل" suffix="" />
				<ArabicLexical word="فِي" lemma="فِي" pos="جامدة" prefix="" root="فِي" pattern="فِي" suffix="" />
				<ArabicLexical word="إِطَارِ" lemma="إِطَار" pos="مصرفة منتظمة" prefix="" root="أطر" pattern="فِعَال" suffix="" />
				<ArabicLexical word="مُشَارَكَةِ" lemma="مُشَارَكَة" pos="مصرفة منتظمة" prefix="" root="شرك" pattern="مُفَاعَل" suffix="ة" />
				<ArabicLexical word="اَلْجَامِعَةِ" lemma="جَامِع" pos="مصرفة منتظمة" prefix="ال" root="جمع" pattern="فَاعِل" suffix="ة" />
				<ArabicLexical word="فِي" lemma="فِي" pos="جامدة" prefix="" root="فِي" pattern="فِي" suffix="" />
				<ArabicLexical word="دِرَاسَةِ" lemma="دِرَاسَة" pos="مصرفة منتظمة" prefix="" root="درس" pattern="فِعَال" suffix="ة" />
				<ArabicLexical word="وَتَحْلِيلِ" lemma="تَحْلِيل" pos="مصرفة منتظمة" prefix="وَ" root="حلل" pattern="تَفْعِيل" suffix="" />
				<ArabicLexical word="اَلظَّوَاهِرِ" lemma="ظَاهِر" pos="مصرفة منتظمة" prefix="ال" root="ظهر" pattern="فَوَاعِل" suffix="" />
				<ArabicLexical word="اَلِاجْتِمَاعِيَّةِ" lemma="اجْتِمَاعِيّ" pos="مصرفة منتظمة" prefix="ال" root="جمع" pattern="اِفْتِعَال" suffix="يَّة" />
				<ArabicLexical word="اَلَّتِي" lemma="اَلَّذِي" pos="جامدة" prefix="ال" root="اَلَّذِي" pattern="لَتِي" suffix="" />
				<ArabicLexical word="تَطْرَأُ" lemma="طَرَأَ" pos="مصرفة منتظمة" prefix="ت" root="طرأ" pattern="فْعَل" suffix="" />
				<ArabicLexical word="عَلَى" lemma="عَلَى" pos="جامدة" prefix="" root="عَلَى" pattern="عَلَى" suffix="" />
				<ArabicLexical word="اَلْمُجْتَمَعِ" lemma="مُجْتَمَع" pos="مصرفة منتظمة" prefix="ال" root="جمع" pattern="مُفْتَعَل" suffix="" />
				<ArabicLexical word="اَلْيَمَنِيِّ" lemma="يَمَنِيّ" pos="مصرفة منتظمة" prefix="ال" root="يمن" pattern="فَعَل" suffix="يّ" />
				<ArabicLexical word="بَيْنَ" lemma="بَيْنَ" pos="مصرفة منتظمة" prefix="" root="بين" pattern="فَعْل" suffix="" />
				<ArabicLexical word="اَلْحِينِ" lemma="حِين" pos="مصرفة منتظمة" prefix="ال" root="حين" pattern="فِعل" suffix="" />
				<ArabicLexical word="وَالْآخَرِ" lemma="آخَر" pos="مصرفة منتظمة" prefix="وَال" root="أخر" pattern="أَفعَل" suffix="" />
				<ArabicLexical word="وَإِيجَادِ" lemma="إِيجَاد" pos="مصرفة منتظمة" prefix="وَ" root="وجد" pattern="إِفعَال" suffix="" />
				<ArabicLexical word="اَلْحُلُولِ" lemma="حُلُول" pos="مصرفة منتظمة" prefix="ال" root="حلل" pattern="فُعُول" suffix="" />
				<ArabicLexical word="اَلْمُنَاسِبَةِ" lemma="مُنَاسِب" pos="مصرفة منتظمة" prefix="ال" root="نسب" pattern="مُفَاعِل" suffix="ة" />
				<ArabicLexical word="لَهَا" lemma="لِي" pos="جامدة" prefix="" root="لِي" pattern="لَهَا" suffix="" />
				<ArabicLexical word="وَفْقَ" lemma="وَفْق" pos="مصرفة منتظمة" prefix="" root="وفق" pattern="فَعْل" suffix="" />
				<ArabicLexical word="رُؤْيَةٍ" lemma="رُؤْيَة" pos="مصرفة منتظمة" prefix="" root="رأي" pattern="فُعْل" suffix="ة" />
				<ArabicLexical word="عِلْمِيَّةٍ" lemma="عِلْمِيّ" pos="مصرفة منتظمة" prefix="" root="علم" pattern="فِعْل" suffix="يَّة" />
				<ArabicLexical word="صَحِيحَةٍ" lemma="صَحِيح" pos="مصرفة منتظمة" prefix="" root="صحح" pattern="فَعِيل" suffix="ة" />
				<ArabicLexical word="وَمَدْرُوسَةٍ" lemma="مَدْرُوس" pos="مصرفة منتظمة" prefix="وَ" root="درس" pattern="مَفْعُول" suffix="ة" />
				<ArabicLexical word="مُشِيرًا" lemma="مُشِير" pos="مصرفة منتظمة" prefix="" root="شور" pattern="مُفِعل" suffix="" />
				<ArabicLexical word="إِلَى" lemma="إِلَى" pos="جامدة" prefix="" root="إِلَى" pattern="إِلَى" suffix="" />
				<ArabicLexical word="اِنْتِشَارِ" lemma="انْتِشَار" pos="مصرفة منتظمة" prefix="" root="نشر" pattern="اِفْتِعَال" suffix="" />
				<ArabicLexical word="اَلزَّوَاجِ" lemma="زَوَاج" pos="مصرفة منتظمة" prefix="ال" root="زوج" pattern="فَعَال" suffix="" />
				<ArabicLexical word="اَلسِّيَاحِيِّ" lemma="سِيَاحِيّ" pos="مصرفة منتظمة" prefix="ال" root="سيح" pattern="فِعَال" suffix="يّ" />
				<ArabicLexical word="خِلَالَ" lemma="خِلَال" pos="مصرفة منتظمة" prefix="" root="خلل" pattern="فِعَال" suffix="" />
				<ArabicLexical word="اَلسَّنَوَاتِ" lemma="سَنَة" pos="استثناء صرفي" prefix="ال" root="سنه" pattern="سَنَوَ" suffix="ات" />
				<ArabicLexical word="اَلْقَلِيلَةِ" lemma="قَلِيل" pos="مصرفة منتظمة" prefix="ال" root="قلل" pattern="فَعِيل" suffix="ة" />
				<ArabicLexical word="اَلْمَاضِيَةِ" lemma="مَاضِيَة" pos="مصرفة منتظمة" prefix="ال" root="مضي" pattern="فَاعِل" suffix="ة" />
				<ArabicLexical word="فِي" lemma="فِي" pos="جامدة" prefix="" root="فِي" pattern="فِي" suffix="" />
				<ArabicLexical word="مُحَافَظَةِ" lemma="مُحَافَظَة" pos="مصرفة منتظمة" prefix="" root="حفظ" pattern="مُفَاعَل" suffix="ة" />
				<ArabicLexical word="إِبَّ" lemma="أَبَّ" pos="مصرفة منتظمة" prefix="" root="أبب" pattern="فِلّ" suffix="" />
				<ArabicLexical word="وَغَيْرِهَا" lemma="غَيْر" pos="مصرفة منتظمة" prefix="وَ" root="غير" pattern="فَعْل" suffix="هَا" />
				<ArabicLexical word="مِنْ" lemma="مِنْ" pos="جامدة" prefix="" root="مِنْ" pattern="مِنْ" suffix="" />
				<ArabicLexical word="مُحَافَظَاتِ" lemma="مُحَافَظَة" pos="مصرفة منتظمة" prefix="" root="حفظ" pattern="مُفَاعَل" suffix="ات" />
				<ArabicLexical word="اَلْيَمَنِ" lemma="يَمَن" pos="مصرفة منتظمة" prefix="ال" root="يمن" pattern="فَعَل" suffix="" />
				<ArabicLexical word="نَتِيجَةَ" lemma="نَتِيجَة" pos="مصرفة منتظمة" prefix="" root="نتج" pattern="فَعِيل" suffix="ة" />
				<ArabicLexical word="إِقْدَامِ" lemma="إِقْدَام" pos="مصرفة منتظمة" prefix="" root="قدم" pattern="إِفْعَال" suffix="" />
				<ArabicLexical word="بَعْضِ" lemma="بَعْض" pos="مصرفة منتظمة" prefix="" root="بعض" pattern="فَعْل" suffix="" />
				<ArabicLexical word="اَلسُّيَّاحِ" lemma="سَائِح" pos="مصرفة منتظمة" prefix="ال" root="سيح" pattern="فُعَّال" suffix="" />
				<ArabicLexical word="مِنْ" lemma="مِنْ" pos="جامدة" prefix="" root="مِنْ" pattern="مِنْ" suffix="" />
				<ArabicLexical word="دُوَلِ" lemma="دَوْلَة" pos="مصرفة منتظمة" prefix="" root="دول" pattern="فُعَل" suffix="" />
				<ArabicLexical word="اَلْجِوَارِ" lemma="جِوَار" pos="مصرفة منتظمة" prefix="ال" root="جور" pattern="فِعَال" suffix="" />
				<ArabicLexical word="عَلَى" lemma="عَلَى" pos="جامدة" prefix="" root="عَلَى" pattern="عَلَى" suffix="" />
				<ArabicLexical word="اَلزَّوَاجِ" lemma="زَوَاج" pos="مصرفة منتظمة" prefix="ال" root="زوج" pattern="فَعَال" suffix="" />
				<ArabicLexical word="مِنْ" lemma="مِنْ" pos="جامدة" prefix="" root="مِنْ" pattern="مِنْ" suffix="" />
				<ArabicLexical word="فَتَيَاتٍ" lemma="فَتَاة" pos="مصرفة منتظمة" prefix="" root="فتي" pattern="فَعَل" suffix="ات" />
				<ArabicLexical word="يَمَنِيَّاتٍ" lemma="يَمَنِيّ" pos="مصرفة منتظمة" prefix="" root="يمن" pattern="فَعَل" suffix="يَّات" />
				<ArabicLexical word="لِفَتْرَةٍ" lemma="فَتْرَة" pos="مصرفة منتظمة" prefix="لِ" root="فتر" pattern="فَعْل" suffix="ة" />
				<ArabicLexical word="وَجِيزَةٍ" lemma="وَجِيز" pos="مصرفة منتظمة" prefix="" root="وجز" pattern="فَعِيل" suffix="ة" />
				<ArabicLexical word="غَالِبًا" lemma="غَالِب" pos="مصرفة منتظمة" prefix="" root="غلب" pattern="فَاعِل" suffix="" />
				<ArabicLexical word="مَا" lemma="مَا" pos="جامدة" prefix="" root="اَلَّذِي" pattern="مَا" suffix="" />
				<ArabicLexical word="تَكُونُ" lemma="كَانَ" pos="مصرفة منتظمة" prefix="ت" root="كون" pattern="فُعل" suffix="" />
				<ArabicLexical word="خِلَالَ" lemma="خِلَال" pos="مصرفة منتظمة" prefix="" root="خلل" pattern="فِعَال" suffix="" />
				<ArabicLexical word="اَلصَّيْفِ" lemma="صَيْف" pos="مصرفة منتظمة" prefix="ال" root="صيف" pattern="فَعْل" suffix="" />
				<ArabicLexical word="ثُمَّ" lemma="ثُمَّ" pos="جامدة" prefix="" root="ثُمَّ" pattern="ثُمَّ" suffix="" />
				<ArabicLexical word="يَعُودُ" lemma="عَادَ" pos="مصرفة منتظمة" prefix="ي" root="عود" pattern="فُعل" suffix="" />
				<ArabicLexical word="اَلسَّائِحُ" lemma="سَائِح" pos="مصرفة منتظمة" prefix="ال" root="سيح" pattern="فَاعِل" suffix="" />
				<ArabicLexical word="إِلَى" lemma="إِلَى" pos="جامدة" prefix="" root="إِلَى" pattern="إِلَى" suffix="" />
				<ArabicLexical word="بِلَادِهِ" lemma="بِلَاد" pos="مصرفة منتظمة" prefix="" root="بلد" pattern="فِعَال" suffix="ه" />
				<ArabicLexical word="وَيَتْرُكُ" lemma="تَرَكَ" pos="مصرفة منتظمة" prefix="وَي" root="ترك" pattern="فْعُل" suffix="" />
				<ArabicLexical word="اَلزَّوْجَةَ" lemma="زَوْجَة" pos="مصرفة منتظمة" prefix="ال" root="زوج" pattern="فَعْل" suffix="ة" />
				<ArabicLexical word="وَهُوَ" lemma="هُو" pos="جامدة" prefix="وَ" root="هُوَ" pattern="هُوَ" suffix="" />
				<ArabicLexical word="مَا" lemma="مَا" pos="جامدة" prefix="" root="اَلَّذِي" pattern="مَا" suffix="" />
				<ArabicLexical word="يَنْجُمُ" lemma="نَجَمَ" pos="مصرفة منتظمة" prefix="ي" root="نجم" pattern="فْعُل" suffix="" />
				<ArabicLexical word="عَنْهُ" lemma="عَنْ" pos="جامدة" prefix="" root="عَنْ" pattern="عَنْ" suffix="ه" />
				<ArabicLexical word="أَضْرَارٌ" lemma="ضَرَر" pos="مصرفة منتظمة" prefix="" root="ضرر" pattern="أَفْعَال" suffix="" />
				<ArabicLexical word="نَفْسِيَّةٌ" lemma="نَفْسِيّ" pos="مصرفة منتظمة" prefix="" root="نفس" pattern="فَعْل" suffix="يَّة" />
				<ArabicLexical word="وَاجْتِمَاعِيَّةٌ" lemma="اجْتِمَاعِيّ" pos="مصرفة منتظمة" prefix="وَ" root="جمع" pattern="اِفْتِعَال" suffix="يَّة" />
				<ArabicLexical word="وَتَرْبَوِيَّةٌ" lemma="تَرْبَوِيّ" pos="مصرفة منتظمة" prefix="وَ" root="ربو" pattern="تَفْعَلِ" suffix="يَّة" />
				<ArabicLexical word="لِلزَّوْجَةِ" lemma="زَوْجَة" pos="مصرفة منتظمة" prefix="لِل" root="زوج" pattern="فَعْل" suffix="ة" />
				<ArabicLexical word="وَأُسْرَتِهَا" lemma="أُسْرَة" pos="مصرفة منتظمة" prefix="وَ" root="أسر" pattern="فُعْل" suffix="تهَا" />
				<ArabicLexical word="عَلَى" lemma="عَلَى" pos="جامدة" prefix="" root="عَلَى" pattern="عَلَى" suffix="" />
				<ArabicLexical word="حَدٍّ" lemma="حَدّ" pos="مصرفة منتظمة" prefix="" root="حدد" pattern="فَلّ" suffix="" />
				<ArabicLexical word="سَوَاءٍ" lemma="سَوَاء" pos="مصرفة منتظمة" prefix="" root="سوي" pattern="فَعَال" suffix="" />
			</annotation>
		</sentence>
		<sentence id="08074">
			<text>وَكَانَتْ وِزَارَةُ اَلدَّاخِلِيَّةِ اَلْيَمَنِيَّةُ قَدْ مَنَحَتْ اَلْعَامَ اَلْمَاضِيَ (2004) 826 مُوَاطِنًا وَمُوَاطِنَةً يَمَنِيِّينَ مُوَافَقَاتٍ لِلزَّوَاجِ بِأَجَانِبَ، مِنْهُمْ 169 إِذْنَ زَوَاجٍ لِمُوَاطِنِينَ ذُكُورٍ، و 657 إِذْنَ زَوَاجٍ أُعْطِيَتْ لِيَمَنِيَّاتٍ.</text>
			<annotation>
				<ArabicLexical word="وَكَانَتْ" lemma="كَانَ" pos="مصرفة منتظمة" prefix="وَ" root="كون" pattern="فَعلَ" suffix="تْ" />
				<ArabicLexical word="وِزَارَةُ" lemma="وِزَارَة" pos="مصرفة منتظمة" prefix="" root="وزر" pattern="فِعَال" suffix="ة" />
				<ArabicLexical word="اَلدَّاخِلِيَّةِ" lemma="دَاخِلِيّ" pos="مصرفة منتظمة" prefix="ال" root="دخل" pattern="فَاعِل" suffix="يَّة" />
				<ArabicLexical word="اَلْيَمَنِيَّةُ" lemma="يَمَنِيّ" pos="مصرفة منتظمة" prefix="ال" root="يمن" pattern="فَعَل" suffix="يَّة" />
				<ArabicLexical word="قَدْ" lemma="قَدْ" pos="جامدة" prefix="" root="قَدْ" pattern="قَدْ" suffix="" />
				<ArabicLexical word="مَنَحَتْ" lemma="مَنَحَ" pos="مصرفة منتظمة" prefix="" root="منح" pattern="فَعَلَ" suffix="تْ" />
				<ArabicLexical word="اَلْعَامَ" lemma="عَام" pos="مصرفة منتظمة" prefix="ال" root="عوم" pattern="فَعل" suffix="" />
				<ArabicLexical word="اَلْمَاضِيَ" lemma="مَاضِي" pos="مصرفة منتظمة" prefix="ال" root="مضي" pattern="فَاعِل" suffix="" />
				<ArabicLexical word="مُوَاطِنًا" lemma="مُوَاطِن" pos="مصرفة منتظمة" prefix="" root="وطن" pattern="مُفَاعِل" suffix="" />
				<ArabicLexical word="وَمُوَاطِنَةً" lemma="مُوَاطِن" pos="مصرفة منتظمة" prefix="وَ" root="وطن" pattern="مُفَاعِل" suffix="ة" />
				<ArabicLexical word="يَمَنِيِّينَ" lemma="يَمَنِيّ" pos="مصرفة منتظمة" prefix="" root="يمن" pattern="فَعَل" suffix="يِّينَ" />
				<ArabicLexical word="مُوَافَقَاتٍ" lemma="مُوَافَقَة" pos="مصرفة منتظمة" prefix="" root="وفق" pattern="مُفَاعَل" suffix="ات" />
				<ArabicLexical word="لِلزَّوَاجِ" lemma="زَوَاج" pos="مصرفة منتظمة" prefix="لِل" root="زوج" pattern="فَعَال" suffix="" />
				<ArabicLexical word="بِأَجَانِبَ" lemma="أَجْنَبِيّ" pos="مصرفة منتظمة" prefix="بِ" root="جنب" pattern="أَفَاعِل" suffix="" />
				<ArabicLexical word="مِنْهُمْ" lemma="مِنْ" pos="جامدة" prefix="" root="مِنْ" pattern="مِنْ" suffix="همْ" />
				<ArabicLexical word="إِذْنَ" lemma="إِذْن" pos="مصرفة منتظمة" prefix="" root="أذن" pattern="فِعْل" suffix="" />
				<ArabicLexical word="زَوَاجٍ" lemma="زَوَاج" pos="مصرفة منتظمة" prefix="" root="زوج" pattern="فَعَال" suffix="" />
				<ArabicLexical word="لِمُوَاطِنِينَ" lemma="مُوَاطِن" pos="مصرفة منتظمة" prefix="لِ" root="وطن" pattern="مُفَاعِل" suffix="ينَ" />
				<ArabicLexical word="ذُكُورٍ" lemma="ذَكَر" pos="مصرفة منتظمة" prefix="" root="ذكر" pattern="فُعُول" suffix="" />
				<ArabicLexical word="و" lemma="+" pos="غير عربية" prefix="" root="" pattern="" suffix="" />
				<ArabicLexical word="إِذْنَ" lemma="إِذْن" pos="مصرفة منتظمة" prefix="" root="أذن" pattern="فِعْل" suffix="" />
				<ArabicLexical word="زَوَاجٍ" lemma="زَوَاج" pos="مصرفة منتظمة" prefix="" root="زوج" pattern="فَعَال" suffix="" />
				<ArabicLexical word="أُعْطِيَتْ" lemma="أَعْطَى" pos="مصرفة منتظمة" prefix="" root="عطو" pattern="أُفْعِلَ" suffix="تْ" />
				<ArabicLexical word="لِيَمَنِيَّاتٍ" lemma="يَمَنِيّ" pos="مصرفة منتظمة" prefix="لِ" root="يمن" pattern="فَعَل" suffix="يَّات" />
			</annotation>
		</sentence>
		<sentence id="08075">
			<text>وَأَوْضَحَ تَقْرِيرٌ صَادِرٌ عَنْ اَلْوِزَارَةِ أَنَّ 24 مِنْ اَلْأَجْنَبِيَّاتِ اَللَّوَاتِي اِرْتَبَطَ بِهِنَّ اَلْيَمَنِيُّونَ يَحْمِلْنَ اَلْجِنْسِيَّةَ اَلْأَمْرِيكِيَّةَ، 18 مِنْ جِنْسِيَّاتٍ أُورُوبِّيَّةٍ، 16 آسْيَوِيَّةً، 39 إِفْرِيقِيَّةً و 72 مِنْ جِنْسِيَّاتٍ عَرَبِيَّةٍ مُخْتَلِفَةٍ.</text>
			<annotation>
				<ArabicLexical word="وَأَوْضَحَ" lemma="أَوْضَح" pos="مصرفة منتظمة" prefix="وَ" root="وضح" pattern="أَفْعَلَ" suffix="" />
				<ArabicLexical word="تَقْرِيرٌ" lemma="تَقْرِير" pos="مصرفة منتظمة" prefix="" root="قرر" pattern="تَفْعِيل" suffix="" />
				<ArabicLexical word="صَادِرٌ" lemma="صَادِر" pos="مصرفة منتظمة" prefix="" root="صدر" pattern="فَاعِل" suffix="" />
				<ArabicLexical word="عَنْ" lemma="عَنْ" pos="جامدة" prefix="" root="عَنْ" pattern="عَنْ" suffix="" />
				<ArabicLexical word="اَلْوِزَارَةِ" lemma="وِزَارَة" pos="مصرفة منتظمة" prefix="ال" root="وزر" pattern="فِعَال" suffix="ة" />
				<ArabicLexical word="أَنَّ" lemma="أَنَّ" pos="جامدة" prefix="" root="أَنَّ" pattern="أَنَّ" suffix="" />
				<ArabicLexical word="مِنْ" lemma="مِنْ" pos="جامدة" prefix="" root="مِنْ" pattern="مِنْ" suffix="" />
				<ArabicLexical word="اَلْأَجْنَبِيَّاتِ" lemma="أَجْنَبِيّ" pos="مصرفة منتظمة" prefix="ال" root="جنب" pattern="أَفْعَل" suffix="يَّات" />
				<ArabicLexical word="اَللَّوَاتِي" lemma="اَلَّذِي" pos="جامدة" prefix="ال" root="اَلَّذِي" pattern="لَوَاتِي" suffix="" />
				<ArabicLexical word="اِرْتَبَطَ" lemma="ارْتَبَطَ" pos="مصرفة منتظمة" prefix="" root="ربط" pattern="اِفْتَعَلَ" suffix="" />
				<ArabicLexical word="بِهِنَّ" lemma="بِي" pos="جامدة" prefix="" root="بِي" pattern="بِهِنَّ" suffix="" />
				<ArabicLexical word="اَلْيَمَنِيُّونَ" lemma="يَمَنِيّ" pos="مصرفة منتظمة" prefix="ال" root="يمن" pattern="فَعَل" suffix="يُّونَ" />
				<ArabicLexical word="يَحْمِلْنَ" lemma="حَمَلَ" pos="مصرفة منتظمة" prefix="ي" root="حمل" pattern="فْعِل" suffix="نَ" />
				<ArabicLexical word="اَلْجِنْسِيَّةَ" lemma="جِنْسِيَّة" pos="مصرفة منتظمة" prefix="ال" root="جنس" pattern="فِعْل" suffix="يَّة" />
				<ArabicLexical word="اَلْأَمْرِيكِيَّةَ" lemma="أَمِيرْكِيّ" pos="معربة" prefix="ال" root="أَمِرِيكَا" pattern="أَمْرِيكِ" suffix="يَّة" />
				<ArabicLexical word="مِنْ" lemma="مِنْ" pos="جامدة" prefix="" root="مِنْ" pattern="مِنْ" suffix="" />
				<ArabicLexical word="جِنْسِيَّاتٍ" lemma="جِنْسِيَّة" pos="مصرفة منتظمة" prefix="" root="جنس" pattern="فِعْل" suffix="يَّات" />
				<ArabicLexical word="أُورُوبِّيَّةٍ" lemma="أُورُوبِّيّ" pos="معربة" prefix="" root="أُورُوبَّا" pattern="أُورُوبِّ" suffix="يَّة" />
				<ArabicLexical word="آسْيَوِيَّةً" lemma="آسْيَوِيّ" pos="معربة" prefix="" root="آسْيَا" pattern="آسْيَوِ" suffix="يَّة" />
				<ArabicLexical word="إِفْرِيقِيَّةً" lemma="إِفْرِيقِيّ" pos="معربة" prefix="" root="إِفْرِيقْيَا" pattern="إِفْرِيقْ" suffix="يَّة" />
				<ArabicLexical word="و" lemma="+" pos="غير عربية" prefix="" root="" pattern="" suffix="" />
				<ArabicLexical word="مِنْ" lemma="مِنْ" pos="جامدة" prefix="" root="مِنْ" pattern="مِنْ" suffix="" />
				<ArabicLexical word="جِنْسِيَّاتٍ" lemma="جِنْسِيَّة" pos="مصرفة منتظمة" prefix="" root="جنس" pattern="فِعْل" suffix="يَّات" />
				<ArabicLexical word="عَرَبِيَّةٍ" lemma="عَرَبِيّ" pos="مصرفة منتظمة" prefix="" root="عرب" pattern="فَعَل" suffix="يَّة" />
				<ArabicLexical word="مُخْتَلِفَةٍ" lemma="مُخْتَلِف" pos="مصرفة منتظمة" prefix="" root="خلف" pattern="مُفْتَعِل" suffix="ة" />
			</annotation>
		</sentence>
		<sentence id="08076">
			<text>بَيْنَمَا اِرْتَبَطَتْ 576 اِمْرَأَةً يَمَنِيَّةً بِأَزْوَاجٍ مِنْ جِنْسِيَّاتٍ عَرَبِيَّةٍ، و 27 أَمْرِيكِيًّا، 37 أُورُوبِّيًّا، و 15 اِمْرَأَةً تَزَوَّجْنَ بِآسْيَوِيِّينَ، وَاثْنَتَانِ بِإِفْرِيقِيَّيْنِ.</text>
			<annotation>
				<ArabicLexical word="بَيْنَمَا" lemma="بَيْنَ" pos="استثناء صرفي" prefix="" root="بين" pattern="بَيْنَمَا" suffix="" />
				<ArabicLexical word="اِرْتَبَطَتْ" lemma="ارْتَبَطَ" pos="مصرفة منتظمة" prefix="" root="ربط" pattern="اِفْتَعَلَ" suffix="تْ" />
				<ArabicLexical word="اِمْرَأَةً" lemma="امْرَأَة" pos="استثناء صرفي" prefix="" root="مرأ" pattern="اِمْرَأَ" suffix="ة" />
				<ArabicLexical word="يَمَنِيَّةً" lemma="يَمَنِيّ" pos="مصرفة منتظمة" prefix="" root="يمن" pattern="فَعَل" suffix="يَّة" />
				<ArabicLexical word="بِأَزْوَاجٍ" lemma="زَوْج" pos="مصرفة منتظمة" prefix="بِ" root="زوج" pattern="أَفْعَال" suffix="" />
				<ArabicLexical word="مِنْ" lemma="مِنْ" pos="جامدة" prefix="" root="مِنْ" pattern="مِنْ" suffix="" />
				<ArabicLexical word="جِنْسِيَّاتٍ" lemma="جِنْسِيَّة" pos="مصرفة منتظمة" prefix="" root="جنس" pattern="فِعْل" suffix="يَّات" />
				<ArabicLexical word="عَرَبِيَّةٍ" lemma="عَرَبِيّ" pos="مصرفة منتظمة" prefix="" root="عرب" pattern="فَعَل" suffix="يَّة" />
				<ArabicLexical word="و" lemma="+" pos="غير عربية" prefix="" root="" pattern="" suffix="" />
				<ArabicLexical word="أَمْرِيكِيًّا" lemma="أَمِيرْكِيّ" pos="معربة" prefix="" root="أَمِرِيكَا" pattern="أَمْرِيكِ" suffix="يّ" />
				<ArabicLexical word="أُورُوبِّيًّا" lemma="أُورُوبِّيّ" pos="معربة" prefix="" root="أُورُوبَّا" pattern="أُورُوبِّ" suffix="يّ" />
				<ArabicLexical word="و" lemma="+" pos="غير عربية" prefix="" root="" pattern="" suffix="" />
				<ArabicLexical word="اِمْرَأَةً" lemma="امْرَأَة" pos="استثناء صرفي" prefix="" root="مرأ" pattern="اِمْرَأَ" suffix="ة" />
				<ArabicLexical word="تَزَوَّجْنَ" lemma="تَزَوَّجَ" pos="مصرفة منتظمة" prefix="" root="زوج" pattern="تَفَعَّلَ" suffix="نَ" />
				<ArabicLexical word="بِآسْيَوِيِّينَ" lemma="آسْيَوِيّ" pos="معربة" prefix="بِ" root="آسْيَا" pattern="آسْيَوِ" suffix="يِّينَ" />
				<ArabicLexical word="وَاثْنَتَانِ" lemma="اثْنَتَان" pos="استثناء صرفي" prefix="وَ" root="ثني" pattern="اِثْن" suffix="تَانِ" />
				<ArabicLexical word="بِإِفْرِيقِيَّيْنِ" lemma="إِفْرِيقِيّ" pos="معربة" prefix="بِ" root="إِفْرِيقْيَا" pattern="إِفْرِيقْ" suffix="يَّيْنِ" />
			</annotation>
		</sentence>
		<sentence id="08077">
			<text>وَجَاءَ بِالتَّقْرِيرِ أَنَّ اَلدَّاخِلِيَّةَ اَلْيَمَنِيَّةَ مَنَحَتْ أَيْضًا اَلْإِذْنَ ل 417 يَمَنِيًّا بِاكْتِسَابِ جِنْسِيَّاتٍ أَجْنَبِيَّةٍ، وَاكْتَسَبَ اَلْجِنْسِيَّةَ اَلْيَمَنِيَّةَ 77 شَخْصًا (أَبْنَاءُ مُوَاطِنَاتٍ يَمَنِيَّاتٍ) مُتَزَوِّجَاتٍ بِأَجَانِبَ، كَمَا حَصَلَتْ 137 أَجْنَبِيَّةً عَلَى اَلْجِنْسِيَّةِ اَلْيَمَنِيَّةِ بِحُكْمِ اَلزَّوَاجِ مِنْ مُوَاطِنِينَ يَمَنِيِّينَ مِنْهُنَّ 30 اِمْرَأَةً أُورُوبِّيَّةً، 22 آسْيَوِيَّةً، 15 إِفْرِيقِيَّةً و 70 عَرَبِيَّةً.</text>
			<annotation>
				<ArabicLexical word="وَجَاءَ" lemma="جَاءَ" pos="مصرفة منتظمة" prefix="وَ" root="جيأ" pattern="فَعلَ" suffix="" />
				<ArabicLexical word="بِالتَّقْرِيرِ" lemma="تَقْرِير" pos="مصرفة منتظمة" prefix="بِال" root="قرر" pattern="تَفْعِيل" suffix="" />
				<ArabicLexical word="أَنَّ" lemma="أَنَّ" pos="جامدة" prefix="" root="أَنَّ" pattern="أَنَّ" suffix="" />
				<ArabicLexical word="اَلدَّاخِلِيَّةَ" lemma="دَاخِلِيّ" pos="مصرفة منتظمة" prefix="ال" root="دخل" pattern="فَاعِل" suffix="يَّة" />
				<ArabicLexical word="اَلْيَمَنِيَّةَ" lemma="يَمَنِيّ" pos="مصرفة منتظمة" prefix="ال" root="يمن" pattern="فَعَل" suffix="يَّة" />
				<ArabicLexical word="مَنَحَتْ" lemma="مَنَحَ" pos="مصرفة منتظمة" prefix="" root="منح" pattern="فَعَلَ" suffix="تْ" />
				<ArabicLexical word="أَيْضًا" lemma="أَيْض" pos="مصرفة منتظمة" prefix="" root="أيض" pattern="فَعْل" suffix="" />
				<ArabicLexical word="اَلْإِذْنَ" lemma="إِذْن" pos="مصرفة منتظمة" prefix="ال" root="أذن" pattern="فِعْل" suffix="" />
				<ArabicLexical word="ل" lemma="+" pos="غير عربية" prefix="" root="" pattern="" suffix="" />
				<ArabicLexical word="يَمَنِيًّا" lemma="يَمَنِيّ" pos="مصرفة منتظمة" prefix="" root="يمن" pattern="فَعَل" suffix="يّ" />
				<ArabicLexical word="بِاكْتِسَابِ" lemma="اكْتِسَاب" pos="مصرفة منتظمة" prefix="بِ" root="كسب" pattern="اِفْتِعَال" suffix="" />
				<ArabicLexical word="جِنْسِيَّاتٍ" lemma="جِنْسِيَّة" pos="مصرفة منتظمة" prefix="" root="جنس" pattern="فِعْل" suffix="يَّات" />
				<ArabicLexical word="أَجْنَبِيَّةٍ" lemma="أَجْنَبِيّ" pos="مصرفة منتظمة" prefix="" root="جنب" pattern="أَفْعَل" suffix="يَّة" />
				<ArabicLexical word="وَاكْتَسَبَ" lemma="اكْتَسَبَ" pos="مصرفة منتظمة" prefix="وَ" root="كسب" pattern="اِفْتَعَلَ" suffix="" />
				<ArabicLexical word="اَلْجِنْسِيَّةَ" lemma="جِنْسِيَّة" pos="مصرفة منتظمة" prefix="ال" root="جنس" pattern="فِعْل" suffix="يَّة" />
				<ArabicLexical word="اَلْيَمَنِيَّةَ" lemma="يَمَنِيّ" pos="مصرفة منتظمة" prefix="ال" root="يمن" pattern="فَعَل" suffix="يَّة" />
				<ArabicLexical word="شَخْصًا" lemma="شَخْص" pos="مصرفة منتظمة" prefix="" root="شخص" pattern="فَعْل" suffix="" />
				<ArabicLexical word="أَبْنَاءُ" lemma="ابْن" pos="مصرفة منتظمة" prefix="" root="بنو" pattern="أَفْعَال" suffix="" />
				<ArabicLexical word="مُوَاطِنَاتٍ" lemma="مُوَاطِن" pos="مصرفة منتظمة" prefix="" root="وطن" pattern="مُفَاعِل" suffix="ات" />
				<ArabicLexical word="يَمَنِيَّاتٍ" lemma="يَمَنِيّ" pos="مصرفة منتظمة" prefix="" root="يمن" pattern="فَعَل" suffix="يَّات" />
				<ArabicLexical word="مُتَزَوِّجَاتٍ" lemma="مُتَزَوِّج" pos="مصرفة منتظمة" prefix="" root="زوج" pattern="مُتَفَعِّل" suffix="ات" />
				<ArabicLexical word="بِأَجَانِبَ" lemma="أَجْنَبِيّ" pos="مصرفة منتظمة" prefix="بِ" root="جنب" pattern="أَفَاعِل" suffix="" />
				<ArabicLexical word="كَمَا" lemma="مَا" pos="جامدة" prefix="كَ" root="اَلَّذِي" pattern="مَا" suffix="" />
				<ArabicLexical word="حَصَلَتْ" lemma="حَصَلَ" pos="مصرفة منتظمة" prefix="" root="حصل" pattern="فَعَلَ" suffix="تْ" />
				<ArabicLexical word="أَجْنَبِيَّةً" lemma="أَجْنَبِيّ" pos="مصرفة منتظمة" prefix="" root="جنب" pattern="أَفْعَل" suffix="يَّة" />
				<ArabicLexical word="عَلَى" lemma="عَلَى" pos="جامدة" prefix="" root="عَلَى" pattern="عَلَى" suffix="" />
				<ArabicLexical word="اَلْجِنْسِيَّةِ" lemma="جِنْسِيَّة" pos="مصرفة منتظمة" prefix="ال" root="جنس" pattern="فِعْل" suffix="يَّة" />
				<ArabicLexical word="اَلْيَمَنِيَّةِ" lemma="يَمَنِيّ" pos="مصرفة منتظمة" prefix="ال" root="يمن" pattern="فَعَل" suffix="يَّة" />
				<ArabicLexical word="بِحُكْمِ" lemma="حُكْم" pos="مصرفة منتظمة" prefix="بِ" root="حكم" pattern="فُعْل" suffix="" />
				<ArabicLexical word="اَلزَّوَاجِ" lemma="زَوَاج" pos="مصرفة منتظمة" prefix="ال" root="زوج" pattern="فَعَال" suffix="" />
				<ArabicLexical word="مِنْ" lemma="مِنْ" pos="جامدة" prefix="" root="مِنْ" pattern="مِنْ" suffix="" />
				<ArabicLexical word="مُوَاطِنِينَ" lemma="مُوَاطِن" pos="مصرفة منتظمة" prefix="" root="وطن" pattern="مُفَاعِل" suffix="ينَ" />
				<ArabicLexical word="يَمَنِيِّينَ" lemma="يَمَنِيّ" pos="مصرفة منتظمة" prefix="" root="يمن" pattern="فَعَل" suffix="يِّينَ" />
				<ArabicLexical word="مِنْهُنَّ" lemma="مِنْ" pos="جامدة" prefix="" root="مِنْ" pattern="مِنْ" suffix="هنَّ" />
				<ArabicLexical word="اِمْرَأَةً" lemma="امْرَأَة" pos="استثناء صرفي" prefix="" root="مرأ" pattern="اِمْرَأَ" suffix="ة" />
				<ArabicLexical word="أُورُوبِّيَّةً" lemma="أُورُوبِّيّ" pos="معربة" prefix="" root="أُورُوبَّا" pattern="أُورُوبِّ" suffix="يَّة" />
				<ArabicLexical word="آسْيَوِيَّةً" lemma="آسْيَوِيّ" pos="معربة" prefix="" root="آسْيَا" pattern="آسْيَوِ" suffix="يَّة" />
				<ArabicLexical word="إِفْرِيقِيَّةً" lemma="إِفْرِيقِيّ" pos="معربة" prefix="" root="إِفْرِيقْيَا" pattern="إِفْرِيقْ" suffix="يَّة" />
				<ArabicLexical word="و" lemma="+" pos="غير عربية" prefix="" root="" pattern="" suffix="" />
				<ArabicLexical word="عَرَبِيَّةً" lemma="عَرَبِيّ" pos="مصرفة منتظمة" prefix="" root="عرب" pattern="فَعَل" suffix="يَّة" />
			</annotation>
		</sentence>
		<sentence id="08078">
			<text>وَكَانَ قَرَارٌ جُمْهُورِيٌّ صَدَرَ اَلْعَامَ 2004 نَصَّ عَلَى مُعَامَلَةِ أَبْنَاءِ اَلْيَمَنِيَّةِ مِنْ أَجْنَبِيٍّ مُعَامَلَةَ اَلْيَمَنِيِّينَ فِي حَالَاتِ تَرْكِ أَمْرِ إِعَالَتِهِمْ إِلَى اَلْأُمِّ؛ نَتِيجَةَ طَلَاقِهَا أَوْ تَغَيُّبِ اَلْأَبِ أَوْ اِنْقِطَاعِهِ عَنْ اَلْإِقَامَةِ مَعَهُمْ فِي اَلْيَمَنِ لِمُدَّةٍ لَا تَقِلُّ عَنْ سَنَةٍ أَوْ وَفَاةِ اَلْأَبِ أَوْ إِصَابَتِهِ بِالْجُنُونِ.</text>
			<annotation>
				<ArabicLexical word="وَكَانَ" lemma="كَانَ" pos="مصرفة منتظمة" prefix="وَ" root="كون" pattern="فَعلَ" suffix="" />
				<ArabicLexical word="قَرَارٌ" lemma="قَرَار" pos="مصرفة منتظمة" prefix="" root="قرر" pattern="فَعَال" suffix="" />
				<ArabicLexical word="جُمْهُورِيٌّ" lemma="جُمْهُورِيّ" pos="مصرفة منتظمة" prefix="" root="جمهر" pattern="فُعْلُول" suffix="يّ" />
				<ArabicLexical word="صَدَرَ" lemma="صَدَرَ" pos="مصرفة منتظمة" prefix="" root="صدر" pattern="فَعَلَ" suffix="" />
				<ArabicLexical word="اَلْعَامَ" lemma="عَام" pos="مصرفة منتظمة" prefix="ال" root="عوم" pattern="فَعل" suffix="" />
				<ArabicLexical word="نَصَّ" lemma="نَصَّ" pos="مصرفة منتظمة" prefix="" root="نصص" pattern="فَلَّ" suffix="" />
				<ArabicLexical word="عَلَى" lemma="عَلَى" pos="جامدة" prefix="" root="عَلَى" pattern="عَلَى" suffix="" />
				<ArabicLexical word="مُعَامَلَةِ" lemma="مُعَامَلَة" pos="مصرفة منتظمة" prefix="" root="عمل" pattern="مُفَاعَل" suffix="ة" />
				<ArabicLexical word="أَبْنَاءِ" lemma="ابْن" pos="مصرفة منتظمة" prefix="" root="بنو" pattern="أَفْعَال" suffix="" />
				<ArabicLexical word="اَلْيَمَنِيَّةِ" lemma="يَمَنِيّ" pos="مصرفة منتظمة" prefix="ال" root="يمن" pattern="فَعَل" suffix="يَّة" />
				<ArabicLexical word="مِنْ" lemma="مِنْ" pos="جامدة" prefix="" root="مِنْ" pattern="مِنْ" suffix="" />
				<ArabicLexical word="أَجْنَبِيٍّ" lemma="أَجْنَبِيّ" pos="مصرفة منتظمة" prefix="" root="جنب" pattern="أَفْعَل" suffix="يّ" />
				<ArabicLexical word="مُعَامَلَةَ" lemma="مُعَامَلَة" pos="مصرفة منتظمة" prefix="" root="عمل" pattern="مُفَاعَل" suffix="ة" />
				<ArabicLexical word="اَلْيَمَنِيِّينَ" lemma="يَمَنِيّ" pos="مصرفة منتظمة" prefix="ال" root="يمن" pattern="فَعَل" suffix="يِّينَ" />
				<ArabicLexical word="فِي" lemma="فِي" pos="جامدة" prefix="" root="فِي" pattern="فِي" suffix="" />
				<ArabicLexical word="حَالَاتِ" lemma="حَالَة" pos="مصرفة منتظمة" prefix="" root="حول" pattern="فَعل" suffix="ات" />
				<ArabicLexical word="تَرْكِ" lemma="تَرْك" pos="مصرفة منتظمة" prefix="" root="ترك" pattern="فَعْل" suffix="" />
				<ArabicLexical word="أَمْرِ" lemma="أَمْر" pos="مصرفة منتظمة" prefix="" root="أمر" pattern="فَعْل" suffix="" />
				<ArabicLexical word="إِعَالَتِهِمْ" lemma="إِعَالَة" pos="مصرفة منتظمة" prefix="" root="عول" pattern="إِفَعالَ" suffix="تهمْ" />
				<ArabicLexical word="إِلَى" lemma="إِلَى" pos="جامدة" prefix="" root="إِلَى" pattern="إِلَى" suffix="" />
				<ArabicLexical word="اَلْأُمِّ" lemma="أُمّ" pos="مصرفة منتظمة" prefix="ال" root="أمم" pattern="فُلّ" suffix="" />
				<ArabicLexical word="نَتِيجَةَ" lemma="نَتِيجَة" pos="مصرفة منتظمة" prefix="" root="نتج" pattern="فَعِيل" suffix="ة" />
				<ArabicLexical word="طَلَاقِهَا" lemma="طَلَاق" pos="مصرفة منتظمة" prefix="" root="طلق" pattern="فَعَال" suffix="هَا" />
				<ArabicLexical word="أَوْ" lemma="أَوْ" pos="جامدة" prefix="" root="أَوْ" pattern="أَوْ" suffix="" />
				<ArabicLexical word="تَغَيُّبِ" lemma="تَغَيُّب" pos="مصرفة منتظمة" prefix="" root="غيب" pattern="تَفَعُّل" suffix="" />
				<ArabicLexical word="اَلْأَبِ" lemma="أَب" pos="استثناء صرفي" prefix="ال" root="أبو" pattern="أَب" suffix="" />
				<ArabicLexical word="أَوْ" lemma="أَوْ" pos="جامدة" prefix="" root="أَوْ" pattern="أَوْ" suffix="" />
				<ArabicLexical word="اِنْقِطَاعِهِ" lemma="انْقِطَاع" pos="مصرفة منتظمة" prefix="" root="قطع" pattern="اِنْفِعَال" suffix="ه" />
				<ArabicLexical word="عَنْ" lemma="عَنْ" pos="جامدة" prefix="" root="عَنْ" pattern="عَنْ" suffix="" />
				<ArabicLexical word="اَلْإِقَامَةِ" lemma="إِقَامَة" pos="مصرفة منتظمة" prefix="ال" root="قوم" pattern="إِفَعالَ" suffix="ة" />
				<ArabicLexical word="مَعَهُمْ" lemma="مَعَ" pos="جامدة" prefix="" root="مَعَ" pattern="مَعَ" suffix="همْ" />
				<ArabicLexical word="فِي" lemma="فِي" pos="جامدة" prefix="" root="فِي" pattern="فِي" suffix="" />
				<ArabicLexical word="اَلْيَمَنِ" lemma="يَمَن" pos="مصرفة منتظمة" prefix="ال" root="يمن" pattern="فَعَل" suffix="" />
				<ArabicLexical word="لِمُدَّةٍ" lemma="مُدَّة" pos="مصرفة منتظمة" prefix="لِ" root="مدد" pattern="فُلّ" suffix="ة" />
				<ArabicLexical word="لَا" lemma="لَا" pos="جامدة" prefix="" root="لَا" pattern="لَا" suffix="" />
				<ArabicLexical word="تَقِلُّ" lemma="قَلَّ" pos="مصرفة منتظمة" prefix="ت" root="قلل" pattern="فِلّ" suffix="" />
				<ArabicLexical word="عَنْ" lemma="عَنْ" pos="جامدة" prefix="" root="عَنْ" pattern="عَنْ" suffix="" />
				<ArabicLexical word="سَنَةٍ" lemma="سَنَة" pos="استثناء صرفي" prefix="" root="سنه" pattern="سَنَ" suffix="ة" />
				<ArabicLexical word="أَوْ" lemma="أَوْ" pos="جامدة" prefix="" root="أَوْ" pattern="أَوْ" suffix="" />
				<ArabicLexical word="وَفَاةِ" lemma="وَفَاة" pos="مصرفة منتظمة" prefix="" root="وفي" pattern="فَعَل" suffix="ة" />
				<ArabicLexical word="اَلْأَبِ" lemma="أَب" pos="استثناء صرفي" prefix="ال" root="أبو" pattern="أَب" suffix="" />
				<ArabicLexical word="أَوْ" lemma="أَوْ" pos="جامدة" prefix="" root="أَوْ" pattern="أَوْ" suffix="" />
				<ArabicLexical word="إِصَابَتِهِ" lemma="إِصَابَة" pos="مصرفة منتظمة" prefix="" root="صوب" pattern="إِفَعالَ" suffix="ته" />
				<ArabicLexical word="بِالْجُنُونِ" lemma="جُنُون" pos="مصرفة منتظمة" prefix="بِال" root="جنن" pattern="فُعُول" suffix="" />
			</annotation>
		</sentence>
		<sentence id="08079">
			<text>وَبِحَسْبِ اَلْقَرَارِ، فَيَجُوزُ لِأَبْنَاءِ اَلْمَرْأَةِ اَلْيَمَنِيَّةِ مِنْ اَلزَّوْجِ اَلْأَجْنَبِيِّ حِينَ يَبْلُغُونَ سِنَّ اَلرُّشْدِ اَلِاخْتِيَارُ مَا بَيْنَ اَلْجِنْسِيَّةِ اَلْيَمَنِيَّةِ أَوْ اَللَّحَاقِ بِجِنْسِيَّةِ أَبِيهِمْ، وَيَتِمُّ إِثْبَاتُ اِخْتِيَارِ اَلْجِنْسِيَّةِ اَلْيَمَنِيَّةِ بِمُوجِبِ حُكْمٍ شَرْعِيٍّ، وَمِنْ ثَمَّ يَمْنَحُ وَزِيرُ اَلدَّاخِلِيَّةِ أَبْنَاءَ اَلْمَرْأَةِ اَلْيَمَنِيَّةِ مِنْ اَلزَّوْجِ اَلْأَجْنَبِيِّ اَلَّذِينَ تَوَافَرَتْ فِيهِمْ هذِهِ اَلشُّرُوطُ وَثِيقَةَ اِكْتِسَابِ اَلْجِنْسِيَّةِ اَلْيَمَنِيَّةِ</text>
			<annotation>
				<ArabicLexical word="وَبِحَسْبِ" lemma="حَسْب" pos="مصرفة منتظمة" prefix="وَبِ" root="حسب" pattern="فَعْل" suffix="" />
				<ArabicLexical word="اَلْقَرَارِ" lemma="قَرَار" pos="مصرفة منتظمة" prefix="ال" root="قرر" pattern="فَعَال" suffix="" />
				<ArabicLexical word="فَيَجُوزُ" lemma="جَازَ" pos="مصرفة منتظمة" prefix="فَي" root="جوز" pattern="فُعل" suffix="" />
				<ArabicLexical word="لِأَبْنَاءِ" lemma="ابْن" pos="مصرفة منتظمة" prefix="لِ" root="بنو" pattern="أَفْعَال" suffix="" />
				<ArabicLexical word="اَلْمَرْأَةِ" lemma="مَرْأَة" pos="مصرفة منتظمة" prefix="ال" root="مرأ" pattern="فَعْل" suffix="ة" />
				<ArabicLexical word="اَلْيَمَنِيَّةِ" lemma="يَمَنِيّ" pos="مصرفة منتظمة" prefix="ال" root="يمن" pattern="فَعَل" suffix="يَّة" />
				<ArabicLexical word="مِنْ" lemma="مِنْ" pos="جامدة" prefix="" root="مِنْ" pattern="مِنْ" suffix="" />
				<ArabicLexical word="اَلزَّوْجِ" lemma="زَوْج" pos="مصرفة منتظمة" prefix="ال" root="زوج" pattern="فَعْل" suffix="" />
				<ArabicLexical word="اَلْأَجْنَبِيِّ" lemma="أَجْنَبِيّ" pos="مصرفة منتظمة" prefix="ال" root="جنب" pattern="أَفْعَل" suffix="يّ" />
				<ArabicLexical word="حِينَ" lemma="حِين" pos="مصرفة منتظمة" prefix="" root="حين" pattern="فِعل" suffix="" />
				<ArabicLexical word="يَبْلُغُونَ" lemma="بَلَغَ" pos="مصرفة منتظمة" prefix="ي" root="بلغ" pattern="فْعُل" suffix="ونَ" />
				<ArabicLexical word="سِنَّ" lemma="سِنّ" pos="مصرفة منتظمة" prefix="" root="سنن" pattern="فِلّ" suffix="" />
				<ArabicLexical word="اَلرُّشْدِ" lemma="رُشْد" pos="مصرفة منتظمة" prefix="ال" root="رشد" pattern="فُعْل" suffix="" />
				<ArabicLexical word="اَلِاخْتِيَارُ" lemma="اخْتِيَار" pos="مصرفة منتظمة" prefix="ال" root="خير" pattern="اِفْتِعَال" suffix="" />
				<ArabicLexical word="مَا" lemma="مَا" pos="غير عربية" prefix="" root="" pattern="" suffix="" />
				<ArabicLexical word="بَيْنَ" lemma="بَيْنَ" pos="مصرفة منتظمة" prefix="" root="بين" pattern="فَعْل" suffix="" />
				<ArabicLexical word="اَلْجِنْسِيَّةِ" lemma="جِنْسِيَّة" pos="مصرفة منتظمة" prefix="ال" root="جنس" pattern="فِعْل" suffix="يَّة" />
				<ArabicLexical word="اَلْيَمَنِيَّةِ" lemma="يَمَنِيّ" pos="مصرفة منتظمة" prefix="ال" root="يمن" pattern="فَعَل" suffix="يَّة" />
				<ArabicLexical word="أَوْ" lemma="أَوْ" pos="جامدة" prefix="" root="أَوْ" pattern="أَوْ" suffix="" />
				<ArabicLexical word="اَللَّحَاقِ" lemma="لَحَاق" pos="مصرفة منتظمة" prefix="ال" root="لحق" pattern="فَعَال" suffix="" />
				<ArabicLexical word="بِجِنْسِيَّةِ" lemma="جِنْسِيَّة" pos="مصرفة منتظمة" prefix="بِ" root="جنس" pattern="فِعْل" suffix="يَّة" />
				<ArabicLexical word="أَبِيهِمْ" lemma="أَب" pos="استثناء صرفي" prefix="" root="أبو" pattern="أَبِي" suffix="همْ" />
				<ArabicLexical word="وَيَتِمُّ" lemma="تَمَّ" pos="مصرفة منتظمة" prefix="وَي" root="تمم" pattern="فِلّ" suffix="" />
				<ArabicLexical word="إِثْبَاتُ" lemma="إِثْبَات" pos="مصرفة منتظمة" prefix="" root="ثبت" pattern="إِفْعَال" suffix="" />
				<ArabicLexical word="اِخْتِيَارِ" lemma="اخْتِيَار" pos="مصرفة منتظمة" prefix="" root="خير" pattern="اِفْتِعَال" suffix="" />
				<ArabicLexical word="اَلْجِنْسِيَّةِ" lemma="جِنْسِيَّة" pos="مصرفة منتظمة" prefix="ال" root="جنس" pattern="فِعْل" suffix="يَّة" />
				<ArabicLexical word="اَلْيَمَنِيَّةِ" lemma="يَمَنِيّ" pos="مصرفة منتظمة" prefix="ال" root="يمن" pattern="فَعَل" suffix="يَّة" />
				<ArabicLexical word="بِمُوجِبِ" lemma="مُوجِب" pos="مصرفة منتظمة" prefix="بِ" root="وجب" pattern="مُفعِل" suffix="" />
				<ArabicLexical word="حُكْمٍ" lemma="حُكْم" pos="مصرفة منتظمة" prefix="" root="حكم" pattern="فُعْل" suffix="" />
				<ArabicLexical word="شَرْعِيٍّ" lemma="شَرْعِيّ" pos="مصرفة منتظمة" prefix="" root="شرع" pattern="فَعْل" suffix="يّ" />
				<ArabicLexical word="وَمِنْ" lemma="مِنْ" pos="جامدة" prefix="وَ" root="مِنْ" pattern="مِنْ" suffix="" />
				<ArabicLexical word="ثَمَّ" lemma="ثَمَّ" pos="جامدة" prefix="" root="ثَمَّ" pattern="ثَمَّ" suffix="" />
				<ArabicLexical word="يَمْنَحُ" lemma="مَنَحَ" pos="مصرفة منتظمة" prefix="ي" root="منح" pattern="فْعَل" suffix="" />
				<ArabicLexical word="وَزِيرُ" lemma="وَزِير" pos="مصرفة منتظمة" prefix="" root="وزر" pattern="فَعِيل" suffix="" />
				<ArabicLexical word="اَلدَّاخِلِيَّةِ" lemma="دَاخِلِيّ" pos="مصرفة منتظمة" prefix="ال" root="دخل" pattern="فَاعِل" suffix="يَّة" />
				<ArabicLexical word="أَبْنَاءَ" lemma="ابْن" pos="مصرفة منتظمة" prefix="" root="بنو" pattern="أَفْعَال" suffix="" />
				<ArabicLexical word="اَلْمَرْأَةِ" lemma="مَرْأَة" pos="مصرفة منتظمة" prefix="ال" root="مرأ" pattern="فَعْل" suffix="ة" />
				<ArabicLexical word="اَلْيَمَنِيَّةِ" lemma="يَمَنِيّ" pos="مصرفة منتظمة" prefix="ال" root="يمن" pattern="فَعَل" suffix="يَّة" />
				<ArabicLexical word="مِنْ" lemma="مِنْ" pos="جامدة" prefix="" root="مِنْ" pattern="مِنْ" suffix="" />
				<ArabicLexical word="اَلزَّوْجِ" lemma="زَوْج" pos="مصرفة منتظمة" prefix="ال" root="زوج" pattern="فَعْل" suffix="" />
				<ArabicLexical word="اَلْأَجْنَبِيِّ" lemma="أَجْنَبِيّ" pos="مصرفة منتظمة" prefix="ال" root="جنب" pattern="أَفْعَل" suffix="يّ" />
				<ArabicLexical word="اَلَّذِينَ" lemma="اَلَّذِي" pos="جامدة" prefix="ال" root="اَلَّذِي" pattern="لَذِينَ" suffix="" />
				<ArabicLexical word="تَوَافَرَتْ" lemma="تَوَافَرَ" pos="مصرفة منتظمة" prefix="" root="وفر" pattern="تَفَاعَلَ" suffix="تْ" />
				<ArabicLexical word="فِيهِمْ" lemma="فِي" pos="جامدة" prefix="" root="فِي" pattern="فِي" suffix="همْ" />
				<ArabicLexical word="هذِهِ" lemma="ذَا" pos="جامدة" prefix="" root="ذَا" pattern="هذِهِ" suffix="" />
				<ArabicLexical word="اَلشُّرُوطُ" lemma="شَرْط" pos="مصرفة منتظمة" prefix="ال" root="شرط" pattern="فُعُول" suffix="" />
				<ArabicLexical word="وَثِيقَةَ" lemma="وَثِيقَة" pos="مصرفة منتظمة" prefix="" root="وثق" pattern="فَعِيل" suffix="ة" />
				<ArabicLexical word="اِكْتِسَابِ" lemma="اكْتِسَاب" pos="مصرفة منتظمة" prefix="" root="كسب" pattern="اِفْتِعَال" suffix="" />
				<ArabicLexical word="اَلْجِنْسِيَّةِ" lemma="جِنْسِيَّة" pos="مصرفة منتظمة" prefix="ال" root="جنس" pattern="فِعْل" suffix="يَّة" />
				<ArabicLexical word="اَلْيَمَنِيَّةِ" lemma="يَمَنِيّ" pos="مصرفة منتظمة" prefix="ال" root="يمن" pattern="فَعَل" suffix="يَّة" />
			</annotation>
		</sentence>
	</FILE>
	</NEMLAR>