<NEMLAR><FILE name="GeneralNews" number="080">
		<sentence id="07297">
			<text>?أَطْفَالٌ بِجَنُوبِ اَلسُّودَانِ لِعَنَانْ: اَلْمَجَاعَةُ وَشِيكَةٌ </text>
			<annotation>
				<ArabicLexical word="أَطْفَالٌ" lemma="طِفْل" pos="مصرفة منتظمة" prefix="" root="طفل" pattern="أَفْعَال" suffix="" />
				<ArabicLexical word="بِجَنُوبِ" lemma="جَنُوب" pos="مصرفة منتظمة" prefix="بِ" root="جنب" pattern="فَعُول" suffix="" />
				<ArabicLexical word="اَلسُّودَانِ" lemma="سُودَان" pos="مصرفة منتظمة" prefix="ال" root="سود" pattern="فُعلَان" suffix="" />
				<ArabicLexical word="لِعَنَانْ" lemma="" pos="غير عربية" prefix="" root="" pattern="" suffix="" />
				<ArabicLexical word="اَلْمَجَاعَةُ" lemma="مَجَاعَة" pos="مصرفة منتظمة" prefix="ال" root="جوع" pattern="مَفَعل" suffix="ة" />
				<ArabicLexical word="وَشِيكَةٌ" lemma="وَشِيك" pos="مصرفة منتظمة" prefix="" root="وشك" pattern="فَعِيل" suffix="ة" />
			</annotation>
		</sentence>
		<sentence id="07298">
			<text> </text>
			<annotation>
			</annotation>
		</sentence>
		<sentence id="07299">
			<text>رُومْبِكْ (اَلسُّودَانُ)- رُويْتَرِزْ- إِسْلَامُ أُونْ لَايْنْ.نِتْ/ 29-5-2005 </text>
			<annotation>
				<ArabicLexical word="رُومْبِكْ" lemma="" pos="غير عربية" prefix="" root="" pattern="" suffix="" />
				<ArabicLexical word="اَلسُّودَانُ" lemma="سُودَان" pos="مصرفة منتظمة" prefix="ال" root="سود" pattern="فُعلَان" suffix="" />
				<ArabicLexical word="رُويْتَرْزْ" lemma="رُويْتَرْز" pos="غير عربية" prefix="" root="" pattern="" suffix="" />
				<ArabicLexical word="إِسْلَامُ" lemma="إِسْلَام" pos="مصرفة منتظمة" prefix="" root="سلم" pattern="إِفْعَال" suffix="" />
				<ArabicLexical word="أُونْ" lemma="أُونْ" pos="غير عربية" prefix="" root="" pattern="" suffix="" />
				<ArabicLexical word="لَايْنْ" lemma="+" pos="غير عربية" prefix="" root="" pattern="" suffix="" />
				<ArabicLexical word="نِتْ" lemma="نِت" pos="غير عربية" prefix="" root="" pattern="" suffix="" />
			</annotation>
		</sentence>
		<sentence id="07300">
			<text> </text>
			<annotation>
			</annotation>
		</sentence>
		<sentence id="07301">
			<text> </text>
			<annotation>
			</annotation>
		</sentence>
		<sentence id="07302">
			<text>أَطْفَالٌ بِجَنُوبِ اَلسُّودَانِ يَنْتَظِرُونَ اَلْحُصُولَ عَلَى مُسَاعَدَاتٍ غِذَائِيَّةٍ</text>
			<annotation>
				<ArabicLexical word="أَطْفَالٌ" lemma="طِفْل" pos="مصرفة منتظمة" prefix="" root="طفل" pattern="أَفْعَال" suffix="" />
				<ArabicLexical word="بِجَنُوبِ" lemma="جَنُوب" pos="مصرفة منتظمة" prefix="بِ" root="جنب" pattern="فَعُول" suffix="" />
				<ArabicLexical word="اَلسُّودَانِ" lemma="سُودَان" pos="مصرفة منتظمة" prefix="ال" root="سود" pattern="فُعلَان" suffix="" />
				<ArabicLexical word="يَنْتَظِرُونَ" lemma="انْتَظَرَ" pos="مصرفة منتظمة" prefix="ي" root="نظر" pattern="اِفْتَعَلَ" suffix="ونَ" />
				<ArabicLexical word="اَلْحُصُولَ" lemma="حُصُول" pos="مصرفة منتظمة" prefix="ال" root="حصل" pattern="فُعُول" suffix="" />
				<ArabicLexical word="عَلَى" lemma="عَلَى" pos="جامدة" prefix="" root="عَلَى" pattern="عَلَى" suffix="" />
				<ArabicLexical word="مُسَاعَدَاتٍ" lemma="مُسَاعَدَة" pos="مصرفة منتظمة" prefix="" root="سعد" pattern="مُفَاعَل" suffix="ات" />
				<ArabicLexical word="غِذَائِيَّةٍ" lemma="غِذَائِيّ" pos="مصرفة منتظمة" prefix="" root="غذو" pattern="فِعَال" suffix="يَّة" />
			</annotation>
		</sentence>
		<sentence id="07303">
			<text> </text>
			<annotation>
			</annotation>
		</sentence>
		<sentence id="07304">
			<text>قَالَ كُوفِي عَنَانْ اَلْأَمِينُ اَلْعَامُّ لِلْأُمَمِ اَلْمُتَّحِدَةِ اَلْأَحَدَ 29-5-2005: إِنَّهُ سَيُنَاشِدُ اَلْمَانِحِينَ اَلْوَفَاءَ بِتَعَهُّدَاتِهِمْ بِخُصُوصِ تَقْدِيمِ مَعُونَاتٍ لِجَنُوبِ اَلسُّودَانِ بَعْدَمَا رَأَى بِنَفْسِهِ رِسَالَةً قَوِيَّةً تُشِيرُ إِلَى اَلْحَاجَةِ اَلْمُلِحَّةِ لِلْغِذَاءِ فِي أَوَّلِ زِيَارَةٍ لَهُ إِلَى اَلْمِنْطَقَةِ اَلَّتِي مَزَّقَتْهَا حَرْبٌ أَهْلِيَّةٌ دَامَتْ 21 عَامًا.</text>
			<annotation>
				<ArabicLexical word="قَالَ" lemma="قَالَ" pos="مصرفة منتظمة" prefix="" root="قول" pattern="فَعلَ" suffix="" />
				<ArabicLexical word="كُوفِي" lemma="كُوفِي" pos="غير عربية" prefix="" root="" pattern="" suffix="" />
				<ArabicLexical word="عَنَانْ" lemma="عَنَان" pos="غير عربية" prefix="" root="" pattern="" suffix="" />
				<ArabicLexical word="اَلْأَمِينُ" lemma="أَمِين" pos="مصرفة منتظمة" prefix="ال" root="أمن" pattern="فَعِيل" suffix="" />
				<ArabicLexical word="اَلْعَامُّ" lemma="عَامّ" pos="مصرفة منتظمة" prefix="ال" root="عمم" pattern="فَالّ" suffix="" />
				<ArabicLexical word="لِلْأُمَمِ" lemma="أُمَّة" pos="مصرفة منتظمة" prefix="لِل" root="أمم" pattern="فُعَل" suffix="" />
				<ArabicLexical word="اَلْمُتَّحِدَةِ" lemma="مُتَّحِد" pos="مصرفة منتظمة" prefix="ال" root="وحد" pattern="مُفَّعِل" suffix="ة" />
				<ArabicLexical word="اَلْأَحَدَ" lemma="أَحَد" pos="مصرفة منتظمة" prefix="ال" root="أحد" pattern="فَعَل" suffix="" />
				<ArabicLexical word="إِنَّهُ" lemma="أَنَّ" pos="جامدة" prefix="" root="إِنَّ" pattern="إِنَّ" suffix="ه" />
				<ArabicLexical word="سَيُنَاشِدُ" lemma="نَاشَدَ" pos="مصرفة منتظمة" prefix="سَي" root="نشد" pattern="فَاعَلَ" suffix="" />
				<ArabicLexical word="اَلْمَانِحِينَ" lemma="مَانِح" pos="مصرفة منتظمة" prefix="ال" root="منح" pattern="فَاعِل" suffix="ينَ" />
				<ArabicLexical word="اَلْوَفَاءَ" lemma="وَفَاء" pos="مصرفة منتظمة" prefix="ال" root="وفي" pattern="فَعَال" suffix="" />
				<ArabicLexical word="بِتَعَهُّدَاتِهِمْ" lemma="تَعَهُّد" pos="مصرفة منتظمة" prefix="بِ" root="عهد" pattern="تَفَعُّل" suffix="اتهمْ" />
				<ArabicLexical word="بِخُصُوصِ" lemma="خُصُوص" pos="مصرفة منتظمة" prefix="بِ" root="خصص" pattern="فُعُول" suffix="" />
				<ArabicLexical word="تَقْدِيمِ" lemma="تَقْدِيم" pos="مصرفة منتظمة" prefix="" root="قدم" pattern="تَفْعِيل" suffix="" />
				<ArabicLexical word="مَعُونَاتٍ" lemma="مَعُونَة" pos="مصرفة منتظمة" prefix="" root="عون" pattern="مَفُعول" suffix="ات" />
				<ArabicLexical word="لِجَنُوبِ" lemma="جَنُوب" pos="مصرفة منتظمة" prefix="لِ" root="جنب" pattern="فَعُول" suffix="" />
				<ArabicLexical word="اَلسُّودَانِ" lemma="سُودَان" pos="مصرفة منتظمة" prefix="ال" root="سود" pattern="فُعلَان" suffix="" />
				<ArabicLexical word="بَعْدَمَا" lemma="بَعْدَ" pos="استثناء صرفي" prefix="" root="بعد" pattern="بَعْدَمَا" suffix="" />
				<ArabicLexical word="رَأَى" lemma="رَأَى" pos="مصرفة منتظمة" prefix="" root="رأي" pattern="فَعَل" suffix="" />
				<ArabicLexical word="بِنَفْسِهِ" lemma="نَفْس" pos="مصرفة منتظمة" prefix="بِ" root="نفس" pattern="فَعْل" suffix="ه" />
				<ArabicLexical word="رِسَالَةً" lemma="رِسَالَة" pos="مصرفة منتظمة" prefix="" root="رسل" pattern="فِعَال" suffix="ة" />
				<ArabicLexical word="قَوِيَّةً" lemma="قَوِيّ" pos="مصرفة منتظمة" prefix="" root="قوي" pattern="فَعِلّ" suffix="ة" />
				<ArabicLexical word="تُشِيرُ" lemma="أَشَارَ" pos="مصرفة منتظمة" prefix="ت" root="شور" pattern="أَفِعلَ" suffix="" />
				<ArabicLexical word="إِلَى" lemma="إِلَى" pos="جامدة" prefix="" root="إِلَى" pattern="إِلَى" suffix="" />
				<ArabicLexical word="اَلْحَاجَةِ" lemma="حَاجَة" pos="مصرفة منتظمة" prefix="ال" root="حوج" pattern="فَعل" suffix="ة" />
				<ArabicLexical word="اَلْمُلِحَّةِ" lemma="مُلِحّ" pos="مصرفة منتظمة" prefix="ال" root="لحح" pattern="مُفِلّ" suffix="ة" />
				<ArabicLexical word="لِلْغِذَاءِ" lemma="غِذَاء" pos="مصرفة منتظمة" prefix="لِل" root="غذو" pattern="فِعَال" suffix="" />
				<ArabicLexical word="فِي" lemma="فِي" pos="جامدة" prefix="" root="فِي" pattern="فِي" suffix="" />
				<ArabicLexical word="أَوَّلِ" lemma="أَوَّل" pos="استثناء صرفي" prefix="" root="أول" pattern="أَوَّل" suffix="" />
				<ArabicLexical word="زِيَارَةٍ" lemma="زِيَارَة" pos="مصرفة منتظمة" prefix="" root="زور" pattern="فِعَال" suffix="ة" />
				<ArabicLexical word="لَهُ" lemma="لِي" pos="جامدة" prefix="" root="لِي" pattern="لَهُ" suffix="" />
				<ArabicLexical word="إِلَى" lemma="إِلَى" pos="جامدة" prefix="" root="إِلَى" pattern="إِلَى" suffix="" />
				<ArabicLexical word="اَلْمِنْطَقَةِ" lemma="مِنْطَقَة" pos="مصرفة منتظمة" prefix="ال" root="نطق" pattern="مِفْعَل" suffix="ة" />
				<ArabicLexical word="اَلَّتِي" lemma="اَلَّذِي" pos="جامدة" prefix="ال" root="اَلَّذِي" pattern="لَتِي" suffix="" />
				<ArabicLexical word="مَزَّقَتْهَا" lemma="مَزَّقَ" pos="مصرفة منتظمة" prefix="" root="مزق" pattern="فَعَّلَ" suffix="تْهَا" />
				<ArabicLexical word="حَرْبٌ" lemma="حَرْب" pos="مصرفة منتظمة" prefix="" root="حرب" pattern="فَعْل" suffix="" />
				<ArabicLexical word="أَهْلِيَّةٌ" lemma="أَهْلِيّ" pos="مصرفة منتظمة" prefix="" root="أهل" pattern="فَعْل" suffix="يَّة" />
				<ArabicLexical word="دَامَتْ" lemma="دَامَ" pos="مصرفة منتظمة" prefix="" root="دوم" pattern="فَعلَ" suffix="تْ" />
				<ArabicLexical word="عَامًا" lemma="عَام" pos="مصرفة منتظمة" prefix="" root="عوم" pattern="فَعل" suffix="" />
			</annotation>
		</sentence>
		<sentence id="07305">
			<text>وَأَثْنَاءَ عُبُورِ مَوْكِبِ اَلْأَمِينِ اَلْعَامِّ لِشَوَارِعِ مَدِينَةِ رُومْبِكْ اَلْمَعْقِلِ اَلْجَنُوبِيِّ لِزَعِيمِ اَلْمُتَمَرِّدِينَ اَلسَّابِقِ جُونْ جَارَانِجْ رَفَعَتْ مَجْمُوعَةٌ صَغِيرَةٌ مِنْ اَلْأَطْفَالِ عَلَى جَانِبِ اَلطَّرِيقِ لَافِتَةً كُتِبَ عَلَيْهَا كُوفِي.. لَا يُوجَدُ غِذَاءٌ.. اَلْمَجَاعَةُ وَشِيكَةٌ.</text>
			<annotation>
				<ArabicLexical word="وَأَثْنَاءَ" lemma="أَثْنَاءَ" pos="مصرفة منتظمة" prefix="وَ" root="ثني" pattern="أَفْعَال" suffix="" />
				<ArabicLexical word="عُبُورِ" lemma="عُبُور" pos="مصرفة منتظمة" prefix="" root="عبر" pattern="فُعُول" suffix="" />
				<ArabicLexical word="مَوْكِبِ" lemma="مَوْكِب" pos="مصرفة منتظمة" prefix="" root="وكب" pattern="مَفْعِل" suffix="" />
				<ArabicLexical word="اَلْأَمِينِ" lemma="أَمِين" pos="مصرفة منتظمة" prefix="ال" root="أمن" pattern="فَعِيل" suffix="" />
				<ArabicLexical word="اَلْعَامِّ" lemma="عَامّ" pos="مصرفة منتظمة" prefix="ال" root="عمم" pattern="فَالّ" suffix="" />
				<ArabicLexical word="لِشَوَارِعِ" lemma="شَارِع" pos="مصرفة منتظمة" prefix="لِ" root="شرع" pattern="فَوَاعِل" suffix="" />
				<ArabicLexical word="مَدِينَةِ" lemma="مَدِينَة" pos="مصرفة منتظمة" prefix="" root="مدن" pattern="فَعِيل" suffix="ة" />
				<ArabicLexical word="رُومْبِكْ" lemma="" pos="غير عربية" prefix="" root="" pattern="" suffix="" />
				<ArabicLexical word="اَلْمَعْقِلِ" lemma="مَعْقِل" pos="مصرفة منتظمة" prefix="ال" root="عقل" pattern="مَفْعِل" suffix="" />
				<ArabicLexical word="اَلْجَنُوبِيِّ" lemma="جَنُوبِيّ" pos="مصرفة منتظمة" prefix="ال" root="جنب" pattern="فَعُول" suffix="يّ" />
				<ArabicLexical word="لِزَعِيمِ" lemma="زَعِيم" pos="مصرفة منتظمة" prefix="لِ" root="زعم" pattern="فَعِيل" suffix="" />
				<ArabicLexical word="اَلْمُتَمَرِّدِينَ" lemma="مُتَمَرِّد" pos="مصرفة منتظمة" prefix="ال" root="مرد" pattern="مُتَفَعِّل" suffix="ينَ" />
				<ArabicLexical word="اَلسَّابِقِ" lemma="سَابِق" pos="مصرفة منتظمة" prefix="ال" root="سبق" pattern="فَاعِل" suffix="" />
				<ArabicLexical word="جُونْ" lemma="جُون" pos="غير عربية" prefix="" root="" pattern="" suffix="" />
				<ArabicLexical word="جَارَانِجْ" lemma="+" pos="غير عربية" prefix="" root="" pattern="" suffix="" />
				<ArabicLexical word="رَفَعَتْ" lemma="رَفَعَ" pos="مصرفة منتظمة" prefix="" root="رفع" pattern="فَعَلَ" suffix="تْ" />
				<ArabicLexical word="مَجْمُوعَةٌ" lemma="مَجْمُوعَة" pos="مصرفة منتظمة" prefix="" root="جمع" pattern="مَفْعُول" suffix="ة" />
				<ArabicLexical word="صَغِيرَةٌ" lemma="صَغِير" pos="مصرفة منتظمة" prefix="" root="صغر" pattern="فَعِيل" suffix="ة" />
				<ArabicLexical word="مِنْ" lemma="مِنْ" pos="جامدة" prefix="" root="مِنْ" pattern="مِنْ" suffix="" />
				<ArabicLexical word="اَلْأَطْفَالِ" lemma="طِفْل" pos="مصرفة منتظمة" prefix="ال" root="طفل" pattern="أَفْعَال" suffix="" />
				<ArabicLexical word="عَلَى" lemma="عَلَى" pos="جامدة" prefix="" root="عَلَى" pattern="عَلَى" suffix="" />
				<ArabicLexical word="جَانِبِ" lemma="جَانِب" pos="مصرفة منتظمة" prefix="" root="جنب" pattern="فَاعِل" suffix="" />
				<ArabicLexical word="اَلطَّرِيقِ" lemma="طَرِيق" pos="مصرفة منتظمة" prefix="ال" root="طرق" pattern="فَعِيل" suffix="" />
				<ArabicLexical word="لَافِتَةً" lemma="لَافِت" pos="مصرفة منتظمة" prefix="" root="لفت" pattern="فَاعِل" suffix="ة" />
				<ArabicLexical word="كُتِبَ" lemma="كَتَبَ" pos="مصرفة منتظمة" prefix="" root="كتب" pattern="فُعِلَ" suffix="" />
				<ArabicLexical word="عَلَيْهَا" lemma="عَلَى" pos="جامدة" prefix="" root="عَلَى" pattern="عَلَيْ" suffix="هَا" />
				<ArabicLexical word="كُوفِي" lemma="كُوفِي" pos="غير عربية" prefix="" root="" pattern="" suffix="" />
				<ArabicLexical word="لَا" lemma="لَا" pos="جامدة" prefix="" root="لَا" pattern="لَا" suffix="" />
				<ArabicLexical word="يُوجَدُ" lemma="وَجَدَ" pos="مصرفة منتظمة" prefix="يُ" root="وجد" pattern="فعَل" suffix="" />
				<ArabicLexical word="غِذَاءٌ" lemma="غِذَاء" pos="مصرفة منتظمة" prefix="" root="غذو" pattern="فِعَال" suffix="" />
				<ArabicLexical word="اَلْمَجَاعَةُ" lemma="مَجَاعَة" pos="مصرفة منتظمة" prefix="ال" root="جوع" pattern="مَفَعل" suffix="ة" />
				<ArabicLexical word="وَشِيكَةٌ" lemma="وَشِيك" pos="مصرفة منتظمة" prefix="" root="وشك" pattern="فَعِيل" suffix="ة" />
			</annotation>
		</sentence>
		<sentence id="07306">
			<text>وُعُودٌ</text>
			<annotation>
				<ArabicLexical word="وُعُودٌ" lemma="وَعْد" pos="مصرفة منتظمة" prefix="" root="وعد" pattern="فُعُول" suffix="" />
			</annotation>
		</sentence>
		<sentence id="07307">
			<text>وَفِي أَعْقَابِ مُحَادَثَاتٍ أَجْرَاهَا اَلْيَوْمَ مَعَ عَنَانْ قَالَ جَارَانِجْ: قَدَّمَ مُؤْتَمَرُ أُوسْلُو لِلْمَانِحِينَ اَلْكَثِيرَ مِنْ اَلْوُعُودِ.. لكِنَّهُمْ لَا يُسَاعِدُونَ شَعْبَنَا حَالِيًّا كَمَا يَسْتَحِقُّ.</text>
			<annotation>
				<ArabicLexical word="وَفِي" lemma="فِي" pos="جامدة" prefix="وَ" root="فِي" pattern="فِي" suffix="" />
				<ArabicLexical word="أَعْقَابِ" lemma="عُقْب" pos="مصرفة منتظمة" prefix="" root="عقب" pattern="أَفْعَال" suffix="" />
				<ArabicLexical word="مُحَادَثَاتٍ" lemma="مُحَادَثَة" pos="مصرفة منتظمة" prefix="" root="حدث" pattern="مُفَاعَل" suffix="ات" />
				<ArabicLexical word="أَجْرَاهَا" lemma="أَجْرَى" pos="مصرفة منتظمة" prefix="" root="جري" pattern="أَفْعَل" suffix="هَا" />
				<ArabicLexical word="اَلْيَوْمَ" lemma="يَوْم" pos="مصرفة منتظمة" prefix="ال" root="يوم" pattern="فَعْل" suffix="" />
				<ArabicLexical word="مَعَ" lemma="مَعَ" pos="جامدة" prefix="" root="مَعَ" pattern="مَعَ" suffix="" />
				<ArabicLexical word="عَنَانْ" lemma="عَنَان" pos="غير عربية" prefix="" root="" pattern="" suffix="" />
				<ArabicLexical word="قَالَ" lemma="قَالَ" pos="مصرفة منتظمة" prefix="" root="قول" pattern="فَعلَ" suffix="" />
				<ArabicLexical word="جَارَانِجْ" lemma="+" pos="غير عربية" prefix="" root="" pattern="" suffix="" />
				<ArabicLexical word="قَدَّمَ" lemma="قَدَّمَ" pos="مصرفة منتظمة" prefix="" root="قدم" pattern="فَعَّلَ" suffix="" />
				<ArabicLexical word="مُؤْتَمَرُ" lemma="مُؤْتَمَر" pos="مصرفة منتظمة" prefix="" root="أمر" pattern="مُفْتَعَل" suffix="" />
				<ArabicLexical word="أُوسْلُو" lemma="أُوسْلُو" pos="غير عربية" prefix="" root="" pattern="" suffix="" />
				<ArabicLexical word="لِلْمَانِحِينَ" lemma="مَانِح" pos="مصرفة منتظمة" prefix="لِل" root="منح" pattern="فَاعِل" suffix="ينَ" />
				<ArabicLexical word="اَلْكَثِيرَ" lemma="كَثِير" pos="مصرفة منتظمة" prefix="ال" root="كثر" pattern="فَعِيل" suffix="" />
				<ArabicLexical word="مِنْ" lemma="مِنْ" pos="جامدة" prefix="" root="مِنْ" pattern="مِنْ" suffix="" />
				<ArabicLexical word="اَلْوُعُودِ" lemma="وَعْد" pos="مصرفة منتظمة" prefix="ال" root="وعد" pattern="فُعُول" suffix="" />
				<ArabicLexical word="لكِنَّهُمْ" lemma="لَكِنَّ" pos="جامدة" prefix="" root="لكِنَّ" pattern="لكِنَّ" suffix="همْ" />
				<ArabicLexical word="لَا" lemma="لَا" pos="جامدة" prefix="" root="لَا" pattern="لَا" suffix="" />
				<ArabicLexical word="يُسَاعِدُونَ" lemma="سَاعَدَ" pos="مصرفة منتظمة" prefix="ي" root="سعد" pattern="فَاعَلَ" suffix="ونَ" />
				<ArabicLexical word="شَعْبَنَا" lemma="شَعْب" pos="مصرفة منتظمة" prefix="" root="شعب" pattern="فَعْل" suffix="نَا" />
				<ArabicLexical word="حَالِيًّا" lemma="حَالِيّ" pos="مصرفة منتظمة" prefix="" root="حول" pattern="فَعل" suffix="يّ" />
				<ArabicLexical word="كَمَا" lemma="مَا" pos="جامدة" prefix="كَ" root="اَلَّذِي" pattern="مَا" suffix="" />
				<ArabicLexical word="يَسْتَحِقُّ" lemma="اسْتَحَقَّ" pos="مصرفة منتظمة" prefix="ي" root="حقق" pattern="اِسْتَفَلَّ" suffix="" />
			</annotation>
		</sentence>
		<sentence id="07308">
			<text>وَقَدْ وَعَدَ اَلْمَانِحُونَ فِي مُؤْتَمَرٍ عُقِدَ بِأُوسْلُو فِي أَبْرِيلَ 2005 لِدَعْمِ اِتِّفَاقِ اَلسَّلَامِ بَيْنَ اَلْحُكُومَةِ وَمُتَمَرِّدِي اَلْجَنُوبِ بِتَقْدِيمِ 4.5 مِلْيَارَاتِ دُولَارْ، غَيْرَ أَنَّ عُمَّالَ اَلْإِغَاثَةِ يَقُولُونَ إِنَّ اَلْمَانِحِينَ لَمْ يُقَدِّمُوا اَلْغِذَاءَ اَللَّازِمَ لِتَجْنِيبِ جَنُوبِ اَلسُّودَانِ أَسْوَأَ مَجَاعَةٍ مُنْذُ مَجَاعَةِ عَامِ 1998 اَلَّتِي رَاحَ ضَحِيَّتَهَا مَا لَا يَقِلُّ عَنْ 60 أَلْفَ شَخْصٍ.</text>
			<annotation>
				<ArabicLexical word="وَقَدْ" lemma="قَدْ" pos="جامدة" prefix="وَ" root="قَدْ" pattern="قَدْ" suffix="" />
				<ArabicLexical word="وَعَدَ" lemma="وَعَدَ" pos="مصرفة منتظمة" prefix="" root="وعد" pattern="فَعَلَ" suffix="" />
				<ArabicLexical word="اَلْمَانِحُونَ" lemma="مَانِح" pos="مصرفة منتظمة" prefix="ال" root="منح" pattern="فَاعِل" suffix="ونَ" />
				<ArabicLexical word="فِي" lemma="فِي" pos="جامدة" prefix="" root="فِي" pattern="فِي" suffix="" />
				<ArabicLexical word="مُؤْتَمَرٍ" lemma="مُؤْتَمَر" pos="مصرفة منتظمة" prefix="" root="أمر" pattern="مُفْتَعَل" suffix="" />
				<ArabicLexical word="عُقِدَ" lemma="عَقَدَ" pos="مصرفة منتظمة" prefix="" root="عقد" pattern="فُعِلَ" suffix="" />
				<ArabicLexical word="بِأُوسْلُو" lemma="أُوسْلُو" pos="غير عربية" prefix="" root="" pattern="" suffix="" />
				<ArabicLexical word="فِي" lemma="فِي" pos="جامدة" prefix="" root="فِي" pattern="فِي" suffix="" />
				<ArabicLexical word="أَبْرِيلَ" lemma="أَبْرِيل" pos="معربة" prefix="" root="أَبْرِيل" pattern="أَبْرِيل" suffix="" />
				<ArabicLexical word="لِدَعْمِ" lemma="دَعْم" pos="مصرفة منتظمة" prefix="لِ" root="دعم" pattern="فَعْل" suffix="" />
				<ArabicLexical word="اِتِّفَاقِ" lemma="اتِّفَاق" pos="مصرفة منتظمة" prefix="" root="وفق" pattern="اِفِّعَال" suffix="" />
				<ArabicLexical word="اَلسَّلَامِ" lemma="سَلَام" pos="مصرفة منتظمة" prefix="ال" root="سلم" pattern="فَعَال" suffix="" />
				<ArabicLexical word="بَيْنَ" lemma="بَيْنَ" pos="مصرفة منتظمة" prefix="" root="بين" pattern="فَعْل" suffix="" />
				<ArabicLexical word="اَلْحُكُومَةِ" lemma="حُكُومَة" pos="مصرفة منتظمة" prefix="ال" root="حكم" pattern="فُعُول" suffix="ة" />
				<ArabicLexical word="وَمُتَمَرِّدِي" lemma="مُتَمَرِّد" pos="مصرفة منتظمة" prefix="وَ" root="مرد" pattern="مُتَفَعِّل" suffix="ي" />
				<ArabicLexical word="اَلْجَنُوبِ" lemma="جَنُوب" pos="مصرفة منتظمة" prefix="ال" root="جنب" pattern="فَعُول" suffix="" />
				<ArabicLexical word="بِتَقْدِيمِ" lemma="تَقْدِيم" pos="مصرفة منتظمة" prefix="بِ" root="قدم" pattern="تَفْعِيل" suffix="" />
				<ArabicLexical word="مِلْيَارَاتِ" lemma="مِلْيَار" pos="معربة" prefix="" root="مِلْيَار" pattern="مِلْيَار" suffix="ات" />
				<ArabicLexical word="دُولَارْ" lemma="دُولَار" pos="غير عربية" prefix="" root="" pattern="" suffix="" />
				<ArabicLexical word="غَيْرَ" lemma="غَيْرَ" pos="مصرفة منتظمة" prefix="" root="غير" pattern="فَعْل" suffix="" />
				<ArabicLexical word="أَنَّ" lemma="أَنَّ" pos="جامدة" prefix="" root="أَنَّ" pattern="أَنَّ" suffix="" />
				<ArabicLexical word="عُمَّالَ" lemma="عَامِل" pos="مصرفة منتظمة" prefix="" root="عمل" pattern="فُعَّال" suffix="" />
				<ArabicLexical word="اَلْإِغَاثَةِ" lemma="إِغَاثَة" pos="مصرفة منتظمة" prefix="ال" root="غوث" pattern="إِفَعالَ" suffix="ة" />
				<ArabicLexical word="يَقُولُونَ" lemma="قَالَ" pos="مصرفة منتظمة" prefix="ي" root="قول" pattern="فُعل" suffix="ونَ" />
				<ArabicLexical word="إِنَّ" lemma="أَنَّ" pos="جامدة" prefix="" root="إِنَّ" pattern="إِنَّ" suffix="" />
				<ArabicLexical word="اَلْمَانِحِينَ" lemma="مَانِح" pos="مصرفة منتظمة" prefix="ال" root="منح" pattern="فَاعِل" suffix="ينَ" />
				<ArabicLexical word="لَمْ" lemma="لَمْ" pos="جامدة" prefix="" root="لَمْ" pattern="لَمْ" suffix="" />
				<ArabicLexical word="يُقَدِّمُوا" lemma="قَدَّمَ" pos="مصرفة منتظمة" prefix="ي" root="قدم" pattern="فَعَّلَ" suffix="وا" />
				<ArabicLexical word="اَلْغِذَاءَ" lemma="غِذَاء" pos="مصرفة منتظمة" prefix="ال" root="غذو" pattern="فِعَال" suffix="" />
				<ArabicLexical word="اَللَّازِمَ" lemma="لَازِم" pos="مصرفة منتظمة" prefix="ال" root="لزم" pattern="فَاعِل" suffix="" />
				<ArabicLexical word="لِتَجْنِيبِ" lemma="تَجْنِيب" pos="مصرفة منتظمة" prefix="لِ" root="جنب" pattern="تَفْعِيل" suffix="" />
				<ArabicLexical word="جَنُوبِ" lemma="جَنُوب" pos="مصرفة منتظمة" prefix="" root="جنب" pattern="فَعُول" suffix="" />
				<ArabicLexical word="اَلسُّودَانِ" lemma="سُودَان" pos="مصرفة منتظمة" prefix="ال" root="سود" pattern="فُعلَان" suffix="" />
				<ArabicLexical word="أَسْوَأَ" lemma="أَسْوَأ" pos="مصرفة منتظمة" prefix="" root="سوأ" pattern="أَفْعَل" suffix="" />
				<ArabicLexical word="مَجَاعَةٍ" lemma="مَجَاعَة" pos="مصرفة منتظمة" prefix="" root="جوع" pattern="مَفَعل" suffix="ة" />
				<ArabicLexical word="مُنْذُ" lemma="مُنْذُ" pos="جامدة" prefix="" root="مُنْذُ" pattern="مُنْذُ" suffix="" />
				<ArabicLexical word="مَجَاعَةِ" lemma="مَجَاعَة" pos="مصرفة منتظمة" prefix="" root="جوع" pattern="مَفَعل" suffix="ة" />
				<ArabicLexical word="عَامِ" lemma="عَام" pos="مصرفة منتظمة" prefix="" root="عوم" pattern="فَعل" suffix="" />
				<ArabicLexical word="اَلَّتِي" lemma="اَلَّذِي" pos="جامدة" prefix="ال" root="اَلَّذِي" pattern="لَتِي" suffix="" />
				<ArabicLexical word="رَاحَ" lemma="رَاحَ" pos="مصرفة منتظمة" prefix="" root="روح" pattern="فَعلَ" suffix="" />
				<ArabicLexical word="ضَحِيَّتَهَا" lemma="ضَحِيَّة" pos="مصرفة منتظمة" prefix="" root="ضحو" pattern="فَعِلّ" suffix="تهَا" />
				<ArabicLexical word="مَا" lemma="مَا" pos="جامدة" prefix="" root="اَلَّذِي" pattern="مَا" suffix="" />
				<ArabicLexical word="لَا" lemma="لَا" pos="جامدة" prefix="" root="لَا" pattern="لَا" suffix="" />
				<ArabicLexical word="يَقِلُّ" lemma="قَلَّ" pos="مصرفة منتظمة" prefix="ي" root="قلل" pattern="فِلّ" suffix="" />
				<ArabicLexical word="عَنْ" lemma="عَنْ" pos="جامدة" prefix="" root="عَنْ" pattern="عَنْ" suffix="" />
				<ArabicLexical word="أَلْفَ" lemma="أَلْف" pos="مصرفة منتظمة" prefix="" root="ألف" pattern="فَعْل" suffix="" />
				<ArabicLexical word="شَخْصٍ" lemma="شَخْص" pos="مصرفة منتظمة" prefix="" root="شخص" pattern="فَعْل" suffix="" />
			</annotation>
		</sentence>
		<sentence id="07309">
			<text>وَأَضَافَ جَارَانِجْ: هُنَاكَ بِالْفِعْلِ أُنَاسٌ قَضَوْا بِسَبَبِ اَلْمَجَاعَةِ، كَمَا أَنَّ قَنَوَاتِ إِمْدَادَاتِ اَلْأُمَمِ اَلْمُتَّحِدَةِ خَالِيَةٌ. لِذلِكَ نَطْلُبُ مِنْ اَلْأَمِينِ اَلْعَامِّ لِلْأُمَمِ اَلْمُتَّحِدَةِ أَنْ يَفْعَلَ شَيْئًا.</text>
			<annotation>
				<ArabicLexical word="وَأَضَافَ" lemma="أَضَافَ" pos="مصرفة منتظمة" prefix="وَ" root="ضيف" pattern="أَفَعلَ" suffix="" />
				<ArabicLexical word="جَارَانِجْ" lemma="+" pos="غير عربية" prefix="" root="" pattern="" suffix="" />
				<ArabicLexical word="هُنَاكَ" lemma="هُنَا" pos="جامدة" prefix="" root="هُنَا" pattern="هُنَاكَ" suffix="" />
				<ArabicLexical word="بِالْفِعْلِ" lemma="فِعْل" pos="مصرفة منتظمة" prefix="بِال" root="فعل" pattern="فِعْل" suffix="" />
				<ArabicLexical word="أُنَاسٌ" lemma="إِنْسِيّ" pos="مصرفة منتظمة" prefix="" root="أنس" pattern="فُعَال" suffix="" />
				<ArabicLexical word="قَضَوْا" lemma="قَضَى" pos="مصرفة منتظمة" prefix="" root="قضي" pattern="فَعَل" suffix="وا" />
				<ArabicLexical word="بِسَبَبِ" lemma="سَبَب" pos="مصرفة منتظمة" prefix="بِ" root="سبب" pattern="فَعَل" suffix="" />
				<ArabicLexical word="اَلْمَجَاعَةِ" lemma="مَجَاعَة" pos="مصرفة منتظمة" prefix="ال" root="جوع" pattern="مَفَعل" suffix="ة" />
				<ArabicLexical word="كَمَا" lemma="مَا" pos="جامدة" prefix="كَ" root="اَلَّذِي" pattern="مَا" suffix="" />
				<ArabicLexical word="أَنَّ" lemma="أَنَّ" pos="جامدة" prefix="" root="أَنَّ" pattern="أَنَّ" suffix="" />
				<ArabicLexical word="قَنَوَاتِ" lemma="قَنَاة" pos="مصرفة منتظمة" prefix="" root="قنو" pattern="فَعَل" suffix="ات" />
				<ArabicLexical word="إِمْدَادَاتِ" lemma="إِمْدَاد" pos="مصرفة منتظمة" prefix="" root="مدد" pattern="إِفْعَال" suffix="ات" />
				<ArabicLexical word="اَلْأُمَمِ" lemma="أُمَّة" pos="مصرفة منتظمة" prefix="ال" root="أمم" pattern="فُعَل" suffix="" />
				<ArabicLexical word="اَلْمُتَّحِدَةِ" lemma="مُتَّحِد" pos="مصرفة منتظمة" prefix="ال" root="وحد" pattern="مُفَّعِل" suffix="ة" />
				<ArabicLexical word="خَالِيَةٌ" lemma="خَالِيَة" pos="مصرفة منتظمة" prefix="" root="خلو" pattern="فَاعِل" suffix="ة" />
				<ArabicLexical word="لِذلِكَ" lemma="ذَا" pos="جامدة" prefix="لِ" root="ذَا" pattern="ذلِ" suffix="كَ" />
				<ArabicLexical word="نَطْلُبُ" lemma="طَلَبَ" pos="مصرفة منتظمة" prefix="ن" root="طلب" pattern="فْعُل" suffix="" />
				<ArabicLexical word="مِنْ" lemma="مِنْ" pos="جامدة" prefix="" root="مِنْ" pattern="مِنْ" suffix="" />
				<ArabicLexical word="اَلْأَمِينِ" lemma="أَمِين" pos="مصرفة منتظمة" prefix="ال" root="أمن" pattern="فَعِيل" suffix="" />
				<ArabicLexical word="اَلْعَامِّ" lemma="عَامّ" pos="مصرفة منتظمة" prefix="ال" root="عمم" pattern="فَالّ" suffix="" />
				<ArabicLexical word="لِلْأُمَمِ" lemma="أُمَّة" pos="مصرفة منتظمة" prefix="لِل" root="أمم" pattern="فُعَل" suffix="" />
				<ArabicLexical word="اَلْمُتَّحِدَةِ" lemma="مُتَّحِد" pos="مصرفة منتظمة" prefix="ال" root="وحد" pattern="مُفَّعِل" suffix="ة" />
				<ArabicLexical word="أَنْ" lemma="أَنْ" pos="جامدة" prefix="" root="أَنْ" pattern="أَنْ" suffix="" />
				<ArabicLexical word="يَفْعَلَ" lemma="فَعَلَ" pos="مصرفة منتظمة" prefix="ي" root="فعل" pattern="فْعَل" suffix="" />
				<ArabicLexical word="شَيْئًا" lemma="شَيْء" pos="مصرفة منتظمة" prefix="" root="شيأ" pattern="فَعْل" suffix="" />
			</annotation>
		</sentence>
		<sentence id="07310">
			<text>وَرَدَّ عَنَانْ مِنْ جَانِبِهِ قَائِلًا: فَرِيقُ اَلْأُمَمِ اَلْمُتَّحِدَةِ مَوْجُودٌ هُنَا، وَسَنَعْمَلُ عَلَى مُضَاعَفَةِ جُهُودِنَا، وَسَنُنَاشِدُ اَلْمُجْتَمَعَ اَلدُّوَلِيَّ اَلْوَفَاءَ بِتَعَهُّدَاتِهِ.</text>
			<annotation>
				<ArabicLexical word="وَرَدَّ" lemma="رَدَّ" pos="مصرفة منتظمة" prefix="وَ" root="ردد" pattern="فَلَّ" suffix="" />
				<ArabicLexical word="عَنَانْ" lemma="عَنَان" pos="غير عربية" prefix="" root="" pattern="" suffix="" />
				<ArabicLexical word="مِنْ" lemma="مِنْ" pos="جامدة" prefix="" root="مِنْ" pattern="مِنْ" suffix="" />
				<ArabicLexical word="جَانِبِهِ" lemma="جَانِب" pos="مصرفة منتظمة" prefix="" root="جنب" pattern="فَاعِل" suffix="ه" />
				<ArabicLexical word="قَائِلًا" lemma="قَائِل" pos="مصرفة منتظمة" prefix="" root="قول" pattern="فَاعِل" suffix="" />
				<ArabicLexical word="فَرِيقُ" lemma="فَرِيق" pos="مصرفة منتظمة" prefix="" root="فرق" pattern="فَعِيل" suffix="" />
				<ArabicLexical word="اَلْأُمَمِ" lemma="أُمَّة" pos="مصرفة منتظمة" prefix="ال" root="أمم" pattern="فُعَل" suffix="" />
				<ArabicLexical word="اَلْمُتَّحِدَةِ" lemma="مُتَّحِد" pos="مصرفة منتظمة" prefix="ال" root="وحد" pattern="مُفَّعِل" suffix="ة" />
				<ArabicLexical word="مَوْجُودٌ" lemma="مَوْجُود" pos="مصرفة منتظمة" prefix="" root="وجد" pattern="مَفْعُول" suffix="" />
				<ArabicLexical word="هُنَا" lemma="هُنَا" pos="جامدة" prefix="" root="هُنَا" pattern="هُنَا" suffix="" />
				<ArabicLexical word="وَسَنَعْمَلُ" lemma="عَمِلَ" pos="مصرفة منتظمة" prefix="وَسَن" root="عمل" pattern="فْعَل" suffix="" />
				<ArabicLexical word="عَلَى" lemma="عَلَى" pos="جامدة" prefix="" root="عَلَى" pattern="عَلَى" suffix="" />
				<ArabicLexical word="مُضَاعَفَةِ" lemma="مُضَاعَفَة" pos="مصرفة منتظمة" prefix="" root="ضعف" pattern="مُفَاعَل" suffix="ة" />
				<ArabicLexical word="جُهُودِنَا" lemma="جُهْد" pos="مصرفة منتظمة" prefix="" root="جهد" pattern="فُعُول" suffix="نَا" />
				<ArabicLexical word="وَسَنُنَاشِدُ" lemma="نَاشَدَ" pos="مصرفة منتظمة" prefix="وَسَن" root="نشد" pattern="فَاعَلَ" suffix="" />
				<ArabicLexical word="اَلْمُجْتَمَعَ" lemma="مُجْتَمَع" pos="مصرفة منتظمة" prefix="ال" root="جمع" pattern="مُفْتَعَل" suffix="" />
				<ArabicLexical word="اَلدُّوَلِيَّ" lemma="دُوَلِيّ" pos="مصرفة منتظمة" prefix="ال" root="دول" pattern="فُعَل" suffix="يّ" />
				<ArabicLexical word="اَلْوَفَاءَ" lemma="وَفَاء" pos="مصرفة منتظمة" prefix="ال" root="وفي" pattern="فَعَال" suffix="" />
				<ArabicLexical word="بِتَعَهُّدَاتِهِ" lemma="تَعَهُّد" pos="مصرفة منتظمة" prefix="بِ" root="عهد" pattern="تَفَعُّل" suffix="اته" />
			</annotation>
		</sentence>
		<sentence id="07311">
			<text>وَقَالَ نَائِبُ اَلْمُدِيرِ اَلتَّنْفِيذِيِّ لِبَرْنَامَجِ اَلْغِذَاءِ اَلْعَالَمِيِّ اَلتَّابِعِ لِلْأُمَمِ اَلْمُتَّحِدَةِ جِينْ. جَاكْيُوسْ جِرِيسِي اَلَّذِي زَارَ اَلْخُرْطُومَ وَدَارَفُورْ وَجَنُوبَ اَلسُّودَانِ مُؤَخَّرًا: اَلْبَرْنَامَجُ لَمْ يَحْصُلْ سِوَى عَلَى 78 مِلْيُونَ دُولَارْ أَمْرِيكِيٍّ مِنْ مِيزَانِيَّةِ عَمَلِيَّاتِهِ اَلْإِنْسَانِيَّةِ بِجَنُوبِ اَلسُّودَانِ اَلْبَالِغَةِ هذَا اَلْعَامَ (2005) 302 مِلْيُونِ دُولَارْ، بِحَسْبِ مَا نَقَلَهُ اَلْمَوْقِعُ اَلْإِلِكْتُرُونِيُّ اَلْإِخْبَارِيُّ كُلُّ إِفْرِيقْيَا اَلَّذِي يَصْدُرُ بِالْإِنْجِلِيزِيَّةِ.</text>
			<annotation>
				<ArabicLexical word="وَقَالَ" lemma="قَالَ" pos="مصرفة منتظمة" prefix="وَ" root="قول" pattern="فَعلَ" suffix="" />
				<ArabicLexical word="نَائِبُ" lemma="نَائِب" pos="مصرفة منتظمة" prefix="" root="نوب" pattern="فَاعِل" suffix="" />
				<ArabicLexical word="اَلْمُدِيرِ" lemma="مُدِير" pos="مصرفة منتظمة" prefix="ال" root="دور" pattern="مُفِعل" suffix="" />
				<ArabicLexical word="اَلتَّنْفِيذِيِّ" lemma="تَنْفِيذِيّ" pos="مصرفة منتظمة" prefix="ال" root="نفذ" pattern="تَفْعِيل" suffix="يّ" />
				<ArabicLexical word="لِبَرْنَامَجِ" lemma="بَرْنَامَج" pos="استثناء صرفي" prefix="لِ" root="برمج" pattern="بَرْنَامَج" suffix="" />
				<ArabicLexical word="اَلْغِذَاءِ" lemma="غِذَاء" pos="مصرفة منتظمة" prefix="ال" root="غذو" pattern="فِعَال" suffix="" />
				<ArabicLexical word="اَلْعَالَمِيِّ" lemma="عَالَمِيّ" pos="استثناء صرفي" prefix="ال" root="علم" pattern="عَالَم" suffix="يّ" />
				<ArabicLexical word="اَلتَّابِعِ" lemma="تَابِع" pos="مصرفة منتظمة" prefix="ال" root="تبع" pattern="فَاعِل" suffix="" />
				<ArabicLexical word="لِلْأُمَمِ" lemma="أُمَّة" pos="مصرفة منتظمة" prefix="لِل" root="أمم" pattern="فُعَل" suffix="" />
				<ArabicLexical word="اَلْمُتَّحِدَةِ" lemma="مُتَّحِد" pos="مصرفة منتظمة" prefix="ال" root="وحد" pattern="مُفَّعِل" suffix="ة" />
				<ArabicLexical word="جِينْ" lemma="" pos="غير عربية" prefix="" root="" pattern="" suffix="" />
				<ArabicLexical word="جَاكْيُوسْ" lemma="+" pos="غير عربية" prefix="" root="" pattern="" suffix="" />
				<ArabicLexical word="جِرِيسِي" lemma="" pos="غير عربية" prefix="" root="" pattern="" suffix="" />
				<ArabicLexical word="اَلَّذِي" lemma="اَلَّذِي" pos="جامدة" prefix="ال" root="اَلَّذِي" pattern="لَذِي" suffix="" />
				<ArabicLexical word="زَارَ" lemma="زَارَ" pos="مصرفة منتظمة" prefix="" root="زور" pattern="فَعلَ" suffix="" />
				<ArabicLexical word="اَلْخُرْطُومَ" lemma="خُرْطُوم" pos="مصرفة منتظمة" prefix="ال" root="خرطم" pattern="فُعْلُول" suffix="" />
				<ArabicLexical word="وَدَارَفُورْ" lemma="دَارَفُور" pos="غير عربية" prefix="" root="" pattern="" suffix="" />
				<ArabicLexical word="وَجَنُوبَ" lemma="جَنُوب" pos="مصرفة منتظمة" prefix="وَ" root="جنب" pattern="فَعُول" suffix="" />
				<ArabicLexical word="اَلسُّودَانِ" lemma="سُودَان" pos="مصرفة منتظمة" prefix="ال" root="سود" pattern="فُعلَان" suffix="" />
				<ArabicLexical word="مُؤَخَّرًا" lemma="مُؤَخَّر" pos="مصرفة منتظمة" prefix="" root="أخر" pattern="مُفَعَّل" suffix="" />
				<ArabicLexical word="اَلْبَرْنَامَجُ" lemma="بَرْنَامَج" pos="استثناء صرفي" prefix="ال" root="برمج" pattern="بَرْنَامَج" suffix="" />
				<ArabicLexical word="لَمْ" lemma="لَمْ" pos="جامدة" prefix="" root="لَمْ" pattern="لَمْ" suffix="" />
				<ArabicLexical word="يَحْصُلْ" lemma="حَصَلَ" pos="مصرفة منتظمة" prefix="ي" root="حصل" pattern="فْعُل" suffix="" />
				<ArabicLexical word="سِوَى" lemma="سِوَى" pos="مصرفة منتظمة" prefix="" root="سوي" pattern="فِعَل" suffix="" />
				<ArabicLexical word="عَلَى" lemma="عَلَى" pos="جامدة" prefix="" root="عَلَى" pattern="عَلَى" suffix="" />
				<ArabicLexical word="مِلْيُونَ" lemma="مِلْيُون" pos="معربة" prefix="" root="مِلْيُون" pattern="مِلْيُون" suffix="" />
				<ArabicLexical word="دُولَارْ" lemma="دُولَار" pos="غير عربية" prefix="" root="" pattern="" suffix="" />
				<ArabicLexical word="أَمْرِيكِيٍّ" lemma="أَمِيرْكِيّ" pos="معربة" prefix="" root="أَمِرِيكَا" pattern="أَمْرِيكِ" suffix="يّ" />
				<ArabicLexical word="مِنْ" lemma="مِنْ" pos="جامدة" prefix="" root="مِنْ" pattern="مِنْ" suffix="" />
				<ArabicLexical word="مِيزَانِيَّةِ" lemma="مِيزَانِيَّة" pos="مصرفة منتظمة" prefix="" root="وزن" pattern="مِفعَال" suffix="يَّة" />
				<ArabicLexical word="عَمَلِيَّاتِهِ" lemma="عَمَلِيَّة" pos="مصرفة منتظمة" prefix="" root="عمل" pattern="فَعَل" suffix="يَّاته" />
				<ArabicLexical word="اَلْإِنْسَانِيَّةِ" lemma="إِنْسَانِيّ" pos="مصرفة منتظمة" prefix="ال" root="أنس" pattern="فِعْلَان" suffix="يَّة" />
				<ArabicLexical word="بِجَنُوبِ" lemma="جَنُوب" pos="مصرفة منتظمة" prefix="بِ" root="جنب" pattern="فَعُول" suffix="" />
				<ArabicLexical word="اَلسُّودَانِ" lemma="سُودَان" pos="مصرفة منتظمة" prefix="ال" root="سود" pattern="فُعلَان" suffix="" />
				<ArabicLexical word="اَلْبَالِغَةِ" lemma="بَالِغ" pos="مصرفة منتظمة" prefix="ال" root="بلغ" pattern="فَاعِل" suffix="ة" />
				<ArabicLexical word="هذَا" lemma="ذَا" pos="جامدة" prefix="" root="ذَا" pattern="هذَا" suffix="" />
				<ArabicLexical word="اَلْعَامَ" lemma="عَام" pos="مصرفة منتظمة" prefix="ال" root="عوم" pattern="فَعل" suffix="" />
				<ArabicLexical word="مِلْيُونِ" lemma="مِلْيُون" pos="معربة" prefix="" root="مِلْيُون" pattern="مِلْيُون" suffix="" />
				<ArabicLexical word="دُولَارْ" lemma="دُولَار" pos="غير عربية" prefix="" root="" pattern="" suffix="" />
				<ArabicLexical word="بِحَسْبِ" lemma="حَسْب" pos="مصرفة منتظمة" prefix="بِ" root="حسب" pattern="فَعْل" suffix="" />
				<ArabicLexical word="مَا" lemma="مَا" pos="جامدة" prefix="" root="اَلَّذِي" pattern="مَا" suffix="" />
				<ArabicLexical word="نَقَلَهُ" lemma="نَقَلَ" pos="مصرفة منتظمة" prefix="" root="نقل" pattern="فَعَلَ" suffix="ه" />
				<ArabicLexical word="اَلْمَوْقِعُ" lemma="مَوْقِع" pos="مصرفة منتظمة" prefix="ال" root="وقع" pattern="مَفْعِل" suffix="" />
				<ArabicLexical word="اَلْإِلِكْتُرُونِيُّ" lemma="إِلِكْتُرُون" pos="معربة" prefix="ال" root="إِلِكْتُرُون" pattern="إِلِكْتُرُون" suffix="يّ" />
				<ArabicLexical word="اَلْإِخْبَارِيُّ" lemma="إِخْبَارِيّ" pos="مصرفة منتظمة" prefix="ال" root="خبر" pattern="إِفْعَال" suffix="يّ" />
				<ArabicLexical word="كُلُّ" lemma="كُلّ" pos="جامدة" prefix="" root="كُلّ" pattern="كُلّ" suffix="" />
				<ArabicLexical word="إِفْرِيقْيَا" lemma="إِفْرِيقْيَا" pos="معربة" prefix="" root="إِفْرِيقْيَا" pattern="إِفْرِيقْيَا" suffix="" />
				<ArabicLexical word="اَلَّذِي" lemma="اَلَّذِي" pos="جامدة" prefix="ال" root="اَلَّذِي" pattern="لَذِي" suffix="" />
				<ArabicLexical word="يَصْدُرُ" lemma="صَدَرَ" pos="مصرفة منتظمة" prefix="ي" root="صدر" pattern="فْعُل" suffix="" />
				<ArabicLexical word="بِالْإِنْجِلِيزِيَّةِ" lemma="إِنْجِلِيزِيّ" pos="معربة" prefix="بِال" root="إِنْجِلْتِرَا" pattern="إِنْجِلِيز" suffix="يَّة" />
			</annotation>
		</sentence>
		<sentence id="07312">
			<text>مِنْ جَانِبِهَا قَالَتْ رِينْ مَكُجُوفِينْ اَلْمُتَحَدِّثَةُ بِاسْمِ اَلْبَرْنَامَجِ: إِنَّنَا بِكُلِّ وُضُوحٍ غَيْرُ قَادِرِينَ عَلَى سَدِّ اِحْتِيَاجَاتِ اَلسُّودَانِيِّينَ اَلْجَنُوبِيِّينَ.. سُوءُ اَلتَّغْذِيَةِ مُتَفَشٍّ هُنَا.</text>
			<annotation>
				<ArabicLexical word="مِنْ" lemma="مِنْ" pos="جامدة" prefix="" root="مِنْ" pattern="مِنْ" suffix="" />
				<ArabicLexical word="جَانِبِهَا" lemma="جَانِب" pos="مصرفة منتظمة" prefix="" root="جنب" pattern="فَاعِل" suffix="هَا" />
				<ArabicLexical word="قَالَتْ" lemma="قَالَ" pos="مصرفة منتظمة" prefix="" root="قول" pattern="فَعلَ" suffix="تْ" />
				<ArabicLexical word="رِينْ" lemma="" pos="غير عربية" prefix="" root="" pattern="" suffix="" />
				<ArabicLexical word="مَكُجُوفِينْ" lemma="" pos="غير عربية" prefix="" root="" pattern="" suffix="" />
				<ArabicLexical word="اَلْمُتَحَدِّثَةُ" lemma="مُتَحَدِّث" pos="مصرفة منتظمة" prefix="ال" root="حدث" pattern="مُتَفَعِّل" suffix="ة" />
				<ArabicLexical word="بِاسْمِ" lemma="اسْم" pos="استثناء صرفي" prefix="بِ" root="سمو" pattern="اِسْم" suffix="" />
				<ArabicLexical word="اَلْبَرْنَامَجِ" lemma="بَرْنَامَج" pos="استثناء صرفي" prefix="ال" root="برمج" pattern="بَرْنَامَج" suffix="" />
				<ArabicLexical word="إِنَّنَا" lemma="أَنَّ" pos="جامدة" prefix="" root="إِنَّ" pattern="إِنَّ" suffix="نَا" />
				<ArabicLexical word="بِكُلِّ" lemma="كُلّ" pos="جامدة" prefix="بِ" root="كُلّ" pattern="كُلّ" suffix="" />
				<ArabicLexical word="وُضُوحٍ" lemma="وُضُوح" pos="مصرفة منتظمة" prefix="" root="وضح" pattern="فُعُول" suffix="" />
				<ArabicLexical word="غَيْرُ" lemma="غَيْر" pos="مصرفة منتظمة" prefix="" root="غير" pattern="فَعْل" suffix="" />
				<ArabicLexical word="قَادِرِينَ" lemma="قَادِر" pos="مصرفة منتظمة" prefix="" root="قدر" pattern="فَاعِل" suffix="ينَ" />
				<ArabicLexical word="عَلَى" lemma="عَلَى" pos="جامدة" prefix="" root="عَلَى" pattern="عَلَى" suffix="" />
				<ArabicLexical word="سَدِّ" lemma="سَدّ" pos="مصرفة منتظمة" prefix="" root="سدد" pattern="فَلّ" suffix="" />
				<ArabicLexical word="اِحْتِيَاجَاتِ" lemma="احْتِيَاج" pos="مصرفة منتظمة" prefix="" root="حوج" pattern="اِفْتِعَال" suffix="ات" />
				<ArabicLexical word="اَلسُّودَانِيِّينَ" lemma="سُودَانِيّ" pos="مصرفة منتظمة" prefix="ال" root="سود" pattern="فُعلَان" suffix="يِّينَ" />
				<ArabicLexical word="اَلْجَنُوبِيِّينَ" lemma="جَنُوبِيّ" pos="مصرفة منتظمة" prefix="ال" root="جنب" pattern="فَعُول" suffix="يِّينَ" />
				<ArabicLexical word="سُوءُ" lemma="سُوء" pos="مصرفة منتظمة" prefix="" root="سوأ" pattern="فُعل" suffix="" />
				<ArabicLexical word="اَلتَّغْذِيَةِ" lemma="تَغْذِيَة" pos="مصرفة منتظمة" prefix="ال" root="غذو" pattern="تَفْعِلَ" suffix="ة" />
				<ArabicLexical word="مُتَفَشٍّ" lemma="مُتَفَشّ" pos="مصرفة منتظمة" prefix="" root="فشو" pattern="مُتَفَعٍّل" suffix="" />
				<ArabicLexical word="هُنَا" lemma="هُنَا" pos="جامدة" prefix="" root="هُنَا" pattern="هُنَا" suffix="" />
			</annotation>
		</sentence>
		<sentence id="07313">
			<text>وَأَضَافَتْ أَنَّ اَلْمَحْصُولَ اَلضَّعِيفَ لِلْعَامِ اَلْمَاضِي (2004)، وَعَوْدَةَ اَلْجَنُوبِيِّينَ إِلَى مَنَازِلِهِمْ مَثَّلَا ضُغُوطًا إِضَافِيَّةً عَلَى مَوَارِدَ مَحْدُودَةٍ.</text>
			<annotation>
				<ArabicLexical word="وَأَضَافَتْ" lemma="أَضَافَ" pos="مصرفة منتظمة" prefix="وَ" root="ضيف" pattern="أَفَعلَ" suffix="تْ" />
				<ArabicLexical word="أَنَّ" lemma="أَنَّ" pos="جامدة" prefix="" root="أَنَّ" pattern="أَنَّ" suffix="" />
				<ArabicLexical word="اَلْمَحْصُولَ" lemma="مَحْصُول" pos="مصرفة منتظمة" prefix="ال" root="حصل" pattern="مَفْعُول" suffix="" />
				<ArabicLexical word="اَلضَّعِيفَ" lemma="ضَعِيف" pos="مصرفة منتظمة" prefix="ال" root="ضعف" pattern="فَعِيل" suffix="" />
				<ArabicLexical word="لِلْعَامِ" lemma="عَام" pos="مصرفة منتظمة" prefix="لِل" root="عوم" pattern="فَعل" suffix="" />
				<ArabicLexical word="اَلْمَاضِي" lemma="مَاضِي" pos="مصرفة منتظمة" prefix="ال" root="مضي" pattern="فَاعِل" suffix="" />
				<ArabicLexical word="وَعَوْدَةَ" lemma="عَوْدَة" pos="مصرفة منتظمة" prefix="وَ" root="عود" pattern="فَعْل" suffix="ة" />
				<ArabicLexical word="اَلْجَنُوبِيِّينَ" lemma="جَنُوبِيّ" pos="مصرفة منتظمة" prefix="ال" root="جنب" pattern="فَعُول" suffix="يِّينَ" />
				<ArabicLexical word="إِلَى" lemma="إِلَى" pos="جامدة" prefix="" root="إِلَى" pattern="إِلَى" suffix="" />
				<ArabicLexical word="مَنَازِلِهِمْ" lemma="مَنْزِل" pos="مصرفة منتظمة" prefix="" root="نزل" pattern="مَفَاعِل" suffix="همْ" />
				<ArabicLexical word="مَثَّلَا" lemma="مَثَّلَ" pos="مصرفة منتظمة" prefix="" root="مثل" pattern="فَعَّلَ" suffix="ا" />
				<ArabicLexical word="ضُغُوطًا" lemma="ضَغْط" pos="مصرفة منتظمة" prefix="" root="ضغط" pattern="فُعُول" suffix="" />
				<ArabicLexical word="إِضَافِيَّةً" lemma="إِضَافِيّ" pos="مصرفة منتظمة" prefix="" root="ضيف" pattern="إِفَعالَ" suffix="يَّة" />
				<ArabicLexical word="عَلَى" lemma="عَلَى" pos="جامدة" prefix="" root="عَلَى" pattern="عَلَى" suffix="" />
				<ArabicLexical word="مَوَارِدَ" lemma="مَوْرِد" pos="مصرفة منتظمة" prefix="" root="ورد" pattern="مَفَاعِل" suffix="" />
				<ArabicLexical word="مَحْدُودَةٍ" lemma="مَحْدُود" pos="مصرفة منتظمة" prefix="" root="حدد" pattern="مَفْعُول" suffix="ة" />
			</annotation>
		</sentence>
		<sentence id="07314">
			<text>وَيَخْشَى عُمَّالُ اَلْمَعُونَةِ أَنْ تُشْعِلَ اَلْمَجَاعَةُ اَلْمُتَزَايِدَةُ فِي اَلْجَنُوبِ صِرَاعَاتٍ مَحَلِّيَّةً عَلَى اَلْمِيَاهِ وَالْمَاشِيَةِ، قَدْ تُعَرْقِلُ مُحَاوَلَاتِ اَلْمُتَمَرِّدِينَ اَلسَّابِقِينَ لِتَنْفِيذِ اِتِّفَاقِ اَلسَّلَامِ.</text>
			<annotation>
				<ArabicLexical word="وَيَخْشَى" lemma="خَشِيَ" pos="مصرفة منتظمة" prefix="وَي" root="خشي" pattern="فْعَل" suffix="" />
				<ArabicLexical word="عُمَّالُ" lemma="عَامِل" pos="مصرفة منتظمة" prefix="" root="عمل" pattern="فُعَّال" suffix="" />
				<ArabicLexical word="اَلْمَعُونَةِ" lemma="مَعُونَة" pos="مصرفة منتظمة" prefix="ال" root="عون" pattern="مَفُعول" suffix="ة" />
				<ArabicLexical word="أَنْ" lemma="أَنْ" pos="جامدة" prefix="" root="أَنْ" pattern="أَنْ" suffix="" />
				<ArabicLexical word="تُشْعِلَ" lemma="أَشْعَلَ" pos="مصرفة منتظمة" prefix="ت" root="شعل" pattern="أَفْعَلَ" suffix="" />
				<ArabicLexical word="اَلْمَجَاعَةُ" lemma="مَجَاعَة" pos="مصرفة منتظمة" prefix="ال" root="جوع" pattern="مَفَعل" suffix="ة" />
				<ArabicLexical word="اَلْمُتَزَايِدَةُ" lemma="مُتَزَايِد" pos="مصرفة منتظمة" prefix="ال" root="زيد" pattern="مُتَفَاعِل" suffix="ة" />
				<ArabicLexical word="فِي" lemma="فِي" pos="جامدة" prefix="" root="فِي" pattern="فِي" suffix="" />
				<ArabicLexical word="اَلْجَنُوبِ" lemma="جَنُوب" pos="مصرفة منتظمة" prefix="ال" root="جنب" pattern="فَعُول" suffix="" />
				<ArabicLexical word="صِرَاعَاتٍ" lemma="صِرَاع" pos="مصرفة منتظمة" prefix="" root="صرع" pattern="فِعَال" suffix="ات" />
				<ArabicLexical word="مَحَلِّيَّةً" lemma="مَحَلِّيّ" pos="مصرفة منتظمة" prefix="" root="حلل" pattern="مَفَلّ" suffix="يَّة" />
				<ArabicLexical word="عَلَى" lemma="عَلَى" pos="جامدة" prefix="" root="عَلَى" pattern="عَلَى" suffix="" />
				<ArabicLexical word="اَلْمِيَاهِ" lemma="مَاء" pos="مصرفة منتظمة" prefix="ال" root="موه" pattern="فِعَال" suffix="" />
				<ArabicLexical word="وَالْمَاشِيَةِ" lemma="مَاشِيَة" pos="مصرفة منتظمة" prefix="وَال" root="مشي" pattern="فَاعِل" suffix="ة" />
				<ArabicLexical word="قَدْ" lemma="قَدْ" pos="جامدة" prefix="" root="قَدْ" pattern="قَدْ" suffix="" />
				<ArabicLexical word="تُعَرْقِلُ" lemma="عَرْقَلَ" pos="مصرفة منتظمة" prefix="ت" root="عرقل" pattern="فَعْلَلَ" suffix="" />
				<ArabicLexical word="مُحَاوَلَاتِ" lemma="مُحَاوَلَة" pos="مصرفة منتظمة" prefix="" root="حول" pattern="مُفَاعَل" suffix="ات" />
				<ArabicLexical word="اَلْمُتَمَرِّدِينَ" lemma="مُتَمَرِّد" pos="مصرفة منتظمة" prefix="ال" root="مرد" pattern="مُتَفَعِّل" suffix="ينَ" />
				<ArabicLexical word="اَلسَّابِقِينَ" lemma="سَابِق" pos="مصرفة منتظمة" prefix="ال" root="سبق" pattern="فَاعِل" suffix="ينَ" />
				<ArabicLexical word="لِتَنْفِيذِ" lemma="تَنْفِيذ" pos="مصرفة منتظمة" prefix="لِ" root="نفذ" pattern="تَفْعِيل" suffix="" />
				<ArabicLexical word="اِتِّفَاقِ" lemma="اتِّفَاق" pos="مصرفة منتظمة" prefix="" root="وفق" pattern="اِفِّعَال" suffix="" />
				<ArabicLexical word="اَلسَّلَامِ" lemma="سَلَام" pos="مصرفة منتظمة" prefix="ال" root="سلم" pattern="فَعَال" suffix="" />
			</annotation>
		</sentence>
		<sentence id="07315">
			<text>وَيُقَدِّرُ بَرْنَامَجُ اَلْغِذَاءِ اَلْعَالَمِيِّ عَدَدَ اَلسُّودَانِيِّينَ بِأَرْجَاءِ اَلْبِلَادِ اَلْمُحْتَاجِينَ لِلطَّعَامِ بِسِتَّةِ مَلَايِينِ شَخْصٍ.</text>
			<annotation>
				<ArabicLexical word="وَيُقَدِّرُ" lemma="قَدَّرَ" pos="مصرفة منتظمة" prefix="وَي" root="قدر" pattern="فَعَّلَ" suffix="" />
				<ArabicLexical word="بَرْنَامَجُ" lemma="بَرْنَامَج" pos="استثناء صرفي" prefix="" root="برمج" pattern="بَرْنَامَج" suffix="" />
				<ArabicLexical word="اَلْغِذَاءِ" lemma="غِذَاء" pos="مصرفة منتظمة" prefix="ال" root="غذو" pattern="فِعَال" suffix="" />
				<ArabicLexical word="اَلْعَالَمِيِّ" lemma="عَالَمِيّ" pos="استثناء صرفي" prefix="ال" root="علم" pattern="عَالَم" suffix="يّ" />
				<ArabicLexical word="عَدَدَ" lemma="عَدَد" pos="مصرفة منتظمة" prefix="" root="عدد" pattern="فَعَل" suffix="" />
				<ArabicLexical word="اَلسُّودَانِيِّينَ" lemma="سُودَانِيّ" pos="مصرفة منتظمة" prefix="ال" root="سود" pattern="فُعلَان" suffix="يِّينَ" />
				<ArabicLexical word="بِأَرْجَاءِ" lemma="رَجَا" pos="مصرفة منتظمة" prefix="بِ" root="رجو" pattern="أَفْعَال" suffix="" />
				<ArabicLexical word="اَلْبِلَادِ" lemma="بِلَاد" pos="مصرفة منتظمة" prefix="ال" root="بلد" pattern="فِعَال" suffix="" />
				<ArabicLexical word="اَلْمُحْتَاجِينَ" lemma="مُحْتَاج" pos="مصرفة منتظمة" prefix="ال" root="حوج" pattern="مُفْتَعل" suffix="ينَ" />
				<ArabicLexical word="لِلطَّعَامِ" lemma="طَعَام" pos="مصرفة منتظمة" prefix="لِل" root="طعم" pattern="فَعَال" suffix="" />
				<ArabicLexical word="بِسِتَّةِ" lemma="سِتّ" pos="مصرفة منتظمة" prefix="بِ" root="ستت" pattern="فِلّ" suffix="ة" />
				<ArabicLexical word="مَلَايِينِ" lemma="مِلْيُون" pos="معربة" prefix="" root="مِلْيُون" pattern="مَلَايِين" suffix="" />
				<ArabicLexical word="شَخْصٍ" lemma="شَخْص" pos="مصرفة منتظمة" prefix="" root="شخص" pattern="فَعْل" suffix="" />
			</annotation>
		</sentence>
		<sentence id="07316">
			<text>حِفْظُ اَلسَّلَامِ</text>
			<annotation>
				<ArabicLexical word="حِفْظُ" lemma="حِفْظ" pos="مصرفة منتظمة" prefix="" root="حفظ" pattern="فِعْل" suffix="" />
				<ArabicLexical word="اَلسَّلَامِ" lemma="سَلَام" pos="مصرفة منتظمة" prefix="ال" root="سلم" pattern="فَعَال" suffix="" />
			</annotation>
		</sentence>
		<sentence id="07317">
			<text>وَإِلَى جَانِبِ اَلْقَضَايَا اَلْإِنْسَانِيَّةِ قَالَ مَسْؤُولٌ بِالْأُمَمِ اَلْمُتَّحِدَةِ: إِنَّ عَنَانْ سَيُنَاقِشُ نَشْرَ قُوَّةٍ لِحِفْظِ اَلسَّلَامِ فِي جَنُوبِ اَلسُّودَانِ خِلَالَ زِيَارَتِهِ لِلْبِلَادِ اَلَّتِي تَسْتَمِرُّ ثَلَاثَةَ أَيَّامٍ.</text>
			<annotation>
				<ArabicLexical word="وَإِلَى" lemma="إِلَى" pos="جامدة" prefix="وَ" root="إِلَى" pattern="إِلَى" suffix="" />
				<ArabicLexical word="جَانِبِ" lemma="جَانِب" pos="مصرفة منتظمة" prefix="" root="جنب" pattern="فَاعِل" suffix="" />
				<ArabicLexical word="اَلْقَضَايَا" lemma="قَضِيَّة" pos="مصرفة منتظمة" prefix="ال" root="قضي" pattern="فَعَالَا" suffix="" />
				<ArabicLexical word="اَلْإِنْسَانِيَّةِ" lemma="إِنْسَانِيَّة" pos="مصرفة منتظمة" prefix="ال" root="أنس" pattern="فِعْلَان" suffix="يَّة" />
				<ArabicLexical word="قَالَ" lemma="قَالَ" pos="مصرفة منتظمة" prefix="" root="قول" pattern="فَعلَ" suffix="" />
				<ArabicLexical word="مَسْؤُولٌ" lemma="مَسْؤُول" pos="مصرفة منتظمة" prefix="" root="سأل" pattern="مَفْعُول" suffix="" />
				<ArabicLexical word="بِالْأُمَمِ" lemma="أُمَّة" pos="مصرفة منتظمة" prefix="بِال" root="أمم" pattern="فُعَل" suffix="" />
				<ArabicLexical word="اَلْمُتَّحِدَةِ" lemma="مُتَّحِد" pos="مصرفة منتظمة" prefix="ال" root="وحد" pattern="مُفَّعِل" suffix="ة" />
				<ArabicLexical word="إِنَّ" lemma="أَنَّ" pos="جامدة" prefix="" root="إِنَّ" pattern="إِنَّ" suffix="" />
				<ArabicLexical word="عَنَانْ" lemma="عَنَان" pos="غير عربية" prefix="" root="" pattern="" suffix="" />
				<ArabicLexical word="سَيُنَاقِشُ" lemma="نَاقَشَ" pos="مصرفة منتظمة" prefix="سَي" root="نقش" pattern="فَاعَلَ" suffix="" />
				<ArabicLexical word="نَشْرَ" lemma="نَشْر" pos="مصرفة منتظمة" prefix="" root="نشر" pattern="فَعْل" suffix="" />
				<ArabicLexical word="قُوَّةٍ" lemma="قُوَّة" pos="استثناء صرفي" prefix="" root="قوي" pattern="قُوَّ" suffix="ة" />
				<ArabicLexical word="لِحِفْظِ" lemma="حِفْظ" pos="مصرفة منتظمة" prefix="لِ" root="حفظ" pattern="فِعْل" suffix="" />
				<ArabicLexical word="اَلسَّلَامِ" lemma="سَلَام" pos="مصرفة منتظمة" prefix="ال" root="سلم" pattern="فَعَال" suffix="" />
				<ArabicLexical word="فِي" lemma="فِي" pos="جامدة" prefix="" root="فِي" pattern="فِي" suffix="" />
				<ArabicLexical word="جَنُوبِ" lemma="جَنُوب" pos="مصرفة منتظمة" prefix="" root="جنب" pattern="فَعُول" suffix="" />
				<ArabicLexical word="اَلسُّودَانِ" lemma="سُودَان" pos="مصرفة منتظمة" prefix="ال" root="سود" pattern="فُعلَان" suffix="" />
				<ArabicLexical word="خِلَالَ" lemma="خِلَال" pos="مصرفة منتظمة" prefix="" root="خلل" pattern="فِعَال" suffix="" />
				<ArabicLexical word="زِيَارَتِهِ" lemma="زِيَارَة" pos="مصرفة منتظمة" prefix="" root="زور" pattern="فِعَال" suffix="ته" />
				<ArabicLexical word="لِلْبِلَادِ" lemma="بِلَاد" pos="مصرفة منتظمة" prefix="لِل" root="بلد" pattern="فِعَال" suffix="" />
				<ArabicLexical word="اَلَّتِي" lemma="اَلَّذِي" pos="جامدة" prefix="ال" root="اَلَّذِي" pattern="لَتِي" suffix="" />
				<ArabicLexical word="تَسْتَمِرُّ" lemma="اسْتَمَرَّ" pos="مصرفة منتظمة" prefix="ت" root="مرر" pattern="اِسْتَفَلَّ" suffix="" />
				<ArabicLexical word="ثَلَاثَةَ" lemma="ثَلَاث" pos="مصرفة منتظمة" prefix="" root="ثلث" pattern="فَعَال" suffix="ة" />
				<ArabicLexical word="أَيَّامٍ" lemma="يَوْم" pos="استثناء صرفي" prefix="" root="يوم" pattern="أَيَّام" suffix="" />
			</annotation>
		</sentence>
		<sentence id="07318">
			<text>وَقَدْ بَدَأَ نَحْوُ عَشْرَةِ آلَافٍ مِنْ قُوَّاتِ حِفْظِ اَلسَّلَامِ وَالْمُرَاقِبِينَ اَلْعَسْكَرِيِّينَ، وَالْمِئَاتِ مِنْ قُوَّاتِ اَلشُّرْطَةِ اَلْمَدَنِيَّةِ اَلِانْتِشَارَ فِي اَلسُّودَانِ لِلْمُسَاعَدَةِ فِي دَعْمِ اِتِّفَاقِ اَلسَّلَامِ مَعَ اَلْجَنُوبِ.</text>
			<annotation>
				<ArabicLexical word="وَقَدْ" lemma="قَدْ" pos="جامدة" prefix="وَ" root="قَدْ" pattern="قَدْ" suffix="" />
				<ArabicLexical word="بَدَأَ" lemma="بَدَأَ" pos="مصرفة منتظمة" prefix="" root="بدأ" pattern="فَعَلَ" suffix="" />
				<ArabicLexical word="نَحْوُ" lemma="نَحْو" pos="مصرفة منتظمة" prefix="" root="نحو" pattern="فَعْل" suffix="" />
				<ArabicLexical word="عَشْرَةِ" lemma="عَشْرَة" pos="مصرفة منتظمة" prefix="" root="عشر" pattern="فَعْل" suffix="ة" />
				<ArabicLexical word="آلَافٍ" lemma="آلَاف" pos="مصرفة منتظمة" prefix="" root="ألف" pattern="أَفعَال" suffix="" />
				<ArabicLexical word="مِنْ" lemma="مِنْ" pos="جامدة" prefix="" root="مِنْ" pattern="مِنْ" suffix="" />
				<ArabicLexical word="قُوَّاتِ" lemma="قُوَّة" pos="استثناء صرفي" prefix="" root="قوي" pattern="قُوَّ" suffix="ات" />
				<ArabicLexical word="حِفْظِ" lemma="حِفْظ" pos="مصرفة منتظمة" prefix="" root="حفظ" pattern="فِعْل" suffix="" />
				<ArabicLexical word="اَلسَّلَامِ" lemma="سَلَام" pos="مصرفة منتظمة" prefix="ال" root="سلم" pattern="فَعَال" suffix="" />
				<ArabicLexical word="وَالْمُرَاقِبِينَ" lemma="مُرَاقِب" pos="مصرفة منتظمة" prefix="وَال" root="رقب" pattern="مُفَاعِل" suffix="ينَ" />
				<ArabicLexical word="اَلْعَسْكَرِيِّينَ" lemma="عَسْكَرِيّ" pos="مصرفة منتظمة" prefix="ال" root="عسكر" pattern="فَعْلَل" suffix="يِّينَ" />
				<ArabicLexical word="وَالْمِئَاتِ" lemma="مِئَة" pos="استثناء صرفي" prefix="وَال" root="مأي" pattern="مِئَ" suffix="ات" />
				<ArabicLexical word="مِنْ" lemma="مِنْ" pos="جامدة" prefix="" root="مِنْ" pattern="مِنْ" suffix="" />
				<ArabicLexical word="قُوَّاتِ" lemma="قُوَّة" pos="استثناء صرفي" prefix="" root="قوي" pattern="قُوَّ" suffix="ات" />
				<ArabicLexical word="اَلشُّرْطَةِ" lemma="شُرْطَة" pos="مصرفة منتظمة" prefix="ال" root="شرط" pattern="فُعْل" suffix="ة" />
				<ArabicLexical word="اَلْمَدَنِيَّةِ" lemma="مَدَنِيّ" pos="مصرفة منتظمة" prefix="ال" root="مدن" pattern="فَعَل" suffix="يَّة" />
				<ArabicLexical word="اَلِانْتِشَارَ" lemma="انْتِشَار" pos="مصرفة منتظمة" prefix="ال" root="نشر" pattern="اِفْتِعَال" suffix="" />
				<ArabicLexical word="فِي" lemma="فِي" pos="جامدة" prefix="" root="فِي" pattern="فِي" suffix="" />
				<ArabicLexical word="اَلسُّودَانِ" lemma="سُودَان" pos="مصرفة منتظمة" prefix="ال" root="سود" pattern="فُعلَان" suffix="" />
				<ArabicLexical word="لِلْمُسَاعَدَةِ" lemma="مُسَاعَدَة" pos="مصرفة منتظمة" prefix="لِل" root="سعد" pattern="مُفَاعَل" suffix="ة" />
				<ArabicLexical word="فِي" lemma="فِي" pos="جامدة" prefix="" root="فِي" pattern="فِي" suffix="" />
				<ArabicLexical word="دَعْمِ" lemma="دَعْم" pos="مصرفة منتظمة" prefix="" root="دعم" pattern="فَعْل" suffix="" />
				<ArabicLexical word="اِتِّفَاقِ" lemma="اتِّفَاق" pos="مصرفة منتظمة" prefix="" root="وفق" pattern="اِفِّعَال" suffix="" />
				<ArabicLexical word="اَلسَّلَامِ" lemma="سَلَام" pos="مصرفة منتظمة" prefix="ال" root="سلم" pattern="فَعَال" suffix="" />
				<ArabicLexical word="مَعَ" lemma="مَعَ" pos="جامدة" prefix="" root="مَعَ" pattern="مَعَ" suffix="" />
				<ArabicLexical word="اَلْجَنُوبِ" lemma="جَنُوب" pos="مصرفة منتظمة" prefix="ال" root="جنب" pattern="فَعُول" suffix="" />
			</annotation>
		</sentence>
		<sentence id="07319">
			<text>وَفِي يَنَايِر 2005 وَقَّعَتْ حُكُومَةُ اَلْخُرْطُومِ وَالْحَرَكَةُ اَلشَّعْبِيَّةُ لِتَحْرِيرِ اَلسُّودَانِ بِزَعَامَةِ جَارَانِجْ اِتِّفَاقًا لِإِنْهَاءِ اَلنِّزَاعِ اَلَّذِي دَامَ 21 عَامًا، وَخَلَّفَ مِسَاحَاتٍ شَاسِعَةً فِي جَنُوبِ اَلْبِلَادِ بِلَا بِنْيَةٍ أَسَاسِيَّةٍ</text>
			<annotation>
				<ArabicLexical word="وَفِي" lemma="فِي" pos="جامدة" prefix="وَ" root="فِي" pattern="فِي" suffix="" />
				<ArabicLexical word="يَنَايِر" lemma="يَنَايِر" pos="معربة" prefix="" root="يَنَايِر" pattern="يَنَايِر" suffix="" />
				<ArabicLexical word="وَقَّعَتْ" lemma="وَقَّعَ" pos="مصرفة منتظمة" prefix="" root="وقع" pattern="فَعَّلَ" suffix="تْ" />
				<ArabicLexical word="حُكُومَةُ" lemma="حُكُومَة" pos="مصرفة منتظمة" prefix="" root="حكم" pattern="فُعُول" suffix="ة" />
				<ArabicLexical word="اَلْخُرْطُومِ" lemma="خُرْطُوم" pos="مصرفة منتظمة" prefix="ال" root="خرطم" pattern="فُعْلُول" suffix="" />
				<ArabicLexical word="وَالْحَرَكَةُ" lemma="حَرَكَة" pos="مصرفة منتظمة" prefix="وَال" root="حرك" pattern="فَعَل" suffix="ة" />
				<ArabicLexical word="اَلشَّعْبِيَّةُ" lemma="شَعْبِيّ" pos="مصرفة منتظمة" prefix="ال" root="شعب" pattern="فَعْل" suffix="يَّة" />
				<ArabicLexical word="لِتَحْرِيرِ" lemma="تَحْرِير" pos="مصرفة منتظمة" prefix="لِ" root="حرر" pattern="تَفْعِيل" suffix="" />
				<ArabicLexical word="اَلسُّودَانِ" lemma="سُودَان" pos="مصرفة منتظمة" prefix="ال" root="سود" pattern="فُعلَان" suffix="" />
				<ArabicLexical word="بِزَعَامَةِ" lemma="زَعَامَة" pos="مصرفة منتظمة" prefix="بِ" root="زعم" pattern="فَعَال" suffix="ة" />
				<ArabicLexical word="جَارَانِجْ" lemma="+" pos="غير عربية" prefix="" root="" pattern="" suffix="" />
				<ArabicLexical word="اِتِّفَاقًا" lemma="اتِّفَاق" pos="مصرفة منتظمة" prefix="" root="وفق" pattern="اِفِّعَال" suffix="" />
				<ArabicLexical word="لِإِنْهَاءِ" lemma="إِنْهَاء" pos="مصرفة منتظمة" prefix="لِ" root="نهي" pattern="إِفْعَال" suffix="" />
				<ArabicLexical word="اَلنِّزَاعِ" lemma="نِزَاع" pos="مصرفة منتظمة" prefix="ال" root="نزع" pattern="فِعَال" suffix="" />
				<ArabicLexical word="اَلَّذِي" lemma="اَلَّذِي" pos="جامدة" prefix="ال" root="اَلَّذِي" pattern="لَذِي" suffix="" />
				<ArabicLexical word="دَامَ" lemma="دَامَ" pos="مصرفة منتظمة" prefix="" root="دوم" pattern="فَعلَ" suffix="" />
				<ArabicLexical word="عَامًا" lemma="عَام" pos="مصرفة منتظمة" prefix="" root="عوم" pattern="فَعل" suffix="" />
				<ArabicLexical word="وَخَلَّفَ" lemma="خَلَّفَ" pos="مصرفة منتظمة" prefix="وَ" root="خلف" pattern="فَعَّلَ" suffix="" />
				<ArabicLexical word="مِسَاحَاتٍ" lemma="مِسَاحَة" pos="مصرفة منتظمة" prefix="" root="مسح" pattern="فِعَال" suffix="ات" />
				<ArabicLexical word="شَاسِعَةً" lemma="شَاسِع" pos="مصرفة منتظمة" prefix="" root="شسع" pattern="فَاعِل" suffix="ة" />
				<ArabicLexical word="فِي" lemma="فِي" pos="جامدة" prefix="" root="فِي" pattern="فِي" suffix="" />
				<ArabicLexical word="جَنُوبِ" lemma="جَنُوب" pos="مصرفة منتظمة" prefix="" root="جنب" pattern="فَعُول" suffix="" />
				<ArabicLexical word="اَلْبِلَادِ" lemma="بِلَاد" pos="مصرفة منتظمة" prefix="ال" root="بلد" pattern="فِعَال" suffix="" />
				<ArabicLexical word="بِلَا" lemma="لَا" pos="جامدة" prefix="بِ" root="لَا" pattern="لَا" suffix="" />
				<ArabicLexical word="بِنْيَةٍ" lemma="بِنْيَة" pos="مصرفة منتظمة" prefix="" root="بني" pattern="فِعْل" suffix="ة" />
				<ArabicLexical word="أَسَاسِيَّةٍ" lemma="أَسَاسِيّ" pos="مصرفة منتظمة" prefix="" root="أسس" pattern="فَعَال" suffix="يَّة" />
			</annotation>
		</sentence>
	</FILE>
	</NEMLAR>