<NEMLAR><FILE name="GeneralNews" number="104">
		<sentence id="07867">
			<text>?وَزِيرٌ مَالِيزِيٌّ يُشْرِفُ عَلَى دِرَاسَةِ إِسْلَامْ أُونْ لَايْنْ.نِتْ </text>
			<annotation>
				<ArabicLexical word="وَزِيرٌ" lemma="وَزِير" pos="مصرفة منتظمة" prefix="" root="وزر" pattern="فَعِيل" suffix="" />
				<ArabicLexical word="مَالِيزِيٌّ" lemma="مَالِيزِيّ" pos="غير عربية" prefix="" root="" pattern="" suffix="" />
				<ArabicLexical word="يُشْرِفُ" lemma="أَشْرَفَ" pos="مصرفة منتظمة" prefix="ي" root="شرف" pattern="أَفْعَلَ" suffix="" />
				<ArabicLexical word="عَلَى" lemma="عَلَى" pos="جامدة" prefix="" root="عَلَى" pattern="عَلَى" suffix="" />
				<ArabicLexical word="دِرَاسَةِ" lemma="دِرَاسَة" pos="مصرفة منتظمة" prefix="" root="درس" pattern="فِعَال" suffix="ة" />
				<ArabicLexical word="إِسْلَامْ" lemma="إِسْلَام" pos="غير عربية" prefix="" root="" pattern="" suffix="" />
				<ArabicLexical word="أُونْ" lemma="أُونْ" pos="غير عربية" prefix="" root="" pattern="" suffix="" />
				<ArabicLexical word="لَايْنْ" lemma="+" pos="غير عربية" prefix="" root="" pattern="" suffix="" />
				<ArabicLexical word="نِتْ" lemma="نِت" pos="غير عربية" prefix="" root="" pattern="" suffix="" />
			</annotation>
		</sentence>
		<sentence id="07868">
			<text> </text>
			<annotation>
			</annotation>
		</sentence>
		<sentence id="07869">
			<text>وِسَامُ فُؤَادٍ - إِسْلَامْ أُونْ لَايْنْ.نِتْ/ 14-6-2005 </text>
			<annotation>
				<ArabicLexical word="وِسَامُ" lemma="وِسَام" pos="مصرفة منتظمة" prefix="" root="وسم" pattern="فِعَال" suffix="" />
				<ArabicLexical word="فُؤَادٍ" lemma="فُؤَاد" pos="مصرفة منتظمة" prefix="" root="فأد" pattern="فُعَال" suffix="" />
				<ArabicLexical word="إِسْلَامْ" lemma="إِسْلَام" pos="غير عربية" prefix="" root="" pattern="" suffix="" />
				<ArabicLexical word="أُونْ" lemma="أُونْ" pos="غير عربية" prefix="" root="" pattern="" suffix="" />
				<ArabicLexical word="لَايْنْ" lemma="+" pos="غير عربية" prefix="" root="" pattern="" suffix="" />
				<ArabicLexical word="نِتْ" lemma="نِت" pos="غير عربية" prefix="" root="" pattern="" suffix="" />
			</annotation>
		</sentence>
		<sentence id="07870">
			<text> </text>
			<annotation>
			</annotation>
		</sentence>
		<sentence id="07871">
			<text> </text>
			<annotation>
			</annotation>
		</sentence>
		<sentence id="07872">
			<text>اَلْوَزِيرُ اَلدُّكْتُورُ عَبْدُ اَللّهِ مُحَمَّدٍ</text>
			<annotation>
				<ArabicLexical word="اَلْوَزِيرُ" lemma="وَزِير" pos="مصرفة منتظمة" prefix="ال" root="وزر" pattern="فَعِيل" suffix="" />
				<ArabicLexical word="اَلدُّكْتُورُ" lemma="دُكْتُور" pos="معربة" prefix="ال" root="دُكْتُور" pattern="دُكْتُور" suffix="" />
				<ArabicLexical word="عَبْدُ" lemma="عَبْد" pos="مصرفة منتظمة" prefix="" root="عبد" pattern="فَعْل" suffix="" />
				<ArabicLexical word="اَللّهِ" lemma="الله" pos="استثناء صرفي" prefix="ال" root="أله" pattern="له" suffix="" />
				<ArabicLexical word="مُحَمَّدٍ" lemma="مُحَمَّد" pos="مصرفة منتظمة" prefix="" root="حمد" pattern="مُفَعَّل" suffix="" />
			</annotation>
		</sentence>
		<sentence id="07873">
			<text> </text>
			<annotation>
			</annotation>
		</sentence>
		<sentence id="07874">
			<text>عِنْدَ اِخْتِيَارِهِ وَزِيرًا لِلشُّؤُونِ اَلْإِسْلَامِيَّةِ بِمَالِيزْيَا قَامَ اَلدُّكْتُورُ عَبْدُ اَللّهِ مُحَمَّدٍ بِالتَّفَرُّغِ لِمَنْصِبِهِ مُتَخَلِّيًّا عَنْ مَلَفَّاتٍ كَثِيرَةٍ كَانَ يَهْتَمُّ بِهَا، إِلَّا شَبَكَةَ إِسْلَامْ أُونْ لَايْنْ. فَقَبْلَ اِخْتِيَارِهِ وَزِيرًا لِلشُّؤُونِ اَلْإِسْلَامِيَّةِ قَبْلَ أَكْثَرَ مِنْ عَامٍ كَانَ اَلدُّكْتُورُ عَبْدُ اَللّهِ مُحَمَّدٍ نَائِبًا لِمُدِيرِ اَلْجَامِعَةِ اَلْإِسْلَامِيَّةِ بِمَالِيزْيَا، وَفِي هذِهِ اَلْآوِنَةِ قَبِلَ اَلْإِشْرَافَ عَلَى رِسَالَةِ اَلدُّكْتُورَاةِ اَلَّتِي يُعِدُّهَا اَلْأُسْتَاذُ سَعِيدٌ اَلْحَازِمِيُّ مُدِيرُ مَكْتَبِ رَابِطَةِ اَلْعَالَمِ اَلْإِسْلَامِيِّ فِي مَالِيزْيَا، وَالَّتِي يَتَنَاوَلُ فِيهَا بِالدِّرَاسَةِ مَوْضُوعَ اِسْتِخْدَامُ اَلْإِنْتَرْنِتْ فِي تَوْعِيَةِ اَلْمُسْلِمِينَ: دِرَاسَةٌ تَحْلِيلِيَّةٌ نَقْدِيَّةٌ عَلَى اَلْمَوَاقِعِ اَلْعَرَبِيَّةِ؛ مَوْقِعُ إِسْلَامْ أُونْ لَايْنْ.نِتْ نُمُوذَجًا، وَبِرَغْمِ كَثْرَةِ أَعْبَاءِ اَلْمَنْصِبِ اَلْوِزَارِيِّ آثَرَ وَزِيرُ اَلشُّؤُونِ اَلْإِسْلَامِيَّةِ اِسْتِكْمَالَ اَلْإِشْرَافِ عَلَى اَلرِّسَالَةِ بِنَفْسِهِ. </text>
			<annotation>
				<ArabicLexical word="عِنْدَ" lemma="عِنْدَ" pos="جامدة" prefix="" root="عِنْدَ" pattern="عِنْدَ" suffix="" />
				<ArabicLexical word="اِخْتِيَارِهِ" lemma="اخْتِيَار" pos="مصرفة منتظمة" prefix="" root="خير" pattern="اِفْتِعَال" suffix="ه" />
				<ArabicLexical word="وَزِيرًا" lemma="وَزِير" pos="مصرفة منتظمة" prefix="" root="وزر" pattern="فَعِيل" suffix="" />
				<ArabicLexical word="لِلشُّؤُونِ" lemma="شَأْن" pos="مصرفة منتظمة" prefix="لِل" root="شأن" pattern="فُعُول" suffix="" />
				<ArabicLexical word="اَلْإِسْلَامِيَّةِ" lemma="إِسْلَامِيّ" pos="مصرفة منتظمة" prefix="ال" root="سلم" pattern="إِفْعَال" suffix="يَّة" />
				<ArabicLexical word="بِمَالِيزْيَا" lemma="مَالِيزْيَا" pos="غير عربية" prefix="" root="" pattern="" suffix="" />
				<ArabicLexical word="قَامَ" lemma="قَامَ" pos="مصرفة منتظمة" prefix="" root="قوم" pattern="فَعلَ" suffix="" />
				<ArabicLexical word="اَلدُّكْتُورُ" lemma="دُكْتُور" pos="معربة" prefix="ال" root="دُكْتُور" pattern="دُكْتُور" suffix="" />
				<ArabicLexical word="عَبْدُ" lemma="عَبْد" pos="مصرفة منتظمة" prefix="" root="عبد" pattern="فَعْل" suffix="" />
				<ArabicLexical word="اَللّهِ" lemma="الله" pos="استثناء صرفي" prefix="ال" root="أله" pattern="له" suffix="" />
				<ArabicLexical word="مُحَمَّدٍ" lemma="مُحَمَّد" pos="مصرفة منتظمة" prefix="" root="حمد" pattern="مُفَعَّل" suffix="" />
				<ArabicLexical word="بِالتَّفَرُّغِ" lemma="تَفَرُّغ" pos="مصرفة منتظمة" prefix="بِال" root="فرغ" pattern="تَفَعُّل" suffix="" />
				<ArabicLexical word="لِمَنْصِبِهِ" lemma="مَنْصِب" pos="مصرفة منتظمة" prefix="لِ" root="نصب" pattern="مَفْعِل" suffix="ه" />
				<ArabicLexical word="مُتَخَلِّيًّا" lemma="-" pos="مصرفة منتظمة" prefix="" root="خلو" pattern="مُتَفَعٍّل" suffix="يّ" />
				<ArabicLexical word="عَنْ" lemma="عَنْ" pos="جامدة" prefix="" root="عَنْ" pattern="عَنْ" suffix="" />
				<ArabicLexical word="مَلَفَّاتٍ" lemma="مَلَفّ" pos="مصرفة منتظمة" prefix="" root="لفف" pattern="مَفَلّ" suffix="ات" />
				<ArabicLexical word="كَثِيرَةٍ" lemma="كَثِير" pos="مصرفة منتظمة" prefix="" root="كثر" pattern="فَعِيل" suffix="ة" />
				<ArabicLexical word="كَانَ" lemma="كَانَ" pos="مصرفة منتظمة" prefix="" root="كون" pattern="فَعلَ" suffix="" />
				<ArabicLexical word="يَهْتَمُّ" lemma="اهْتَمَّ" pos="مصرفة منتظمة" prefix="ي" root="همم" pattern="اِفْتَلَّ" suffix="" />
				<ArabicLexical word="بِهَا" lemma="بِي" pos="جامدة" prefix="" root="بِي" pattern="بِهَا" suffix="" />
				<ArabicLexical word="إِلَّا" lemma="إِنْ" pos="جامدة" prefix="" root="إِلَّا" pattern="إِلَّا" suffix="" />
				<ArabicLexical word="شَبَكَةَ" lemma="شَبَكَة" pos="مصرفة منتظمة" prefix="" root="شبك" pattern="فَعَل" suffix="ة" />
				<ArabicLexical word="إِسْلَامْ" lemma="إِسْلَام" pos="غير عربية" prefix="" root="" pattern="" suffix="" />
				<ArabicLexical word="أُونْ" lemma="أُونْ" pos="غير عربية" prefix="" root="" pattern="" suffix="" />
				<ArabicLexical word="لَايْنْ" lemma="+" pos="غير عربية" prefix="" root="" pattern="" suffix="" />
				<ArabicLexical word="فَقَبْلَ" lemma="قَبْلَ" pos="مصرفة منتظمة" prefix="فَ" root="قبل" pattern="فَعْل" suffix="" />
				<ArabicLexical word="اِخْتِيَارِهِ" lemma="اخْتِيَار" pos="مصرفة منتظمة" prefix="" root="خير" pattern="اِفْتِعَال" suffix="ه" />
				<ArabicLexical word="وَزِيرًا" lemma="وَزِير" pos="مصرفة منتظمة" prefix="" root="وزر" pattern="فَعِيل" suffix="" />
				<ArabicLexical word="لِلشُّؤُونِ" lemma="شَأْن" pos="مصرفة منتظمة" prefix="لِل" root="شأن" pattern="فُعُول" suffix="" />
				<ArabicLexical word="اَلْإِسْلَامِيَّةِ" lemma="إِسْلَامِيّ" pos="مصرفة منتظمة" prefix="ال" root="سلم" pattern="إِفْعَال" suffix="يَّة" />
				<ArabicLexical word="قَبْلَ" lemma="قَبْل" pos="مصرفة منتظمة" prefix="" root="قبل" pattern="فَعْل" suffix="" />
				<ArabicLexical word="أَكْثَرَ" lemma="أَكْثَر" pos="مصرفة منتظمة" prefix="" root="كثر" pattern="أَفْعَل" suffix="" />
				<ArabicLexical word="مِنْ" lemma="مِنْ" pos="جامدة" prefix="" root="مِنْ" pattern="مِنْ" suffix="" />
				<ArabicLexical word="عَامٍ" lemma="عَام" pos="مصرفة منتظمة" prefix="" root="عوم" pattern="فَعل" suffix="" />
				<ArabicLexical word="كَانَ" lemma="كَانَ" pos="مصرفة منتظمة" prefix="" root="كون" pattern="فَعلَ" suffix="" />
				<ArabicLexical word="اَلدُّكْتُورُ" lemma="دُكْتُور" pos="معربة" prefix="ال" root="دُكْتُور" pattern="دُكْتُور" suffix="" />
				<ArabicLexical word="عَبْدُ" lemma="عَبْد" pos="مصرفة منتظمة" prefix="" root="عبد" pattern="فَعْل" suffix="" />
				<ArabicLexical word="اَللّهِ" lemma="الله" pos="استثناء صرفي" prefix="ال" root="أله" pattern="له" suffix="" />
				<ArabicLexical word="مُحَمَّدٍ" lemma="مُحَمَّد" pos="مصرفة منتظمة" prefix="" root="حمد" pattern="مُفَعَّل" suffix="" />
				<ArabicLexical word="نَائِبًا" lemma="نَائِب" pos="مصرفة منتظمة" prefix="" root="نوب" pattern="فَاعِل" suffix="" />
				<ArabicLexical word="لِمُدِيرِ" lemma="مُدِير" pos="مصرفة منتظمة" prefix="لِ" root="دور" pattern="مُفِعل" suffix="" />
				<ArabicLexical word="اَلْجَامِعَةِ" lemma="جَامِعَة" pos="مصرفة منتظمة" prefix="ال" root="جمع" pattern="فَاعِل" suffix="ة" />
				<ArabicLexical word="اَلْإِسْلَامِيَّةِ" lemma="إِسْلَامِيّ" pos="مصرفة منتظمة" prefix="ال" root="سلم" pattern="إِفْعَال" suffix="يَّة" />
				<ArabicLexical word="بِمَالِيزْيَا" lemma="مَالِيزْيَا" pos="غير عربية" prefix="" root="" pattern="" suffix="" />
				<ArabicLexical word="وَفِي" lemma="فِي" pos="جامدة" prefix="وَ" root="فِي" pattern="فِي" suffix="" />
				<ArabicLexical word="هذِهِ" lemma="ذَا" pos="جامدة" prefix="" root="ذَا" pattern="هذِهِ" suffix="" />
				<ArabicLexical word="اَلْآوِنَةِ" lemma="أَوَان" pos="استثناء صرفي" prefix="ال" root="أون" pattern="آوِنَ" suffix="ة" />
				<ArabicLexical word="قَبِلَ" lemma="قَبِلَ" pos="مصرفة منتظمة" prefix="" root="قبل" pattern="فَعِلَ" suffix="" />
				<ArabicLexical word="اَلْإِشْرَافَ" lemma="إِشْرَاف" pos="مصرفة منتظمة" prefix="ال" root="شرف" pattern="إِفْعَال" suffix="" />
				<ArabicLexical word="عَلَى" lemma="عَلَى" pos="جامدة" prefix="" root="عَلَى" pattern="عَلَى" suffix="" />
				<ArabicLexical word="رِسَالَةِ" lemma="رِسَالَة" pos="مصرفة منتظمة" prefix="" root="رسل" pattern="فِعَال" suffix="ة" />
				<ArabicLexical word="اَلدُّكْتُورَاةِ" lemma="دُكْتُورَاه" pos="معربة" prefix="ال" root="دُكْتُور" pattern="دُكْتُورَا" suffix="ة" />
				<ArabicLexical word="اَلَّتِي" lemma="اَلَّذِي" pos="جامدة" prefix="ال" root="اَلَّذِي" pattern="لَتِي" suffix="" />
				<ArabicLexical word="يُعِدُّهَا" lemma="أَعَدَّ" pos="مصرفة منتظمة" prefix="ي" root="عدد" pattern="أَفَلَّ" suffix="هَا" />
				<ArabicLexical word="اَلْأُسْتَاذُ" lemma="أُسْتَاذ" pos="مصرفة منتظمة" prefix="ال" root="أستذ" pattern="فُعْلَال" suffix="" />
				<ArabicLexical word="سَعِيدٌ" lemma="سَعِيد" pos="مصرفة منتظمة" prefix="" root="سعد" pattern="فَعِيل" suffix="" />
				<ArabicLexical word="اَلْحَازِمِيُّ" lemma="حَازِمِيّ" pos="مصرفة منتظمة" prefix="ال" root="حزم" pattern="فَاعِل" suffix="يّ" />
				<ArabicLexical word="مُدِيرُ" lemma="مُدِير" pos="مصرفة منتظمة" prefix="" root="دور" pattern="مُفِعل" suffix="" />
				<ArabicLexical word="مَكْتَبِ" lemma="مَكْتَب" pos="مصرفة منتظمة" prefix="" root="كتب" pattern="مَفْعَل" suffix="" />
				<ArabicLexical word="رَابِطَةِ" lemma="رَابِطَة" pos="مصرفة منتظمة" prefix="" root="ربط" pattern="فَاعِل" suffix="ة" />
				<ArabicLexical word="اَلْعَالَمِ" lemma="عَالَم" pos="استثناء صرفي" prefix="ال" root="علم" pattern="عَالَم" suffix="" />
				<ArabicLexical word="اَلْإِسْلَامِيِّ" lemma="إِسْلَامِيّ" pos="مصرفة منتظمة" prefix="ال" root="سلم" pattern="إِفْعَال" suffix="يّ" />
				<ArabicLexical word="فِي" lemma="فِي" pos="جامدة" prefix="" root="فِي" pattern="فِي" suffix="" />
				<ArabicLexical word="مَالِيزْيَا" lemma="مَالِيزْيَا" pos="غير عربية" prefix="" root="" pattern="" suffix="" />
				<ArabicLexical word="وَالَّتِي" lemma="اَلَّذِي" pos="جامدة" prefix="وَال" root="اَلَّذِي" pattern="لَتِي" suffix="" />
				<ArabicLexical word="يَتَنَاوَلُ" lemma="تَنَاوَلَ" pos="مصرفة منتظمة" prefix="ي" root="نول" pattern="تَفَاعَلَ" suffix="" />
				<ArabicLexical word="فِيهَا" lemma="فِي" pos="جامدة" prefix="" root="فِي" pattern="فِي" suffix="هَا" />
				<ArabicLexical word="بِالدِّرَاسَةِ" lemma="دِرَاسَة" pos="مصرفة منتظمة" prefix="بِال" root="درس" pattern="فِعَال" suffix="ة" />
				<ArabicLexical word="مَوْضُوعَ" lemma="مَوْضُوع" pos="مصرفة منتظمة" prefix="" root="وضع" pattern="مَفْعُول" suffix="" />
				<ArabicLexical word="اِسْتِخْدَامُ" lemma="اسْتِخْدَام" pos="مصرفة منتظمة" prefix="" root="خدم" pattern="اِسْتِفْعَال" suffix="" />
				<ArabicLexical word="اَلْإِنْتَرْنِتْ" lemma="إِنْتَرْنِت" pos="غير عربية" prefix="" root="" pattern="" suffix="" />
				<ArabicLexical word="فِي" lemma="فِي" pos="جامدة" prefix="" root="فِي" pattern="فِي" suffix="" />
				<ArabicLexical word="تَوْعِيَةِ" lemma="تَوْعِيَة" pos="مصرفة منتظمة" prefix="" root="وعي" pattern="تَفْعِلَ" suffix="ة" />
				<ArabicLexical word="اَلْمُسْلِمِينَ" lemma="مُسْلِم" pos="مصرفة منتظمة" prefix="ال" root="سلم" pattern="مُفْعِل" suffix="ينَ" />
				<ArabicLexical word="دِرَاسَةٌ" lemma="دِرَاسَة" pos="مصرفة منتظمة" prefix="" root="درس" pattern="فِعَال" suffix="ة" />
				<ArabicLexical word="تَحْلِيلِيَّةٌ" lemma="تَحْلِيلِيّ" pos="مصرفة منتظمة" prefix="" root="حلل" pattern="تَفْعِيل" suffix="يَّة" />
				<ArabicLexical word="نَقْدِيَّةٌ" lemma="نَقْدِيّ" pos="مصرفة منتظمة" prefix="" root="نقد" pattern="فَعْل" suffix="يَّة" />
				<ArabicLexical word="عَلَى" lemma="عَلَى" pos="جامدة" prefix="" root="عَلَى" pattern="عَلَى" suffix="" />
				<ArabicLexical word="اَلْمَوَاقِعِ" lemma="مَوْقَع" pos="مصرفة منتظمة" prefix="ال" root="وقع" pattern="مَفَاعِل" suffix="" />
				<ArabicLexical word="اَلْعَرَبِيَّةِ" lemma="عَرَبِيّ" pos="مصرفة منتظمة" prefix="ال" root="عرب" pattern="فَعَل" suffix="يَّة" />
				<ArabicLexical word="مَوْقِعُ" lemma="مَوْقِع" pos="مصرفة منتظمة" prefix="" root="وقع" pattern="مَفْعِل" suffix="" />
				<ArabicLexical word="إِسْلَامْ" lemma="إِسْلَام" pos="غير عربية" prefix="" root="" pattern="" suffix="" />
				<ArabicLexical word="أُونْ" lemma="أُونْ" pos="غير عربية" prefix="" root="" pattern="" suffix="" />
				<ArabicLexical word="لَايْنْ" lemma="+" pos="غير عربية" prefix="" root="" pattern="" suffix="" />
				<ArabicLexical word="نِتْ" lemma="نِت" pos="غير عربية" prefix="" root="" pattern="" suffix="" />
				<ArabicLexical word="نُمُوذَجًا" lemma="نُمُوذَج" pos="استثناء صرفي" prefix="" root="نمذج" pattern="نُمُوذَج" suffix="" />
				<ArabicLexical word="وَبِرَغْمِ" lemma="رَغْم" pos="مصرفة منتظمة" prefix="وَبِ" root="رغم" pattern="فَعْل" suffix="" />
				<ArabicLexical word="كَثْرَةِ" lemma="كَثْرَة" pos="مصرفة منتظمة" prefix="" root="كثر" pattern="فَعْل" suffix="ة" />
				<ArabicLexical word="أَعْبَاءِ" lemma="عِبْء" pos="مصرفة منتظمة" prefix="" root="عبأ" pattern="أَفْعَال" suffix="" />
				<ArabicLexical word="اَلْمَنْصِبِ" lemma="مَنْصِب" pos="مصرفة منتظمة" prefix="ال" root="نصب" pattern="مَفْعِل" suffix="" />
				<ArabicLexical word="اَلْوِزَارِيِّ" lemma="وِزَارِيّ" pos="مصرفة منتظمة" prefix="ال" root="وزر" pattern="فِعَال" suffix="يّ" />
				<ArabicLexical word="آثَرَ" lemma="آثَرَ" pos="مصرفة منتظمة" prefix="" root="أثر" pattern="فَاعَلَ" suffix="" />
				<ArabicLexical word="وَزِيرُ" lemma="وَزِير" pos="مصرفة منتظمة" prefix="" root="وزر" pattern="فَعِيل" suffix="" />
				<ArabicLexical word="اَلشُّؤُونِ" lemma="شَأْن" pos="مصرفة منتظمة" prefix="ال" root="شأن" pattern="فُعُول" suffix="" />
				<ArabicLexical word="اَلْإِسْلَامِيَّةِ" lemma="إِسْلَامِيّ" pos="مصرفة منتظمة" prefix="ال" root="سلم" pattern="إِفْعَال" suffix="يَّة" />
				<ArabicLexical word="اِسْتِكْمَالَ" lemma="اسْتِكْمَال" pos="مصرفة منتظمة" prefix="" root="كمل" pattern="اِسْتِفْعَال" suffix="" />
				<ArabicLexical word="اَلْإِشْرَافِ" lemma="إِشْرَاف" pos="مصرفة منتظمة" prefix="ال" root="شرف" pattern="إِفْعَال" suffix="" />
				<ArabicLexical word="عَلَى" lemma="عَلَى" pos="جامدة" prefix="" root="عَلَى" pattern="عَلَى" suffix="" />
				<ArabicLexical word="اَلرِّسَالَةِ" lemma="رِسَالَة" pos="مصرفة منتظمة" prefix="ال" root="رسل" pattern="فِعَال" suffix="ة" />
				<ArabicLexical word="بِنَفْسِهِ" lemma="نَفْس" pos="مصرفة منتظمة" prefix="بِ" root="نفس" pattern="فَعْل" suffix="ه" />
			</annotation>
		</sentence>
		<sentence id="07875">
			<text>وَيَرَى اَلْبَاحِثُ سَعِيدٌ اَلْحَازِمِيُّ أَنَّ مُهِمَّتَهُ صَعْبَةٌ فِي إِنْجَازِ هذِهِ اَلدِّرَاسَةِ، فَالْمَوْضُوعُ اَلَّذِي يَعْمَلُ عَلَيْهِ يَرْتَبِطُ بِأَهَمِّ دَوَائِرِ اَلنَّهْضَةِ اَلْإِسْلَامِيَّةِ اَلْمُتَمَثِّلِ فِي مِسَاحَةِ اَلْوَعْيِ اَلَّتِي لَا بُدَّ مِنْ تَفْعِيلِهَا، كَمَا أَنَّ دِرَاسَةَ اَلْحَالَةِ تَتَمَثَّلُ فِي إِسْلَامْ أُونْ لَايْنْ.نِتْ اَلثَّرِيَّةِ بِمُحْتَوَاهَا اَلضَّخْمِ وَالْمُتَمَيِّزِ، كَمَا أَنَّ اَلْجَامِعَةَ اَلَّتِي يَقُومُ بِالتَّحْضِيرِ فِيهَا مِنْ كُبْرَى اَلْجَامِعَاتِ اَلنَّشِطَةِ حَالِيًّا فِي مَجَالِ اَلْمُعَالَجَةِ اَلْحَضَارِيَّةِ وَالشَّامِلَةِ لِهُمُومِ اَلْمُسْلِمِينَ وَآمَالِهِمْ، فَضْلًا عَنْ إِشْرَافِ دُكْتُورٍ بِثِقَلِ عَبْدِ اَللّهِ مُحَمَّدٍ نَائِبِ مُدِيرِ اَلْجَامِعَةِ اَلْإِسْلَامِيَّةِ سَابِقًا وَزِيرِ اَلشُّؤُونِ اَلْإِسْلَامِيَّةِ اَلْمَالِيزِيِّ حَالِيًّا. </text>
			<annotation>
				<ArabicLexical word="وَيَرَى" lemma="رَأَى" pos="استثناء صرفي" prefix="وَي" root="رأي" pattern="رَى" suffix="" />
				<ArabicLexical word="اَلْبَاحِثُ" lemma="بَاحِث" pos="مصرفة منتظمة" prefix="ال" root="بحث" pattern="فَاعِل" suffix="" />
				<ArabicLexical word="سَعِيدٌ" lemma="سَعِيد" pos="مصرفة منتظمة" prefix="" root="سعد" pattern="فَعِيل" suffix="" />
				<ArabicLexical word="اَلْحَازِمِيُّ" lemma="حَازِمِيّ" pos="مصرفة منتظمة" prefix="ال" root="حزم" pattern="فَاعِل" suffix="يّ" />
				<ArabicLexical word="أَنَّ" lemma="أَنَّ" pos="جامدة" prefix="" root="أَنَّ" pattern="أَنَّ" suffix="" />
				<ArabicLexical word="مُهِمَّتَهُ" lemma="مُهِمّ" pos="مصرفة منتظمة" prefix="" root="همم" pattern="مُفِلّ" suffix="ته" />
				<ArabicLexical word="صَعْبَةٌ" lemma="صَعْب" pos="مصرفة منتظمة" prefix="" root="صعب" pattern="فَعْل" suffix="ة" />
				<ArabicLexical word="فِي" lemma="فِي" pos="جامدة" prefix="" root="فِي" pattern="فِي" suffix="" />
				<ArabicLexical word="إِنْجَازِ" lemma="إِنْجَاز" pos="مصرفة منتظمة" prefix="" root="نجز" pattern="إِفْعَال" suffix="" />
				<ArabicLexical word="هذِهِ" lemma="ذَا" pos="جامدة" prefix="" root="ذَا" pattern="هذِهِ" suffix="" />
				<ArabicLexical word="اَلدِّرَاسَةِ" lemma="دِرَاسَة" pos="مصرفة منتظمة" prefix="ال" root="درس" pattern="فِعَال" suffix="ة" />
				<ArabicLexical word="فَالْمَوْضُوعُ" lemma="مَوْضُوع" pos="مصرفة منتظمة" prefix="فَال" root="وضع" pattern="مَفْعُول" suffix="" />
				<ArabicLexical word="اَلَّذِي" lemma="اَلَّذِي" pos="جامدة" prefix="ال" root="اَلَّذِي" pattern="لَذِي" suffix="" />
				<ArabicLexical word="يَعْمَلُ" lemma="عَمِلَ" pos="مصرفة منتظمة" prefix="ي" root="عمل" pattern="فْعَل" suffix="" />
				<ArabicLexical word="عَلَيْهِ" lemma="عَلَى" pos="جامدة" prefix="" root="عَلَى" pattern="عَلَيْ" suffix="ه" />
				<ArabicLexical word="يَرْتَبِطُ" lemma="ارْتَبَطَ" pos="مصرفة منتظمة" prefix="ي" root="ربط" pattern="اِفْتَعَلَ" suffix="" />
				<ArabicLexical word="بِأَهَمِّ" lemma="أَهَمّ" pos="مصرفة منتظمة" prefix="بِ" root="همم" pattern="أَفَلّ" suffix="" />
				<ArabicLexical word="دَوَائِرِ" lemma="دَائِرَة" pos="مصرفة منتظمة" prefix="" root="دور" pattern="فَوَاعِل" suffix="" />
				<ArabicLexical word="اَلنَّهْضَةِ" lemma="نَهْضَة" pos="مصرفة منتظمة" prefix="ال" root="نهض" pattern="فَعْل" suffix="ة" />
				<ArabicLexical word="اَلْإِسْلَامِيَّةِ" lemma="إِسْلَامِيّ" pos="مصرفة منتظمة" prefix="ال" root="سلم" pattern="إِفْعَال" suffix="يَّة" />
				<ArabicLexical word="اَلْمُتَمَثِّلِ" lemma="مُتَمَثِّل" pos="مصرفة منتظمة" prefix="ال" root="مثل" pattern="مُتَفَعِّل" suffix="" />
				<ArabicLexical word="فِي" lemma="فِي" pos="جامدة" prefix="" root="فِي" pattern="فِي" suffix="" />
				<ArabicLexical word="مِسَاحَةِ" lemma="مِسَاحَة" pos="مصرفة منتظمة" prefix="" root="مسح" pattern="فِعَال" suffix="ة" />
				<ArabicLexical word="اَلْوَعْيِ" lemma="وَعْي" pos="مصرفة منتظمة" prefix="ال" root="وعي" pattern="فَعْل" suffix="" />
				<ArabicLexical word="اَلَّتِي" lemma="اَلَّذِي" pos="جامدة" prefix="ال" root="اَلَّذِي" pattern="لَتِي" suffix="" />
				<ArabicLexical word="لَا" lemma="لَا" pos="جامدة" prefix="" root="لَا" pattern="لَا" suffix="" />
				<ArabicLexical word="بُدَّ" lemma="بُدّ" pos="مصرفة منتظمة" prefix="" root="بدد" pattern="فُلّ" suffix="" />
				<ArabicLexical word="مِنْ" lemma="مِنْ" pos="جامدة" prefix="" root="مِنْ" pattern="مِنْ" suffix="" />
				<ArabicLexical word="تَفْعِيلِهَا" lemma="تَفْعِيل" pos="مصرفة منتظمة" prefix="" root="فعل" pattern="تَفْعِيل" suffix="هَا" />
				<ArabicLexical word="كَمَا" lemma="مَا" pos="جامدة" prefix="كَ" root="اَلَّذِي" pattern="مَا" suffix="" />
				<ArabicLexical word="أَنَّ" lemma="أَنَّ" pos="جامدة" prefix="" root="أَنَّ" pattern="أَنَّ" suffix="" />
				<ArabicLexical word="دِرَاسَةَ" lemma="دِرَاسَة" pos="مصرفة منتظمة" prefix="" root="درس" pattern="فِعَال" suffix="ة" />
				<ArabicLexical word="اَلْحَالَةِ" lemma="حَالَة" pos="مصرفة منتظمة" prefix="ال" root="حول" pattern="فَعل" suffix="ة" />
				<ArabicLexical word="تَتَمَثَّلُ" lemma="تَمَثَّلَ" pos="مصرفة منتظمة" prefix="ت" root="مثل" pattern="تَفَعَّلَ" suffix="" />
				<ArabicLexical word="فِي" lemma="فِي" pos="جامدة" prefix="" root="فِي" pattern="فِي" suffix="" />
				<ArabicLexical word="إِسْلَامْ" lemma="إِسْلَام" pos="غير عربية" prefix="" root="" pattern="" suffix="" />
				<ArabicLexical word="أُونْ" lemma="أُونْ" pos="غير عربية" prefix="" root="" pattern="" suffix="" />
				<ArabicLexical word="لَايْنْ" lemma="+" pos="غير عربية" prefix="" root="" pattern="" suffix="" />
				<ArabicLexical word="نِتْ" lemma="نِت" pos="غير عربية" prefix="" root="" pattern="" suffix="" />
				<ArabicLexical word="اَلثَّرِيَّةِ" lemma="ثَرِيّ" pos="مصرفة منتظمة" prefix="ال" root="ثرو" pattern="فَعِلّ" suffix="ة" />
				<ArabicLexical word="بِمُحْتَوَاهَا" lemma="مُحْتَوًى" pos="مصرفة منتظمة" prefix="بِ" root="حوي" pattern="مُفْتَعَل" suffix="هَا" />
				<ArabicLexical word="اَلضَّخْمِ" lemma="ضَخْم" pos="مصرفة منتظمة" prefix="ال" root="ضخم" pattern="فَعْل" suffix="" />
				<ArabicLexical word="وَالْمُتَمَيِّزِ" lemma="مُتَمَيِّز" pos="مصرفة منتظمة" prefix="وَال" root="ميز" pattern="مُتَفَعِّل" suffix="" />
				<ArabicLexical word="كَمَا" lemma="مَا" pos="جامدة" prefix="كَ" root="اَلَّذِي" pattern="مَا" suffix="" />
				<ArabicLexical word="أَنَّ" lemma="أَنَّ" pos="جامدة" prefix="" root="أَنَّ" pattern="أَنَّ" suffix="" />
				<ArabicLexical word="اَلْجَامِعَةَ" lemma="جَامِعَة" pos="مصرفة منتظمة" prefix="ال" root="جمع" pattern="فَاعِل" suffix="ة" />
				<ArabicLexical word="اَلَّتِي" lemma="اَلَّذِي" pos="جامدة" prefix="ال" root="اَلَّذِي" pattern="لَتِي" suffix="" />
				<ArabicLexical word="يَقُومُ" lemma="قَامَ" pos="مصرفة منتظمة" prefix="ي" root="قوم" pattern="فُعل" suffix="" />
				<ArabicLexical word="بِالتَّحْضِيرِ" lemma="تَحْضِير" pos="مصرفة منتظمة" prefix="بِال" root="حضر" pattern="تَفْعِيل" suffix="" />
				<ArabicLexical word="فِيهَا" lemma="فِي" pos="استثناء صرفي" prefix="" root="فوه" pattern="فِي" suffix="هَا" />
				<ArabicLexical word="مِنْ" lemma="مِنْ" pos="جامدة" prefix="" root="مِنْ" pattern="مِنْ" suffix="" />
				<ArabicLexical word="كُبْرَى" lemma="كُبْرَى" pos="مصرفة منتظمة" prefix="" root="كبر" pattern="فُعْلَى" suffix="" />
				<ArabicLexical word="اَلْجَامِعَاتِ" lemma="جَامِع" pos="مصرفة منتظمة" prefix="ال" root="جمع" pattern="فَاعِل" suffix="ات" />
				<ArabicLexical word="اَلنَّشِطَةِ" lemma="نَشِط" pos="مصرفة منتظمة" prefix="ال" root="نشط" pattern="فَعِل" suffix="ة" />
				<ArabicLexical word="حَالِيًّا" lemma="حَالِيّ" pos="مصرفة منتظمة" prefix="" root="حول" pattern="فَعل" suffix="يّ" />
				<ArabicLexical word="فِي" lemma="فِي" pos="جامدة" prefix="" root="فِي" pattern="فِي" suffix="" />
				<ArabicLexical word="مَجَالِ" lemma="مَجَال" pos="مصرفة منتظمة" prefix="" root="جول" pattern="مَفَعل" suffix="" />
				<ArabicLexical word="اَلْمُعَالَجَةِ" lemma="مُعَالَجَة" pos="مصرفة منتظمة" prefix="ال" root="علج" pattern="مُفَاعَل" suffix="ة" />
				<ArabicLexical word="اَلْحَضَارِيَّةِ" lemma="حَضَارِيّ" pos="مصرفة منتظمة" prefix="ال" root="حضر" pattern="فَعَال" suffix="يَّة" />
				<ArabicLexical word="وَالشَّامِلَةِ" lemma="شَامِل" pos="مصرفة منتظمة" prefix="وَال" root="شمل" pattern="فَاعِل" suffix="ة" />
				<ArabicLexical word="لِهُمُومِ" lemma="هَمّ" pos="مصرفة منتظمة" prefix="لِ" root="همم" pattern="فُعُول" suffix="" />
				<ArabicLexical word="اَلْمُسْلِمِينَ" lemma="مُسْلِم" pos="مصرفة منتظمة" prefix="ال" root="سلم" pattern="مُفْعِل" suffix="ينَ" />
				<ArabicLexical word="وَآمَالِهِمْ" lemma="أَمَل" pos="مصرفة منتظمة" prefix="وَ" root="أمل" pattern="أَفعَال" suffix="همْ" />
				<ArabicLexical word="فَضْلًا" lemma="فَضْل" pos="مصرفة منتظمة" prefix="" root="فضل" pattern="فَعْل" suffix="" />
				<ArabicLexical word="عَنْ" lemma="عَنْ" pos="جامدة" prefix="" root="عَنْ" pattern="عَنْ" suffix="" />
				<ArabicLexical word="إِشْرَافِ" lemma="إِشْرَاف" pos="مصرفة منتظمة" prefix="" root="شرف" pattern="إِفْعَال" suffix="" />
				<ArabicLexical word="دُكْتُورٍ" lemma="دُكْتُور" pos="معربة" prefix="" root="دُكْتُور" pattern="دُكْتُور" suffix="" />
				<ArabicLexical word="بِثِقَلِ" lemma="ثِقَل" pos="مصرفة منتظمة" prefix="بِ" root="ثقل" pattern="فِعَل" suffix="" />
				<ArabicLexical word="عَبْدِ" lemma="عَبْد" pos="مصرفة منتظمة" prefix="" root="عبد" pattern="فَعْل" suffix="" />
				<ArabicLexical word="اَللّهِ" lemma="الله" pos="استثناء صرفي" prefix="ال" root="أله" pattern="له" suffix="" />
				<ArabicLexical word="مُحَمَّدٍ" lemma="مُحَمَّد" pos="مصرفة منتظمة" prefix="" root="حمد" pattern="مُفَعَّل" suffix="" />
				<ArabicLexical word="نَائِبِ" lemma="نَائِب" pos="مصرفة منتظمة" prefix="" root="نوب" pattern="فَاعِل" suffix="" />
				<ArabicLexical word="مُدِيرِ" lemma="مُدِير" pos="مصرفة منتظمة" prefix="" root="دور" pattern="مُفِعل" suffix="" />
				<ArabicLexical word="اَلْجَامِعَةِ" lemma="جَامِعَة" pos="مصرفة منتظمة" prefix="ال" root="جمع" pattern="فَاعِل" suffix="ة" />
				<ArabicLexical word="اَلْإِسْلَامِيَّةِ" lemma="إِسْلَامِيّ" pos="مصرفة منتظمة" prefix="ال" root="سلم" pattern="إِفْعَال" suffix="يَّة" />
				<ArabicLexical word="سَابِقًا" lemma="سَابِق" pos="مصرفة منتظمة" prefix="" root="سبق" pattern="فَاعِل" suffix="" />
				<ArabicLexical word="وَزِيرِ" lemma="وَزِير" pos="مصرفة منتظمة" prefix="" root="وزر" pattern="فَعِيل" suffix="" />
				<ArabicLexical word="اَلشُّؤُونِ" lemma="شَأْن" pos="مصرفة منتظمة" prefix="ال" root="شأن" pattern="فُعُول" suffix="" />
				<ArabicLexical word="اَلْإِسْلَامِيَّةِ" lemma="إِسْلَامِيّ" pos="مصرفة منتظمة" prefix="ال" root="سلم" pattern="إِفْعَال" suffix="يَّة" />
				<ArabicLexical word="اَلْمَالِيزِيِّ" lemma="مَالِيزِيّ" pos="غير عربية" prefix="" root="" pattern="" suffix="" />
				<ArabicLexical word="حَالِيًّا" lemma="حَالِيّ" pos="مصرفة منتظمة" prefix="" root="حول" pattern="فَعل" suffix="يّ" />
			</annotation>
		</sentence>
		<sentence id="07876">
			<text>وَجَدِيرٌ بِالذِّكْرِ أَنَّ اَلْبَاحِثَ طَلَبَ مِنْ شَبَكَةِ إِسْلَامْ أُونْ لَايْنْ اِسْتِضَافَةَ اِسْتِبْيَانِ اَلدِّرَاسَةِ عَلَى صَفَحَاتِهَا، وَقَدْ وَافَقَتْ اَلشَّبَكَةُ عَلَى هذَا اَلطَّلَبِ فِي إِطَارِ اِهْتِمَامِ اَلْقَائِمِينَ عَلَيْهَا بِتَنْمِيَةِ اَلِاهْتِمَامِ بِمَجَالِ دِرَاسَاتِ اَلْإِنْتَرْنِتْ وَوَظَائِفِهَا وَتَأْثِيرَاتِهَا اَلِاجْتِمَاعِيَّةِ وَالثَّقَافِيَّةِ وَالسِّيَاسِيَّةِ. وَقَدْ تَوَزَّعَ اَلِاسْتِبْيَانُ عَلَى كُلِّ اَلصَّفَحَاتِ اَلْمُتَخَصِّصَةِ بِالْمَوْقِعِ (13 صَفْحَةً)، حَيْثُ كَانَ لِكُلِّ صَفْحَةٍ مُتَخَصِّصَةٍ اَلِاسْتِبْيَانُ اَلْخَاصُّ بِهَا وَالَّذِي يَتَلَاءَمُ مَعَ مُحْتَوَاهَا. </text>
			<annotation>
				<ArabicLexical word="وَجَدِيرٌ" lemma="جَدِير" pos="مصرفة منتظمة" prefix="وَ" root="جدر" pattern="فَعِيل" suffix="" />
				<ArabicLexical word="بِالذِّكْرِ" lemma="ذِكْر" pos="مصرفة منتظمة" prefix="بِال" root="ذكر" pattern="فِعْل" suffix="" />
				<ArabicLexical word="أَنَّ" lemma="أَنَّ" pos="جامدة" prefix="" root="أَنَّ" pattern="أَنَّ" suffix="" />
				<ArabicLexical word="اَلْبَاحِثَ" lemma="بَاحِث" pos="مصرفة منتظمة" prefix="ال" root="بحث" pattern="فَاعِل" suffix="" />
				<ArabicLexical word="طَلَبَ" lemma="طَلَبَ" pos="مصرفة منتظمة" prefix="" root="طلب" pattern="فَعَلَ" suffix="" />
				<ArabicLexical word="مِنْ" lemma="مِنْ" pos="جامدة" prefix="" root="مِنْ" pattern="مِنْ" suffix="" />
				<ArabicLexical word="شَبَكَةِ" lemma="شَبَكَة" pos="مصرفة منتظمة" prefix="" root="شبك" pattern="فَعَل" suffix="ة" />
				<ArabicLexical word="إِسْلَامْ" lemma="إِسْلَام" pos="غير عربية" prefix="" root="" pattern="" suffix="" />
				<ArabicLexical word="أُونْ" lemma="أُونْ" pos="غير عربية" prefix="" root="" pattern="" suffix="" />
				<ArabicLexical word="لَايْنْ" lemma="+" pos="غير عربية" prefix="" root="" pattern="" suffix="" />
				<ArabicLexical word="اِسْتِضَافَةَ" lemma="اسْتِضَافَة" pos="مصرفة منتظمة" prefix="" root="ضيف" pattern="اِسْتِفَعالَ" suffix="ة" />
				<ArabicLexical word="اِسْتِبْيَانِ" lemma="اسْتِبْيَان" pos="مصرفة منتظمة" prefix="" root="بين" pattern="اِسْتِفْعَال" suffix="" />
				<ArabicLexical word="اَلدِّرَاسَةِ" lemma="دِرَاسَة" pos="مصرفة منتظمة" prefix="ال" root="درس" pattern="فِعَال" suffix="ة" />
				<ArabicLexical word="عَلَى" lemma="عَلَى" pos="جامدة" prefix="" root="عَلَى" pattern="عَلَى" suffix="" />
				<ArabicLexical word="صَفَحَاتِهَا" lemma="صَفْحَة" pos="مصرفة منتظمة" prefix="" root="صفح" pattern="فَعَل" suffix="اتهَا" />
				<ArabicLexical word="وَقَدْ" lemma="قَدْ" pos="جامدة" prefix="وَ" root="قَدْ" pattern="قَدْ" suffix="" />
				<ArabicLexical word="وَافَقَتْ" lemma="وَافَقَ" pos="مصرفة منتظمة" prefix="" root="وفق" pattern="فَاعَلَ" suffix="تْ" />
				<ArabicLexical word="اَلشَّبَكَةُ" lemma="شَبَكَة" pos="مصرفة منتظمة" prefix="ال" root="شبك" pattern="فَعَل" suffix="ة" />
				<ArabicLexical word="عَلَى" lemma="عَلَى" pos="جامدة" prefix="" root="عَلَى" pattern="عَلَى" suffix="" />
				<ArabicLexical word="هذَا" lemma="ذَا" pos="جامدة" prefix="" root="ذَا" pattern="هذَا" suffix="" />
				<ArabicLexical word="اَلطَّلَبِ" lemma="طَلَب" pos="مصرفة منتظمة" prefix="ال" root="طلب" pattern="فَعَل" suffix="" />
				<ArabicLexical word="فِي" lemma="فِي" pos="جامدة" prefix="" root="فِي" pattern="فِي" suffix="" />
				<ArabicLexical word="إِطَارِ" lemma="إِطَار" pos="مصرفة منتظمة" prefix="" root="أطر" pattern="فِعَال" suffix="" />
				<ArabicLexical word="اِهْتِمَامِ" lemma="اهْتِمَام" pos="مصرفة منتظمة" prefix="" root="همم" pattern="اِفْتِعَال" suffix="" />
				<ArabicLexical word="اَلْقَائِمِينَ" lemma="قَائِم" pos="مصرفة منتظمة" prefix="ال" root="قوم" pattern="فَاعِل" suffix="ينَ" />
				<ArabicLexical word="عَلَيْهَا" lemma="عَلَى" pos="جامدة" prefix="" root="عَلَى" pattern="عَلَيْ" suffix="هَا" />
				<ArabicLexical word="بِتَنْمِيَةِ" lemma="تَنْمِيَة" pos="مصرفة منتظمة" prefix="بِ" root="نمو" pattern="تَفْعِلَ" suffix="ة" />
				<ArabicLexical word="اَلِاهْتِمَامِ" lemma="اهْتِمَام" pos="مصرفة منتظمة" prefix="ال" root="همم" pattern="اِفْتِعَال" suffix="" />
				<ArabicLexical word="بِمَجَالِ" lemma="مَجَال" pos="مصرفة منتظمة" prefix="بِ" root="جول" pattern="مَفَعل" suffix="" />
				<ArabicLexical word="دِرَاسَاتِ" lemma="دِرَاسَة" pos="مصرفة منتظمة" prefix="" root="درس" pattern="فِعَال" suffix="ات" />
				<ArabicLexical word="اَلْإِنْتَرْنِتْ" lemma="إِنْتَرْنِت" pos="غير عربية" prefix="" root="" pattern="" suffix="" />
				<ArabicLexical word="وَوَظَائِفِهَا" lemma="وَظِيفَة" pos="مصرفة منتظمة" prefix="وَ" root="وظف" pattern="فَعَائِل" suffix="هَا" />
				<ArabicLexical word="وَتَأْثِيرَاتِهَا" lemma="تَأْثِير" pos="مصرفة منتظمة" prefix="وَ" root="أثر" pattern="تَفْعِيل" suffix="اتهَا" />
				<ArabicLexical word="اَلِاجْتِمَاعِيَّةِ" lemma="اجْتِمَاعِيّ" pos="مصرفة منتظمة" prefix="ال" root="جمع" pattern="اِفْتِعَال" suffix="يَّة" />
				<ArabicLexical word="وَالثَّقَافِيَّةِ" lemma="ثَقَافِيّ" pos="مصرفة منتظمة" prefix="وَال" root="ثقف" pattern="فَعَال" suffix="يَّة" />
				<ArabicLexical word="وَالسِّيَاسِيَّةِ" lemma="سِيَاسِيّ" pos="مصرفة منتظمة" prefix="وَال" root="سوس" pattern="فِعَال" suffix="يَّة" />
				<ArabicLexical word="وَقَدْ" lemma="قَدْ" pos="جامدة" prefix="وَ" root="قَدْ" pattern="قَدْ" suffix="" />
				<ArabicLexical word="تَوَزَّعَ" lemma="تَوَزَّعَ" pos="مصرفة منتظمة" prefix="" root="وزع" pattern="تَفَعَّلَ" suffix="" />
				<ArabicLexical word="اَلِاسْتِبْيَانُ" lemma="اسْتِبْيَان" pos="مصرفة منتظمة" prefix="ال" root="بين" pattern="اِسْتِفْعَال" suffix="" />
				<ArabicLexical word="عَلَى" lemma="عَلَى" pos="جامدة" prefix="" root="عَلَى" pattern="عَلَى" suffix="" />
				<ArabicLexical word="كُلِّ" lemma="كُلّ" pos="جامدة" prefix="" root="كُلّ" pattern="كُلّ" suffix="" />
				<ArabicLexical word="اَلصَّفَحَاتِ" lemma="صَفْحَة" pos="مصرفة منتظمة" prefix="ال" root="صفح" pattern="فَعَل" suffix="ات" />
				<ArabicLexical word="اَلْمُتَخَصِّصَةِ" lemma="مُتَخَصِّص" pos="مصرفة منتظمة" prefix="ال" root="خصص" pattern="مُتَفَعِّل" suffix="ة" />
				<ArabicLexical word="بِالْمَوْقِعِ" lemma="مَوْقِع" pos="مصرفة منتظمة" prefix="بِال" root="وقع" pattern="مَفْعِل" suffix="" />
				<ArabicLexical word="صَفْحَةً" lemma="صَفْحَة" pos="مصرفة منتظمة" prefix="" root="صفح" pattern="فَعْل" suffix="ة" />
				<ArabicLexical word="حَيْثُ" lemma="حَيْثُ" pos="جامدة" prefix="" root="حَيْثُ" pattern="حَيْثُ" suffix="" />
				<ArabicLexical word="كَانَ" lemma="كَانَ" pos="مصرفة منتظمة" prefix="" root="كون" pattern="فَعلَ" suffix="" />
				<ArabicLexical word="لِكُلِّ" lemma="كُلّ" pos="جامدة" prefix="لِ" root="كُلّ" pattern="كُلّ" suffix="" />
				<ArabicLexical word="صَفْحَةٍ" lemma="صَفْحَة" pos="مصرفة منتظمة" prefix="" root="صفح" pattern="فَعْل" suffix="ة" />
				<ArabicLexical word="مُتَخَصِّصَةٍ" lemma="مُتَخَصِّص" pos="مصرفة منتظمة" prefix="" root="خصص" pattern="مُتَفَعِّل" suffix="ة" />
				<ArabicLexical word="اَلِاسْتِبْيَانُ" lemma="اسْتِبْيَان" pos="مصرفة منتظمة" prefix="ال" root="بين" pattern="اِسْتِفْعَال" suffix="" />
				<ArabicLexical word="اَلْخَاصُّ" lemma="خَاصّ" pos="مصرفة منتظمة" prefix="ال" root="خصص" pattern="فَالّ" suffix="" />
				<ArabicLexical word="بِهَا" lemma="بِي" pos="جامدة" prefix="" root="بِي" pattern="بِهَا" suffix="" />
				<ArabicLexical word="وَالَّذِي" lemma="اَلَّذِي" pos="جامدة" prefix="وَال" root="اَلَّذِي" pattern="لَذِي" suffix="" />
				<ArabicLexical word="يَتَلَاءَمُ" lemma="تَلاءَمَ" pos="مصرفة منتظمة" prefix="ي" root="لأم" pattern="تَفَاعَلَ" suffix="" />
				<ArabicLexical word="مَعَ" lemma="مَعَ" pos="جامدة" prefix="" root="مَعَ" pattern="مَعَ" suffix="" />
				<ArabicLexical word="مُحْتَوَاهَا" lemma="مُحْتَوًى" pos="مصرفة منتظمة" prefix="" root="حوي" pattern="مُفْتَعَل" suffix="هَا" />
			</annotation>
		</sentence>
		<sentence id="07877">
			<text>اَلنِّسَاءُ لَا تُحِبُّ اَلِاسْتِبْيَانَاتِ؟ </text>
			<annotation>
				<ArabicLexical word="اَلنِّسَاءُ" lemma="نِسَاء" pos="مصرفة منتظمة" prefix="ال" root="نسو" pattern="فِعَال" suffix="" />
				<ArabicLexical word="لَا" lemma="لَا" pos="جامدة" prefix="" root="لَا" pattern="لَا" suffix="" />
				<ArabicLexical word="تُحِبُّ" lemma="أَحَبَّ" pos="مصرفة منتظمة" prefix="ت" root="حبب" pattern="أَفَلَّ" suffix="" />
				<ArabicLexical word="اَلِاسْتِبْيَانَاتِ" lemma="اسْتِبْيَان" pos="مصرفة منتظمة" prefix="ال" root="بين" pattern="اِسْتِفْعَال" suffix="ات" />
			</annotation>
		</sentence>
		<sentence id="07878">
			<text>وَقَدْ اِسْتَجَابَ لِهذَا اَلِاسْتِبْيَانِ حَتَّى اَلْيَوْمِ اَلثُّلَاثَاءِ 14-6-2005 حَوَالَيْ 3700 زَائِرٍ مِنْ زُوَّارِ اَلشَّبَكَةِ، مِنْ بَيْنِهِمْ 27% فَقَطْ مِنْ اَلْإِنَاثِ، وَقَدْ تَرَكَّزَ اِهْتِمَامُ اَلزُّوَّارِ عَلَى بَعْضِ اَلصَّفَحَاتِ دُونَ اَلْأُخْرَى، حَيْثُ اِسْتَجَابَ لِلِاسْتِبْيَانِ اَلْخَاصِّ بِالصَّفْحَةِ اَلرَّئِيسِيَّةِ حَوَالَيْ 1917 زَائِرًا، بَيْنَمَا تَوَزَّعَتْ بَقِيَّةُ اَلِاسْتِجَابَاتِ عَلَى اَلنَّحْوِ اَلتَّالِي: اَلْفَتَاوَى 420 زَائِرًا، وَالْأَخْبَارُ 385 زَائِرًا، وَالِاسْتِشَارَاتُ اَلِاجْتِمَاعِيَّةُ (بِشِقَّيْهَا: مَعًا نُرَبِّي أَبْنَاءَنَا وَمَشَاكِلُ وَحُلُولٌ) 327 زَائِرًا، وَدِينٌ وَدَعْوَةٌ 324 زَائِرًا، وَاشْتَرَكَ فِي اَلْمَرْكَزِ اَلسَّادِسِ لِلِاسْتِجَابَاتِ كُلٌّ مِنْ صَفْحَةِ عُلُومٌ وَتِكُنُولُوجْيَا، وَسَاحَةُ اَلْحِوَارِ حَيْثُ حَصَلَ كُلٌّ مِنْهُمَا عَلَى اِسْتِجَابَةِ 247 زَائِرًا، ثُمَّ صَفْحَةُ حَوَّاءَ وَآدَمَ 192 زَائِرًا، وَشُؤُونٌ سِيَاسِيَّةٌ 148 زَائِرًا، وَصَفْحَةُ مَجَاهِيلُ وَمَشَاهِيرُ 118 زَائِرًا، ثُمَّ صَفْحَةُ نَمَاءٌ 94 زَائِرًا، وَصَفْحَةُ ثَقَافَةٌ وَفَنٌّ 90 زَائِرًا، وَأَخِيرًا صَفْحَةُ مَفَاهِيمُ وَمُصْطَلَحَاتٌ 62 زَائِرًا، وَهُوَ رَقْمٌ كَبِيرٌ مُقَارَنَةً بِدَسَامَةِ اَلْمَادَّةِ اَلْمَوْجُودَةِ عَلَى اَلصَّفْحَةِ.</text>
			<annotation>
				<ArabicLexical word="وَقَدْ" lemma="قَدْ" pos="جامدة" prefix="وَ" root="قَدْ" pattern="قَدْ" suffix="" />
				<ArabicLexical word="اِسْتَجَابَ" lemma="اسْتَجَابَ" pos="مصرفة منتظمة" prefix="" root="جوب" pattern="اِسْتَفَعلَ" suffix="" />
				<ArabicLexical word="لِهذَا" lemma="ذَا" pos="جامدة" prefix="لِ" root="ذَا" pattern="هذَا" suffix="" />
				<ArabicLexical word="اَلِاسْتِبْيَانِ" lemma="اسْتِبْيَان" pos="مصرفة منتظمة" prefix="ال" root="بين" pattern="اِسْتِفْعَال" suffix="" />
				<ArabicLexical word="حَتَّى" lemma="حَتَّى" pos="جامدة" prefix="" root="حَتَّى" pattern="حَتَّى" suffix="" />
				<ArabicLexical word="اَلْيَوْمِ" lemma="يَوْم" pos="مصرفة منتظمة" prefix="ال" root="يوم" pattern="فَعْل" suffix="" />
				<ArabicLexical word="اَلثُّلَاثَاءِ" lemma="ثُلَاثَاء" pos="استثناء صرفي" prefix="ال" root="ثلث" pattern="ثُلَاثَاء" suffix="" />
				<ArabicLexical word="حَوَالَيْ" lemma="حَوَالَيْ" pos="مصرفة منتظمة" prefix="" root="حول" pattern="فَعَال" suffix="يْ" />
				<ArabicLexical word="زَائِرٍ" lemma="زَائِر" pos="مصرفة منتظمة" prefix="" root="زور" pattern="فَاعِل" suffix="" />
				<ArabicLexical word="مِنْ" lemma="مِنْ" pos="جامدة" prefix="" root="مِنْ" pattern="مِنْ" suffix="" />
				<ArabicLexical word="زُوَّارِ" lemma="زَائِر" pos="مصرفة منتظمة" prefix="" root="زور" pattern="فُعَّال" suffix="" />
				<ArabicLexical word="اَلشَّبَكَةِ" lemma="شَبَكَة" pos="مصرفة منتظمة" prefix="ال" root="شبك" pattern="فَعَل" suffix="ة" />
				<ArabicLexical word="مِنْ" lemma="مِنْ" pos="جامدة" prefix="" root="مِنْ" pattern="مِنْ" suffix="" />
				<ArabicLexical word="بَيْنِهِمْ" lemma="بَيْن" pos="مصرفة منتظمة" prefix="" root="بين" pattern="فَعْل" suffix="همْ" />
				<ArabicLexical word="فَقَطْ" lemma="فَقَطْ" pos="غير عربية" prefix="" root="" pattern="" suffix="" />
				<ArabicLexical word="مِنْ" lemma="مِنْ" pos="جامدة" prefix="" root="مِنْ" pattern="مِنْ" suffix="" />
				<ArabicLexical word="اَلْإِنَاثِ" lemma="أُنْثَى" pos="مصرفة منتظمة" prefix="ال" root="أنث" pattern="فِعَال" suffix="" />
				<ArabicLexical word="وَقَدْ" lemma="قَدْ" pos="جامدة" prefix="وَ" root="قَدْ" pattern="قَدْ" suffix="" />
				<ArabicLexical word="تَرَكَّزَ" lemma="تَرَكَّزَ" pos="مصرفة منتظمة" prefix="" root="ركز" pattern="تَفَعَّلَ" suffix="" />
				<ArabicLexical word="اِهْتِمَامُ" lemma="اهْتِمَام" pos="مصرفة منتظمة" prefix="" root="همم" pattern="اِفْتِعَال" suffix="" />
				<ArabicLexical word="اَلزُّوَّارِ" lemma="زَائِر" pos="مصرفة منتظمة" prefix="ال" root="زور" pattern="فُعَّال" suffix="" />
				<ArabicLexical word="عَلَى" lemma="عَلَى" pos="جامدة" prefix="" root="عَلَى" pattern="عَلَى" suffix="" />
				<ArabicLexical word="بَعْضِ" lemma="بَعْض" pos="مصرفة منتظمة" prefix="" root="بعض" pattern="فَعْل" suffix="" />
				<ArabicLexical word="اَلصَّفَحَاتِ" lemma="صَفْحَة" pos="مصرفة منتظمة" prefix="ال" root="صفح" pattern="فَعَل" suffix="ات" />
				<ArabicLexical word="دُونَ" lemma="دُون" pos="جامدة" prefix="" root="دُونَ" pattern="دُونَ" suffix="" />
				<ArabicLexical word="اَلْأُخْرَى" lemma="أُخْرَى" pos="مصرفة منتظمة" prefix="ال" root="أخر" pattern="فُعْلَى" suffix="" />
				<ArabicLexical word="حَيْثُ" lemma="حَيْثُ" pos="جامدة" prefix="" root="حَيْثُ" pattern="حَيْثُ" suffix="" />
				<ArabicLexical word="اِسْتَجَابَ" lemma="اسْتَجَابَ" pos="مصرفة منتظمة" prefix="" root="جوب" pattern="اِسْتَفَعلَ" suffix="" />
				<ArabicLexical word="لِلِاسْتِبْيَانِ" lemma="اسْتِبْيَان" pos="مصرفة منتظمة" prefix="لِل" root="بين" pattern="اِسْتِفْعَال" suffix="" />
				<ArabicLexical word="اَلْخَاصِّ" lemma="خَاصّ" pos="مصرفة منتظمة" prefix="ال" root="خصص" pattern="فَالّ" suffix="" />
				<ArabicLexical word="بِالصَّفْحَةِ" lemma="صَفْحَة" pos="مصرفة منتظمة" prefix="بِال" root="صفح" pattern="فَعْل" suffix="ة" />
				<ArabicLexical word="اَلرَّئِيسِيَّةِ" lemma="رَئِيسِيّ" pos="مصرفة منتظمة" prefix="ال" root="رأس" pattern="فَعِيل" suffix="يَّة" />
				<ArabicLexical word="حَوَالَيْ" lemma="حَوَالَيْ" pos="مصرفة منتظمة" prefix="" root="حول" pattern="فَعَال" suffix="يْ" />
				<ArabicLexical word="زَائِرًا" lemma="زَائِر" pos="مصرفة منتظمة" prefix="" root="زور" pattern="فَاعِل" suffix="" />
				<ArabicLexical word="بَيْنَمَا" lemma="بَيْنَ" pos="استثناء صرفي" prefix="" root="بين" pattern="بَيْنَمَا" suffix="" />
				<ArabicLexical word="تَوَزَّعَتْ" lemma="تَوَزَّعَ" pos="مصرفة منتظمة" prefix="" root="وزع" pattern="تَفَعَّلَ" suffix="تْ" />
				<ArabicLexical word="بَقِيَّةُ" lemma="بَقِيَّة" pos="مصرفة منتظمة" prefix="" root="بقي" pattern="فَعِلّ" suffix="ة" />
				<ArabicLexical word="اَلِاسْتِجَابَاتِ" lemma="اسْتِجَابَة" pos="مصرفة منتظمة" prefix="ال" root="جوب" pattern="اِسْتِفَعالَ" suffix="ات" />
				<ArabicLexical word="عَلَى" lemma="عَلَى" pos="جامدة" prefix="" root="عَلَى" pattern="عَلَى" suffix="" />
				<ArabicLexical word="اَلنَّحْوِ" lemma="نَحْو" pos="مصرفة منتظمة" prefix="ال" root="نحو" pattern="فَعْل" suffix="" />
				<ArabicLexical word="اَلتَّالِي" lemma="تَال" pos="مصرفة منتظمة" prefix="ال" root="تلو" pattern="فَاعِل" suffix="" />
				<ArabicLexical word="اَلْفَتَاوَى" lemma="فَتْوَى" pos="مصرفة منتظمة" prefix="ال" root="فتو" pattern="فَعَالَى" suffix="" />
				<ArabicLexical word="زَائِرًا" lemma="زَائِر" pos="مصرفة منتظمة" prefix="" root="زور" pattern="فَاعِل" suffix="" />
				<ArabicLexical word="وَالْأَخْبَارُ" lemma="خَبَر" pos="مصرفة منتظمة" prefix="وَال" root="خبر" pattern="أَفْعَال" suffix="" />
				<ArabicLexical word="زَائِرًا" lemma="زَائِر" pos="مصرفة منتظمة" prefix="" root="زور" pattern="فَاعِل" suffix="" />
				<ArabicLexical word="وَالِاسْتِشَارَاتُ" lemma="اسْتِشَارَة" pos="مصرفة منتظمة" prefix="وَال" root="شور" pattern="اِسْتِفَعالَ" suffix="ات" />
				<ArabicLexical word="اَلِاجْتِمَاعِيَّةُ" lemma="اجْتِمَاعِيّ" pos="مصرفة منتظمة" prefix="ال" root="جمع" pattern="اِفْتِعَال" suffix="يَّة" />
				<ArabicLexical word="بِشِقَّيْهَا" lemma="شِقّ" pos="مصرفة منتظمة" prefix="بِ" root="شقق" pattern="فِلّ" suffix="يْهَا" />
				<ArabicLexical word="مَعًا" lemma="مَعَ" pos="غير عربية" prefix="" root="" pattern="" suffix="" />
				<ArabicLexical word="نُرَبِّي" lemma="رَبَّى" pos="مصرفة منتظمة" prefix="ن" root="ربو" pattern="فَعِّل" suffix="" />
				<ArabicLexical word="أَبْنَاءَنَا" lemma="ابْن" pos="مصرفة منتظمة" prefix="" root="بنو" pattern="أَفْعَال" suffix="نَا" />
				<ArabicLexical word="وَمَشَاكِلُ" lemma="مَشْكَل" pos="مصرفة منتظمة" prefix="وَ" root="شكل" pattern="مَفَاعِل" suffix="" />
				<ArabicLexical word="وَحُلُولٌ" lemma="حُلُول" pos="مصرفة منتظمة" prefix="وَ" root="حلل" pattern="فُعُول" suffix="" />
				<ArabicLexical word="زَائِرًا" lemma="زَائِر" pos="مصرفة منتظمة" prefix="" root="زور" pattern="فَاعِل" suffix="" />
				<ArabicLexical word="وَدِينٌ" lemma="دِين" pos="مصرفة منتظمة" prefix="وَ" root="دين" pattern="فِعل" suffix="" />
				<ArabicLexical word="وَدَعْوَةٌ" lemma="دَعْوَة" pos="مصرفة منتظمة" prefix="وَ" root="دعو" pattern="فَعْل" suffix="ة" />
				<ArabicLexical word="زَائِرًا" lemma="زَائِر" pos="مصرفة منتظمة" prefix="" root="زور" pattern="فَاعِل" suffix="" />
				<ArabicLexical word="وَاشْتَرَكَ" lemma="اشْتَرَكَ" pos="مصرفة منتظمة" prefix="وَ" root="شرك" pattern="اِفْتَعَلَ" suffix="" />
				<ArabicLexical word="فِي" lemma="فِي" pos="جامدة" prefix="" root="فِي" pattern="فِي" suffix="" />
				<ArabicLexical word="اَلْمَرْكَزِ" lemma="مَرْكَز" pos="مصرفة منتظمة" prefix="ال" root="ركز" pattern="مَفْعَل" suffix="" />
				<ArabicLexical word="اَلسَّادِسِ" lemma="سَادِس" pos="مصرفة منتظمة" prefix="ال" root="سدس" pattern="فَاعِل" suffix="" />
				<ArabicLexical word="لِلِاسْتِجَابَاتِ" lemma="اسْتِجَابَة" pos="مصرفة منتظمة" prefix="لِل" root="جوب" pattern="اِسْتِفَعالَ" suffix="ات" />
				<ArabicLexical word="كُلٌّ" lemma="كُلّ" pos="جامدة" prefix="" root="كُلّ" pattern="كُلّ" suffix="" />
				<ArabicLexical word="مِنْ" lemma="مِنْ" pos="جامدة" prefix="" root="مِنْ" pattern="مِنْ" suffix="" />
				<ArabicLexical word="صَفْحَةِ" lemma="صَفْحَة" pos="مصرفة منتظمة" prefix="" root="صفح" pattern="فَعْل" suffix="ة" />
				<ArabicLexical word="عُلُومٌ" lemma="عِلْم" pos="مصرفة منتظمة" prefix="" root="علم" pattern="فُعُول" suffix="" />
				<ArabicLexical word="وَتِكْنُولُوجْيَا" lemma="تِكْنُولُوجْيَا" pos="غير عربية" prefix="" root="" pattern="" suffix="" />
				<ArabicLexical word="وَسَاحَةُ" lemma="سَاحَة" pos="مصرفة منتظمة" prefix="وَ" root="سوح" pattern="فَعل" suffix="ة" />
				<ArabicLexical word="اَلْحِوَارِ" lemma="حِوَار" pos="مصرفة منتظمة" prefix="ال" root="حور" pattern="فِعَال" suffix="" />
				<ArabicLexical word="حَيْثُ" lemma="حَيْثُ" pos="جامدة" prefix="" root="حَيْثُ" pattern="حَيْثُ" suffix="" />
				<ArabicLexical word="حَصَلَ" lemma="حَصَلَ" pos="مصرفة منتظمة" prefix="" root="حصل" pattern="فَعَلَ" suffix="" />
				<ArabicLexical word="كُلٌّ" lemma="كُلّ" pos="جامدة" prefix="" root="كُلّ" pattern="كُلّ" suffix="" />
				<ArabicLexical word="مِنْهُمَا" lemma="مِنْ" pos="جامدة" prefix="" root="مِنْ" pattern="مِنْ" suffix="همَا" />
				<ArabicLexical word="عَلَى" lemma="عَلَى" pos="جامدة" prefix="" root="عَلَى" pattern="عَلَى" suffix="" />
				<ArabicLexical word="اِسْتِجَابَةِ" lemma="اسْتِجَابَة" pos="مصرفة منتظمة" prefix="" root="جوب" pattern="اِسْتِفَعالَ" suffix="ة" />
				<ArabicLexical word="زَائِرًا" lemma="زَائِر" pos="مصرفة منتظمة" prefix="" root="زور" pattern="فَاعِل" suffix="" />
				<ArabicLexical word="ثُمَّ" lemma="ثُمَّ" pos="جامدة" prefix="" root="ثُمَّ" pattern="ثُمَّ" suffix="" />
				<ArabicLexical word="صَفْحَةُ" lemma="صَفْحَة" pos="مصرفة منتظمة" prefix="" root="صفح" pattern="فَعْل" suffix="ة" />
				<ArabicLexical word="حَوَّاءَ" lemma="حَوَّاء" pos="مصرفة منتظمة" prefix="" root="حوي" pattern="فَعَّال" suffix="" />
				<ArabicLexical word="وَآدَمَ" lemma="آدَم" pos="مصرفة منتظمة" prefix="وَ" root="أدم" pattern="أَفعَل" suffix="" />
				<ArabicLexical word="زَائِرًا" lemma="زَائِر" pos="مصرفة منتظمة" prefix="" root="زور" pattern="فَاعِل" suffix="" />
				<ArabicLexical word="وَشُؤُونٌ" lemma="شَأْن" pos="مصرفة منتظمة" prefix="وَ" root="شأن" pattern="فُعُول" suffix="" />
				<ArabicLexical word="سِيَاسِيَّةٌ" lemma="سِيَاسِيّ" pos="مصرفة منتظمة" prefix="" root="سوس" pattern="فِعَال" suffix="يَّة" />
				<ArabicLexical word="زَائِرًا" lemma="زَائِر" pos="مصرفة منتظمة" prefix="" root="زور" pattern="فَاعِل" suffix="" />
				<ArabicLexical word="وَصَفْحَةُ" lemma="صَفْحَة" pos="مصرفة منتظمة" prefix="وَ" root="صفح" pattern="فَعْل" suffix="ة" />
				<ArabicLexical word="مَجَاهِيلُ" lemma="مَجْهُول" pos="مصرفة منتظمة" prefix="" root="جهل" pattern="مَفَاعِيل" suffix="" />
				<ArabicLexical word="وَمَشَاهِيرُ" lemma="مَشْهُور" pos="مصرفة منتظمة" prefix="وَ" root="شهر" pattern="مَفَاعِيل" suffix="" />
				<ArabicLexical word="زَائِرًا" lemma="زَائِر" pos="مصرفة منتظمة" prefix="" root="زور" pattern="فَاعِل" suffix="" />
				<ArabicLexical word="ثُمَّ" lemma="ثُمَّ" pos="جامدة" prefix="" root="ثُمَّ" pattern="ثُمَّ" suffix="" />
				<ArabicLexical word="صَفْحَةُ" lemma="صَفْحَة" pos="مصرفة منتظمة" prefix="" root="صفح" pattern="فَعْل" suffix="ة" />
				<ArabicLexical word="نَمَاءٌ" lemma="نَمَاء" pos="مصرفة منتظمة" prefix="" root="نمو" pattern="فَعَال" suffix="" />
				<ArabicLexical word="زَائِرًا" lemma="زَائِر" pos="مصرفة منتظمة" prefix="" root="زور" pattern="فَاعِل" suffix="" />
				<ArabicLexical word="وَصَفْحَةُ" lemma="صَفْحَة" pos="مصرفة منتظمة" prefix="وَ" root="صفح" pattern="فَعْل" suffix="ة" />
				<ArabicLexical word="ثَقَافَةٌ" lemma="ثَقَافَة" pos="مصرفة منتظمة" prefix="" root="ثقف" pattern="فَعَال" suffix="ة" />
				<ArabicLexical word="وَفَنٌّ" lemma="فَنّ" pos="مصرفة منتظمة" prefix="وَ" root="فنن" pattern="فَلّ" suffix="" />
				<ArabicLexical word="زَائِرًا" lemma="زَائِر" pos="مصرفة منتظمة" prefix="" root="زور" pattern="فَاعِل" suffix="" />
				<ArabicLexical word="وَأَخِيرًا" lemma="أَخِير" pos="مصرفة منتظمة" prefix="وَ" root="أخر" pattern="فَعِيل" suffix="" />
				<ArabicLexical word="صَفْحَةُ" lemma="صَفْحَة" pos="مصرفة منتظمة" prefix="" root="صفح" pattern="فَعْل" suffix="ة" />
				<ArabicLexical word="مَفَاهِيمُ" lemma="مَفْهُوم" pos="مصرفة منتظمة" prefix="" root="فهم" pattern="مَفَاعِيل" suffix="" />
				<ArabicLexical word="وَمُصْطَلَحَاتٌ" lemma="مُصْطَلَح" pos="مصرفة منتظمة" prefix="وَ" root="صلح" pattern="مُفْطَعَل" suffix="ات" />
				<ArabicLexical word="زَائِرًا" lemma="زَائِر" pos="مصرفة منتظمة" prefix="" root="زور" pattern="فَاعِل" suffix="" />
				<ArabicLexical word="وَهُوَ" lemma="هُوَ" pos="جامدة" prefix="وَ" root="هُوَ" pattern="هُوَ" suffix="" />
				<ArabicLexical word="رَقْمٌ" lemma="رَقْم" pos="مصرفة منتظمة" prefix="" root="رقم" pattern="فَعْل" suffix="" />
				<ArabicLexical word="كَبِيرٌ" lemma="كَبِير" pos="مصرفة منتظمة" prefix="" root="كبر" pattern="فَعِيل" suffix="" />
				<ArabicLexical word="مُقَارَنَةً" lemma="مُقَارَنَة" pos="مصرفة منتظمة" prefix="" root="قرن" pattern="مُفَاعَل" suffix="ة" />
				<ArabicLexical word="بِدَسَامَةِ" lemma="دَسَامَة" pos="مصرفة منتظمة" prefix="بِ" root="دسم" pattern="فَعَال" suffix="ة" />
				<ArabicLexical word="اَلْمَادَّةِ" lemma="مَادَّة" pos="مصرفة منتظمة" prefix="ال" root="مدد" pattern="فَالّ" suffix="ة" />
				<ArabicLexical word="اَلْمَوْجُودَةِ" lemma="مَوْجُود" pos="مصرفة منتظمة" prefix="ال" root="وجد" pattern="مَفْعُول" suffix="ة" />
				<ArabicLexical word="عَلَى" lemma="عَلَى" pos="جامدة" prefix="" root="عَلَى" pattern="عَلَى" suffix="" />
				<ArabicLexical word="اَلصَّفْحَةِ" lemma="صَفْحَة" pos="مصرفة منتظمة" prefix="ال" root="صفح" pattern="فَعْل" suffix="ة" />
			</annotation>
		</sentence>
		<sentence id="07879">
			<text>أَهَمِّيَّةُ إِنْجَازِ اَلدِّرَاسَةِ.. اَلْمُتَبَقِّي </text>
			<annotation>
				<ArabicLexical word="أَهَمِّيَّةُ" lemma="أَهَمِّيَّة" pos="مصرفة منتظمة" prefix="" root="همم" pattern="أَفَلّ" suffix="يَّة" />
				<ArabicLexical word="إِنْجَازِ" lemma="إِنْجَاز" pos="مصرفة منتظمة" prefix="" root="نجز" pattern="إِفْعَال" suffix="" />
				<ArabicLexical word="اَلدِّرَاسَةِ" lemma="دِرَاسَة" pos="مصرفة منتظمة" prefix="ال" root="درس" pattern="فِعَال" suffix="ة" />
				<ArabicLexical word="اَلْمُتَبَقِّي" lemma="مُتَبَقّ" pos="مصرفة منتظمة" prefix="ال" root="بقي" pattern="مُتَفَعِّل" suffix="" />
			</annotation>
		</sentence>
		<sentence id="07880">
			<text>وَيُشِيرُ مُشْرِفُ وَحْدَةِ اَلْبُحُوثِ وَالتَّطْوِيرِ بِشَبَكَةِ إِسْلَامْ أُونْ لَايْنْ اَلدُّكْتُورُ مَجْدِيُّ سَعِيدٍ إِلَى أَنَّ اَلدِّرَاسَةَ مُهِمَّةٌ بِالنِّسْبَةِ لِإِسْلَامْ أُونْ لَايْنْ، كَمَا هِيَ مُهِمَّةٌ لِلْبَاحِثِ؛ لِأَنَّهَا إِحْدَى اَلْمُؤَشِّرَاتِ اَلْمُتَاحَةِ لَدَيْنَا لِقِيَاسِ حَسَاسِيَةِ اِسْتِجَابَتِنَا لِقَضَايَا اَلْأُمَّةِ سَوَاءً عَلَى صَعِيدِ كَيْفِيَّةِ اَلتَّنَاوُلِ أَوْ مُسْتَوَى عُمْقِهِ، وَمَدَى قُدْرَتِنَا عَلَى اَلِانْتِقَالِ بِهذِهِ اَلْمُعَالَجَةِ مِنْ مُسْتَوَى اَلْوَعْظِ لِمُسْتَوَى اَلتَّحْرِيكِ وَالتَّشْغِيلِ. وَنُشِيرُ هُنَا إِلَى أَنَّ وَحْدَةَ اَلْبُحُوثِ وَالتَّطْوِيرِ هِيَ اَلْوَحْدَةُ اَلْمَسْؤُولَةُ عَنْ تَقْدِيمِ اَلتَّسْهِيلَاتِ اَلْبَحْثِيَّةِ لِلْبَاحِثِينَ اَلْمُهْتَمِّينَ بِمَجَالِ اَلْإِنْتَرْنِتْ وَأَبْعَادِهَا اَلِاجْتِمَاعِيَّةِ. </text>
			<annotation>
				<ArabicLexical word="وَيُشِيرُ" lemma="أَشَارَ" pos="مصرفة منتظمة" prefix="وَي" root="شور" pattern="أَفِعلَ" suffix="" />
				<ArabicLexical word="مُشْرِفُ" lemma="مُشْرِف" pos="مصرفة منتظمة" prefix="" root="شرف" pattern="مُفْعِل" suffix="" />
				<ArabicLexical word="وَحْدَةِ" lemma="وَحْدَة" pos="مصرفة منتظمة" prefix="" root="وحد" pattern="فَعْل" suffix="ة" />
				<ArabicLexical word="اَلْبُحُوثِ" lemma="بَحْث" pos="مصرفة منتظمة" prefix="ال" root="بحث" pattern="فُعُول" suffix="" />
				<ArabicLexical word="وَالتَّطْوِيرِ" lemma="تَطْوِير" pos="مصرفة منتظمة" prefix="وَال" root="طور" pattern="تَفْعِيل" suffix="" />
				<ArabicLexical word="بِشَبَكَةِ" lemma="شَبَكَة" pos="مصرفة منتظمة" prefix="بِ" root="شبك" pattern="فَعَل" suffix="ة" />
				<ArabicLexical word="إِسْلَامْ" lemma="إِسْلَام" pos="غير عربية" prefix="" root="" pattern="" suffix="" />
				<ArabicLexical word="أُونْ" lemma="أُونْ" pos="غير عربية" prefix="" root="" pattern="" suffix="" />
				<ArabicLexical word="لَايْنْ" lemma="+" pos="غير عربية" prefix="" root="" pattern="" suffix="" />
				<ArabicLexical word="اَلدُّكْتُورُ" lemma="دُكْتُور" pos="معربة" prefix="ال" root="دُكْتُور" pattern="دُكْتُور" suffix="" />
				<ArabicLexical word="مَجْدِيُّ" lemma="مَجْدِيّ" pos="مصرفة منتظمة" prefix="" root="مجد" pattern="فَعْل" suffix="يّ" />
				<ArabicLexical word="سَعِيدٍ" lemma="سَعِيد" pos="مصرفة منتظمة" prefix="" root="سعد" pattern="فَعِيل" suffix="" />
				<ArabicLexical word="إِلَى" lemma="إِلَى" pos="جامدة" prefix="" root="إِلَى" pattern="إِلَى" suffix="" />
				<ArabicLexical word="أَنَّ" lemma="أَنَّ" pos="جامدة" prefix="" root="أَنَّ" pattern="أَنَّ" suffix="" />
				<ArabicLexical word="اَلدِّرَاسَةَ" lemma="دِرَاسَة" pos="مصرفة منتظمة" prefix="ال" root="درس" pattern="فِعَال" suffix="ة" />
				<ArabicLexical word="مُهِمَّةٌ" lemma="مُهِمّ" pos="مصرفة منتظمة" prefix="" root="همم" pattern="مُفِلّ" suffix="ة" />
				<ArabicLexical word="بِالنِّسْبَةِ" lemma="نِسْبَة" pos="مصرفة منتظمة" prefix="بِال" root="نسب" pattern="فِعْل" suffix="ة" />
				<ArabicLexical word="لِإِسْلَامْ" lemma="إِسْلَام" pos="غير عربية" prefix="" root="" pattern="" suffix="" />
				<ArabicLexical word="أُونْ" lemma="أُونْ" pos="غير عربية" prefix="" root="" pattern="" suffix="" />
				<ArabicLexical word="لَايْنْ" lemma="+" pos="غير عربية" prefix="" root="" pattern="" suffix="" />
				<ArabicLexical word="كَمَا" lemma="مَا" pos="جامدة" prefix="كَ" root="اَلَّذِي" pattern="مَا" suffix="" />
				<ArabicLexical word="هِيَ" lemma="هُوَ" pos="جامدة" prefix="" root="هُوَ" pattern="هِيَ" suffix="" />
				<ArabicLexical word="مُهِمَّةٌ" lemma="مُهِمّ" pos="مصرفة منتظمة" prefix="" root="همم" pattern="مُفِلّ" suffix="ة" />
				<ArabicLexical word="لِلْبَاحِثِ" lemma="بَاحِث" pos="مصرفة منتظمة" prefix="لِل" root="بحث" pattern="فَاعِل" suffix="" />
				<ArabicLexical word="لِأَنَّهَا" lemma="أَنَّ" pos="جامدة" prefix="لِ" root="أَنَّ" pattern="أَنَّ" suffix="هَا" />
				<ArabicLexical word="إِحْدَى" lemma="أَحَد" pos="استثناء صرفي" prefix="" root="أحد" pattern="إِحْدَى" suffix="" />
				<ArabicLexical word="اَلْمُؤَشِّرَاتِ" lemma="مُؤَشِّر" pos="مصرفة منتظمة" prefix="ال" root="أشر" pattern="مُفَعِّل" suffix="ات" />
				<ArabicLexical word="اَلْمُتَاحَةِ" lemma="مُتَاح" pos="مصرفة منتظمة" prefix="ال" root="تيح" pattern="مُفَعل" suffix="ة" />
				<ArabicLexical word="لَدَيْنَا" lemma="لَدَى" pos="جامدة" prefix="" root="لَدَى" pattern="لَدَيْ" suffix="نَا" />
				<ArabicLexical word="لِقِيَاسِ" lemma="قِيَاس" pos="مصرفة منتظمة" prefix="لِ" root="قيس" pattern="فِعَال" suffix="" />
				<ArabicLexical word="حَسَاسِيَةِ" lemma="حَسَاسِيَة" pos="مصرفة منتظمة" prefix="" root="حسس" pattern="فَعَالِيَ" suffix="ة" />
				<ArabicLexical word="اِسْتِجَابَتِنَا" lemma="اسْتِجَابَة" pos="مصرفة منتظمة" prefix="" root="جوب" pattern="اِسْتِفَعالَ" suffix="تنَا" />
				<ArabicLexical word="لِقَضَايَا" lemma="قَضِيَّة" pos="مصرفة منتظمة" prefix="لِ" root="قضي" pattern="فَعَالَا" suffix="" />
				<ArabicLexical word="اَلْأُمَّةِ" lemma="أُمَّة" pos="مصرفة منتظمة" prefix="ال" root="أمم" pattern="فُلّ" suffix="ة" />
				<ArabicLexical word="سَوَاءً" lemma="سَوَاء" pos="مصرفة منتظمة" prefix="" root="سوي" pattern="فَعَال" suffix="" />
				<ArabicLexical word="عَلَى" lemma="عَلَى" pos="جامدة" prefix="" root="عَلَى" pattern="عَلَى" suffix="" />
				<ArabicLexical word="صَعِيدِ" lemma="صَعِيد" pos="مصرفة منتظمة" prefix="" root="صعد" pattern="فَعِيل" suffix="" />
				<ArabicLexical word="كَيْفِيَّةِ" lemma="كَيْفِيَّة" pos="مصرفة منتظمة" prefix="" root="كيف" pattern="فَعْل" suffix="يَّة" />
				<ArabicLexical word="اَلتَّنَاوُلِ" lemma="تَنَاوُل" pos="مصرفة منتظمة" prefix="ال" root="نول" pattern="تَفَاعُل" suffix="" />
				<ArabicLexical word="أَوْ" lemma="أَوْ" pos="جامدة" prefix="" root="أَوْ" pattern="أَوْ" suffix="" />
				<ArabicLexical word="مُسْتَوَى" lemma="مُسْتَوًى" pos="مصرفة منتظمة" prefix="" root="سوي" pattern="مُفْتَعَل" suffix="" />
				<ArabicLexical word="عُمْقِهِ" lemma="عُمْق" pos="مصرفة منتظمة" prefix="" root="عمق" pattern="فُعْل" suffix="ه" />
				<ArabicLexical word="وَمَدَى" lemma="مَدَى" pos="مصرفة منتظمة" prefix="وَ" root="مدي" pattern="فَعَل" suffix="" />
				<ArabicLexical word="قُدْرَتِنَا" lemma="قُدْرَة" pos="مصرفة منتظمة" prefix="" root="قدر" pattern="فُعْل" suffix="تنَا" />
				<ArabicLexical word="عَلَى" lemma="عَلَى" pos="جامدة" prefix="" root="عَلَى" pattern="عَلَى" suffix="" />
				<ArabicLexical word="اَلِانْتِقَالِ" lemma="انْتِقَال" pos="مصرفة منتظمة" prefix="ال" root="نقل" pattern="اِفْتِعَال" suffix="" />
				<ArabicLexical word="بِهذِهِ" lemma="ذَا" pos="جامدة" prefix="بِ" root="ذَا" pattern="هذِهِ" suffix="" />
				<ArabicLexical word="اَلْمُعَالَجَةِ" lemma="مُعَالَجَة" pos="مصرفة منتظمة" prefix="ال" root="علج" pattern="مُفَاعَل" suffix="ة" />
				<ArabicLexical word="مِنْ" lemma="مِنْ" pos="جامدة" prefix="" root="مِنْ" pattern="مِنْ" suffix="" />
				<ArabicLexical word="مُسْتَوَى" lemma="مُسْتَوًى" pos="مصرفة منتظمة" prefix="" root="سوي" pattern="مُفْتَعَل" suffix="" />
				<ArabicLexical word="اَلْوَعْظِ" lemma="وَعْظ" pos="مصرفة منتظمة" prefix="ال" root="وعظ" pattern="فَعْل" suffix="" />
				<ArabicLexical word="لِمُسْتَوَى" lemma="مُسْتَوًى" pos="مصرفة منتظمة" prefix="لِ" root="سوي" pattern="مُفْتَعَل" suffix="" />
				<ArabicLexical word="اَلتَّحْرِيكِ" lemma="تَحْرِيك" pos="مصرفة منتظمة" prefix="ال" root="حرك" pattern="تَفْعِيل" suffix="" />
				<ArabicLexical word="وَالتَّشْغِيلِ" lemma="تَشْغِيل" pos="مصرفة منتظمة" prefix="وَال" root="شغل" pattern="تَفْعِيل" suffix="" />
				<ArabicLexical word="وَنُشِيرُ" lemma="أَشَارَ" pos="مصرفة منتظمة" prefix="وَن" root="شور" pattern="أَفِعلَ" suffix="" />
				<ArabicLexical word="هُنَا" lemma="هُنَا" pos="جامدة" prefix="" root="هُنَا" pattern="هُنَا" suffix="" />
				<ArabicLexical word="إِلَى" lemma="إِلَى" pos="جامدة" prefix="" root="إِلَى" pattern="إِلَى" suffix="" />
				<ArabicLexical word="أَنَّ" lemma="أَنَّ" pos="جامدة" prefix="" root="أَنَّ" pattern="أَنَّ" suffix="" />
				<ArabicLexical word="وَحْدَةَ" lemma="وَحْدَة" pos="مصرفة منتظمة" prefix="" root="وحد" pattern="فَعْل" suffix="ة" />
				<ArabicLexical word="اَلْبُحُوثِ" lemma="بَحْث" pos="مصرفة منتظمة" prefix="ال" root="بحث" pattern="فُعُول" suffix="" />
				<ArabicLexical word="وَالتَّطْوِيرِ" lemma="تَطْوِير" pos="مصرفة منتظمة" prefix="وَال" root="طور" pattern="تَفْعِيل" suffix="" />
				<ArabicLexical word="هِيَ" lemma="هُوَ" pos="جامدة" prefix="" root="هُوَ" pattern="هِيَ" suffix="" />
				<ArabicLexical word="اَلْوَحْدَةُ" lemma="وَحْدَة" pos="مصرفة منتظمة" prefix="ال" root="وحد" pattern="فَعْل" suffix="ة" />
				<ArabicLexical word="اَلْمَسْؤُولَةُ" lemma="مَسْؤُول" pos="مصرفة منتظمة" prefix="ال" root="سأل" pattern="مَفْعُول" suffix="ة" />
				<ArabicLexical word="عَنْ" lemma="عَنْ" pos="جامدة" prefix="" root="عَنْ" pattern="عَنْ" suffix="" />
				<ArabicLexical word="تَقْدِيمِ" lemma="تَقْدِيم" pos="مصرفة منتظمة" prefix="" root="قدم" pattern="تَفْعِيل" suffix="" />
				<ArabicLexical word="اَلتَّسْهِيلَاتِ" lemma="تَسْهِيل" pos="مصرفة منتظمة" prefix="ال" root="سهل" pattern="تَفْعِيل" suffix="ات" />
				<ArabicLexical word="اَلْبَحْثِيَّةِ" lemma="بَحْثِيّ" pos="مصرفة منتظمة" prefix="ال" root="بحث" pattern="فَعْل" suffix="يَّة" />
				<ArabicLexical word="لِلْبَاحِثِينَ" lemma="بَاحِث" pos="مصرفة منتظمة" prefix="لِل" root="بحث" pattern="فَاعِل" suffix="ينَ" />
				<ArabicLexical word="اَلْمُهْتَمِّينَ" lemma="مُهْتَمّ" pos="مصرفة منتظمة" prefix="ال" root="همم" pattern="مُفْتَلّ" suffix="ينَ" />
				<ArabicLexical word="بِمَجَالِ" lemma="مَجَال" pos="مصرفة منتظمة" prefix="بِ" root="جول" pattern="مَفَعل" suffix="" />
				<ArabicLexical word="اَلْإِنْتَرْنِتْ" lemma="إِنْتَرْنِت" pos="غير عربية" prefix="" root="" pattern="" suffix="" />
				<ArabicLexical word="وَأَبْعَادِهَا" lemma="بُعْد" pos="مصرفة منتظمة" prefix="وَ" root="بعد" pattern="أَفْعَال" suffix="هَا" />
				<ArabicLexical word="اَلِاجْتِمَاعِيَّةِ" lemma="اجْتِمَاعِيّ" pos="مصرفة منتظمة" prefix="ال" root="جمع" pattern="اِفْتِعَال" suffix="يَّة" />
			</annotation>
		</sentence>
		<sentence id="07881">
			<text>وَيُشِيرُ اَلدُّكْتُورُ مَجْدِيُّ سَعِيدٍ فِي هذَا اَلْإِطَارِ لِأَهَمِّيَّةِ اَلْوُصُولِ لِحَجْمِ اِسْتِجَابَةٍ يَصِلُ إِلَى 1500 اِسْتِجَابَةٍ لِكُلِّ صَفْحَةٍ، وَهُوَ يَرَى أَنَّ عَلَى اَلزُّوَّارِ أَنْ يَتَخَلَّوْا عَنْ سَلْبِيَّتِهِمْ وَيُشَارِكُوا بِفَعَالِيَةٍ فِي تَقْوِيمِ اَلْعَمَلِ اَلْإِسْلَامِيِّ وَتَطْوِيرِهِ بَدَلًا مِنْ اِنْتِظَارِ أَنْ يَأْتِيَ اَلتَّغْيِيرُ وَالتَّطْوِيرُ مِنْ اَلسَّمَاءِ</text>
			<annotation>
				<ArabicLexical word="وَيُشِيرُ" lemma="أَشَارَ" pos="مصرفة منتظمة" prefix="وَي" root="شور" pattern="أَفِعلَ" suffix="" />
				<ArabicLexical word="اَلدُّكْتُورُ" lemma="دُكْتُور" pos="معربة" prefix="ال" root="دُكْتُور" pattern="دُكْتُور" suffix="" />
				<ArabicLexical word="مَجْدِيُّ" lemma="مَجْدِيّ" pos="مصرفة منتظمة" prefix="" root="مجد" pattern="فَعْل" suffix="يّ" />
				<ArabicLexical word="سَعِيدٍ" lemma="سَعِيد" pos="مصرفة منتظمة" prefix="" root="سعد" pattern="فَعِيل" suffix="" />
				<ArabicLexical word="فِي" lemma="فِي" pos="جامدة" prefix="" root="فِي" pattern="فِي" suffix="" />
				<ArabicLexical word="هذَا" lemma="ذَا" pos="جامدة" prefix="" root="ذَا" pattern="هذَا" suffix="" />
				<ArabicLexical word="اَلْإِطَارِ" lemma="إِطَار" pos="مصرفة منتظمة" prefix="ال" root="أطر" pattern="فِعَال" suffix="" />
				<ArabicLexical word="لِأَهَمِّيَّةِ" lemma="أَهَمِّيَّة" pos="مصرفة منتظمة" prefix="لِ" root="همم" pattern="أَفَلّ" suffix="يَّة" />
				<ArabicLexical word="اَلْوُصُولِ" lemma="وُصُول" pos="مصرفة منتظمة" prefix="ال" root="وصل" pattern="فُعُول" suffix="" />
				<ArabicLexical word="لِحَجْمِ" lemma="حَجْم" pos="مصرفة منتظمة" prefix="لِ" root="حجم" pattern="فَعْل" suffix="" />
				<ArabicLexical word="اِسْتِجَابَةٍ" lemma="اسْتِجَابَة" pos="مصرفة منتظمة" prefix="" root="جوب" pattern="اِسْتِفَعالَ" suffix="ة" />
				<ArabicLexical word="يَصِلُ" lemma="وَصَلَ" pos="مصرفة منتظمة" prefix="ي" root="وصل" pattern="فعِلْ" suffix="" />
				<ArabicLexical word="إِلَى" lemma="إِلَى" pos="جامدة" prefix="" root="إِلَى" pattern="إِلَى" suffix="" />
				<ArabicLexical word="اِسْتِجَابَةٍ" lemma="اسْتِجَابَة" pos="مصرفة منتظمة" prefix="" root="جوب" pattern="اِسْتِفَعالَ" suffix="ة" />
				<ArabicLexical word="لِكُلِّ" lemma="كُلّ" pos="جامدة" prefix="لِ" root="كُلّ" pattern="كُلّ" suffix="" />
				<ArabicLexical word="صَفْحَةٍ" lemma="صَفْحَة" pos="مصرفة منتظمة" prefix="" root="صفح" pattern="فَعْل" suffix="ة" />
				<ArabicLexical word="وَهُوَ" lemma="هُو" pos="جامدة" prefix="وَ" root="هُوَ" pattern="هُوَ" suffix="" />
				<ArabicLexical word="يَرَى" lemma="رَأَى" pos="استثناء صرفي" prefix="ي" root="رأي" pattern="رَى" suffix="" />
				<ArabicLexical word="أَنَّ" lemma="أَنَّ" pos="جامدة" prefix="" root="أَنَّ" pattern="أَنَّ" suffix="" />
				<ArabicLexical word="عَلَى" lemma="عَلَى" pos="جامدة" prefix="" root="عَلَى" pattern="عَلَى" suffix="" />
				<ArabicLexical word="اَلزُّوَّارِ" lemma="زَائِر" pos="مصرفة منتظمة" prefix="ال" root="زور" pattern="فُعَّال" suffix="" />
				<ArabicLexical word="أَنْ" lemma="أَنْ" pos="جامدة" prefix="" root="أَنْ" pattern="أَنْ" suffix="" />
				<ArabicLexical word="يَتَخَلَّوْا" lemma="تَخَلَّى" pos="مصرفة منتظمة" prefix="ي" root="خلو" pattern="تَفَعَّل" suffix="وا" />
				<ArabicLexical word="عَنْ" lemma="عَنْ" pos="جامدة" prefix="" root="عَنْ" pattern="عَنْ" suffix="" />
				<ArabicLexical word="سَلْبِيَّتِهِمْ" lemma="سَلْبِيَّة" pos="مصرفة منتظمة" prefix="" root="سلب" pattern="فَعْل" suffix="يَّتهمْ" />
				<ArabicLexical word="وَيُشَارِكُوا" lemma="شَارَكَ" pos="مصرفة منتظمة" prefix="وَي" root="شرك" pattern="فَاعَلَ" suffix="وا" />
				<ArabicLexical word="بِفَعَالِيَةٍ" lemma="فَعَالِي" pos="مصرفة منتظمة" prefix="بِ" root="فعل" pattern="فَعَالِيَ" suffix="ة" />
				<ArabicLexical word="فِي" lemma="فِي" pos="جامدة" prefix="" root="فِي" pattern="فِي" suffix="" />
				<ArabicLexical word="تَقْوِيمِ" lemma="تَقْوِيم" pos="مصرفة منتظمة" prefix="" root="قوم" pattern="تَفْعِيل" suffix="" />
				<ArabicLexical word="اَلْعَمَلِ" lemma="عَمَل" pos="مصرفة منتظمة" prefix="ال" root="عمل" pattern="فَعَل" suffix="" />
				<ArabicLexical word="اَلْإِسْلَامِيِّ" lemma="إِسْلَامِيّ" pos="مصرفة منتظمة" prefix="ال" root="سلم" pattern="إِفْعَال" suffix="يّ" />
				<ArabicLexical word="وَتَطْوِيرِهِ" lemma="تَطْوِير" pos="مصرفة منتظمة" prefix="وَ" root="طور" pattern="تَفْعِيل" suffix="ه" />
				<ArabicLexical word="بَدَلًا" lemma="بَدَل" pos="مصرفة منتظمة" prefix="" root="بدل" pattern="فَعَل" suffix="" />
				<ArabicLexical word="مِنْ" lemma="مِنْ" pos="جامدة" prefix="" root="مِنْ" pattern="مِنْ" suffix="" />
				<ArabicLexical word="اِنْتِظَارِ" lemma="انْتِظَار" pos="مصرفة منتظمة" prefix="" root="نظر" pattern="اِفْتِعَال" suffix="" />
				<ArabicLexical word="أَنْ" lemma="أَنْ" pos="جامدة" prefix="" root="أَنْ" pattern="أَنْ" suffix="" />
				<ArabicLexical word="يَأْتِيَ" lemma="أَتَى" pos="مصرفة منتظمة" prefix="ي" root="أتي" pattern="فْعِل" suffix="" />
				<ArabicLexical word="اَلتَّغْيِيرُ" lemma="تَغْيِير" pos="مصرفة منتظمة" prefix="ال" root="غير" pattern="تَفْعِيل" suffix="" />
				<ArabicLexical word="وَالتَّطْوِيرُ" lemma="تَطْوِير" pos="مصرفة منتظمة" prefix="وَال" root="طور" pattern="تَفْعِيل" suffix="" />
				<ArabicLexical word="مِنْ" lemma="مِنْ" pos="جامدة" prefix="" root="مِنْ" pattern="مِنْ" suffix="" />
				<ArabicLexical word="اَلسَّمَاءِ" lemma="سَمَاء" pos="مصرفة منتظمة" prefix="ال" root="سمو" pattern="فَعَال" suffix="" />
			</annotation>
		</sentence>
	</FILE>
	</NEMLAR>